,quantity_sold_true,quantity_sold_pred
0,3.218875824868201,2.8998248187973514
1,0.0,0.4520274253736909
2,1.791759469228055,1.8502315144961294
3,3.4657359027997265,3.407754403739052
4,0.0,0.35771149293464877
5,6.156978985585555,5.6705929394665215
6,3.1354942159291497,3.295101318147153
7,0.0,0.030231715689605032
8,0.0,0.2295695042599939
9,3.5263605246161616,3.3178274896425903
10,0.6931471805599453,1.5702131211892116
11,3.1780538303479458,3.127638606939796
12,0.6931471805599453,1.2125973955596476
13,0.0,1.2760064852678443
14,3.58351893845611,3.267418203536053
15,0.0,0.2500368495132119
16,7.106606137727303,7.045639687057447
17,1.6094379124341005,0.6161494375684053
18,3.7612001156935615,3.3832847008269917
19,0.0,0.046650877127683454
20,0.0,0.2881753214470968
21,2.302585092994046,0.8821510821478327
22,6.92951677076365,7.18790856898483
23,2.5649493574615367,2.9669446053217814
24,9.169976605786628,8.707309727590719
25,9.169976605786628,7.350494654472852
26,0.0,0.2831581916720616
27,0.6931471805599453,0.3793753449916446
28,0.0,0.5054159986936533
29,0.0,0.8429011919953349
30,0.0,0.3961349915631298
31,4.110873864173311,4.327491050025031
32,0.6931471805599453,1.082591877176864
33,0.0,0.537937240847981
34,3.332204510175204,3.91360941326525
35,2.079441541679836,0.7983504005723827
36,3.9318256327243257,3.978511157125998
37,2.5649493574615367,3.5755946958135025
38,4.07753744390572,4.586164539433222
39,0.6931471805599453,0.8190468706023628
40,0.0,0.623722277218099
41,0.6931471805599453,0.02027236729976689
42,1.791759469228055,1.1946803894560176
43,4.727387818712341,4.398182315476367
44,7.538494999413465,7.009484741578402
45,2.6390573296152584,1.6171943353839646
46,1.3862943611198906,0.6847232415810673
47,1.3862943611198906,0.5468116232963633
48,0.0,1.0578667398514916
49,0.0,0.36864880493671914
50,0.0,0.4171560292619707
51,6.16541785423142,6.4194287219474635
52,6.8001700683022,7.422212780115145
53,0.0,0.5985116189045212
54,9.169976605786628,8.337876035124362
55,4.394449154672439,4.818231131032345
56,5.062595033026967,5.002413056790312
57,0.0,0.5547203699255114
58,1.3862943611198906,1.3305071512504034
59,2.19722457733622,1.212179639063467
60,5.7745515455444085,5.250042585737942
61,1.0986122886681098,2.0587741432736753
62,0.0,0.4565344812411205
63,0.0,0.6160557173581322
64,0.0,-0.05859090327183836
65,3.4011973816621555,3.157441916473293
66,7.797291273547472,7.804331244415794
67,0.0,1.3538400298879043
68,4.3694478524670215,2.319606475598805
69,0.0,0.44250840171228867
70,5.356586274672012,5.5899683582196635
71,5.484796933490655,5.4163047948149625
72,4.882801922586371,4.788285231475715
73,3.332204510175204,3.0479984389523818
74,1.9459101490553128,1.950491182073415
75,3.218875824868201,2.7132860482007257
76,0.6931471805599453,0.6882342619295523
77,0.0,-0.070784549876858
78,1.9459101490553128,3.102629537042146
79,2.302585092994046,2.3221221012669613
80,0.6931471805599453,0.6960340617811052
81,6.943122422819428,7.002516301232806
82,5.3230099791384085,6.071856237968699
83,0.6931471805599453,0.7172559142747428
84,0.6931471805599453,0.8395678468005991
85,5.068904202220232,5.13035354057211
86,5.950642552587727,6.300150580093582
87,5.327876168789581,4.669994251078537
88,2.8903717578961645,1.450489935068548
89,0.0,-0.07950323398511072
90,1.791759469228055,1.147028857871599
91,2.19722457733622,1.963356005165067
92,9.169976605786628,9.55713627036657
93,2.9444389791664403,2.9173029775133044
94,0.0,0.25600050352601755
95,0.0,2.1953134609779785
96,4.74493212836325,2.9202569139120835
97,2.6390573296152584,3.14746148389444
98,2.833213344056216,2.11627450226445
99,3.4657359027997265,2.389746059808078
100,2.3978952727983707,2.275410622107439
101,1.9459101490553128,1.02793718317069
102,3.5263605246161616,3.1628342167687773
103,2.4849066497880004,1.1473311617222026
104,6.2166061010848646,6.0216428452204305
105,0.0,-0.21219352668184355
106,3.871201010907891,4.354321784598123
107,1.3862943611198906,1.252897632146518
108,3.912023005428146,4.574484294237417
109,0.6931471805599453,0.42332413739161656
110,2.079441541679836,1.3603350087018988
111,4.3694478524670215,4.606573137718888
112,0.0,-0.46664762458637776
113,4.74493212836325,4.696348586284959
114,2.3978952727983707,0.25825736945588673
115,1.791759469228055,1.8786913453603495
116,0.6931471805599453,1.2799912392342725
117,1.6094379124341005,0.9142140152425136
118,3.555348061489413,3.5428892446368874
119,0.0,0.3690865230270284
120,0.0,0.6122749011149189
121,6.137727054086234,6.7803359396279275
122,1.3862943611198906,2.5293353030984647
123,2.5649493574615367,3.3637461457215068
124,2.8903717578961645,2.308374213989487
125,0.6931471805599453,0.395727780028984
126,0.0,-0.039201744861149024
127,5.075173815233827,5.568117788297817
128,0.0,-0.12413286110977717
129,0.6931471805599453,1.4332332833153738
130,2.772588722239781,2.7448830189270255
131,0.6931471805599453,0.459921351898567
132,1.6094379124341005,0.7390195410420821
133,2.8903717578961645,3.5477885731320713
134,0.0,0.7160328444650546
135,0.0,0.028480694902658588
136,1.0986122886681098,0.7163353068429474
137,3.610917912644224,1.8209040949920468
138,4.143134726391533,3.253597577259453
139,0.0,0.21646457731407898
140,0.0,0.529624593729068
141,1.0986122886681098,0.487468119408516
142,0.0,0.7295490223369387
143,4.672828834461906,5.2002910754669145
144,1.791759469228055,2.0444215774065215
145,4.060443010546419,4.308454440204743
146,0.6931471805599453,2.0202182428406816
147,6.173786103901937,4.863357929737362
148,3.4011973816621555,3.4481706309865223
149,0.0,0.8176645351245257
150,4.820281565605037,3.948181858587011
151,1.0986122886681098,0.42524365495614047
152,0.0,0.2723822040568771
153,6.049733455231958,6.3966039421089524
154,0.0,0.9219806657122314
155,1.6094379124341005,1.9910333334088732
156,0.0,0.42994089447492634
157,0.0,0.308142368621378
158,5.0238805208462765,5.145675994406993
159,1.791759469228055,1.5701133648424181
160,0.0,0.5862307570690632
161,0.6931471805599453,0.5315148601571822
162,3.295836866004329,3.656278191852797
163,0.0,0.37947069156379487
164,2.5649493574615367,2.3023676746121184
165,0.0,0.49225157968043165
166,0.0,0.6349770957360039
167,0.0,-0.11882002552923998
168,5.771441123130016,6.08802256565834
169,0.0,0.5204707180711825
170,1.3862943611198906,1.4008160035347847
171,3.80666248977032,3.571249693500448
172,1.6094379124341005,1.6839432880166205
173,1.0986122886681098,1.375346265818548
174,2.3978952727983707,2.152484210880291
175,3.1354942159291497,3.780797050638165
176,0.0,0.38228892519871915
177,0.6931471805599453,0.5794732577747337
178,0.0,-0.33613387148976637
179,5.278114659230517,5.509370175801286
180,0.0,0.14672349023228026
181,1.3862943611198906,1.3434427904651733
182,0.0,0.7063257356011496
183,3.555348061489413,2.2066235790807838
184,1.9459101490553128,1.7590358942179778
185,3.4657359027997265,3.209581838516162
186,1.3862943611198906,1.5912600783043533
187,2.19722457733622,1.0663470745216665
188,0.0,0.877068450553564
189,1.3862943611198906,0.44224108408357043
190,3.218875824868201,3.1889600848641493
191,2.19722457733622,2.5354021275172753
192,2.8903717578961645,3.0720685928405875
193,0.0,0.27158061864980176
194,2.079441541679836,3.086149992233598
195,4.7535901911063645,4.521919588469883
196,0.0,0.7274684564002891
197,0.0,0.8050198361268073
198,3.091042453358316,2.9574488720581353
199,2.772588722239781,2.746753453661639
200,4.663439094112067,3.8411720244460965
201,0.0,-0.23313857224303325
202,3.871201010907891,1.3884668917032568
203,4.962844630259907,5.22720089046865
204,1.791759469228055,1.9537944143915922
205,2.19722457733622,2.19978905957297
206,0.6931471805599453,0.05797813327489543
207,4.68213122712422,4.24238536159499
208,0.6931471805599453,0.26710540317360687
209,3.6635616461296463,3.127699733691656
210,2.079441541679836,2.693827402426046
211,0.0,0.010802142533859804
212,1.3862943611198906,1.3138318986147925
213,0.0,0.8638359984217687
214,0.0,0.8496960399972902
215,0.0,0.822363690348443
216,3.1354942159291497,4.286920660337591
217,1.791759469228055,2.171099986475651
218,2.079441541679836,1.136511749574308
219,5.958424693029782,6.307227125195318
220,2.302585092994046,0.812805197395503
221,5.855071922202427,5.9725601713054
222,0.0,0.2569874152515923
223,0.0,-0.015567083649294489
224,0.0,0.6647448581847177
225,2.772588722239781,2.4828066236982034
226,1.791759469228055,1.5054513712851472
227,0.0,-0.05020601211564557
228,0.0,0.6871229120769802
229,1.6094379124341005,2.567732446144206
230,3.044522437723423,2.389152435018284
231,0.0,0.20148630096001563
232,0.0,0.40359010870545764
233,3.970291913552122,3.1925158170657664
234,1.9459101490553128,1.9775596638823771
235,1.791759469228055,1.5154583572024336
236,0.0,-0.1593698149909697
237,0.6931471805599453,1.80547069375849
238,2.9444389791664403,2.489588756270116
239,0.0,0.4220476643599307
240,3.367295829986474,2.432706952027204
241,1.3862943611198906,0.7670637859520326
242,5.739792912179234,6.3554655092117835
243,4.248495242049359,4.309003154471385
244,1.6094379124341005,2.0450005462419285
245,5.488937726156687,5.546269000038297
246,1.6094379124341005,1.9607495371750432
247,2.833213344056216,3.2534735160769346
248,7.554334823725748,8.182757109945978
249,0.0,0.2961731189360548
250,5.14166355650266,4.949963067873634
251,4.007333185232471,3.9950541526878496
252,1.9459101490553128,2.302514245200878
253,0.0,0.4529778736113088
254,1.3862943611198906,1.3317221469688032
255,7.269616749608169,7.240646829168086
256,1.791759469228055,1.7895561555827575
257,1.0986122886681098,1.2905641943028712
258,0.6931471805599453,0.8982404500378183
259,1.0986122886681098,1.4557124525862153
260,0.0,0.18353675776727574
261,6.124683390894205,5.976024745787441
262,2.6390573296152584,2.4389906670657573
263,3.8501476017100575,4.109492005393461
264,7.422373700986824,7.770798058072364
265,4.912654885736052,6.110184409206199
266,4.7535901911063645,4.456003109184067
267,0.6931471805599453,0.5595988206298517
268,0.0,0.33515754072903503
269,2.5649493574615367,2.4917411221380408
270,0.0,-0.19409451786146947
271,1.3862943611198906,1.2228361200232034
272,4.23410650459726,4.139931157992716
273,3.218875824868201,4.00763648303613
274,1.3862943611198906,0.7141110195912657
275,6.115892125483034,6.876134995995137
276,6.77078942390898,5.488393901309949
277,1.791759469228055,2.4580967369672164
278,2.3978952727983707,1.3666916572476113
279,0.0,0.027892735533967983
280,4.770684624465665,3.3807900706713023
281,0.0,0.037002125603178726
282,2.70805020110221,2.6698974928270416
283,6.035481432524756,6.745416992851336
284,7.697121317282625,7.655564104448097
285,4.174387269895637,3.2153729191273595
286,5.389071729816501,5.314884393637373
287,4.59511985013459,3.437394947611744
288,9.169976605786628,9.30448657551085
289,7.307872780763706,7.547221456682797
290,4.663439094112067,5.337596439816803
291,6.228511003591184,6.013610206131485
292,0.0,0.46079768544641686
293,0.0,0.6743605816756666
294,0.0,0.606476078566309
295,1.0986122886681098,1.1425995455894142
296,3.49650756146648,4.471980942458955
297,4.584967478670572,2.862705852522563
298,0.0,0.15374878829324423
299,0.0,-0.028578499122586365
300,2.5649493574615367,1.2822406039386984
301,1.3862943611198906,0.8991759569548261
302,0.6931471805599453,0.7728879637975683
303,5.459585514144159,5.6949687617637155
304,0.0,0.7035208447576222
305,4.143134726391533,3.9411438436343698
306,2.9444389791664403,2.7007258277952246
307,3.9318256327243257,3.6821694383623003
308,0.0,0.5417413882695425
309,0.0,0.6099485178771491
310,1.0986122886681098,0.6725518170424016
311,3.9889840465642745,3.6214670602090937
312,7.907651594711089,7.95772991887533
313,6.641182169740591,4.969085872491022
314,1.0986122886681098,0.6746197002379535
315,3.80666248977032,4.57345634037803
316,7.748028524432376,8.672401257065555
317,4.442651256490317,4.37272932847525
318,2.4849066497880004,2.8118078737824916
319,0.6931471805599453,0.8545566765539421
320,0.0,0.39464160670401416
321,5.916202062607435,5.756158739191374
322,2.833213344056216,1.3555837398382535
323,0.0,-0.08771313724948326
324,2.19722457733622,2.0645848969334066
325,2.70805020110221,1.87004521797386
326,0.0,0.23483522523258804
327,2.70805020110221,2.8821743145715186
328,0.0,0.5641302792504546
329,4.356708826689592,4.923472951454803
330,3.9889840465642745,3.9116906509452
331,0.0,0.4406675391656609
332,1.0986122886681098,0.5950184244575583
333,4.709530201312334,4.103548009577069
334,2.3978952727983707,2.655174260511869
335,0.0,1.7218428031157678
336,0.0,0.5095669210048395
337,0.6931471805599453,0.7708157274193641
338,0.0,0.7497693757131536
339,6.171700597410915,6.313521114016533
340,5.53338948872752,4.762409727453118
341,4.812184355372417,3.323824347927922
342,0.0,0.6144659817097571
343,5.068904202220232,5.488568187850993
344,5.2832037287379885,4.879465600055209
345,4.110873864173311,3.3588775351376583
346,0.6931471805599453,0.8631881156700016
347,3.951243718581428,4.2465682266131015
348,5.7745515455444085,6.186398388922154
349,1.0986122886681098,0.8733714942705428
350,2.19722457733622,2.040406352955235
351,0.6931471805599453,0.8159784433691819
352,4.02535169073515,3.8542655916505835
353,0.0,0.3839239257457385
354,1.6094379124341005,2.394830635301264
355,2.772588722239781,3.0702147078942152
356,4.382026634673881,3.98431763145847
357,1.0986122886681098,2.424859702146911
358,0.0,0.9486290495509
359,0.6931471805599453,0.13655613208300243
360,0.0,0.14966548893579068
361,6.20455776256869,4.908559424006419
362,0.0,-0.24165979485597378
363,0.6931471805599453,0.5434164591281667
364,4.330733340286331,3.943262504830889
365,1.9459101490553128,1.8504311100102533
366,0.0,0.2603334976970597
367,2.5649493574615367,1.9124435782682807
368,0.6931471805599453,0.6453249430431371
369,4.859812404361672,4.81535756695717
370,3.295836866004329,3.6602097264234654
371,3.1354942159291497,2.546310044790334
372,2.079441541679836,1.9231956180538352
373,0.0,0.3378595171413241
374,1.3862943611198906,0.6918422476205661
375,2.4849066497880004,2.4578296910071558
376,3.6375861597263857,1.3029666211229243
377,0.6931471805599453,0.4264366485427171
378,5.476463551931511,5.512206790997473
379,4.382026634673881,4.69328648622025
380,1.6094379124341005,0.30805674814288864
381,0.0,0.7684434296964378
382,2.4849066497880004,1.9044001492695435
383,1.0986122886681098,-0.08569602825190081
384,0.0,0.3198828678454757
385,2.19722457733622,1.611609067549634
386,2.3978952727983707,2.9729102677263657
387,0.0,0.6029936851626014
388,2.302585092994046,1.933607983479593
389,0.0,1.4965358902504065
390,2.302585092994046,2.11577299690547
391,2.6390573296152584,3.0728472300104435
392,5.926926025970411,6.53707330606316
393,0.0,0.5203999931313446
394,2.5649493574615367,1.6787285742602185
395,0.6931471805599453,1.0144642191691806
396,2.5649493574615367,2.7651356601032298
397,0.6931471805599453,1.261953371924271
398,0.0,0.054831301817940936
399,1.3862943611198906,0.8256864782201656
400,2.3978952727983707,2.304715468022593
401,7.781973234434385,7.802728827636941
402,1.3862943611198906,2.1626302779069455
403,2.4849066497880004,2.4774431737501534
404,5.1647859739235145,5.061673524396731
405,5.272999558563747,5.207537063036359
406,1.791759469228055,0.9376388779751283
407,0.0,0.0033516321161428664
408,2.772588722239781,3.31639427556347
409,1.791759469228055,3.1817963397313305
410,3.258096538021482,4.063729249783185
411,3.332204510175204,3.309829493675032
412,2.772588722239781,2.1233122405507565
413,0.6931471805599453,0.2206951226306506
414,3.951243718581428,2.8135243096059632
415,1.0986122886681098,0.7350507493569001
416,3.295836866004329,3.524054701426779
417,3.6635616461296463,3.2963771244128637
418,0.0,1.3364646593794696
419,3.871201010907891,4.6702881195238
420,0.0,0.42067317968187545
421,0.0,0.7574480719712595
422,0.6931471805599453,0.8725574690248501
423,0.0,0.09079545934149413
424,0.6931471805599453,0.49953410568143264
425,7.747596838692885,8.14660978875861
426,1.3862943611198906,1.040720185710014
427,1.9459101490553128,0.890823141152689
428,0.0,0.642421324899429
429,1.3862943611198906,1.4329175373117402
430,2.995732273553991,2.263503731258718
431,3.044522437723423,3.4757055693818626
432,5.056245805348308,5.557881865520851
433,0.0,0.45997201172520574
434,5.513428746164983,5.779713123042251
435,1.3862943611198906,2.6203468778305785
436,4.700480365792417,3.862933343923986
437,1.3862943611198906,0.7133150288552126
438,0.0,0.9071115060370891
439,1.791759469228055,2.928210724357759
440,3.610917912644224,3.9774105350004816
441,0.6931471805599453,-0.03825452285537301
442,0.0,0.5583870366408705
443,2.302585092994046,3.1724407940828407
444,0.0,1.1330401375801955
445,4.262679877041316,5.013268910164568
446,4.430816798843313,4.643910874019758
447,5.455321115357702,6.388919187516507
448,2.70805020110221,2.6605771840524763
449,0.6931471805599453,0.3768822664955862
450,0.0,0.8253828318762222
451,5.1647859739235145,5.177152654774804
452,0.0,0.831625449958042
453,0.0,0.5850761856300224
454,3.218875824868201,2.976062324211293
455,1.9459101490553128,1.7908703805790003
456,1.0986122886681098,0.7128707125466172
457,2.4849066497880004,2.896204730601654
458,5.613128106388071,6.241328327990351
459,0.0,1.293752144081222
460,0.6931471805599453,0.9598536133270614
461,0.0,0.35724283007690794
462,0.0,0.43479026192208314
463,0.0,0.5648847632467873
464,0.0,0.1731074289371728
465,3.091042453358316,2.6080561418353643
466,2.079441541679836,2.7344037898332245
467,0.0,0.5891527194155217
468,0.0,-0.021188915359478866
469,3.737669618283368,3.0100692036331154
470,0.0,0.5697746675280457
471,4.672828834461906,3.6281615550116744
472,3.784189633918261,3.8750207503879093
473,2.833213344056216,2.4285714336487536
474,1.9459101490553128,2.4219450094122354
475,0.0,0.5544950759643152
476,4.007333185232471,3.8569679351247723
477,1.9459101490553128,1.4672495787187725
478,0.0,0.4185737061890711
479,0.6931471805599453,1.5252050812614741
480,1.6094379124341005,1.3557519561617712
481,1.0986122886681098,1.4591283686813634
482,0.0,0.7968482447702994
483,0.6931471805599453,1.2898537386682838
484,2.19722457733622,1.3188652852804879
485,0.6931471805599453,1.6894884726068626
486,2.3978952727983707,2.677354771013194
487,5.0369526024136295,5.048731520623447
488,0.0,1.0742834993571284
489,0.0,0.0019391222000275654
490,0.6931471805599453,1.494937097284049
491,1.0986122886681098,1.1173612880299935
492,0.0,0.513937983499763
493,2.302585092994046,1.5902583738317528
494,2.772588722239781,2.7582156383581222
495,2.5649493574615367,2.321384513787285
496,2.833213344056216,1.7118167832450157
497,2.4849066497880004,1.5429635774691222
498,3.4339872044851463,3.1640080027691484
499,3.58351893845611,3.636258057141198
500,6.1092475827643655,7.0857299654100485
501,5.66988092298052,6.102698812669811
502,0.0,0.7537479016052535
503,2.772588722239781,1.7823830424893186
504,0.0,0.3551413899304867
505,1.9459101490553128,2.808165061007699
506,1.791759469228055,1.9386067799088387
507,1.0986122886681098,0.4283474255638917
508,0.0,-0.10166666405874736
509,0.6931471805599453,1.6676046479851427
510,3.713572066704308,4.251150965565058
511,0.0,0.8509713799116649
512,8.439880088313567,9.306262254836694
513,3.8501476017100575,4.277968173331488
514,4.07753744390572,4.572994278999531
515,0.6931471805599453,0.3508004979053654
516,1.9459101490553128,2.403579940994464
517,2.4849066497880004,2.3376829485476374
518,7.080867896690782,5.558385378852728
519,5.429345628954441,5.7191280990476585
520,0.0,0.07860444687428947
521,0.0,0.8026269553396979
522,0.6931471805599453,0.9130436045493424
523,0.0,0.49990103429390054
524,0.0,1.0046290534474946
525,0.0,0.28270927093192677
526,6.084499413075172,5.262995818411348
527,0.6931471805599453,0.4437999203401237
528,0.0,0.10371533313192627
529,2.4849066497880004,2.019086191726439
530,1.0986122886681098,1.77952239163224
531,0.0,0.2555877271076885
532,2.70805020110221,3.034646932199436
533,0.0,0.1522851858995602
534,7.606387389772652,8.753715830399013
535,1.791759469228055,1.606215201300199
536,0.0,0.15647646511693036
537,0.0,0.9863426491232845
538,3.8918202981106265,3.3112799779747117
539,3.6375861597263857,4.492084007747991
540,1.3862943611198906,1.5176433497316315
541,9.169976605786628,6.8389807224650525
542,0.0,0.16819749674661377
543,0.0,-0.23945912055325325
544,1.6094379124341005,0.990016368493299
545,4.663439094112067,5.206729742729417
546,1.6094379124341005,1.8199175985659903
547,1.0986122886681098,1.1320812072825772
548,2.772588722239781,2.7493911067117827
549,0.0,-0.1442501854323659
550,6.077642243349034,6.873859907891617
551,6.635946555686647,6.633590726848004
552,0.6931471805599453,0.4246822153189309
553,2.302585092994046,0.7789109627582707
554,9.169976605786628,7.240841157652108
555,4.04305126783455,4.190431360669038
556,0.0,0.05117659351151138
557,3.713572066704308,2.601630955522199
558,2.4849066497880004,2.7938432390862236
559,2.19722457733622,2.1643806913361505
560,2.3978952727983707,2.8401582011256448
561,0.0,0.5189910834419444
562,0.6931471805599453,0.564033827170721
563,2.19722457733622,0.8348230463139035
564,5.123963979403259,4.07365080133901
565,2.772588722239781,3.000158289528916
566,0.0,0.8169580855147012
567,0.0,0.13365792348097427
568,0.0,1.2326225720364792
569,5.501258210544727,5.244864642305089
570,3.295836866004329,3.2367605725242257
571,0.0,0.3826577799837625
572,0.0,0.6074580593674577
573,0.0,0.7382506646607083
574,0.0,-0.2514929331759217
575,2.4849066497880004,2.02864768640248
576,4.430816798843313,4.630109606405941
577,0.6931471805599453,1.0367456060271039
578,0.0,-0.3706899362534246
579,0.6931471805599453,0.3914297635301929
580,2.4849066497880004,2.3993413042093956
581,2.8903717578961645,3.6490251913074356
582,1.0986122886681098,1.6553510507176878
583,0.0,0.7000398747171337
584,6.956545443151569,7.237230309145244
585,3.7612001156935615,4.3395748165842924
586,1.6094379124341005,0.20431478035518635
587,3.1354942159291497,3.023530865861763
588,6.461468176353717,5.691739625899196
589,4.23410650459726,4.1610855561648386
590,4.882801922586371,4.705513346046942
591,0.6931471805599453,0.651992577057819
592,2.833213344056216,3.479828900325673
593,0.0,-0.278746039209242
594,6.595780513961311,7.155501311427946
595,0.0,-0.23474782729265575
596,4.174387269895637,3.925489551197735
597,0.6931471805599453,0.2944682879145728
598,2.19722457733622,2.645545450165466
599,1.791759469228055,2.6102959253063767
600,2.079441541679836,2.1612650756816336
601,1.6094379124341005,1.9482208107204697
602,3.1354942159291497,2.1859206082466924
603,0.6931471805599453,1.835923045707584
604,0.0,-0.025684941100890146
605,0.0,-0.18317244261594556
606,0.0,0.6397740074110247
607,1.0986122886681098,0.475454664987343
608,6.894670039433482,6.544585367609233
609,1.3862943611198906,0.8783466183886735
610,2.8903717578961645,3.1797817971622786
611,0.0,0.6218170346609933
612,0.0,1.8469146367853697
613,5.961005339623274,2.3026429031408244
614,5.7745515455444085,6.481609136429454
615,1.6094379124341005,0.28716094785496393
616,4.248495242049359,3.379836634161577
617,8.658692753689937,9.401380272924314
618,0.0,0.62776721664067
619,0.0,0.5394231125700719
620,1.6094379124341005,1.3448043539357561
621,3.912023005428146,3.648163020580787
622,0.0,0.1137712992541502
623,4.762173934797756,5.057928692388141
624,0.6931471805599453,1.2809941742576987
625,0.0,-0.001122027133531045
626,0.0,0.4959069190521901
627,0.0,0.4125817695422904
628,5.680172609017068,5.39490483733097
629,1.0986122886681098,0.5085950572688023
630,0.6931471805599453,1.3254970733478704
631,0.0,0.5480798015012542
632,0.0,0.46172350466032674
633,4.02535169073515,3.580301377908646
634,3.737669618283368,3.2781604573998373
635,2.70805020110221,2.344248407912486
636,0.6931471805599453,-0.04002205097701905
637,0.0,0.07249959013908525
638,1.3862943611198906,1.5200016635539884
639,3.1780538303479458,3.2793623885889676
640,3.4339872044851463,3.0904681580859186
641,1.0986122886681098,0.8240724474344718
642,0.0,0.9309641318962509
643,0.0,0.69488039066086
644,4.23410650459726,3.860546050651065
645,0.0,-0.023874728879165197
646,2.302585092994046,3.2010941083038427
647,0.6931471805599453,1.2896851061165788
648,0.0,0.39485401867260705
649,1.791759469228055,2.0357323264908476
650,0.0,-0.01732674473108098
651,0.0,-0.3257626342639024
652,0.0,0.6382400228135139
653,3.8501476017100575,4.263274237323718
654,4.624972813284271,4.601777860399783
655,0.6931471805599453,0.7546441233007162
656,1.791759469228055,2.100621606157563
657,3.332204510175204,3.3204898504706533
658,0.0,0.5768116692211871
659,4.605170185988092,4.365573148215959
660,0.6931471805599453,1.586045207017886
661,0.0,0.5767574256883996
662,0.0,0.48014966057772956
663,5.4510384535657,6.0183548275226
664,5.703782474656201,5.9994219557257225
665,5.594711379601839,4.96549976977178
666,0.6931471805599453,0.9345266584204086
667,0.6931471805599453,1.2901525778475431
668,4.663439094112067,4.6066204357742935
669,0.0,0.21782203315996185
670,0.0,0.45780753265578045
671,1.0986122886681098,0.983031464825219
672,2.079441541679836,1.0879661848539257
673,2.6390573296152584,2.3947599801873762
674,1.0986122886681098,1.2369996048588032
675,2.833213344056216,2.289167918696283
676,5.973809611869261,6.4368710219693535
677,0.0,0.7615170704127496
678,0.6931471805599453,0.9664952965283793
679,0.6931471805599453,0.102449670341338
680,3.58351893845611,3.210432149595596
681,0.6931471805599453,-0.17352945834035216
682,4.174387269895637,3.9822936859881883
683,3.367295829986474,3.0554159988261023
684,6.729824070489475,5.418188582356855
685,0.0,0.5765430676476535
686,0.6931471805599453,1.2948483387222063
687,4.3694478524670215,3.979717024809851
688,3.8501476017100575,3.5834657391109483
689,1.6094379124341005,0.5023291126183298
690,0.0,0.694229690546891
691,2.9444389791664403,3.544273427658034
692,0.6931471805599453,0.3934015699946938
693,2.833213344056216,2.743106376338551
694,4.204692619390966,3.4840928058024754
695,7.431299675155903,7.6850773967300965
696,0.6931471805599453,0.9674944393379872
697,2.4849066497880004,2.0992196708060806
698,7.167809184316444,2.350212383124431
699,7.126087273299125,8.07120772204693
700,6.486160788944089,5.279805781101466
701,2.833213344056216,2.462231234939973
702,0.0,0.5364272284091334
703,0.6931471805599453,0.16619641513711025
704,2.772588722239781,3.3876738727448643
705,3.8501476017100575,3.531487854951687
706,1.0986122886681098,1.0096750843281306
707,0.6931471805599453,0.7105077984826123
708,0.0,0.79901737430465
709,2.4849066497880004,3.3652231191274744
710,0.0,0.31933197208540154
711,0.0,0.7089551649490065
712,6.413458957167357,5.042687303721673
713,2.5649493574615367,3.2099850873844034
714,0.0,0.5115131932912349
715,0.0,0.21171371176540754
716,5.7430031878094825,6.620688304237065
717,3.218875824868201,2.0188758267022973
718,0.6931471805599453,0.7395441588623437
719,3.1354942159291497,4.238021305479852
720,0.6931471805599453,1.8045406931269001
721,1.3862943611198906,1.7711729212358915
722,0.0,0.6559968678972712
723,1.9459101490553128,1.2210207991692141
724,0.0,0.5556924747349277
725,3.332204510175204,1.4654853846484182
726,1.0986122886681098,0.16125971898456415
727,7.089243155027514,6.093374109557134
728,1.0986122886681098,0.7912927340528362
729,3.912023005428146,4.228175122957525
730,1.3862943611198906,1.6880861520358166
731,1.0986122886681098,1.2905641943028712
732,0.0,0.14609572830376383
733,3.6635616461296463,2.9363385013362264
734,4.127134385045092,4.578025668489431
735,3.49650756146648,2.9922062298333083
736,2.3978952727983707,2.710056386326911
737,8.442685139241176,8.204441793102486
738,2.6390573296152584,1.7755664428114502
739,0.0,0.1620389762910186
740,3.5263605246161616,3.7112371161463455
741,0.6931471805599453,0.731469332640386
742,6.169610732491456,5.790888135449683
743,5.198497031265826,5.011169482205654
744,6.042632833682381,5.87620549751263
745,1.6094379124341005,1.5710819534821963
746,1.791759469228055,1.1945210747046326
747,0.0,0.5046605112470239
748,0.0,0.8261511354790021
749,2.3978952727983707,2.4373316145435244
750,3.970291913552122,4.9062586825080015
751,4.543294782270004,4.206131674527626
752,1.0986122886681098,0.8164377613186691
753,0.0,0.5738319854879219
754,5.236441962829949,4.129006922441124
755,3.8918202981106265,4.27378341815182
756,2.302585092994046,2.359428132899934
757,3.1780538303479458,3.363298806136603
758,4.406719247264253,2.6314216288458097
759,5.262690188904886,5.886716026854524
760,2.772588722239781,1.7538881687570935
761,0.6931471805599453,0.5108822912053477
762,0.0,0.28814871926261443
763,6.765038976780541,7.631850297959133
764,2.70805020110221,1.8651431358693462
765,2.772588722239781,2.5621564638040915
766,5.3230099791384085,5.168518681789029
767,0.0,0.40492457442352414
768,1.3862943611198906,2.114761228637534
769,2.995732273553991,3.4636608142471568
770,0.0,1.3312567584669064
771,0.0,1.2135164534368155
772,4.060443010546419,4.157693153212284
773,1.6094379124341005,0.8640508195217811
774,0.0,0.2906595350192469
775,1.0986122886681098,2.0656423927487446
776,0.0,0.0060139156940342
777,5.627621113690637,6.334744960871999
778,1.0986122886681098,1.815574817871684
779,4.875197323201151,4.459870879016157
780,1.3862943611198906,1.9943613862643763
781,0.0,0.1869103493562938
782,9.06577692078483,9.560721612371454
783,2.079441541679836,2.279434067265451
784,0.0,-0.09769600508011544
785,3.912023005428146,3.652650783472905
786,1.9459101490553128,1.6395996071329133
787,0.0,0.10051257900098287
788,3.4011973816621555,3.5497026237077147
789,6.536691597591305,6.257313872657138
790,0.0,0.603670286596744
791,5.3612921657094255,4.327639911003573
792,0.0,0.6971759050747515
793,0.0,0.48794492333377915
794,0.0,0.38103005799545087
795,3.4011973816621555,1.5174784045666114
796,0.0,0.5984384808817873
797,0.0,0.6413703070636807
798,3.688879454113936,4.157188030944164
799,0.0,0.5813805920611346
800,5.062595033026967,4.8517180897156535
801,1.3862943611198906,1.3871188616003445
802,0.6931471805599453,0.6685168282831622
803,0.6931471805599453,0.9665742402425923
804,2.70805020110221,3.3409184231265625
805,0.0,0.7261227810223485
806,5.117993812416755,5.376492059357044
807,0.0,1.114872880007649
808,0.0,-0.12619134493262996
809,7.711101251840158,8.553277218585745
810,0.0,-0.32463226980406557
811,7.130098510125578,7.384522213037362
812,0.0,0.2537132239381772
813,0.0,0.49687258885215635
814,0.0,0.5838432557740154
815,3.49650756146648,3.6806673219373094
816,0.6931471805599453,0.9916303116506882
817,0.0,0.6562402398165728
818,0.0,0.39060765457116586
819,0.0,0.723676298119037
820,2.19722457733622,1.7232985217982364
821,3.258096538021482,2.9686283999938174
822,1.0986122886681098,0.569976228357558
823,0.0,0.6568629331939493
824,2.079441541679836,1.8187914214354783
825,2.833213344056216,2.7779890873022106
826,0.0,0.7518967339392579
827,9.169976605786628,9.670010823357766
828,7.954723334497908,8.288983190107386
829,0.0,0.7461861927900504
830,0.6931471805599453,0.7438312172107993
831,9.169976605786628,9.188743975926155
832,0.0,-0.024917452494663817
833,1.3862943611198906,2.22253348757583
834,4.219507705176107,4.62702087586049
835,2.4849066497880004,0.9455743905092131
836,2.8903717578961645,3.73078201809874
837,1.6094379124341005,1.6123028658335419
838,2.079441541679836,1.4932367207908472
839,2.8903717578961645,1.2613009692250352
840,2.5649493574615367,1.7609784054528093
841,4.976733742420574,5.065102149828441
842,3.49650756146648,3.0003021688448572
843,0.6931471805599453,0.8924567929510654
844,7.186901020411631,7.095265988472176
845,5.030437921392435,5.431417218386125
846,1.791759469228055,2.154148242955345
847,4.890349128221754,4.570391890405357
848,0.0,1.4483889728007857
849,1.3862943611198906,2.1558086292217022
850,3.9889840465642745,3.9723949832633583
851,0.0,-0.18292110425290664
852,7.43543801981455,7.9223879917342135
853,1.3862943611198906,1.5812661065180689
854,1.6094379124341005,0.41852763497
855,0.0,0.24516329332398845
856,0.0,0.7873468857714112
857,0.0,0.9907993876759347
858,0.0,0.5286969678328599
859,7.398174092970465,7.215267124109446
860,5.802118375377063,4.887303637042917
861,8.866017398810255,9.37847224028641
862,5.613128106388071,3.5098336881245578
863,0.0,0.7338518984465672
864,3.258096538021482,2.080531548802213
865,0.0,0.42589436274845793
866,2.995732273553991,1.6717793484297543
867,0.0,0.36828233338507776
868,2.5649493574615367,2.8104271583643845
869,2.4849066497880004,2.332138789981845
870,0.0,-0.07862366168532375
871,4.219507705176107,3.8400192092733607
872,4.0943445622221,4.05180989640252
873,3.332204510175204,3.1709024106428667
874,0.6931471805599453,1.272665949314563
875,2.079441541679836,1.4295284120298541
876,0.0,0.9859609067239798
877,3.367295829986474,3.2048885150905146
878,0.0,0.569176453516602
879,0.0,0.9441971904774646
880,0.0,0.48974455013030904
881,1.0986122886681098,0.20332841687394554
882,2.70805020110221,1.4399791983737396
883,0.0,0.7824733336047536
884,1.0986122886681098,0.6861972434869081
885,1.791759469228055,1.8983114008436228
886,7.519149957669823,7.380011142067893
887,2.772588722239781,2.568781235839861
888,5.6937321388027,5.7935345475674485
889,3.1354942159291497,0.7137124189089126
890,0.0,-0.05356144599241608
891,0.0,0.8447844623663359
892,2.8903717578961645,3.164539023614961
893,1.6094379124341005,0.8375402853022442
894,9.0320506762956,9.60123747673822
895,0.0,0.3319857897586582
896,2.302585092994046,2.0956659868108454
897,2.302585092994046,1.411878928502147
898,4.997212273764115,4.5550371905465115
899,1.791759469228055,1.7164188761027677
900,4.882801922586371,5.035240636801493
901,0.6931471805599453,0.5664362978803057
902,2.3978952727983707,1.3439279038704879
903,5.552959584921617,5.445687278124458
904,0.6931471805599453,0.16585289518440316
905,4.867534450455582,3.947534871512899
906,1.6094379124341005,2.6633832260703305
907,1.791759469228055,0.5990883626213255
908,0.0,-0.20133667000373334
909,4.564348191467836,4.58289671253317
910,0.0,0.8186414440256835
911,2.079441541679836,2.6715072248691456
912,2.3978952727983707,2.6731751625999047
913,2.3978952727983707,2.524514591084933
914,0.0,0.04566458796621031
915,6.324358962381311,4.066004177499446
916,0.0,0.46833300918583975
917,6.39024066706535,6.665075492577043
918,2.079441541679836,0.6223418873116506
919,0.0,0.1147548812770709
920,0.0,0.0036955982334041515
921,0.0,0.15171945876245774
922,0.0,0.5885534299621389
923,5.225746673713202,5.771698430295879
924,0.0,0.25421185910546873
925,4.060443010546419,3.0573422689107765
926,1.3862943611198906,0.6406160670839931
927,0.0,0.16472164062510197
928,4.442651256490317,4.62898492281583
929,0.0,0.6055512901009996
930,4.5217885770490405,4.779900961215196
931,2.6390573296152584,2.650566008445445
932,6.194405391104672,6.549902874401099
933,0.0,0.4592180766202689
934,0.0,-0.005857801735689616
935,0.0,0.8179461694475447
936,3.4657359027997265,3.4970758495173424
937,3.091042453358316,3.0941315976258825
938,0.0,-0.23409443351675874
939,1.3862943611198906,2.0638750730054585
940,5.981414211254481,5.986082649723723
941,0.0,0.3885904146494892
942,4.6443908991413725,4.374806047091029
943,0.0,0.136528970357642
944,2.079441541679836,2.140340848429861
945,2.3978952727983707,2.075843413000827
946,0.0,0.21261132516225967
947,3.044522437723423,3.0468705307090844
948,0.0,0.7122237651262144
949,3.044522437723423,3.6961693157512894
950,2.302585092994046,2.3322128986724517
951,1.791759469228055,2.3291096769173203
952,2.5649493574615367,2.2480996321037083
953,9.169976605786628,8.567031525288966
954,3.58351893845611,3.9666622837806447
955,1.3862943611198906,1.9855433392654955
956,5.780743515792329,5.064643903883908
957,7.094234845924755,7.604802385519112
958,3.295836866004329,3.5681222256320773
959,0.0,0.6244668222198972
960,5.996452088619021,7.092684539353447
961,2.302585092994046,2.318086961389029
962,4.418840607796598,4.1590765891643215
963,4.543294782270004,3.478689849296159
964,7.05444965813294,6.207390944405405
965,0.0,0.7295311320925273
966,0.0,0.9505397757341738
967,2.772588722239781,2.321788640730785
968,0.0,0.4198146858669667
969,2.19722457733622,1.1317792409533032
970,2.5649493574615367,2.9681768871698635
971,2.9444389791664403,3.262843258561942
972,1.3862943611198906,0.7023330161009083
973,3.555348061489413,4.724183826461568
974,2.9444389791664403,2.8909199949710565
975,0.0,0.7601544458179554
976,0.6931471805599453,1.6426674235495269
977,1.791759469228055,1.3774001463500212
978,3.1354942159291497,4.164337175218943
979,0.0,0.6000928807390735
980,3.784189633918261,3.4039069511084135
981,0.0,0.6969725363329462
982,0.0,1.3556718176755072
983,0.6931471805599453,0.21227495195368595
984,2.079441541679836,1.9462916631978815
985,1.6094379124341005,1.2775660710399876
986,1.3862943611198906,1.863993291728912
987,3.332204510175204,3.01886399392903
988,3.044522437723423,3.7386239724164234
989,2.4849066497880004,3.1831513786037418
990,4.143134726391533,3.128335372537803
991,1.791759469228055,2.3105412912873318
992,2.833213344056216,2.8808556062980575
993,0.6931471805599453,0.4837684671374809
994,2.079441541679836,2.0103627721551436
995,0.0,-0.13390150738362427
996,4.158883083359672,3.6163482685440442
997,0.0,0.7828838478855609
998,2.079441541679836,0.47342075672590056
999,0.0,-0.16341939175711362
1000,1.3862943611198906,1.502016010739562
1001,0.0,-0.34682433015415004
1002,0.0,1.2556709877291699
1003,1.6094379124341005,0.860584701303678
1004,3.8918202981106265,3.1400059927409933
1005,0.0,0.9542238682360393
1006,1.0986122886681098,1.0356288020017643
1007,3.8501476017100575,3.404747172004493
1008,2.302585092994046,2.468523961232943
1009,1.3862943611198906,1.205126664229337
1010,4.07753744390572,4.799525901676937
1011,0.6931471805599453,0.879063725255792
1012,0.0,0.5388589199855409
1013,0.6931471805599453,0.24386172339535284
1014,0.6931471805599453,0.7213898520348536
1015,0.0,0.8132260322281872
1016,0.0,0.5540081862497774
1017,1.3862943611198906,1.112546777123153
1018,2.079441541679836,1.9327709780069784
1019,5.123963979403259,5.748681371957951
1020,1.6094379124341005,1.7252261769153
1021,0.0,0.6113871571171621
1022,0.0,1.1376525153253647
1023,1.0986122886681098,1.687823521910025
1024,4.934473933130692,4.775258316188548
1025,0.6931471805599453,0.43977245445744395
1026,1.3862943611198906,1.654105726371077
1027,2.9444389791664403,2.410236308287245
1028,1.3862943611198906,0.35486209559664617
1029,0.0,0.22098220136111202
1030,2.9444389791664403,0.8224386790144866
1031,0.6931471805599453,0.20996481384101973
1032,2.5649493574615367,2.9382150341287083
1033,5.638354669333745,6.142860892376126
1034,1.0986122886681098,0.48580245132892985
1035,0.0,0.556123988358282
1036,3.6635616461296463,3.5310856534432107
1037,2.8903717578961645,1.412683127069954
1038,0.6931471805599453,0.3868500867422895
1039,1.6094379124341005,1.030653270448485
1040,3.80666248977032,3.6802665218865025
1041,5.225746673713202,5.087166958264524
1042,0.6931471805599453,0.987574459628138
1043,3.258096538021482,3.495565398427823
1044,0.0,0.050654455554787425
1045,0.0,0.10674223411978101
1046,1.6094379124341005,1.652714875896372
1047,7.938802248154481,8.087847939434976
1048,0.6931471805599453,0.662507823444362
1049,5.214935757608986,4.834949010325497
1050,0.0,0.11431897333469454
1051,0.0,0.6353029900152596
1052,0.6931471805599453,0.9441971904774646
1053,2.4849066497880004,1.5083819773554288
1054,2.3978952727983707,2.621591450523596
1055,2.70805020110221,2.408961013264667
1056,6.180016653652572,5.998625700852391
1057,1.0986122886681098,1.1535781122862805
1058,0.0,1.3766862175214518
1059,0.0,0.683866839751132
1060,0.0,-0.0025675922705317156
1061,0.6931471805599453,1.2235264834165063
1062,0.6931471805599453,1.2208083914692178
1063,1.6094379124341005,2.5276377025693146
1064,0.0,0.7516182621088818
1065,1.3862943611198906,0.8082582656579158
1066,0.0,0.6635130309071928
1067,6.385194398997726,6.849277788805524
1068,0.0,-0.009422056810469481
1069,0.6931471805599453,0.5527888308802109
1070,1.0986122886681098,1.4628889065857795
1071,1.6094379124341005,1.2560405785580981
1072,5.3981627015177525,5.026372796678919
1073,3.9318256327243257,3.82051181507227
1074,4.983606621708336,5.181675227702641
1075,0.0,0.24633989239574383
1076,3.218875824868201,2.6674989408256913
1077,0.0,0.28738770544191716
1078,0.0,0.21010309269102967
1079,5.075173815233827,5.390948235379193
1080,6.028278520230698,5.573518659049564
1081,3.610917912644224,3.2465281132190045
1082,0.0,0.18498898754176807
1083,9.060447282401563,9.348981977362584
1084,1.3862943611198906,1.3469589746463542
1085,1.6094379124341005,-0.05096954305275725
1086,3.044522437723423,3.1080782329800662
1087,3.688879454113936,3.314560093700603
1088,0.0,0.31399606948567715
1089,4.653960350157523,4.739821860110675
1090,6.584791392385716,6.024080097756919
1091,0.0,0.4859838390164002
1092,1.6094379124341005,1.2635903324732773
1093,1.0986122886681098,0.7085669927269984
1094,6.274762021241939,6.12585152164362
1095,0.0,-0.23187242648105721
1096,3.091042453358316,3.3762735137670026
1097,5.365976015021851,4.549892586924865
1098,2.3978952727983707,1.705120617074576
1099,2.079441541679836,1.5117401516290232
1100,3.8918202981106265,3.869307404677203
1101,1.6094379124341005,0.49338718191856956
1102,0.0,0.4823471591371473
1103,2.70805020110221,2.704282427505211
1104,4.584967478670572,4.082917976344582
1105,6.508769136971682,6.8565344979477505
1106,0.0,0.6199514409583085
1107,0.6931471805599453,1.6141443912363225
1108,2.4849066497880004,2.3840196324618175
1109,1.0986122886681098,0.5445739788009543
1110,5.303304908059076,5.560574849278169
1111,0.0,0.6526124691155697
1112,5.241747015059643,4.372504187094003
1113,2.19722457733622,2.1472321527377867
1114,6.030685260261263,5.81010948861176
1115,1.791759469228055,1.8969140894153373
1116,4.663439094112067,3.596915747569751
1117,1.791759469228055,2.6973937163761548
1118,4.543294782270004,4.269438382302269
1119,0.0,0.5835675048927684
1120,0.6931471805599453,0.22133877116401468
1121,0.6931471805599453,0.5496381878288601
1122,0.6931471805599453,0.5433824681802535
1123,3.044522437723423,2.267699462753302
1124,5.0369526024136295,4.2510928527921035
1125,0.6931471805599453,1.577802721619657
1126,4.454347296253507,4.5113551324439305
1127,1.6094379124341005,2.7121406005569835
1128,1.6094379124341005,1.8639115738496066
1129,1.3862943611198906,1.3953915974103626
1130,4.74493212836325,4.574271633136162
1131,4.276666119016055,3.923751537807642
1132,3.332204510175204,2.6062047557816466
1133,4.584967478670572,4.257654081357676
1134,1.0986122886681098,0.7015448783201226
1135,0.0,-0.01562272362464423
1136,0.0,0.3394253828933458
1137,3.044522437723423,1.9308817481881917
1138,2.079441541679836,1.8941749838330164
1139,4.890349128221754,4.764376445916749
1140,2.079441541679836,0.8606088663584395
1141,8.289539484624141,8.714843083762409
1142,0.6931471805599453,0.3564309596913582
1143,0.0,0.21230231716542258
1144,0.6931471805599453,0.8366220469120325
1145,0.0,0.1156613321987674
1146,0.0,1.506155858753393
1147,0.0,0.2470711609897216
1148,0.0,0.2210240779418
1149,0.6931471805599453,0.2924234475110472
1150,0.6931471805599453,0.5868236955999011
1151,0.0,-0.2056723732027974
1152,0.6931471805599453,0.8824002473366059
1153,5.58724865840025,5.358193473860457
1154,3.610917912644224,3.8009878853364505
1155,3.828641396489095,4.313830360572779
1156,2.4849066497880004,1.7816087343223934
1157,6.184148890937483,5.365974642267355
1158,6.519147287940395,4.3000668765523615
1159,6.0112671744041615,5.390992714889508
1160,1.3862943611198906,0.531351207740429
1161,4.532599493153256,5.269058548988914
1162,3.9889840465642745,3.538207898608027
1163,1.3862943611198906,1.7940784884097063
1164,1.791759469228055,1.3567559356594467
1165,1.9459101490553128,1.9146681576581175
1166,0.6931471805599453,0.8432313585225963
1167,2.4849066497880004,2.765771921253693
1168,2.19722457733622,1.2151429465121577
1169,0.0,0.09119062987185345
1170,4.867534450455582,4.198261912040225
1171,0.6931471805599453,0.3664191511103294
1172,0.0,0.3171159697241812
1173,0.0,0.3532145560593596
1174,0.0,0.7321166838818431
1175,0.0,1.1597511423731874
1176,2.8903717578961645,3.079634338736528
1177,7.301822342137932,7.723220142367341
1178,1.0986122886681098,0.5499570299624572
1179,0.0,0.08768447870416729
1180,0.0,1.0920123091318792
1181,1.9459101490553128,1.174586081732801
1182,5.2832037287379885,5.316960655113503
1183,0.0,0.04724625378948222
1184,0.0,0.39904005205317117
1185,0.0,0.5678893528202358
1186,4.584967478670572,3.974211162342109
1187,2.4849066497880004,2.9805323162139943
1188,0.0,1.3643943198755966
1189,0.0,0.35547555949712417
1190,2.8903717578961645,3.2435307436041696
1191,3.8501476017100575,4.067189394378067
1192,0.0,0.20138584991854502
1193,3.9318256327243257,0.8042410083708282
1194,0.6931471805599453,0.3356882782494983
1195,1.791759469228055,1.7095815243901278
1196,0.6931471805599453,1.4406891307113292
1197,7.10085190894405,6.84564570870488
1198,0.6931471805599453,0.4621056261267513
1199,0.0,0.4673275451070338
1200,7.553810852008231,7.963861640559082
1201,0.0,0.7067445652588988
1202,2.19722457733622,2.2256875636089677
1203,1.6094379124341005,1.4848705640466475
1204,4.997212273764115,4.724916083722495
1205,0.6931471805599453,1.4438225548768107
1206,5.552959584921617,3.731081416123441
1207,1.6094379124341005,0.467199592250654
1208,4.836281906951478,4.535393548932039
1209,2.5649493574615367,2.6671520734352985
1210,2.70805020110221,2.5396915218407945
1211,4.343805421853684,4.019220007806313
1212,1.791759469228055,2.0938530987723505
1213,0.0,0.21816884231487954
1214,3.367295829986474,1.2374749878166005
1215,1.791759469228055,0.7164369196575815
1216,9.169976605786628,8.806229165727501
1217,1.791759469228055,0.825494512596932
1218,7.525639975041535,8.43833907093949
1219,8.043984431221553,7.953396782427965
1220,1.3862943611198906,0.867723571283556
1221,1.0986122886681098,1.0899012325852115
1222,0.0,0.8280614451987918
1223,3.737669618283368,3.3449116036287627
1224,2.3978952727983707,0.6194182596576459
1225,3.8918202981106265,4.335145297012856
1226,5.513428746164983,2.7057664522008866
1227,0.0,0.11587271047242664
1228,1.3862943611198906,1.1922011225106228
1229,5.976350909297934,5.807450575730201
1230,4.465908118654584,3.221125693646708
1231,3.367295829986474,4.368793510639418
1232,1.9459101490553128,2.7237656124295206
1233,2.079441541679836,1.1722229866401437
1234,3.7612001156935615,5.110077237452964
1235,0.0,0.4463345149982325
1236,2.079441541679836,1.9188110690972022
1237,1.6094379124341005,1.8983400944145417
1238,4.356708826689592,3.2431157787407403
1239,1.6094379124341005,2.004361405077858
1240,0.0,0.6850955812704134
1241,4.356708826689592,3.8844612210232485
1242,0.0,0.4356026703670599
1243,8.173575486634153,3.767915177857839
1244,0.6931471805599453,1.0426306396047988
1245,1.6094379124341005,1.4868082131938052
1246,3.295836866004329,2.843785028729994
1247,1.0986122886681098,2.0151021656757964
1248,2.995732273553991,2.4721841989705764
1249,3.044522437723423,2.980112375440155
1250,1.3862943611198906,0.6348977318646762
1251,0.6931471805599453,0.9226337719009652
1252,0.6931471805599453,0.574109848077484
1253,0.0,0.9615817343719335
1254,5.030437921392435,3.4298413982014884
1255,4.204692619390966,4.05857975121452
1256,0.0,1.1114054904945663
1257,0.0,0.45659221420748786
1258,0.0,0.4682276285950222
1259,3.1354942159291497,3.8302601576930098
1260,3.218875824868201,3.0700067131027673
1261,2.3978952727983707,2.548084853567418
1262,1.6094379124341005,0.007548059639249427
1263,0.6931471805599453,0.5240477955509641
1264,0.0,-0.15179065551398319
1265,1.3862943611198906,1.5758084351658477
1266,0.0,0.16110008397392983
1267,2.995732273553991,3.2715035610484042
1268,0.6931471805599453,1.2923154398539232
1269,0.0,-0.0962162058520537
1270,1.3862943611198906,1.757156099188644
1271,0.0,0.7648605162319491
1272,1.0986122886681098,1.927890111468748
1273,0.0,0.877348941038695
1274,0.6931471805599453,0.7632586579845122
1275,2.6390573296152584,3.0666167085501908
1276,0.0,0.7817952242149675
1277,1.6094379124341005,0.7290695997553109
1278,5.303304908059076,5.419354428116835
1279,3.1780538303479458,3.360472596532647
1280,4.143134726391533,4.637245203570635
1281,3.4657359027997265,3.422779242342717
1282,0.0,0.35600153037548843
1283,2.079441541679836,1.460847843797303
1284,4.990432586778736,4.216107189278384
1285,0.0,0.30671597582096277
1286,0.0,0.752231221522927
1287,0.0,-0.11979926278371789
1288,1.3862943611198906,1.5022322799146046
1289,2.079441541679836,0.6392172003742354
1290,2.302585092994046,2.3520686191644313
1291,0.0,0.47896542330971825
1292,1.6094379124341005,1.7733279964577624
1293,0.0,0.17980619938825182
1294,6.902742737158593,0.9031976416426817
1295,4.691347882229144,3.6767704474211413
1296,2.70805020110221,4.636568603055926
1297,4.248495242049359,4.966288154070803
1298,1.3862943611198906,0.7234345373717981
1299,5.786897381366708,6.201702025226815
1300,0.0,0.3075868006202316
1301,0.0,0.30017457492916666
1302,3.828641396489095,3.581958054518439
1303,4.852030263919617,4.686904899347672
1304,1.3862943611198906,1.7647186524637055
1305,1.791759469228055,0.7558902392530953
1306,2.3978952727983707,0.07342500617395142
1307,8.15162164696975,8.16658009548356
1308,0.6931471805599453,1.1275904871364457
1309,1.3862943611198906,1.4806018513563879
1310,1.3862943611198906,0.8143741010663996
1311,2.772588722239781,2.7225036924714505
1312,0.0,0.18442413809353075
1313,2.19722457733622,2.4168847986339066
1314,9.169976605786628,8.69094258359339
1315,8.458716261657262,3.7982609423073237
1316,1.3862943611198906,0.9894494456622835
1317,0.0,0.6496352366868916
1318,3.80666248977032,2.966757936619882
1319,5.961005339623274,6.167693027537922
1320,0.0,0.2222885408961548
1321,4.8283137373023015,6.079581933046301
1322,2.833213344056216,2.9137197439342266
1323,2.8903717578961645,2.5739144439442088
1324,6.877296071497429,7.137767340725873
1325,0.0,1.076557952346926
1326,0.6931471805599453,0.9944545371988052
1327,0.6931471805599453,1.341588637062427
1328,0.0,0.9703093572821861
1329,7.886832998955056,8.327079055893432
1330,0.0,1.0041122003515155
1331,3.218875824868201,3.042393855796735
1332,5.049856007249537,4.968078581429337
1333,1.3862943611198906,0.8248088179272763
1334,5.3981627015177525,5.998095974595046
1335,4.07753744390572,3.9581499388208257
1336,2.5649493574615367,2.354758698151884
1337,0.0,0.2637243323552414
1338,4.248495242049359,4.295427226241155
1339,3.295836866004329,4.328073375450858
1340,0.6931471805599453,0.48743188676761506
1341,0.0,0.7614758839724316
1342,5.384495062789089,6.012759288381046
1343,6.961296045910167,6.833049525013821
1344,2.5649493574615367,2.2250553240195834
1345,2.995732273553991,3.1730508902901953
1346,1.791759469228055,2.4036418499004473
1347,0.0,0.26866722991621783
1348,0.0,0.42464526948020676
1349,9.09952053687094,5.809353009956899
1350,4.912654885736052,4.525337894812157
1351,0.0,0.8612481295842951
1352,0.0,0.7312532920094126
1353,0.0,0.15737059293949462
1354,1.6094379124341005,2.175021564124647
1355,6.115892125483034,6.302003128544978
1356,3.367295829986474,3.7111527996245406
1357,2.302585092994046,2.2056039556296083
1358,2.772588722239781,2.930823236024067
1359,4.204692619390966,4.1191681861402625
1360,4.248495242049359,3.6729853075662993
1361,2.6390573296152584,2.4653126992879546
1362,2.70805020110221,2.4880268474912617
1363,1.9459101490553128,1.768357671215989
1364,1.0986122886681098,1.7096110342659585
1365,1.3862943611198906,0.794041655865874
1366,3.367295829986474,3.8047915824828524
1367,0.0,0.039002235501383264
1368,0.6931471805599453,1.119627532654433
1369,1.791759469228055,1.696957881666818
1370,0.0,0.6954894023759746
1371,0.0,-0.036498254095962857
1372,2.302585092994046,1.924498856051508
1373,4.532599493153256,3.376561211919329
1374,3.091042453358316,1.5390678220869831
1375,6.159095388491933,4.594072208014049
1376,2.079441541679836,1.6248955261418103
1377,3.80666248977032,2.968906910275102
1378,1.791759469228055,1.6831481620780075
1379,4.5217885770490405,2.082286705975283
1380,6.907755278982137,7.236349314231021
1381,0.0,0.29831767326800396
1382,2.5649493574615367,3.1647753265677925
1383,0.0,0.28465808944815896
1384,2.5649493574615367,2.5573332228782393
1385,2.8903717578961645,2.9099600297867174
1386,0.6931471805599453,0.14918587260339722
1387,1.0986122886681098,1.1731629906634566
1388,1.0986122886681098,1.2068399374446233
1389,1.0986122886681098,0.41038788709507834
1390,1.0986122886681098,0.5776795927330236
1391,2.079441541679836,1.5982935851284252
1392,0.0,0.0022729837414843246
1393,0.0,0.7488844024777903
1394,4.68213122712422,5.191631945553189
1395,0.0,0.17957504657945345
1396,4.934473933130692,5.189462962718046
1397,0.0,0.4041916452618599
1398,2.4849066497880004,1.3646782666627624
1399,3.4011973816621555,3.258182090292763
1400,0.0,0.6127611490812912
1401,1.9459101490553128,2.636817421689038
1402,2.6390573296152584,2.7754585826899842
1403,2.5649493574615367,1.5457239872564932
1404,1.0986122886681098,0.6412406466216811
1405,0.0,0.7766599759415784
1406,0.6931471805599453,0.7818833992528924
1407,2.4849066497880004,2.9572387829068245
1408,0.0,-0.32172233485019763
1409,3.912023005428146,4.076479412409691
1410,0.0,2.095128149441737
1411,0.0,-0.02951709138426395
1412,0.6931471805599453,0.4534598895166402
1413,2.3978952727983707,2.5210015496129867
1414,4.110873864173311,2.8830689756696275
1415,3.044522437723423,2.912391268015782
1416,2.772588722239781,2.766361650896332
1417,0.0,0.36884839576930384
1418,0.0,0.45757579406902127
1419,1.791759469228055,2.0823760885219045
1420,0.0,0.6222828463439933
1421,7.113956109566034,6.94219836624714
1422,0.6931471805599453,0.6254379867651432
1423,0.6931471805599453,0.6467586457205139
1424,0.0,1.1085286270164507
1425,1.3862943611198906,0.7298331421147812
1426,7.537430036586509,8.250937053858333
1427,1.0986122886681098,0.7816770043169807
1428,0.6931471805599453,0.8828210730919273
1429,5.075173815233827,5.036450941804357
1430,1.0986122886681098,1.8196020952584142
1431,3.4011973816621555,2.4578503581878604
1432,2.8903717578961645,1.1234808031384136
1433,1.791759469228055,0.8918166859102945
1434,0.6931471805599453,0.8501662488823207
1435,0.0,0.38494715558556813
1436,5.968707559985366,5.838428273396233
1437,0.0,0.48951476309440967
1438,5.056245805348308,5.601323538687164
1439,0.6931471805599453,1.244422294243639
1440,2.079441541679836,1.1831695551537678
1441,3.1780538303479458,3.6717572550966775
1442,4.04305126783455,4.002305092365869
1443,0.6931471805599453,0.306433192829346
1444,2.19722457733622,2.844242838691072
1445,1.6094379124341005,0.8979643043079826
1446,0.0,-0.25643526476117406
1447,2.079441541679836,2.3572470270499637
1448,1.791759469228055,1.6212167860406475
1449,2.3978952727983707,2.313388053944497
1450,4.59511985013459,4.882711031483303
1451,0.0,0.34511871131640426
1452,5.752572638825633,5.379822123737933
1453,5.541263545158426,5.7149393044617565
1454,5.407171771460119,5.568178592389754
1455,0.0,0.5973765809378673
1456,2.079441541679836,1.12185455027542
1457,5.768320995793772,6.155957400170411
1458,1.0986122886681098,0.9621041991535659
1459,0.0,0.8884384682043316
1460,1.791759469228055,2.030501179857444
1461,6.684611727667927,6.26324294045472
1462,8.57828829077605,8.753667251436651
1463,0.0,0.8618449130992349
1464,0.0,0.5116538483419077
1465,0.6931471805599453,1.5014870689861053
1466,3.1780538303479458,3.257168784914623
1467,5.19295685089021,5.055234352974056
1468,0.0,0.73198274710216
1469,6.192362489474872,6.818780742404621
1470,0.6931471805599453,1.4165260339003196
1471,4.59511985013459,4.988240727464145
1472,3.9318256327243257,3.7011801891491682
1473,2.6390573296152584,2.8520141178841447
1474,5.14166355650266,5.712394898398888
1475,6.928537818164665,6.2973907571612
1476,6.198478716492308,5.423882656429057
1477,4.30406509320417,4.74857615223887
1478,0.0,0.6126305948974058
1479,2.302585092994046,2.2456789242213033
1480,4.394449154672439,3.1716499930408846
1481,3.6375861597263857,3.3739828803255336
1482,0.6931471805599453,0.9018160849567325
1483,0.0,0.4528346326938426
1484,2.70805020110221,2.3324528744093773
1485,4.343805421853684,4.295598937765167
1486,3.1354942159291497,3.0493190418756027
1487,0.0,0.24089422824388196
1488,1.0986122886681098,0.2876630890493508
1489,1.3862943611198906,2.2624629026493155
1490,1.0986122886681098,0.591604181835748
1491,4.700480365792417,4.493434434214947
1492,1.0986122886681098,0.9602177391560944
1493,0.0,0.6450735300569284
1494,4.624972813284271,4.975039976942899
1495,2.4849066497880004,2.4185311611485956
1496,1.3862943611198906,0.7164807839027361
1497,3.367295829986474,2.742858721540586
1498,1.791759469228055,1.777266906207195
1499,0.6931471805599453,0.12117472843683563
1500,2.079441541679836,1.2193737662162858
1501,4.605170185988092,3.725391551066335
1502,0.6931471805599453,-0.14438107100952413
1503,1.6094379124341005,1.0408290625336558
1504,0.0,0.29740668947958016
1505,0.0,0.05006987867542678
1506,6.883462586413092,7.973750931928831
1507,2.5649493574615367,2.1832134630512994
1508,0.0,0.9951367634429256
1509,1.0986122886681098,1.8552613200890165
1510,1.0986122886681098,1.3493301699423648
1511,4.564348191467836,5.498762770601287
1512,6.455198563340122,7.287011426606444
1513,8.061486866871327,7.516324116188418
1514,0.0,0.5492101957853639
1515,0.0,0.37025191272314495
1516,1.0986122886681098,0.9365600110812682
1517,5.087596335232384,3.63062859054361
1518,0.0,0.529585880069873
1519,0.6931471805599453,0.5577993358151376
1520,3.9889840465642745,4.2531812447127795
1521,1.0986122886681098,1.0811057720317199
1522,0.0,0.6434770015794418
1523,6.9865664594064265,7.774711901065314
1524,4.290459441148391,5.551879175074965
1525,4.23410650459726,3.7203682241585643
1526,0.0,0.6778956196413197
1527,3.4011973816621555,2.6082830886765516
1528,4.07753744390572,3.5485330658690066
1529,3.091042453358316,2.904847001562048
1530,2.70805020110221,2.601986651093433
1531,0.0,0.13858402625149013
1532,6.699500340161678,6.696223031474706
1533,1.791759469228055,2.4064425316328046
1534,2.302585092994046,2.6731752027452256
1535,5.82600010738045,6.640335679619523
1536,1.3862943611198906,0.9207590221510749
1537,1.9459101490553128,1.6454372231336012
1538,3.80666248977032,3.542235610350701
1539,4.543294782270004,4.480129352770075
1540,6.56244409369372,6.0404463252840666
1541,9.169976605786628,4.259969701608262
1542,2.302585092994046,1.3807518215282726
1543,1.6094379124341005,0.9556821471972428
1544,6.736966958001855,6.551468016187586
1545,0.0,0.05967293364095472
1546,6.9865664594064265,7.179034303590021
1547,2.8903717578961645,2.809808448117995
1548,2.6390573296152584,3.35231427583353
1549,1.0986122886681098,0.6249077829348244
1550,2.079441541679836,0.9167360667764408
1551,4.174387269895637,5.340859611559592
1552,3.871201010907891,3.2624397255956796
1553,2.4849066497880004,2.291226947334769
1554,0.0,0.3312419384949563
1555,0.0,1.5229922730042162
1556,3.871201010907891,3.2814943340750253
1557,2.70805020110221,1.1690802657249395
1558,0.0,-0.3128878362779175
1559,0.0,-0.2578466237853392
1560,0.0,0.43280703009342303
1561,0.0,0.5592999828805754
1562,2.079441541679836,2.5950444431850532
1563,0.0,0.2847693300803531
1564,0.6931471805599453,1.049304569620413
1565,0.0,1.814588971584057
1566,0.0,0.23194671585680648
1567,0.0,0.1959434335506849
1568,1.0986122886681098,0.5440782814493685
1569,0.0,0.5976780380754589
1570,0.0,0.0022092517994978245
1571,4.02535169073515,3.4932493460008818
1572,1.3862943611198906,1.5258251728082888
1573,0.0,1.4335684949778753
1574,1.3862943611198906,2.2131980593615608
1575,3.58351893845611,3.399898417189183
1576,0.0,0.9348163103424623
1577,0.6931471805599453,1.4983991628340059
1578,2.19722457733622,0.7154663984323582
1579,0.6931471805599453,1.380121787461177
1580,2.4849066497880004,2.2803452432157445
1581,2.302585092994046,1.6430282717857412
1582,5.075173815233827,4.46756948317986
1583,2.3978952727983707,0.9003653212559075
1584,0.0,0.8002795269707541
1585,4.882801922586371,4.495186584980563
1586,0.0,0.30288277552925225
1587,4.795790545596741,1.8180616537246899
1588,5.993961427306569,6.165282605754268
1589,5.308267697401205,4.4279214717331845
1590,2.5649493574615367,2.9165657568092973
1591,4.6443908991413725,4.890454935572795
1592,4.356708826689592,4.402875998762037
1593,0.6931471805599453,0.4665463256702871
1594,0.0,0.24085296342638873
1595,1.6094379124341005,0.9220435462267738
1596,7.167809184316444,8.360118889907431
1597,0.0,0.4046751463640206
1598,2.833213344056216,3.828093072996667
1599,4.955827057601261,4.710604930494035
1600,0.0,-0.26245926449167456
1601,0.0,-0.03939148428240813
1602,0.6931471805599453,1.491288760760531
1603,2.079441541679836,2.186581424094329
1604,4.02535169073515,3.722159629523442
1605,1.6094379124341005,1.0085728879874507
1606,0.0,0.03227325069678022
1607,3.258096538021482,3.5592421638343676
1608,0.0,1.0681550667649138
1609,5.755742213586912,4.744958165977845
1610,3.332204510175204,1.7977501826936915
1611,0.6931471805599453,1.7092997003295505
1612,2.4849066497880004,2.504978358649204
1613,3.688879454113936,2.980297125539339
1614,1.6094379124341005,1.3614506457447249
1615,1.9459101490553128,2.0102852721800613
1616,1.3862943611198906,1.6196018076912724
1617,1.791759469228055,0.9874289562301668
1618,9.169976605786628,8.996852336709624
1619,2.3978952727983707,2.024754495054753
1620,1.0986122886681098,2.4145038311716593
1621,2.772588722239781,2.8014788641194555
1622,4.219507705176107,3.7678466868881513
1623,0.0,0.5622357595301619
1624,1.3862943611198906,3.0706040999006934
1625,0.6931471805599453,0.3680877582054467
1626,0.0,0.5211744724735046
1627,1.0986122886681098,0.7425728341388516
1628,2.302585092994046,2.1968870409352825
1629,1.791759469228055,1.4126657915433696
1630,1.0986122886681098,1.3885926108158677
1631,1.0986122886681098,2.399558427387155
1632,6.077642243349034,5.180985320376605
1633,2.3978952727983707,1.600150091117706
1634,0.0,0.23909111554640905
1635,0.6931471805599453,0.6019248573998006
1636,0.6931471805599453,0.9848174349518191
1637,4.060443010546419,1.596720510795563
1638,4.543294782270004,4.1382520853985
1639,1.3862943611198906,1.5626369319794433
1640,8.68406264365127,8.939477215213163
1641,1.0986122886681098,0.6417661692131307
1642,0.0,0.18573768672256552
1643,0.6931471805599453,0.7825826652759273
1644,1.0986122886681098,0.9197132334769669
1645,7.975908360165538,8.781762193402143
1646,0.0,0.2029097550284762
1647,4.691347882229144,4.927014130725077
1648,9.169976605786628,9.303101120117397
1649,5.855071922202427,6.23868323258862
1650,2.079441541679836,3.0263136046113135
1651,6.98933526597456,6.56779131787223
1652,0.6931471805599453,0.6803709955670749
1653,2.19722457733622,1.0378000553677273
1654,2.772588722239781,2.2406024880894995
1655,1.0986122886681098,1.400159803023349
1656,2.6390573296152584,1.3228123312334326
1657,5.117993812416755,5.787156185928435
1658,1.0986122886681098,0.8155142880181221
1659,4.174387269895637,4.649356542650775
1660,5.062595033026967,5.01590896761846
1661,4.356708826689592,3.248399167253711
1662,0.0,0.35886211783854405
1663,0.0,0.4488046756522046
1664,0.0,0.24723052422219682
1665,0.0,1.037822319416542
1666,3.218875824868201,0.8299448523416466
1667,0.0,0.13173379011294317
1668,2.9444389791664403,4.864504486000525
1669,0.6931471805599453,0.570066175397473
1670,0.0,0.03301446295877364
1671,0.0,0.05855819059219458
1672,1.3862943611198906,1.2902491148516886
1673,0.0,0.07651705620771043
1674,0.0,0.6292666230957971
1675,0.0,0.8015283853447106
1676,6.495265555937008,6.750427094391224
1677,1.3862943611198906,1.9348595880010757
1678,0.0,0.5955933440074928
1679,0.6931471805599453,0.8861724310074226
1680,3.610917912644224,2.9932254580842175
1681,0.0,0.5438373911848164
1682,6.699500340161678,6.720199763931412
1683,0.0,0.9194823782672483
1684,6.511745329644728,6.560353130464323
1685,3.49650756146648,3.444500272276734
1686,5.351858133476067,3.948900623003854
1687,0.0,0.37719313911979313
1688,1.791759469228055,2.170960698651923
1689,1.3862943611198906,2.5786625398386867
1690,2.079441541679836,3.138460512664617
1691,1.6094379124341005,1.493218221406832
1692,6.907755278982137,6.823571838340714
1693,0.0,0.1389674210227696
1694,2.3978952727983707,1.7799566052487614
1695,0.6931471805599453,1.4681404230162305
1696,3.8918202981106265,4.199140932294714
1697,3.1354942159291497,3.8837145331919345
1698,0.0,0.7729186232814829
1699,1.6094379124341005,1.3755741394100687
1700,3.091042453358316,3.011957594322837
1701,2.19722457733622,3.3789711779443654
1702,1.0986122886681098,1.1032202213409652
1703,0.0,0.2203705321863727
1704,0.6931471805599453,0.9048255032065462
1705,6.22455842927536,6.868544393735139
1706,4.454347296253507,4.1827311588927785
1707,2.6390573296152584,0.9112906964202407
1708,0.0,0.31294708852690123
1709,0.0,0.368300493321456
1710,1.3862943611198906,0.8797864857022641
1711,0.0,0.588742542773349
1712,0.0,0.0624462544356974
1713,1.0986122886681098,0.49538038738552403
1714,6.269096283706261,6.417328158506334
1715,5.3706380281276624,5.593492382182456
1716,2.19722457733622,0.598149375413388
1717,1.791759469228055,0.830072669973595
1718,3.912023005428146,1.2395026613670217
1719,3.4657359027997265,3.716440762687255
1720,8.231642179973411,8.09640551300902
1721,0.0,0.7117899450736109
1722,0.6931471805599453,0.07745007736160181
1723,1.3862943611198906,1.41349052414159
1724,2.19722457733622,2.2926744937659627
1725,2.4849066497880004,1.9534253769314913
1726,6.795705775173514,6.564938390335587
1727,0.0,-0.020362876724262513
1728,0.6931471805599453,0.7169420529219259
1729,5.942799375126701,5.786962304244081
1730,0.0,0.917080079627119
1731,3.871201010907891,3.8000561653615303
1732,4.23410650459726,3.7205627412564475
1733,0.6931471805599453,0.8734377101626507
1734,2.3978952727983707,1.312959980547302
1735,1.0986122886681098,1.7907219615374608
1736,2.302585092994046,3.099143740439519
1737,0.0,0.04027769857533858
1738,4.219507705176107,4.054901650854345
1739,1.6094379124341005,1.8147477945404675
1740,0.0,0.24367035350116195
1741,1.0986122886681098,0.9307568575152443
1742,2.772588722239781,3.5340787574909633
1743,9.169976605786628,9.220069944189424
1744,4.382026634673881,4.710234222696879
1745,3.044522437723423,3.452586231135789
1746,0.0,0.5646906004324574
1747,2.302585092994046,0.7882900158284514
1748,6.55250788703459,7.027495851185284
1749,0.0,0.6186817290923576
1750,4.653960350157523,3.743022539175711
1751,2.70805020110221,2.1157345715277347
1752,0.6931471805599453,0.7791396621605251
1753,3.58351893845611,2.855745903927115
1754,1.0986122886681098,1.126341994757647
1755,0.0,0.3877649523147799
1756,5.556828061699537,5.919286568834651
1757,0.0,1.5055259548188888
1758,0.0,1.3223127318362682
1759,2.3978952727983707,1.5090802496147686
1760,8.128290171607052,7.714074594306023
1761,3.332204510175204,2.459694518622528
1762,0.0,0.2265440434188033
1763,2.079441541679836,2.209445754762508
1764,3.5263605246161616,3.267945246326402
1765,3.912023005428146,3.0665746530148983
1766,2.4849066497880004,2.7244958619725295
1767,4.875197323201151,4.69886583932589
1768,1.9459101490553128,2.230968423529423
1769,2.302585092994046,2.4139863302964377
1770,0.6931471805599453,0.8435928347627619
1771,1.6094379124341005,2.2884331108577007
1772,0.0,0.6044573079147217
1773,0.6931471805599453,0.5245660232996472
1774,0.6931471805599453,0.7052858823564461
1775,3.58351893845611,3.290173443045441
1776,4.574710978503383,4.065910673520572
1777,3.6375861597263857,3.7738216212534366
1778,4.672828834461906,4.011674869351155
1779,3.6375861597263857,5.678645554236213
1780,7.231287004327616,7.5614899536068645
1781,0.0,0.42975194622582813
1782,0.6931471805599453,0.6637265948149962
1783,0.6931471805599453,0.6605922175715753
1784,0.0,0.033279226781688376
1785,0.0,0.5621136774522077
1786,5.971261839790462,6.224113699965214
1787,0.0,-0.10914107649578098
1788,4.204692619390966,4.742835903441794
1789,3.044522437723423,2.7256519422057313
1790,0.6931471805599453,0.3269806708933667
1791,0.0,0.35153768277521014
1792,8.018954683155718,8.492643858856512
1793,0.0,0.6326597007641295
1794,4.110873864173311,4.566388823921011
1795,1.791759469228055,2.055750118726758
1796,4.060443010546419,4.066857307151541
1797,3.9318256327243257,3.654835882670657
1798,0.0,-0.18631719538077673
1799,0.0,-0.004889929285120331
1800,0.6931471805599453,0.7813859592118493
1801,0.0,0.12524036246269432
1802,1.6094379124341005,2.18196882621748
1803,2.302585092994046,1.6106773083297221
1804,0.0,0.2281673700614082
1805,4.969813299576001,4.7228199777604924
1806,3.367295829986474,3.7002897969182396
1807,0.0,0.220304994464243
1808,4.276666119016055,4.51215298060198
1809,7.066466970136958,7.672357156484152
1810,0.0,0.5240273939592579
1811,3.9889840465642745,3.7003085984203086
1812,4.07753744390572,5.610926270674375
1813,4.51085950651685,3.794134774901134
1814,1.0986122886681098,0.38664781234790224
1815,7.247080584585756,7.407708423502626
1816,6.467698726104354,5.395115258782335
1817,6.0473721790462776,5.5768357478998345
1818,5.799092654460526,4.692520416927503
1819,0.0,0.7405033063293958
1820,0.6931471805599453,0.797538376739964
1821,0.0,0.2414218480301149
1822,2.19722457733622,1.9512309422497576
1823,0.6931471805599453,1.0207685837014013
1824,4.770684624465665,4.6645570821621725
1825,8.060855752934316,8.707378343723741
1826,7.255591274253665,7.89158885060228
1827,1.0986122886681098,0.5399570360015506
1828,0.0,-0.20016462205464203
1829,0.6931471805599453,0.31161457153665184
1830,2.5649493574615367,0.8874163030048419
1831,4.736198448394496,4.84057331555412
1832,2.3978952727983707,2.528739859577032
1833,2.302585092994046,2.2792909259642404
1834,2.079441541679836,2.014683144152099
1835,6.586171654854675,6.721436220119954
1836,4.330733340286331,4.718720460305551
1837,0.0,0.5276454396042352
1838,1.3862943611198906,1.430473101128198
1839,2.6390573296152584,1.5249168769807742
1840,0.0,0.5190507094778465
1841,0.0,-0.014346448420422764
1842,0.0,0.6191148867499197
1843,6.889591308354466,6.78731982101561
1844,0.0,1.1224718435191525
1845,6.738152494595957,6.645298837191501
1846,1.0986122886681098,0.3139906278549289
1847,4.477336814478207,5.358071511700821
1848,0.6931471805599453,0.4129131622388984
1849,0.6931471805599453,1.1018418952010707
1850,3.091042453358316,3.206669797205318
1851,0.0,-0.1986346697280852
1852,1.791759469228055,1.9615269535289053
1853,2.772588722239781,2.3125926851007463
1854,0.0,0.3999221808456377
1855,0.6931471805599453,1.284819152858605
1856,5.68697535633982,4.561016585237496
1857,2.302585092994046,2.5737334965498753
1858,2.302585092994046,0.9516276130332009
1859,0.0,0.211545246114623
1860,0.0,0.2557799974364485
1861,0.0,0.5497895562525601
1862,3.332204510175204,2.7343540927684677
1863,1.0986122886681098,1.4211602248276405
1864,0.0,-0.07117974216854162
1865,3.7612001156935615,3.506314662069687
1866,0.0,0.1464395588453966
1867,0.0,0.6898788886483989
1868,2.3978952727983707,2.009817047027356
1869,2.772588722239781,2.145588277096158
1870,0.0,0.07223259674176274
1871,3.737669618283368,3.197857045430971
1872,2.4849066497880004,2.668537723663453
1873,0.0,0.4683528822278846
1874,3.4657359027997265,3.7307845630287146
1875,4.219507705176107,2.9261529895581706
1876,0.6931471805599453,1.3433093905187843
1877,3.80666248977032,3.201159059536223
1878,1.3862943611198906,1.9791643164815094
1879,2.9444389791664403,3.176592899616716
1880,3.784189633918261,3.1994337729244062
1881,0.0,0.17605374624278403
1882,3.4011973816621555,1.670072810317511
1883,0.6931471805599453,0.8128718094916589
1884,7.651595573857601,7.8232184578776485
1885,7.262628600974241,5.938888535176487
1886,5.209486152841421,4.11547343636893
1887,0.6931471805599453,0.8282237736496421
1888,1.9459101490553128,2.3860575056847013
1889,1.0986122886681098,1.591507448954033
1890,5.717027701406222,5.720678454260685
1891,2.8903717578961645,2.6626155276201264
1892,0.0,0.13473188593531615
1893,2.079441541679836,1.4255713848703484
1894,3.044522437723423,3.6058643865469646
1895,0.6931471805599453,1.5292271286419021
1896,0.0,0.33600950540888874
1897,0.6931471805599453,0.06496097723823491
1898,1.791759469228055,2.25055418804221
1899,2.302585092994046,1.9374777950383213
1900,1.0986122886681098,1.3782164322738801
1901,2.8903717578961645,2.5618862433074865
1902,8.911934336161426,9.284963909769102
1903,5.41610040220442,5.214794747119683
1904,0.0,0.635575678905274
1905,0.6931471805599453,0.5347365445497809
1906,3.091042453358316,1.265250458817285
1907,0.0,0.08462946866812038
1908,0.0,0.09104662550350318
1909,7.027314514039777,6.585504481181483
1910,4.248495242049359,4.2182160254176235
1911,1.791759469228055,0.9333261022514256
1912,0.0,0.22514106420932345
1913,2.302585092994046,2.382448657024661
1914,0.0,0.5355874444644149
1915,0.6931471805599453,1.2948333945102584
1916,4.02535169073515,4.0497057972487225
1917,2.3978952727983707,1.3641087225394792
1918,5.676753802268282,7.442572159013557
1919,8.700847193443972,5.090769734406797
1920,2.6390573296152584,2.803566085521304
1921,4.343805421853684,4.583934494398214
1922,0.0,0.29316072809004456
1923,1.0986122886681098,0.603914403971068
1924,4.68213122712422,4.073172745682033
1925,1.3862943611198906,1.6498487773586845
1926,4.143134726391533,3.6356943786117673
1927,6.163314804034641,6.581843630714389
1928,6.516193076042964,7.490463353593422
1929,0.0,0.1111529753340319
1930,4.68213122712422,5.12023823321584
1931,0.0,0.6993594007909687
1932,1.6094379124341005,0.9237037632220997
1933,2.772588722239781,2.863080205315923
1934,7.57455848420248,7.666744563294969
1935,0.0,0.6085173158367083
1936,1.0986122886681098,2.281564542621843
1937,0.6931471805599453,0.5315777586340309
1938,3.688879454113936,2.3228668155885215
1939,0.0,0.43773960914100374
1940,0.0,0.5069087964784567
1941,4.0943445622221,3.6208879456699092
1942,2.6390573296152584,2.213740982589243
1943,0.6931471805599453,1.4354508419482186
1944,4.02535169073515,4.081997597023782
1945,2.6390573296152584,2.500255808245572
1946,7.938088726896952,8.867620196111957
1947,7.480992162869525,7.972718615647009
1948,4.74493212836325,4.972864419167409
1949,4.844187086458591,5.055717088929872
1950,1.0986122886681098,1.3504465919485669
1951,1.791759469228055,1.1071341742166014
1952,0.0,0.3124566371048161
1953,0.0,1.1803626042473019
1954,2.079441541679836,1.021277182693623
1955,0.6931471805599453,0.5990802705708362
1956,5.43372200355424,5.682002810347193
1957,0.6931471805599453,0.540590151109337
1958,0.0,-0.1577375287174192
1959,0.0,0.2768654414836367
1960,0.0,1.160527788084658
1961,1.3862943611198906,1.5500566073265438
1962,1.0986122886681098,-0.03860129429282244
1963,0.6931471805599453,0.727283592299768
1964,2.4849066497880004,3.109884869433319
1965,3.610917912644224,2.965756499959284
1966,3.49650756146648,2.8045973451048294
1967,0.6931471805599453,0.8374835878367848
1968,0.0,0.10709686404400243
1969,1.6094379124341005,1.9738902701080396
1970,4.219507705176107,4.841791082362114
1971,5.834810737062605,4.582310187626185
1972,0.6931471805599453,0.025540997007786004
1973,0.0,1.13679741481702
1974,5.777652323222656,6.210214487988396
1975,3.332204510175204,3.391898364603782
1976,0.0,0.4975775888593654
1977,6.878326468291325,6.5567471799065284
1978,4.844187086458591,3.5163269786758224
1979,1.3862943611198906,1.2344804084750978
1980,1.3862943611198906,1.3615058623044876
1981,0.0,-0.2634708210122789
1982,4.04305126783455,4.320106978829973
1983,2.079441541679836,3.8425057831369416
1984,2.4849066497880004,0.013160573623487437
1985,0.6931471805599453,0.322714128373635
1986,1.3862943611198906,0.537852987805826
1987,2.8903717578961645,1.3336823607822583
1988,4.23410650459726,4.364638150954737
1989,0.0,0.04165997472962557
1990,0.0,0.7657137515597765
1991,1.3862943611198906,1.362782800596615
1992,9.169976605786628,8.844420935625132
1993,1.9459101490553128,1.0304663335879296
1994,2.9444389791664403,0.8651150370595215
1995,1.3862943611198906,0.7381566712174334
1996,4.574710978503383,4.4795164685614575
1997,3.5263605246161616,4.119682358637977
1998,0.0,0.19879141054514182
1999,5.560681631015528,5.5026388004835205
2000,0.0,0.2106704076742858
2001,2.772588722239781,3.319959203443497
2002,0.0,0.8426371207319518
2003,0.0,0.6517160029441109
2004,0.0,0.8232320835226004
2005,2.3978952727983707,2.528286969264116
2006,0.6931471805599453,0.5610546769337377
2007,0.6931471805599453,0.35897426786733155
2008,0.6931471805599453,0.4547273195733814
2009,4.736198448394496,4.554233398663266
2010,3.5263605246161616,4.0573050143796525
2011,0.0,1.5771779187318526
2012,2.6390573296152584,2.0914171651120856
2013,0.0,0.807396431251524
2014,0.6931471805599453,0.6595710986670837
2015,4.51085950651685,3.7545407534711037
2016,3.4657359027997265,3.0126665030148425
2017,4.653960350157523,5.628077641489083
2018,4.584967478670572,3.286862892469541
2019,0.0,0.18796054721317113
2020,1.6094379124341005,1.890352294947901
2021,1.3862943611198906,0.44100589929193723
2022,5.921578419643816,4.5395762490084195
2023,4.343805421853684,4.858767188197581
2024,3.1354942159291497,1.1516683656899793
2025,4.574710978503383,4.375907570943218
2026,0.0,1.0239926125226846
2027,0.6931471805599453,0.8416886843908931
2028,2.5649493574615367,2.396662645020989
2029,2.70805020110221,2.7371050485555
2030,8.696510239189893,8.793094773939679
2031,0.6931471805599453,-0.07350563860147785
2032,6.018593214496234,6.141449146785787
2033,0.6931471805599453,1.5421981751236375
2034,0.0,0.3109770461695196
2035,2.70805020110221,3.1457710270535677
2036,4.762173934797756,4.939692074558292
2037,0.0,-0.07944375351846
2038,0.0,0.20018272517665237
2039,3.091042453358316,1.5706991786837787
2040,0.0,0.7313261863860285
2041,2.5649493574615367,2.5318366668277563
2042,6.732210706467206,6.5549744588523895
2043,0.0,0.37297259207636313
2044,0.6931471805599453,0.5082164788840711
2045,3.80666248977032,2.8974929617036422
2046,3.951243718581428,3.359249306746926
2047,2.5649493574615367,0.4942385500482187
2048,9.169976605786628,7.672843755915819
2049,1.6094379124341005,1.6485787159836425
2050,1.3862943611198906,1.3213742737681118
2051,0.0,0.2655123572288245
2052,0.0,0.3810644874064115
2053,1.791759469228055,2.339790252657603
2054,7.569927655242652,6.276863585647805
2055,0.0,-0.6365116219129323
2056,0.0,0.11903280365916658
2057,0.0,0.6694644979654514
2058,7.910957382845589,6.090332357803767
2059,2.302585092994046,2.5674441514247115
2060,3.044522437723423,2.8671607764508655
2061,4.795790545596741,4.440580304534065
2062,0.0,0.789734493004757
2063,4.74493212836325,3.540041327124106
2064,6.285998094508865,6.335469582507611
2065,3.737669618283368,4.110289187969811
2066,0.0,0.5440679744814867
2067,0.0,0.48059610125236296
2068,3.091042453358316,3.5473175942962136
2069,0.0,0.687308405246571
2070,0.0,0.17904077687726128
2071,0.6931471805599453,0.29650632441164104
2072,7.53689712956617,7.711898715738803
2073,0.0,0.4371190499235167
2074,0.0,0.37741288930110617
2075,0.0,0.3195917468566658
2076,0.0,0.7414863030450829
2077,2.6390573296152584,1.3319886122348439
2078,0.0,-0.3345552245337826
2079,6.954638864880987,6.806795201504383
2080,0.0,-0.46734106029171985
2081,3.258096538021482,2.8364048213886797
2082,0.0,0.4674638571720402
2083,1.3862943611198906,1.1651920424124875
2084,0.0,0.9590873645006959
2085,1.6094379124341005,0.9563046623563716
2086,3.4339872044851463,3.494857137875325
2087,2.302585092994046,2.6781219922940607
2088,0.0,0.9569889740460147
2089,2.4849066497880004,0.9846343776328914
2090,5.293304824724492,5.128611043982898
2091,1.0986122886681098,0.6813757388629287
2092,4.465908118654584,5.042747945763709
2093,9.169976605786628,8.383088941907754
2094,1.3862943611198906,1.5018094980107974
2095,1.3862943611198906,1.8407283109848716
2096,0.0,0.24291548635612692
2097,2.772588722239781,2.6385861184055592
2098,0.0,1.1093927488725956
2099,1.6094379124341005,0.5220817918141631
2100,1.6094379124341005,2.094724952917044
2101,4.553876891600541,3.245524975473468
2102,5.472270673671475,5.438023444316752
2103,0.0,-0.13424745374907365
2104,0.0,-0.35729904202553486
2105,0.0,-0.15834460811642304
2106,0.0,0.29727270398422956
2107,3.58351893845611,2.8813206951255435
2108,5.7745515455444085,4.05790978283052
2109,0.6931471805599453,2.2738307205116826e-05
2110,5.342334251964811,5.5066631641272545
2111,4.844187086458591,3.4662849538753338
2112,0.0,0.05669873301106643
2113,1.0986122886681098,1.9847323930475114
2114,1.791759469228055,2.2959340228551706
2115,0.0,0.5743250252063368
2116,0.0,0.6810099588267704
2117,2.9444389791664403,1.3162675707617573
2118,2.70805020110221,2.2828151368269807
2119,0.6931471805599453,0.4028233986249874
2120,0.0,-0.08444435491656588
2121,0.0,0.899035552902955
2122,0.0,0.40126887024957214
2123,0.0,0.8627273169640068
2124,0.0,0.9729191449361185
2125,0.6931471805599453,1.5553685045978232
2126,0.0,0.7315902739265288
2127,3.6635616461296463,4.054414653775034
2128,0.0,0.6988617954840362
2129,0.0,0.13784765539902955
2130,6.522092798170152,5.611166900847083
2131,3.1780538303479458,3.2026587102071353
2132,3.951243718581428,3.6095867696463184
2133,0.6931471805599453,1.3529783213710522
2134,2.3978952727983707,2.9563333346240266
2135,1.6094379124341005,2.378208529461571
2136,0.0,-0.23659376336919147
2137,5.849324779946859,5.291360347174727
2138,3.713572066704308,3.0983742086140103
2139,0.0,-0.09840157753455525
2140,2.6390573296152584,0.8445278817827615
2141,7.452402451223638,7.02546911710026
2142,0.0,0.30290887418254586
2143,3.258096538021482,3.3041125338933597
2144,1.6094379124341005,1.2118007694705324
2145,5.3612921657094255,4.780528048557729
2146,1.0986122886681098,1.6752816330650275
2147,3.332204510175204,2.87948079124969
2148,3.970291913552122,4.487070311122379
2149,1.3862943611198906,0.5704509441555023
2150,0.0,0.5963160310110527
2151,0.0,-0.17404160482150566
2152,0.0,0.3378562700586709
2153,0.0,0.35457041889762064
2154,2.70805020110221,2.1326888364749474
2155,2.302585092994046,0.700140476806691
2156,0.0,0.22518964455859347
2157,4.795790545596741,5.185434835728328
2158,0.0,0.09566425338806361
2159,3.218875824868201,3.5391305462032463
2160,0.0,0.31939625834485375
2161,0.0,0.7551728503100046
2162,4.5217885770490405,3.6275732944234607
2163,0.6931471805599453,0.7622918295094001
2164,1.791759469228055,1.1509290344163183
2165,0.0,0.28800516658727027
2166,2.70805020110221,2.6820796743770634
2167,0.0,0.3924677918988997
2168,2.6390573296152584,0.5260791559339373
2169,2.302585092994046,1.3888063524781682
2170,3.6635616461296463,2.6412929430684087
2171,7.400620577371135,6.620694330008604
2172,3.49650756146648,3.481418746829826
2173,1.0986122886681098,1.1082336327587219
2174,0.0,0.4307944161178523
2175,0.6931471805599453,1.7740871059256595
2176,4.770684624465665,5.694056210200042
2177,6.586171654854675,6.898962418156579
2178,0.0,0.2288990274631555
2179,8.258422462458876,8.879161242115508
2180,5.049856007249537,4.796214138354422
2181,0.6931471805599453,0.08821992464980477
2182,0.6931471805599453,0.284031151893545
2183,1.6094379124341005,1.3106965963045916
2184,4.382026634673881,3.94599250528248
2185,3.912023005428146,3.2869273243589507
2186,4.204692619390966,4.2766945262538485
2187,6.322565239927284,6.537835536874773
2188,2.833213344056216,2.796614602186953
2189,0.0,-0.6988230730262126
2190,3.871201010907891,4.634833456019745
2191,0.0,1.303879103475154
2192,3.218875824868201,2.9700145843882213
2193,2.772588722239781,3.289600890647475
2194,1.6094379124341005,-0.22273987532742323
2195,2.70805020110221,2.4439036289197196
2196,4.174387269895637,1.510004902516449
2197,2.70805020110221,1.919527974100142
2198,3.367295829986474,3.0314517153914933
2199,0.6931471805599453,0.6405459390492223
2200,3.713572066704308,3.5145882765669656
2201,0.0,0.46110504756277826
2202,5.220355825078324,5.143029143247768
2203,1.0986122886681098,0.27026663134856754
2204,1.6094379124341005,1.3717317963942894
2205,2.079441541679836,1.8650998981039812
2206,0.0,0.6452555317997433
2207,0.0,0.4091705809906965
2208,8.108021221376747,7.929860134615474
2209,0.0,0.4132085398620686
2210,7.303843225277705,5.035595167287715
2211,0.0,2.1092800161185625
2212,0.0,0.04716300029157683
2213,1.0986122886681098,1.6445318466708083
2214,4.219507705176107,3.4201546094450563
2215,0.0,0.4716674304336914
2216,7.126087273299125,7.285119494753151
2217,0.0,-0.4825000881552297
2218,9.169976605786628,9.316572685208167
2219,5.501258210544727,5.3206485735560705
2220,1.791759469228055,2.1616465806478953
2221,1.0986122886681098,0.7816557316151322
2222,6.9167150203536085,6.793715616791322
2223,3.610917912644224,4.002838378641032
2224,3.1780538303479458,2.7745810156483333
2225,1.791759469228055,1.770981492670322
2226,1.0986122886681098,1.6958284881462622
2227,0.6931471805599453,0.4843029175782183
2228,3.912023005428146,4.048052993678658
2229,0.0,0.4217203272361074
2230,5.799092654460526,6.050220978014178
2231,5.968707559985366,7.114000582295313
2232,0.0,0.5020741430938598
2233,3.713572066704308,3.525694098431103
2234,0.0,0.23707378023887626
2235,3.1354942159291497,0.9419752231793077
2236,0.0,-0.15030496588766518
2237,3.4657359027997265,3.218622517269342
2238,0.0,0.5552316377666038
2239,0.0,0.30775720933129636
2240,5.159055299214529,4.135850388259267
2241,3.332204510175204,1.0940139566527534
2242,6.401917196727186,6.495369952533052
2243,4.3694478524670215,4.189413153510835
2244,5.1298987149230735,5.00426251714579
2245,2.9444389791664403,2.837369710094453
2246,3.713572066704308,4.085158285404216
2247,1.6094379124341005,0.9533844767691932
2248,4.605170185988092,4.067135331758542
2249,4.127134385045092,4.442288872886399
2250,5.955837369464831,6.649415714027765
2251,0.0,0.48974728990216265
2252,2.3978952727983707,3.2992811449429507
2253,5.583496308781699,4.169348733392363
2254,0.0,0.5692904830088086
2255,2.9444389791664403,1.613280086322796
2256,5.891644211825772,5.03355013840038
2257,5.730099782973574,6.224391452400979
2258,0.0,-0.1836088458653946
2259,0.0,0.7219521477650823
2260,6.968850378341948,7.322138306975783
2261,0.0,0.8301324754069865
2262,0.0,0.4737033073002044
2263,2.079441541679836,2.820029336872
2264,1.9459101490553128,1.3453506223960119
2265,1.6094379124341005,1.065286783941377
2266,0.0,0.08331864313632487
2267,0.0,-0.24478903419961373
2268,2.19722457733622,1.456862628379585
2269,2.4849066497880004,1.7155623655094723
2270,8.546169299652755,5.033767138352655
2271,3.4657359027997265,3.701950552726811
2272,4.158883083359672,4.19864029043112
2273,0.0,0.5173347203264007
2274,4.499809670330265,3.9094962217000626
2275,4.418840607796598,3.46462118800185
2276,0.0,0.7660040860222408
2277,3.5263605246161616,3.32461325069079
2278,7.047517221357296,7.398961506882603
2279,1.3862943611198906,1.3539059346265652
2280,3.6635616461296463,2.604043902956569
2281,0.0,0.15720896823194597
2282,2.995732273553991,3.35415369839074
2283,2.3978952727983707,1.7323343142781655
2284,0.0,0.44282688230885436
2285,1.3862943611198906,0.43316372485877075
2286,1.0986122886681098,1.1988161975627087
2287,0.6931471805599453,0.8961126295506621
2288,6.068425588244111,5.800440360193665
2289,1.791759469228055,1.2854349519786252
2290,0.0,1.205198563554213
2291,2.772588722239781,1.3359031202574
2292,5.905361848054571,3.8395160684694227
2293,5.41164605185504,5.448640506249701
2294,5.579729825986222,4.33506682048934
2295,4.406719247264253,3.06690113538024
2296,7.504942068396171,8.291934796816335
2297,0.0,0.750271926876604
2298,1.3862943611198906,2.420485674316071
2299,0.0,0.5796575303928284
2300,5.3981627015177525,4.322083595652559
2301,2.772588722239781,2.7981729575174707
2302,3.784189633918261,2.5575088538682262
2303,5.541263545158426,6.471884170346699
2304,7.018401799069201,7.121344531708893
2305,0.0,1.0594079253441242
2306,4.060443010546419,3.564106023404939
2307,0.0,0.9772838797913803
2308,3.49650756146648,2.557556267105639
2309,0.0,0.33634253338690323
2310,1.6094379124341005,2.1136475095271394
2311,3.091042453358316,3.3372252969633056
2312,3.218875824868201,1.7347963958231416
2313,0.6931471805599453,0.43522316214852097
2314,0.0,-0.0673056443155482
2315,2.302585092994046,2.4516311347128936
2316,5.10594547390058,5.4365793266489355
2317,4.31748811353631,4.963362300701363
2318,9.169976605786628,8.714237503415525
2319,0.6931471805599453,0.9872706002927094
2320,0.6931471805599453,0.5468180415605282
2321,0.0,0.023936595103288383
2322,4.532599493153256,4.302914246814718
2323,0.0,0.18927315844268167
2324,0.0,0.24635077387460846
2325,7.768110378525988,8.519024539963466
2326,0.0,1.1216455364855178
2327,0.0,0.4132531309073959
2328,0.0,0.4716674304336914
2329,2.079441541679836,1.4955420633064744
2330,0.0,0.25422057015776023
2331,0.0,0.39851644354815985
2332,2.079441541679836,0.781390091446019
2333,0.0,0.29063674712426035
2334,0.0,1.3106003962192654
2335,0.0,0.4744357501444749
2336,0.6931471805599453,1.153939917613797
2337,1.0986122886681098,0.6724116165524399
2338,0.6931471805599453,0.06139679313303903
2339,9.169976605786628,8.61780810205801
2340,0.0,0.7323561014509421
2341,0.0,0.9402334983333989
2342,0.0,-0.29400861812282253
2343,0.0,0.39439802631702126
2344,0.6931471805599453,0.7011773793421379
2345,0.0,0.2854301307026166
2346,0.0,0.42322595771816385
2347,0.6931471805599453,0.6591472869333252
2348,2.3978952727983707,1.2936603528505264
2349,1.3862943611198906,0.5753008349810551
2350,0.0,0.17044212840934359
2351,2.079441541679836,1.73779076807125
2352,4.8283137373023015,5.4136545793253825
2353,8.178358165605836,7.649449321768447
2354,3.044522437723423,3.7473146906606587
2355,0.0,-0.3240890679765309
2356,4.02535169073515,4.300159025784734
2357,4.343805421853684,4.340504763642968
2358,0.0,0.4062304235611949
2359,6.309918278226516,6.049601783168567
2360,0.6931471805599453,0.2573708984007328
2361,3.091042453358316,3.212621999715157
2362,0.0,-0.12783232233107578
2363,2.5649493574615367,2.7079332978197947
2364,3.4657359027997265,3.6759875671195754
2365,0.0,0.44864884337865796
2366,0.0,0.20548114507049053
2367,1.0986122886681098,1.8447384629961743
2368,0.6931471805599453,1.8543885827549145
2369,4.718498871295094,4.6212257426157475
2370,2.70805020110221,2.9199446198973744
2371,1.0986122886681098,1.1600487692375059
2372,1.791759469228055,1.4750379599216148
2373,3.80666248977032,3.7687333589020593
2374,0.6931471805599453,1.1069613296469738
2375,0.0,0.8444915671431921
2376,0.6931471805599453,0.2725160239314208
2377,2.5649493574615367,2.7586390459165013
2378,0.6931471805599453,1.8677837981611274
2379,1.9459101490553128,0.8940219848743509
2380,0.0,-0.3474745121400802
2381,0.6931471805599453,0.31110805528995034
2382,0.0,0.06505981660497717
2383,0.0,0.42357295099489045
2384,2.70805020110221,3.5917715736843485
2385,0.0,0.1882107921134124
2386,6.025865973825314,6.358391778009884
2387,0.0,0.49488997362716236
2388,4.8283137373023015,4.326375630259892
2389,1.0986122886681098,1.758626010536943
2390,4.465908118654584,4.661177358271648
2391,5.572154032177765,5.98508815902137
2392,3.218875824868201,3.1770630316090935
2393,4.248495242049359,3.6341944368741927
2394,3.218875824868201,2.8604287090227776
2395,1.0986122886681098,1.7061626847890186
2396,0.0,0.5731405565105971
2397,0.0,0.19104400389127818
2398,0.0,0.20217724217283406
2399,6.57507584059962,4.7082420674297705
2400,3.784189633918261,3.8276666272347883
2401,0.0,1.3421829214784284
2402,0.0,0.552691766837389
2403,0.6931471805599453,0.43964327520480895
2404,3.688879454113936,3.5787417008879494
2405,2.302585092994046,2.06842045995639
2406,0.6931471805599453,0.23375360255327537
2407,0.0,0.7984011340961727
2408,0.0,0.4057534179321689
2409,4.07753744390572,3.95130469345768
2410,0.0,0.5540090674807938
2411,2.4849066497880004,2.3563062384394513
2412,4.04305126783455,4.572694208988879
2413,3.332204510175204,3.6331472500660067
2414,3.258096538021482,3.1489279402145423
2415,0.0,0.7588181051174181
2416,0.0,-0.22847627436573603
2417,0.0,0.39410440417883574
2418,0.0,0.5510116793313946
2419,5.765191102784844,5.3778241810453355
2420,6.084499413075172,6.531165440635206
2421,4.795790545596741,4.484798641714766
2422,2.302585092994046,1.9155169019003244
2423,7.305188215393037,7.828736617569753
2424,3.49650756146648,2.6184095622209327
2425,0.0,0.24047814400303213
2426,0.0,0.1421089032097762
2427,0.6931471805599453,0.7808041491545701
2428,2.4849066497880004,3.09286510375063
2429,0.0,0.16708240840563748
2430,3.713572066704308,3.4464234809574776
2431,5.303304908059076,5.619257007874973
2432,0.0,0.20942253417372036
2433,0.0,0.35378195661761036
2434,1.6094379124341005,2.324982824125731
2435,3.555348061489413,3.095794804926692
2436,0.0,0.3079455769612136
2437,6.025865973825314,5.6832227374783635
2438,0.0,0.011399428260583822
2439,5.926926025970411,5.964450547103058
2440,1.791759469228055,2.1764402875927398
2441,2.6390573296152584,3.0228654373709842
2442,0.6931471805599453,1.2279040918429633
2443,4.060443010546419,4.330702839458517
2444,5.3706380281276624,5.485386947204658
2445,3.044522437723423,2.3878353732855775
2446,2.19722457733622,3.3838292225574884
2447,1.3862943611198906,1.5191336685715269
2448,0.6931471805599453,0.7366533529671002
2449,4.727387818712341,3.881971224160237
2450,2.3978952727983707,1.0099545234672522
2451,1.0986122886681098,1.4980477105320618
2452,0.0,0.2099615331300302
2453,0.6931471805599453,0.7211915970098857
2454,0.0,0.6794636724782226
2455,1.0986122886681098,1.9030132719755652
2456,8.458504195067558,8.107468886756212
2457,1.3862943611198906,2.2070011035370833
2458,5.634789603169249,5.88246033869025
2459,0.0,-0.7871440114709722
2460,0.0,0.011347912769185342
2461,1.3862943611198906,1.2505637458161418
2462,2.302585092994046,1.3030437949735747
2463,0.0,0.8349998790204485
2464,2.19722457733622,2.388083329473174
2465,0.0,-0.38300745459173635
2466,4.465908118654584,4.323594904398355
2467,0.0,0.7958297353453796
2468,0.0,0.6344941233020049
2469,2.772588722239781,1.4702516368034713
2470,3.8501476017100575,3.8053240663651056
2471,2.302585092994046,2.7027255155744414
2472,1.6094379124341005,2.1582744658305044
2473,1.3862943611198906,0.7469086647417211
2474,3.044522437723423,3.082516353033163
2475,1.0986122886681098,1.0334013202066399
2476,1.0986122886681098,-0.035366577456958925
2477,0.0,0.01193208424355996
2478,4.0943445622221,4.120687493722574
2479,3.295836866004329,2.606461656000291
2480,1.0986122886681098,0.7245350769977899
2481,1.791759469228055,1.2359248491539858
2482,1.791759469228055,0.5444586121840294
2483,0.0,0.6060748020021678
2484,2.833213344056216,2.036038885568883
2485,4.74493212836325,4.221373559973687
2486,3.6635616461296463,3.0935474065422612
2487,0.0,1.1103457375304
2488,0.0,0.8385672109595173
2489,4.605170185988092,2.7615326624396754
2490,0.0,1.4233835076459957
2491,5.746203190540153,6.2957440178419475
2492,0.0,-0.39016077690556283
2493,6.946013991099227,7.831158411923239
2494,0.0,0.6313539014629579
2495,0.0,-0.2682684488100162
2496,3.367295829986474,2.705876299568494
2497,1.9459101490553128,1.6952692683008186
2498,1.3862943611198906,2.673805805336436
2499,6.093569770045136,6.254069052790539
2500,8.621733370690162,7.145923436793593
2501,1.791759469228055,1.9242501636804663
2502,0.0,0.3810227794367431
2503,3.4011973816621555,3.2423301202894628
2504,0.6931471805599453,0.6411181587555317
2505,0.6931471805599453,0.07148409316337112
2506,0.6931471805599453,0.7718616811632684
2507,4.23410650459726,4.663758878370595
2508,0.0,0.2342849703288259
2509,0.0,0.8069774108661079
2510,1.0986122886681098,1.1490756765022467
2511,4.709530201312334,2.980824534067288
2512,0.0,1.002205297354123
2513,4.564348191467836,4.3284321081850035
2514,1.3862943611198906,2.1128158199327642
2515,0.6931471805599453,0.0672270916144444
2516,0.6931471805599453,0.27133527385175293
2517,3.8918202981106265,3.634888082442351
2518,4.343805421853684,3.2674082664741038
2519,1.6094379124341005,1.4127232843253341
2520,0.0,0.18565413192471825
2521,0.0,-0.2872570968096624
2522,0.0,0.5722690662225567
2523,0.0,0.4756278907658156
2524,3.258096538021482,3.509562058452841
2525,0.0,0.05110297356457272
2526,0.0,0.6688491577264923
2527,2.6390573296152584,0.8130347865301515
2528,2.9444389791664403,2.9228116351062354
2529,0.0,0.7345103534593489
2530,3.1354942159291497,3.2127687404268723
2531,5.497168225293202,5.173323549769883
2532,4.770684624465665,3.76005412140791
2533,0.0,-0.17779929293521457
2534,0.6931471805599453,0.8813251930786115
2535,1.6094379124341005,1.3406888469797655
2536,5.849324779946859,5.889867788297644
2537,0.0,1.0556842539011062
2538,6.421622267806518,6.826417774811584
2539,0.0,0.6425435365006089
2540,0.0,0.32594292210221254
2541,1.0986122886681098,0.22631926752809584
2542,0.0,0.28676432368387594
2543,0.0,0.38046294076956766
2544,2.5649493574615367,2.6852184678232223
2545,1.3862943611198906,2.011127313961098
2546,0.0,-0.16309730221317942
2547,0.0,-0.01876358550662216
2548,0.0,0.8553488398938003
2549,0.0,0.6902267233492569
2550,8.025516386489008,8.296205741849459
2551,0.0,0.41031096394560773
2552,0.6931471805599453,0.7452134295194281
2553,0.0,1.0108316936298647
2554,1.6094379124341005,1.9123833045733285
2555,4.48863636973214,5.920704207707962
2556,3.5263605246161616,3.7162756287253966
2557,0.0,0.32579545327103787
2558,0.0,0.6977912182293893
2559,5.752572638825633,4.945356624497926
2560,3.737669618283368,3.930690097424799
2561,0.0,0.20521231581676247
2562,2.302585092994046,1.3900200426181701
2563,2.772588722239781,2.391291484499294
2564,4.74493212836325,4.943170186488476
2565,3.610917912644224,3.224600200321288
2566,0.0,0.5181447909640338
2567,5.5909869805108565,6.155224722169564
2568,0.6931471805599453,1.1203307943103038
2569,1.0986122886681098,0.5697251107249546
2570,2.5649493574615367,2.7002797969106584
2571,0.0,-0.28670169560246217
2572,1.0986122886681098,0.5092655119954776
2573,3.8918202981106265,3.2272704606737737
2574,6.895682697747868,8.268729179977004
2575,2.772588722239781,3.577610060923903
2576,1.6094379124341005,1.4824246782110007
2577,0.0,0.4805998776556444
2578,3.258096538021482,3.380568823892646
2579,0.0,0.30541757302016626
2580,1.3862943611198906,0.6348895219533726
2581,1.3862943611198906,0.5773715564685846
2582,0.6931471805599453,0.996835893284099
2583,0.0,0.9465116211166198
2584,4.6443908991413725,4.570123169199032
2585,6.827629234502852,6.55969085614572
2586,2.19722457733622,2.572427444118884
2587,4.976733742420574,4.623416498438985
2588,2.079441541679836,2.2209205471768367
2589,0.6931471805599453,1.094600356773982
2590,4.574710978503383,4.848000050192504
2591,1.0986122886681098,1.081536938716867
2592,3.295836866004329,3.151454335170795
2593,0.6931471805599453,0.05343695145746752
2594,4.867534450455582,5.026259954822773
2595,0.0,0.31985533213418327
2596,0.6931471805599453,1.6738654383116849
2597,4.127134385045092,4.384829159202266
2598,0.0,0.5486417387549438
2599,1.9459101490553128,0.5300141897184301
2600,0.0,-0.05158501822886663
2601,4.23410650459726,4.084416146595283
2602,0.0,0.7958297353453796
2603,0.0,0.2956947422448679
2604,0.0,0.3722338179851552
2605,3.49650756146648,2.414511924820894
2606,0.6931471805599453,0.46813438745640434
2607,1.791759469228055,2.694612214707493
2608,0.0,-0.3001754597922459
2609,0.0,0.5658746897173488
2610,0.6931471805599453,0.6207176299258981
2611,0.6931471805599453,0.7860659786742998
2612,4.262679877041316,4.175862291290209
2613,0.0,-0.16374296906154928
2614,7.267525427828172,7.585768070790851
2615,4.30406509320417,4.063641619985331
2616,0.0,0.19440188289710258
2617,2.70805020110221,2.3841889166613606
2618,0.0,1.3340872992646755
2619,0.0,0.24317083700357323
2620,4.07753744390572,4.529125778877618
2621,0.0,0.20975353658961993
2622,0.0,-0.08061755603800203
2623,0.6931471805599453,0.92003441533156
2624,0.0,0.12112625536321264
2625,0.0,0.4093833709196819
2626,2.4849066497880004,2.7644824401035377
2627,0.0,0.010926010719961354
2628,2.6390573296152584,2.1930328138976045
2629,4.836281906951478,4.9190167362691914
2630,3.610917912644224,2.521417520188548
2631,3.091042453358316,1.4589150620855857
2632,9.169976605786628,8.97664462656617
2633,0.6931471805599453,-0.0256032784846858
2634,3.951243718581428,4.585510712492834
2635,2.6390573296152584,2.4011237326673047
2636,0.0,-0.07443841121126926
2637,0.0,0.6959247092716967
2638,3.555348061489413,3.1759106504363306
2639,0.0,0.47489104665384363
2640,0.0,-0.4342906716369175
2641,0.0,1.002205297354123
2642,0.0,0.193567882584464
2643,2.9444389791664403,0.6988227924102457
2644,7.389563953677635,6.936495396910462
2645,0.6931471805599453,1.3658548526108922
2646,4.882801922586371,4.970736248850484
2647,6.269096283706261,5.97493793480212
2648,5.062595033026967,4.754873389665646
2649,2.3978952727983707,0.9308483757551618
2650,5.5093883366279774,5.9272662551777895
2651,0.0,0.21474251983607973
2652,7.463936604468925,5.9819985749590465
2653,3.218875824868201,2.75999937741094
2654,6.144185634125646,6.175669829172085
2655,6.678342114654332,7.093766089150196
2656,7.704811922932594,7.8603226826702555
2657,1.0986122886681098,0.8181583348224171
2658,3.49650756146648,5.064994647667459
2659,0.0,0.2397138287244731
2660,0.0,0.6195271368339463
2661,0.0,0.9424887077563817
2662,0.0,0.9260153811109606
2663,2.70805020110221,3.500614014362892
2664,2.19722457733622,0.5962414451102183
2665,1.6094379124341005,2.1422445091049847
2666,5.529429087511423,4.637877795724873
2667,5.891644211825772,6.22400377278786
2668,2.772588722239781,2.1563829162873005
2669,0.0,0.5132039091752616
2670,3.4011973816621555,3.787563362731452
2671,1.9459101490553128,2.6655031253284687
2672,0.0,0.26502533520114246
2673,3.218875824868201,2.9162143255400927
2674,4.8283137373023015,4.0237436579578425
2675,0.6931471805599453,0.6132508904147975
2676,0.0,0.39563968989137077
2677,6.118097198041348,6.35300890191897
2678,2.6390573296152584,2.4646739915837257
2679,4.875197323201151,4.653310517196825
2680,2.302585092994046,2.8683180713181415
2681,1.791759469228055,2.004879294209621
2682,5.525452939131784,3.800921859285947
2683,0.6931471805599453,0.18188743148807118
2684,2.19722457733622,2.153128714607329
2685,0.0,0.6332068855621262
2686,3.9889840465642745,2.00707214823682
2687,2.995732273553991,2.9564981760321127
2688,0.0,0.59453089044023
2689,2.302585092994046,1.3473693681771648
2690,0.6931471805599453,0.8655243102332806
2691,2.70805020110221,2.8034583830425777
2692,1.9459101490553128,1.7315858528441468
2693,0.0,0.33408381959284217
2694,0.0,0.7457032390663099
2695,0.0,-0.2041666118003449
2696,0.6931471805599453,0.6960408492769834
2697,0.6931471805599453,0.9333543475155937
2698,2.70805020110221,2.523468312103065
2699,0.0,0.60986221483218
2700,0.0,0.1858214987235467
2701,2.772588722239781,3.5404429812050005
2702,0.0,0.704139883446947
2703,0.0,0.2122392398378472
2704,9.169976605786628,5.544970210584815
2705,2.772588722239781,3.3986927244210494
2706,7.076653815443951,7.631498731044259
2707,0.0,-0.6278235986943299
2708,4.574710978503383,4.128779145959016
2709,2.70805020110221,1.861001543233989
2710,2.5649493574615367,2.831449761286124
2711,5.298317366548036,5.307092758245319
2712,3.8918202981106265,3.5836099380616426
2713,5.0238805208462765,5.1930204459572415
2714,4.574710978503383,3.7601637548301983
2715,2.079441541679836,1.5637714214194187
2716,3.49650756146648,3.1375566959578496
2717,1.3862943611198906,1.8907088189759311
2718,0.0,-0.22325302263329272
2719,0.0,1.0291680487901027
2720,0.0,0.5082629326132881
2721,6.230481447578482,6.4085150537826285
2722,9.169976605786628,6.068356947179433
2723,6.249975242259483,6.990297421323912
2724,0.0,0.31081801267978326
2725,1.3862943611198906,1.334024703106343
2726,0.0,0.11780078508980019
2727,0.6931471805599453,0.36338878994376045
2728,5.0369526024136295,4.919440100638967
2729,2.19722457733622,0.7416521292315292
2730,2.5649493574615367,1.3954031503935123
2731,0.6931471805599453,0.1794427229908302
2732,1.0986122886681098,2.364666445660274
2733,5.365976015021851,6.301093453236723
2734,0.0,0.666240261650896
2735,0.6931471805599453,1.0999669264966578
2736,0.6931471805599453,0.7737717925511831
2737,7.2875606403097235,8.352029299250859
2738,0.6931471805599453,0.7164847076794745
2739,2.4849066497880004,3.0094430496221833
2740,1.6094379124341005,0.9056797435532207
2741,2.19722457733622,0.9740688035055456
2742,2.079441541679836,1.7611670711641316
2743,4.532599493153256,4.403582376946611
2744,3.091042453358316,2.9052098311118115
2745,6.311734809152915,6.484669931910886
2746,6.013715156042802,5.751082788907748
2747,2.6390573296152584,3.2887073846628296
2748,3.1780538303479458,2.4754055375972674
2749,3.4657359027997265,3.865889030220897
2750,5.308267697401205,5.398481376305999
2751,3.8918202981106265,4.019800925010376
2752,0.0,0.05141731395312066
2753,1.9459101490553128,0.7929979131323748
2754,0.0,0.534622508386063
2755,6.2166061010848646,6.8628605526924344
2756,2.70805020110221,2.334875193730701
2757,0.0,-0.2125080982984313
2758,0.0,-0.14514635409501953
2759,0.0,1.598547399929407
2760,0.0,0.4063095374273913
2761,3.367295829986474,2.5007774713657076
2762,0.0,0.07024174868643307
2763,2.4849066497880004,2.3515163025761456
2764,2.70805020110221,2.543604703143816
2765,3.091042453358316,4.611057832261224
2766,3.951243718581428,4.196044183152731
2767,2.3978952727983707,2.0873056206454663
2768,0.0,0.7333880449879808
2769,0.0,0.7601520043479135
2770,2.079441541679836,1.02454914739826
2771,4.983606621708336,4.668760943486783
2772,3.367295829986474,2.3228816045881984
2773,6.300785794663244,7.996127171005113
2774,0.6931471805599453,0.6189475107869766
2775,3.6375861597263857,1.445495178378907
2776,3.044522437723423,2.8332848281849516
2777,1.3862943611198906,0.8350269073808112
2778,0.0,0.09360335674537357
2779,6.190315405853148,5.897110340986705
2780,2.19722457733622,2.894355682330675
2781,2.302585092994046,2.4929320265246515
2782,2.302585092994046,2.1068238190233415
2783,2.19722457733622,2.687015663317772
2784,5.043425116919247,5.569836296188152
2785,0.0,0.7979431295041943
2786,4.962844630259907,3.965631367808026
2787,0.0,-0.1714195813384496
2788,0.6931471805599453,0.6233108327032477
2789,5.697093486505405,5.790442917137948
2790,6.670766320845874,4.7717970062034
2791,0.0,0.794997124091098
2792,1.6094379124341005,1.3189105881442438
2793,9.169976605786628,6.923856050128749
2794,2.302585092994046,3.1166482800038353
2795,2.5649493574615367,1.1591651540096306
2796,3.367295829986474,3.3910681262888556
2797,1.0986122886681098,0.406521610105824
2798,0.0,1.013931639673711
2799,0.0,0.22779321911861805
2800,0.0,0.18080327675247476
2801,0.0,0.2192252040654088
2802,0.0,0.8171311222564746
2803,4.934473933130692,4.857458522181997
2804,0.6931471805599453,0.6823122377375117
2805,0.6931471805599453,0.709955449678586
2806,0.0,-0.16006989195200294
2807,0.0,0.6521044451970337
2808,5.3706380281276624,4.564410222851339
2809,2.079441541679836,2.330033043580922
2810,4.174387269895637,3.4863907264436653
2811,2.302585092994046,2.1506466768748855
2812,3.713572066704308,3.524744641419936
2813,3.218875824868201,3.022905368664496
2814,0.6931471805599453,0.9394607701059987
2815,1.3862943611198906,1.4148259970113364
2816,1.0986122886681098,0.5009889152805169
2817,4.948759890378168,4.505816946138431
2818,0.6931471805599453,0.2227165010732577
2819,4.204692619390966,3.8150605260088044
2820,7.302496423727326,7.629859550857771
2821,3.1354942159291497,4.189299397798564
2822,5.209486152841421,6.142824727337326
2823,0.0,0.6604671464867766
2824,0.6931471805599453,0.8978410406552444
2825,0.0,0.3345532402828444
2826,0.0,0.3801878137238415
2827,0.0,0.22568332958417603
2828,0.0,0.5819618915139959
2829,1.6094379124341005,1.9084737305748816
2830,1.0986122886681098,0.4421369999502689
2831,0.6931471805599453,1.4316484201643167
2832,2.8903717578961645,2.6509114064308723
2833,1.3862943611198906,1.9653710083888218
2834,0.0,0.6668520958886632
2835,4.23410650459726,5.171017868134791
2836,0.0,0.7939053963205949
2837,3.4339872044851463,3.5964150241069652
2838,2.079441541679836,1.3513616754998121
2839,0.6931471805599453,1.4382899823677833
2840,2.70805020110221,1.5386726319707371
2841,0.0,0.6782023547638993
2842,1.3862943611198906,0.8393684919243674
2843,2.772588722239781,2.7956621985067955
2844,0.6931471805599453,0.4733749662351108
2845,3.555348061489413,3.3189711982591295
2846,5.049856007249537,4.447504393369108
2847,2.6390573296152584,2.5058206525794557
2848,0.0,0.9969001262348829
2849,8.53346016388011,4.356084814916885
2850,1.6094379124341005,1.0900230059825586
2851,3.9318256327243257,4.00651171446383
2852,2.6390573296152584,1.9963452178336092
2853,0.0,-0.03303790447329513
2854,2.5649493574615367,2.4544883324326463
2855,2.70805020110221,3.141916831600215
2856,1.0986122886681098,0.88614830311385
2857,2.772588722239781,1.3517616206465108
2858,2.079441541679836,2.230770351599972
2859,0.0,0.4922795814261147
2860,0.6931471805599453,0.9097988446192069
2861,4.941642422609304,4.772016776958182
2862,0.0,-0.26670981555238793
2863,0.6931471805599453,0.4360609607097352
2864,0.6931471805599453,0.8000048446846144
2865,1.0986122886681098,0.5191480749351374
2866,4.477336814478207,4.537033237059517
2867,1.791759469228055,1.2023303992447105
2868,0.0,0.6297729480295342
2869,4.574710978503383,5.038853922290816
2870,3.367295829986474,3.5740097042778727
2871,4.61512051684126,4.928728579208508
2872,3.091042453358316,1.9825744881913057
2873,3.6375861597263857,3.8665520236676683
2874,4.691347882229144,4.566275036531254
2875,3.8918202981106265,4.104506532181941
2876,0.6931471805599453,0.8567671428520698
2877,3.295836866004329,2.228698187528678
2878,2.6390573296152584,2.985228040523126
2879,2.5649493574615367,2.492004469347064
2880,2.833213344056216,1.683842904713615
2881,0.6931471805599453,0.7991397830625537
2882,5.814130531825066,4.9094886620874885
2883,6.532334292222349,6.737374237778551
2884,5.332718793265369,4.541978938090212
2885,0.0,0.9270858128619428
2886,0.0,0.030005359930335818
2887,0.6931471805599453,0.9704126664937858
2888,0.0,0.3844405298650919
2889,1.6094379124341005,1.0296874971120633
2890,0.0,0.1843276054835914
2891,3.80666248977032,3.2860234734107303
2892,1.0986122886681098,1.0456401988354087
2893,0.0,0.38751821107765694
2894,0.0,0.41803714994407026
2895,2.3978952727983707,1.3280926911654203
2896,0.0,0.4362837115633562
2897,0.0,0.7405033063293958
2898,3.4339872044851463,3.3396679520805277
2899,2.6390573296152584,2.795842826944658
2900,0.0,0.6428034541236205
2901,1.3862943611198906,1.2087790277890298
2902,0.0,0.25793444238399665
2903,9.169976605786628,4.46985227211408
2904,1.3862943611198906,0.6735218465791386
2905,4.406719247264253,4.140432243671755
2906,0.0,0.1744902868918219
2907,2.6390573296152584,1.8794958476139394
2908,0.0,-0.11841183192143623
2909,0.0,0.5114219025230722
2910,0.6931471805599453,2.5467917710404087
2911,0.6931471805599453,0.6440517183640933
2912,3.1780538303479458,3.127052522285264
2913,6.595780513961311,6.087260223493294
2914,2.5649493574615367,2.471512227324478
2915,2.19722457733622,2.9336173809751993
2916,3.4011973816621555,2.8824378127182246
2917,2.079441541679836,1.675054028157073
2918,0.0,0.1099013524243726
2919,3.1354942159291497,1.1135690178179907
2920,0.0,2.0082609426588074
2921,5.1647859739235145,5.18673283723608
2922,0.0,0.7369430609766425
2923,1.3862943611198906,0.5812271030210896
2924,0.0,0.5412941117372676
2925,6.1224928095143865,6.342961414815197
2926,4.07753744390572,3.4023070966271316
2927,0.6931471805599453,0.1822852192644313
2928,0.0,0.5323110071055455
2929,0.0,0.7827569909699104
2930,6.884486652042782,5.659420443336157
2931,4.04305126783455,4.6218085674387765
2932,0.6931471805599453,0.3492013908110778
2933,3.258096538021482,3.838131214392612
2934,4.0943445622221,3.693440241392441
2935,0.0,0.9739218409146995
2936,2.5649493574615367,2.6119279653512897
2937,4.709530201312334,3.8525663914350705
2938,7.934513463882263,8.692008640577328
2939,0.6931471805599453,0.465912024217662
2940,0.0,0.2668980302646582
2941,4.23410650459726,4.200409134593958
2942,2.833213344056216,2.741855765291948
2943,3.912023005428146,4.137991546420865
2944,3.367295829986474,3.716145925966851
2945,1.9459101490553128,0.7150895660515142
2946,0.0,0.5402382342999346
2947,7.659171367666058,7.721649659063846
2948,3.4011973816621555,4.043518638040964
2949,0.0,0.40736030264648115
2950,0.6931471805599453,0.43376273606846416
2951,1.3862943611198906,0.8806816188565738
2952,2.079441541679836,1.9604615236470355
2953,1.0986122886681098,1.2983867803665508
2954,4.663439094112067,4.344657385429366
2955,0.0,0.8333539710127567
2956,3.8501476017100575,3.946471418180881
2957,3.4657359027997265,3.217720724676846
2958,0.0,0.8386520234622219
2959,2.5649493574615367,2.7876789689352535
2960,0.0,0.24764399971620144
2961,4.060443010546419,3.7644736455130188
2962,1.0986122886681098,0.6442787504752241
2963,3.4657359027997265,2.875574901537016
2964,0.0,0.9221900454904355
2965,0.0,0.4077127595217451
2966,0.0,0.15878536969232693
2967,2.19722457733622,1.2314386776100923
2968,2.70805020110221,2.269053470874104
2969,3.951243718581428,3.0564859791928884
2970,5.438079308923196,5.122469252782578
2971,0.0,0.4853911824084245
2972,3.044522437723423,2.872831583910122
2973,4.382026634673881,4.231143410444816
2974,0.6931471805599453,1.5014096043677845
2975,0.0,0.1645763077734661
2976,4.574710978503383,4.078258014592066
2977,0.0,0.1814073710752102
2978,0.0,0.7446518347309543
2979,0.0,0.22133497678644343
2980,0.0,0.022749777757784972
2981,0.0,0.7796133233195841
2982,5.676753802268282,4.948178351557019
2983,4.0943445622221,4.338927729958497
2984,3.58351893845611,3.844219062566462
2985,3.367295829986474,3.194492645791003
2986,0.0,0.6142460191867998
2987,0.6931471805599453,0.38971200906173475
2988,0.0,1.7011492125334624
2989,0.0,0.6599742474328749
2990,2.19722457733622,2.1753096213973326
2991,0.0,-0.03343243547785857
2992,4.143134726391533,4.879618384198077
2993,0.0,0.7452095471952798
2994,3.4011973816621555,3.7807772840840657
2995,0.0,0.6305264360489842
2996,4.23410650459726,4.534228543053447
2997,2.079441541679836,1.791812431443038
2998,1.9459101490553128,1.73514770215015
2999,3.367295829986474,3.200131514267948
3000,0.0,0.006052983712575344
3001,0.0,0.28282031058954216
3002,0.0,0.6904004007062181
3003,0.0,0.62004236880812
3004,3.258096538021482,1.547384700410607
3005,0.0,0.9829576047542272
3006,0.0,0.11058570439929216
3007,3.1780538303479458,3.184550930430659
3008,3.5263605246161616,2.661737045017877
3009,6.79794041297493,6.67437185693798
3010,6.131226489483141,5.244687766651612
3011,9.169976605786628,9.161480995658918
3012,3.49650756146648,3.208409674587674
3013,4.584967478670572,4.175800619073796
3014,2.079441541679836,2.414440430739079
3015,0.6931471805599453,0.8932359725428114
3016,0.0,0.1749037257072965
3017,5.298317366548036,6.268367606103656
3018,0.0,-0.3103154118956688
3019,2.19722457733622,2.1714235596232454
3020,0.6931471805599453,1.4477971260869282
3021,3.7612001156935615,3.849782397602868
3022,0.0,0.565924062952919
3023,4.02535169073515,3.369115735991402
3024,1.0986122886681098,1.7947686462024288
3025,2.5649493574615367,2.4189951542828005
3026,0.0,0.412636553116545
3027,4.8283137373023015,4.8107605943240195
3028,0.0,-2.030966219367218
3029,0.0,0.182816225825015
3030,3.970291913552122,4.029421372021947
3031,0.0,0.35164867190350035
3032,0.0,0.37504925446137927
3033,0.0,-0.17985365363410644
3034,2.9444389791664403,1.3797403188512332
3035,0.0,0.6437732864335626
3036,1.0986122886681098,1.049660679113038
3037,0.0,0.842022312437106
3038,2.833213344056216,2.5215749024821914
3039,8.44741429680832,9.27714785144374
3040,4.990432586778736,5.400031672179766
3041,0.0,0.9452015579469899
3042,3.1780538303479458,3.2276653756537157
3043,3.4339872044851463,3.3427397370451866
3044,0.0,0.6695848975557217
3045,0.0,0.19439593822552448
3046,6.218600119691729,6.458459003230437
3047,2.3978952727983707,2.1372208656208747
3048,6.29156913955832,7.44002706444963
3049,3.218875824868201,3.646609282279324
3050,0.0,0.17883091950783703
3051,0.0,1.0206636588942621
3052,0.0,0.5319464572247186
3053,4.543294782270004,4.762213531913922
3054,0.0,1.0110108802436006
3055,1.6094379124341005,0.64031856272318
3056,1.3862943611198906,0.45356121343145994
3057,8.881558488638976,5.225781662490412
3058,5.262690188904886,5.716609776584864
3059,1.3862943611198906,2.298099575931152
3060,0.0,-0.1884973904660816
3061,0.0,0.48976364235576186
3062,0.6931471805599453,0.25912706187190127
3063,0.6931471805599453,1.6533775713587704
3064,0.0,-0.14693730832595886
3065,7.906915488678587,7.443754118196305
3066,1.0986122886681098,1.1754859831168127
3067,2.079441541679836,1.800833593018314
3068,1.6094379124341005,2.2875505438392323
3069,2.3978952727983707,1.6171412717867262
3070,0.6931471805599453,0.6429552248671346
3071,4.110873864173311,3.311516914442093
3072,0.0,0.7225637647312646
3073,0.6931471805599453,1.1982941550107904
3074,5.332718793265369,5.002126778961108
3075,0.0,-0.023113790693368497
3076,5.236441962829949,5.058972927713345
3077,3.258096538021482,1.2084607012499924
3078,0.0,0.4381023415461207
3079,3.1354942159291497,1.6786952908029034
3080,6.498282149476434,6.588036570396994
3081,3.912023005428146,4.389004042097837
3082,0.0,0.6370295605768883
3083,6.244166900663736,4.658637035685251
3084,5.560681631015528,5.093107141348076
3085,6.416732282512326,6.414273869597125
3086,2.772588722239781,2.5951077319527203
3087,0.0,0.964937245695868
3088,5.41164605185504,5.633916534436843
3089,1.791759469228055,1.1582434516176674
3090,2.079441541679836,1.9754924674353096
3091,1.9459101490553128,2.5139347088514215
3092,2.19722457733622,1.288158612912093
3093,1.0986122886681098,0.6873172120598285
3094,3.555348061489413,3.231627870636407
3095,0.0,0.46738717606213
3096,0.0,0.17083424717975904
3097,3.610917912644224,3.131303683889415
3098,1.3862943611198906,0.8824506590058601
3099,3.7612001156935615,3.048906982485351
3100,1.3862943611198906,1.5120328432797432
3101,0.0,0.5593303303475812
3102,4.110873864173311,4.118605965686957
3103,0.6931471805599453,0.678421287858264
3104,6.102558594613569,6.2106129350644
3105,5.0238805208462765,5.08604160562157
3106,2.079441541679836,0.8660055392528268
3107,1.9459101490553128,2.0902299050062494
3108,0.0,0.006304039767729197
3109,1.6094379124341005,0.451168105787098
3110,0.0,-0.13146690664359584
3111,1.0986122886681098,1.0841918389555294
3112,3.367295829986474,2.9162023803009554
3113,0.0,-0.30037385207451583
3114,3.58351893845611,3.1989789905826314
3115,0.0,0.19765438841821714
3116,0.0,0.5887522009096082
3117,1.0986122886681098,0.7579227214651827
3118,1.9459101490553128,2.3840142459979874
3119,1.0986122886681098,2.611925402198573
3120,2.079441541679836,2.15886026705656
3121,4.04305126783455,3.5502671696667036
3122,0.6931471805599453,0.3687825341207227
3123,1.3862943611198906,1.2968591523898259
3124,1.3862943611198906,0.07141492394382265
3125,0.0,0.08261345800132158
3126,0.0,0.48129721741437015
3127,0.0,0.39431774536862574
3128,1.791759469228055,1.330981666126203
3129,0.0,0.45138818460528474
3130,8.375860015299594,8.50164840550076
3131,1.0986122886681098,1.356940978978972
3132,0.6931471805599453,-0.06018499772071095
3133,0.0,1.0733540137418276
3134,0.0,0.8982159739093409
3135,2.9444389791664403,2.609190479140073
3136,0.0,0.3816277103702268
3137,0.0,0.35126007248092606
3138,0.0,0.3413822473256918
3139,0.0,0.4847102571435715
3140,1.0986122886681098,1.2171342740563598
3141,2.302585092994046,1.379984308547181
3142,0.0,-0.3816077881319222
3143,2.772588722239781,1.848332455651418
3144,3.367295829986474,3.867247765714609
3145,0.0,0.22337918223310194
3146,1.3862943611198906,1.4710350874681675
3147,0.0,-0.1965144010107096
3148,3.555348061489413,2.651505634916964
3149,5.655991810819852,4.973748190247944
3150,0.0,0.2700399763352346
3151,0.0,0.6154520929959575
3152,1.0986122886681098,0.40521478325493265
3153,1.3862943611198906,1.58678191212665
3154,6.419994928147142,6.26963380617188
3155,1.3862943611198906,1.9293779630169965
3156,2.4849066497880004,0.5063936995259934
3157,1.3862943611198906,0.7962092260861249
3158,0.0,0.724942443881013
3159,6.326149473155099,6.404117663681922
3160,1.3862943611198906,0.45067546035928396
3161,0.0,0.5397482074268496
3162,3.044522437723423,2.895579659079921
3163,0.0,0.1835206413321484
3164,2.772588722239781,1.9772618742461496
3165,2.70805020110221,2.696811824918002
3166,5.641907070938114,5.0980593228380275
3167,1.3862943611198906,1.6815571485390106
3168,0.0,0.23594010165645196
3169,9.169976605786628,8.904148969587169
3170,0.0,0.6355092494636199
3171,2.19722457733622,1.2510071735987331
3172,3.1354942159291497,3.10051222798222
3173,0.0,0.18744973119674846
3174,0.0,1.0400264759677578
3175,4.04305126783455,4.564431406645969
3176,0.0,0.4480032318069296
3177,1.6094379124341005,2.2701282008759356
3178,0.6931471805599453,0.5253777805189588
3179,2.9444389791664403,2.7766235528439567
3180,0.0,1.111943684395895
3181,0.6931471805599453,0.7991677796445369
3182,0.0,0.7245059366497513
3183,2.70805020110221,2.806444487918077
3184,4.3694478524670215,4.11144995667435
3185,0.0,0.2936707477936187
3186,3.555348061489413,3.661408465500643
3187,1.0986122886681098,1.5864263424697416
3188,0.6931471805599453,1.0029935353487622
3189,0.6931471805599453,1.230172348683479
3190,1.791759469228055,1.3568501293625275
3191,1.0986122886681098,1.974245485228642
3192,0.0,0.7752503816735583
3193,3.1780538303479458,2.830823202381546
3194,1.791759469228055,1.3385467352331963
3195,7.042286171939743,6.549078681792557
3196,1.0986122886681098,1.8663943080400758
3197,5.840641657373398,7.413310235593854
3198,4.663439094112067,4.361080046212374
3199,3.555348061489413,3.887184588665832
3200,5.717027701406222,4.57938481956435
3201,5.846438775057725,6.161983628901396
3202,1.6094379124341005,1.0698965196371657
3203,3.8501476017100575,3.932472387421372
3204,0.0,0.05445289284071553
3205,9.076237387452702,8.68927153307509
3206,0.0,0.375778902676454
3207,0.0,0.2740021057289259
3208,0.0,0.8106727338291906
3209,1.3862943611198906,0.7993052042470763
3210,3.58351893845611,3.7430211818147416
3211,0.6931471805599453,1.0865870407150677
3212,0.0,0.3758734666021242
3213,5.153291594497779,4.5002536413735825
3214,0.0,0.28773147650371955
3215,0.0,-0.24632740464547398
3216,1.0986122886681098,0.7620465235663567
3217,1.6094379124341005,1.242631100547787
3218,0.6931471805599453,0.46809347042775173
3219,6.306275286948016,6.210798761466225
3220,2.70805020110221,2.6142183864737745
3221,4.844187086458591,5.181725680473435
3222,5.093750200806762,5.08768521355561
3223,1.0986122886681098,0.5424699409678284
3224,1.0986122886681098,1.5447946570161166
3225,1.6094379124341005,1.8255941534095972
3226,4.418840607796598,5.27303189171561
3227,7.374001859350161,7.981955548821677
3228,0.0,0.5359972540632585
3229,0.0,0.7802590748501432
3230,0.0,0.40996797191651435
3231,1.0986122886681098,1.5416830422067873
3232,0.0,0.8640589660624864
3233,0.0,0.9274095009985801
3234,7.868636894184167,8.911752499528658
3235,2.6390573296152584,2.175088738442082
3236,0.0,0.3667574051218405
3237,3.80666248977032,3.9121506765333556
3238,2.3978952727983707,3.1291732460822157
3239,7.518607216815252,8.448615939678113
3240,1.3862943611198906,1.6228076825901208
3241,5.030437921392435,4.415410928778956
3242,3.1780538303479458,3.5503602750439054
3243,2.4849066497880004,2.8266627480301474
3244,0.6931471805599453,0.7372346723744725
3245,0.0,1.2137029876736047
3246,3.737669618283368,3.507116124063121
3247,3.1780538303479458,0.7787996049933565
3248,2.9444389791664403,2.830329089560959
3249,4.68213122712422,4.684590626163692
3250,7.888709524182015,7.5057541049992995
3251,0.0,-0.11575316364111599
3252,0.0,1.0881306232506418
3253,3.4339872044851463,4.521591467016824
3254,3.1780538303479458,3.905208179882445
3255,1.0986122886681098,0.478707952566072
3256,1.6094379124341005,1.597201586835992
3257,0.6931471805599453,1.0205670563241225
3258,4.574710978503383,4.5156104876119425
3259,0.6931471805599453,0.7926306426571388
3260,3.091042453358316,3.0596524005026566
3261,4.23410650459726,3.491425606064248
3262,1.0986122886681098,1.232956125275605
3263,3.7612001156935615,4.7838876523772
3264,1.0986122886681098,0.2988627168364273
3265,6.190315405853148,6.6891031765403905
3266,2.19722457733622,2.1575506530151
3267,0.0,0.41173312505674997
3268,0.0,0.49323174851341656
3269,0.0,-0.1067477550441911
3270,7.107425474110705,7.393092001108474
3271,0.0,0.302592380164048
3272,4.219507705176107,4.261945622886152
3273,2.833213344056216,3.0809942679061226
3274,2.6390573296152584,2.458247499599563
3275,1.3862943611198906,1.3440596491371593
3276,6.0867747269123065,6.00950761618891
3277,1.0986122886681098,1.6594763010111124
3278,0.0,0.2619572016632934
3279,1.0986122886681098,1.1789370278245492
3280,2.5649493574615367,2.8581073457056028
3281,3.218875824868201,3.3160394916649407
3282,7.500529485395295,5.275995444275516
3283,5.575949103146316,5.750015082663266
3284,1.9459101490553128,2.1004670836627546
3285,0.0,-0.15031795928755542
3286,0.0,-0.059271233267317314
3287,0.0,-0.16314336309487976
3288,5.666426688112432,4.736983860118588
3289,4.882801922586371,4.252330071895264
3290,4.23410650459726,4.037245810087985
3291,3.80666248977032,4.15889183044065
3292,2.5649493574615367,2.420519271279594
3293,5.746203190540153,7.929975775183603
3294,0.6931471805599453,1.0863935383701484
3295,0.0,0.3961754631065595
3296,0.0,0.43636529656156964
3297,7.068172000388042,7.553392365822805
3298,5.003946305945459,4.220317702337416
3299,3.610917912644224,3.5652681642954764
3300,1.6094379124341005,0.7295212073580715
3301,4.394449154672439,3.6736520581112186
3302,0.0,-0.003242694116324607
3303,3.091042453358316,3.462803259221636
3304,1.0986122886681098,1.327367162301989
3305,1.0986122886681098,0.5493155457590999
3306,0.6931471805599453,1.0796379798376103
3307,2.19722457733622,2.7406766298963268
3308,0.0,0.8035141474335692
3309,5.0369526024136295,4.281890205897824
3310,3.4657359027997265,3.205131238755305
3311,0.0,1.3145425060690112
3312,0.0,0.9474074406101232
3313,4.532599493153256,5.032529690965844
3314,4.02535169073515,4.3379373659331035
3315,0.0,0.1947263253040301
3316,0.6931471805599453,1.4114217745158204
3317,1.0986122886681098,0.7862277089675513
3318,2.3978952727983707,2.624345337462031
3319,0.0,-0.09719803087168621
3320,5.948034989180646,5.912128125160903
3321,0.0,0.38964925370863157
3322,0.0,0.3131975615435745
3323,0.0,0.7785875438744887
3324,0.0,0.3716111460902114
3325,2.079441541679836,3.2504824444099434
3326,0.6931471805599453,1.336453656581574
3327,0.0,-0.05321840241964537
3328,0.0,0.49554227582597
3329,0.0,0.2938989681825368
3330,0.0,0.28996810604192236
3331,0.0,-0.29242490821465283
3332,0.6931471805599453,0.437126625151776
3333,7.408530566894626,7.3866956103366865
3334,0.6931471805599453,0.4278036763851596
3335,5.402677381872279,5.308787236936375
3336,4.584967478670572,3.686453151049508
3337,1.9459101490553128,1.275418399685297
3338,2.3978952727983707,1.3468035409932853
3339,0.0,0.49258380357908527
3340,0.0,0.603794354242791
3341,5.613128106388071,6.228662803891929
3342,7.620214770574455,7.460467744285104
3343,3.6635616461296463,3.649541401987422
3344,0.0,0.6763193861726262
3345,3.044522437723423,1.113844313699836
3346,6.86484777797086,7.415895880097625
3347,4.276666119016055,3.248107702363095
3348,2.19722457733622,2.811362090329962
3349,0.0,-0.25109161016957016
3350,2.6390573296152584,2.4851004311213445
3351,1.9459101490553128,1.607168936136564
3352,1.6094379124341005,2.1256802990433252
3353,0.0,0.10653906974459426
3354,7.60887062919126,7.851965573726416
3355,7.004881989712859,4.561708790523783
3356,7.80954132465341,7.414961714702759
3357,2.3978952727983707,2.747487729867047
3358,4.04305126783455,3.559712431531164
3359,6.023447592961033,6.5221652905719605
3360,4.204692619390966,1.104532446289054
3361,1.9459101490553128,2.369207783730191
3362,0.6931471805599453,0.44935501737397154
3363,0.0,0.962619873856364
3364,3.6635616461296463,3.9390505405432954
3365,3.295836866004329,2.520423363189808
3366,3.871201010907891,4.02196004182211
3367,0.0,0.2439612033218732
3368,1.3862943611198906,0.8346548713318414
3369,0.6931471805599453,1.556981614741808
3370,5.849324779946859,4.944855899729072
3371,0.0,0.38927719523242854
3372,9.013838751608397,8.383591659117467
3373,0.0,0.6035937153616988
3374,0.6931471805599453,0.885202451501051
3375,2.302585092994046,1.1535326508203214
3376,0.6931471805599453,0.8940267039954721
3377,6.90975328164481,6.90490335609822
3378,0.6931471805599453,1.4683189891307105
3379,1.9459101490553128,0.851358605617041
3380,1.6094379124341005,2.4464949214631373
3381,0.0,0.3092346355552329
3382,3.713572066704308,3.7429981816706244
3383,2.772588722239781,2.6396545504609072
3384,6.008813185442595,6.231334283359516
3385,8.855805992536562,8.842027850757269
3386,0.0,-0.18335410921965067
3387,1.6094379124341005,2.5609948024240903
3388,4.290459441148391,4.573143461951479
3389,2.079441541679836,2.813520727145692
3390,4.770684624465665,4.108394113359024
3391,5.1647859739235145,5.415532065098235
3392,0.0,0.6351364759961571
3393,1.6094379124341005,2.091068143719426
3394,9.169976605786628,8.725243304355413
3395,0.0,-0.14450786006255179
3396,8.244071270295786,7.685399218915547
3397,1.3862943611198906,1.0189610270616436
3398,2.995732273553991,2.7671641887707836
3399,1.0986122886681098,0.8496195340623678
3400,3.6375861597263857,2.76566830017115
3401,4.574710978503383,4.844724077663964
3402,1.6094379124341005,1.364920494505375
3403,5.332718793265369,4.811906812829251
3404,5.298317366548036,5.024416012630953
3405,0.6931471805599453,1.2433410724350549
3406,2.833213344056216,3.143505205580004
3407,4.68213122712422,3.9895777146744447
3408,0.0,0.4309590774305152
3409,4.6443908991413725,4.4654552035221995
3410,0.6931471805599453,0.9822439544591111
3411,1.3862943611198906,1.796936293277263
3412,1.6094379124341005,2.3232795777301485
3413,0.0,0.5488219919958028
3414,1.0986122886681098,0.47236507403159766
3415,0.0,0.15562945127612648
3416,0.6931471805599453,0.748671020493586
3417,6.253828811575473,6.195649101255393
3418,0.6931471805599453,1.512622142481725
3419,1.6094379124341005,1.1883011894839957
3420,0.0,0.5164677487483258
3421,9.169976605786628,7.493017179486236
3422,1.3862943611198906,0.5813434427637216
3423,4.31748811353631,4.26596384276609
3424,0.0,0.5334509482043372
3425,7.3938782901077555,7.709902674643728
3426,3.332204510175204,2.0290262406276356
3427,0.0,-0.13761975193237497
3428,0.0,1.1520520785119208
3429,0.0,0.6298228636400667
3430,0.6931471805599453,1.6014718322755699
3431,4.330733340286331,5.5849494623197895
3432,1.3862943611198906,0.7731503757906943
3433,4.454347296253507,4.056040676663457
3434,0.0,0.18360046285948695
3435,4.007333185232471,3.317773607139668
3436,0.6931471805599453,0.5790447464693074
3437,4.934473933130692,5.129300736477882
3438,1.0986122886681098,0.4750686507305495
3439,0.0,0.1188292558525319
3440,0.0,0.1757003441833116
3441,0.0,0.04018765322647022
3442,1.9459101490553128,1.857471167842736
3443,0.0,0.6645267399429113
3444,4.143134726391533,4.121964331833991
3445,0.0,0.6485509447259121
3446,4.31748811353631,3.194125193390148
3447,1.791759469228055,2.267570237937051
3448,5.187385805840755,4.395479403504076
3449,1.6094379124341005,1.2571824951804367
3450,0.0,0.7755177687676924
3451,2.19722457733622,1.174560877812043
3452,5.068904202220232,4.776942810710063
3453,5.247024072160486,5.5588628284891515
3454,0.0,0.30478659869610913
3455,2.079441541679836,1.2789470175918727
3456,1.6094379124341005,2.2116521909502214
3457,0.0,1.002205297354123
3458,0.0,0.297534018760353
3459,2.6390573296152584,1.4651326401689335
3460,6.77078942390898,7.394252756771484
3461,0.0,0.07267055117896071
3462,0.0,0.01140376548280253
3463,3.5263605246161616,3.082036795715248
3464,6.100318952020064,8.196904714598169
3465,0.0,-0.016124968201342238
3466,0.0,-0.19894670108983803
3467,2.302585092994046,2.9028583245099266
3468,3.1354942159291497,1.588015366480843
3469,8.448271745949816,9.251485782715758
3470,3.6375861597263857,3.681211826984593
3471,0.0,0.32624766512861725
3472,0.0,0.10868292916332933
3473,2.9444389791664403,2.572792856862655
3474,4.969813299576001,5.642286226461443
3475,0.6931471805599453,1.1970893930784343
3476,0.0,0.9604921249445924
3477,0.0,-0.11203005930716436
3478,1.0986122886681098,2.005924008752916
3479,0.0,0.23733634531353243
3480,2.302585092994046,1.976959653483452
3481,1.6094379124341005,2.6469103053411565
3482,2.6390573296152584,2.820898540316536
3483,5.468060141135132,5.966900533963788
3484,0.0,1.16827053378815
3485,3.258096538021482,3.499009265520945
3486,0.0,-0.31530060021046724
3487,2.4849066497880004,1.212362237147622
3488,2.19722457733622,2.2312045424867755
3489,4.990432586778736,5.028970025770395
3490,7.110696122978827,7.738725447201086
3491,0.6931471805599453,1.2778478751832938
3492,3.367295829986474,3.5282710226939296
3493,5.823045895483019,6.010656358085878
3494,3.8918202981106265,4.079015256165505
3495,0.0,0.306861951746074
3496,4.442651256490317,3.0903378406197524
3497,5.3471075307174685,4.836106982718746
3498,1.0986122886681098,1.0642116610234775
3499,3.9889840465642745,4.39774756519042
3500,1.0986122886681098,1.072965498123773
3501,4.762173934797756,5.772649369112317
3502,1.0986122886681098,1.1245120735602971
3503,3.8501476017100575,2.7752287617518316
3504,1.6094379124341005,0.31702103337310383
3505,7.602401335665818,8.417163260134426
3506,0.6931471805599453,0.752730382660278
3507,0.6931471805599453,-0.23089493629645874
3508,4.248495242049359,4.5793677281200305
3509,0.0,0.7153002210629533
3510,9.169976605786628,8.918657103829627
3511,6.983789965258135,6.670043448801568
3512,1.791759469228055,2.342601768919994
3513,3.1354942159291497,1.7076795763416626
3514,6.804614520062624,7.0506009131797756
3515,4.07753744390572,3.7457954553095005
3516,2.3978952727983707,2.8514741286102927
3517,0.0,-0.0745824279191396
3518,2.70805020110221,2.5235422772774654
3519,3.871201010907891,4.524425718490007
3520,0.0,0.6585863548272901
3521,3.688879454113936,3.101468431249938
3522,0.0,0.5253674236517363
3523,0.6931471805599453,0.5253062909345692
3524,0.0,0.773111029189052
3525,5.231108616854587,5.076931190434156
3526,0.0,-0.10035500587787904
3527,0.0,0.4830514277599396
3528,0.0,0.7168429148084074
3529,7.436617265234227,7.84526594302593
3530,0.0,0.13226147867312177
3531,8.575462099540212,5.45404944822832
3532,3.7612001156935615,3.5668653332599662
3533,5.010635294096256,3.1447284014090506
3534,5.056245805348308,4.610634714963906
3535,4.77912349311153,4.221630039493851
3536,3.367295829986474,3.0901163440585364
3537,1.3862943611198906,0.06759470990362049
3538,0.0,-0.15949928631773558
3539,6.263398262591624,6.501123565789491
3540,0.6931471805599453,-0.18237921071157448
3541,0.0,0.4458914939125018
3542,1.6094379124341005,2.4074369749502775
3543,0.0,0.5107306029603882
3544,0.0,0.24348357590840886
3545,0.6931471805599453,1.2249843942508716
3546,0.0,0.4439619202755083
3547,1.3862943611198906,1.7156753361994492
3548,0.0,0.365970787690413
3549,1.0986122886681098,1.8826426739363828
3550,4.836281906951478,4.896790290238533
3551,5.993961427306569,5.865903823970415
3552,0.0,-0.3361268329818805
3553,6.082218910376446,6.069656541439118
3554,2.772588722239781,2.4158541025503295
3555,0.6931471805599453,0.4952046268470942
3556,0.0,-0.5719661492177517
3557,3.713572066704308,2.772499206508302
3558,2.70805020110221,2.743737550851177
3559,0.0,0.29081213721263444
3560,2.772588722239781,2.8744920002786953
3561,0.0,-0.1827384426859533
3562,1.6094379124341005,2.015937502768651
3563,9.169976605786628,4.926493570166328
3564,4.143134726391533,4.873266862455711
3565,0.0,-0.2882189426169157
3566,5.575949103146316,5.79346316855118
3567,2.079441541679836,1.8088516927844869
3568,0.0,0.0693182697199699
3569,1.0986122886681098,1.7449711797751486
3570,3.1354942159291497,3.676452606735394
3571,0.0,0.7304102984513032
3572,5.556828061699537,4.586155408653514
3573,0.6931471805599453,1.7037227604775362
3574,1.0986122886681098,1.5998836006481754
3575,3.1354942159291497,2.640997036429104
3576,3.258096538021482,2.7892283026867126
3577,6.481577129276431,5.79237723402707
3578,1.3862943611198906,1.4313003401143545
3579,0.0,0.2819007020568276
3580,2.079441541679836,2.1351449756367797
3581,0.0,1.1425834912018564
3582,5.673323267171493,4.906563351128012
3583,0.0,0.20380792011547877
3584,1.0986122886681098,1.3047933706023713
3585,0.6931471805599453,0.195761252001871
3586,5.560681631015528,5.751536272165382
3587,0.0,1.002205297354123
3588,4.007333185232471,3.1359651384215743
3589,0.6931471805599453,1.2624092572948604
3590,4.343805421853684,4.258271694446803
3591,1.0986122886681098,0.18565128947443021
3592,1.3862943611198906,1.0595164008550975
3593,0.6931471805599453,0.4662221208570989
3594,0.6931471805599453,1.0533282531829051
3595,4.04305126783455,3.871788009497334
3596,0.0,0.8805150467589709
3597,0.6931471805599453,0.5432560116607024
3598,1.3862943611198906,0.846960050511748
3599,2.302585092994046,2.260120813745405
3600,1.6094379124341005,1.9706173950833383
3601,0.0,0.9443758996677443
3602,4.624972813284271,4.146994164152758
3603,0.6931471805599453,0.45868920035341265
3604,0.0,2.5522154312826983
3605,1.9459101490553128,2.417589340255823
3606,2.302585092994046,2.8669826929454634
3607,4.007333185232471,3.4717562398963104
3608,6.257667587882639,5.902278550831093
3609,2.6390573296152584,2.393800317935377
3610,0.0,0.43033596790911166
3611,0.6931471805599453,0.4830941688254531
3612,0.0,-0.12743719457907332
3613,0.6931471805599453,0.6864433284504796
3614,7.180069874302796,8.145086387061273
3615,4.30406509320417,4.395581568125365
3616,0.0,0.10784407167513299
3617,6.16541785423142,6.395428023318676
3618,3.258096538021482,3.00996890461106
3619,1.6094379124341005,1.0754065004331832
3620,1.9459101490553128,1.0649555255121763
3621,6.171700597410915,6.814739467826402
3622,1.3862943611198906,1.5079915232817371
3623,1.0986122886681098,0.8539533096228749
3624,3.295836866004329,3.3901348136778764
3625,0.6931471805599453,0.5147546974281083
3626,0.0,0.7337607983974557
3627,7.116394144093465,7.770871658616288
3628,0.0,0.888169536111828
3629,0.6931471805599453,0.48730924724334224
3630,3.5263605246161616,3.9134978069500383
3631,1.6094379124341005,1.4534635482886298
3632,2.6390573296152584,2.0993480151607598
3633,1.6094379124341005,1.5949221448463895
3634,2.079441541679836,2.8058458317531976
3635,0.0,0.374728193297565
3636,1.9459101490553128,0.551361296038898
3637,1.3862943611198906,1.8017861357723288
3638,0.0,1.0162688855937656
3639,1.6094379124341005,1.789360510552596
3640,5.583496308781699,5.896299333097423
3641,5.525452939131784,5.989172192123565
3642,0.6931471805599453,1.0389346537831274
3643,0.6931471805599453,0.8368598677765025
3644,2.3978952727983707,2.236690493890768
3645,1.0986122886681098,0.7311352090424683
3646,6.759255270663693,6.445594767310164
3647,3.367295829986474,3.449034194153835
3648,0.6931471805599453,1.1780463237012295
3649,0.0,0.4839744102202721
3650,1.3862943611198906,1.5237972111812943
3651,5.556828061699537,5.642906229348338
3652,0.0,0.18704184322349926
3653,2.995732273553991,2.596037714282963
3654,5.14166355650266,4.5252919720977625
3655,2.772588722239781,0.7179840158387996
3656,0.0,0.9859282300368608
3657,2.302585092994046,2.4398820425655203
3658,0.0,0.7230875838287851
3659,0.0,1.7483308193818856
3660,2.70805020110221,1.981152375271035
3661,0.0,-0.07885606824025038
3662,0.0,-0.4818086591779043
3663,1.9459101490553128,1.289238651784483
3664,1.0986122886681098,1.4209042900083588
3665,3.295836866004329,1.2552160806679664
3666,0.0,0.18575449095428453
3667,5.135798437050262,5.874294085511103
3668,2.19722457733622,3.2796597394935803
3669,0.6931471805599453,0.8274118550625069
3670,3.4657359027997265,3.861285877884812
3671,0.0,-0.1664728691810171
3672,0.0,0.54613403194673
3673,6.602587892189336,6.006625624584664
3674,1.0986122886681098,1.4376132867899207
3675,0.0,0.428888552437372
3676,0.0,0.5752292390452196
3677,3.044522437723423,2.4495852371431672
3678,1.791759469228055,2.40828917468076
3679,0.0,0.4096506560807667
3680,0.6931471805599453,0.96003061510551
3681,2.5649493574615367,1.0308921105475175
3682,3.8918202981106265,4.188452840690964
3683,1.0986122886681098,0.7587247561449695
3684,0.0,1.5228620505605746
3685,3.58351893845611,3.92897262196614
3686,2.772588722239781,1.227452064728878
3687,0.0,0.21921800680998071
3688,1.9459101490553128,2.182808481072185
3689,0.0,0.5425308498033994
3690,1.0986122886681098,0.12060175653797867
3691,4.532599493153256,4.505783760080568
3692,5.087596335232384,4.776230455799668
3693,6.813444599510896,6.034988789718056
3694,0.6931471805599453,0.7041578833230848
3695,1.3862943611198906,1.8026278826103561
3696,2.079441541679836,1.2595620416399231
3697,0.0,0.7104761749159991
3698,1.3862943611198906,0.8867996230840387
3699,2.4849066497880004,2.1287173101314254
3700,7.045776576879511,7.829932738511965
3701,3.737669618283368,4.246775862797797
3702,0.0,1.441463589412331
3703,4.3694478524670215,4.71237950775191
3704,5.375278407684165,6.173096311853682
3705,0.0,1.2353411562751497
3706,1.0986122886681098,1.4331933994574508
3707,0.0,0.23787625171616744
3708,2.5649493574615367,2.958828698572874
3709,4.3694478524670215,4.2596708073654295
3710,0.6931471805599453,1.9572904987846707
3711,1.0986122886681098,1.0701014696729447
3712,1.0986122886681098,1.7122959177569532
3713,1.6094379124341005,3.1718410706672677
3714,1.791759469228055,2.0513192234114768
3715,7.597897950521784,7.847578476079768
3716,0.0,0.22329044460336656
3717,1.3862943611198906,1.0190030355154993
3718,1.0986122886681098,1.5061210808643697
3719,3.091042453358316,3.5499157469158353
3720,1.9459101490553128,2.606480791913681
3721,1.6094379124341005,1.492080880500756
3722,7.906915488678587,7.281745795388097
3723,0.0,-4.139727071510346
3724,2.302585092994046,0.9612370999708186
3725,0.0,-0.02606968920462638
3726,2.70805020110221,2.870868749086328
3727,2.302585092994046,1.4600785809833847
3728,3.4657359027997265,3.1748882556906364
3729,4.624972813284271,4.065539147678869
3730,4.007333185232471,3.899857852252971
3731,0.0,0.11706877110618663
3732,3.9889840465642745,4.089516314214568
3733,0.0,0.8489315771379875
3734,3.737669618283368,2.759179554191729
3735,1.0986122886681098,0.8315457426468453
3736,0.0,0.5492885228858073
3737,0.0,0.16023929783159208
3738,3.258096538021482,3.4345632258128047
3739,2.4849066497880004,2.672950959414338
3740,0.0,1.002205297354123
3741,2.995732273553991,3.208162667524259
3742,0.0,0.23209605800816213
3743,1.791759469228055,0.6329429626631666
3744,5.153291594497779,4.804921111622523
3745,8.77770959579525,6.672688119053394
3746,0.0,0.8518504298725942
3747,0.0,0.07974403798184415
3748,0.0,0.6488558237884241
3749,0.0,1.0203463401302002
3750,0.6931471805599453,0.9505265013970945
3751,0.6931471805599453,1.1270657928698333
3752,2.9444389791664403,2.883985115435004
3753,0.0,1.049438265108809
3754,2.079441541679836,1.6670173049677182
3755,2.8903717578961645,2.7588040324199667
3756,0.0,0.8476339573583687
3757,1.9459101490553128,0.4135959913960672
3758,1.0986122886681098,0.41136662396025425
3759,0.0,0.5724634322650868
3760,0.0,0.5247598911908298
3761,1.6094379124341005,0.6454276900875633
3762,2.70805020110221,2.5341161185885315
3763,0.0,1.0552500155433924
3764,0.0,0.09438030555184573
3765,4.499809670330265,4.293768304775787
3766,0.6931471805599453,1.0155809290411875
3767,0.0,0.3567170271151314
3768,3.044522437723423,1.1270653054990643
3769,1.3862943611198906,1.0859357975032469
3770,0.0,0.9467769916973658
3771,4.477336814478207,3.324754729202252
3772,0.0,0.3923065366928864
3773,9.169976605786628,9.161736369561305
3774,3.218875824868201,1.9073110007501708
3775,1.0986122886681098,1.698516242039601
3776,0.0,0.7216020111870631
3777,3.970291913552122,4.617446921292315
3778,0.6931471805599453,1.228159612507094
3779,1.6094379124341005,1.691237618193199
3780,3.332204510175204,2.165434754639883
3781,5.921578419643816,6.423333859497128
3782,0.0,0.7085854278055264
3783,0.0,0.23435953882428873
3784,1.6094379124341005,1.8818473014862456
3785,0.6931471805599453,0.5180230047192667
3786,1.0986122886681098,1.4163512876066418
3787,0.0,0.5428524020875309
3788,0.0,1.1831570048027884
3789,4.276666119016055,4.433330797585797
3790,0.6931471805599453,0.8822094600937318
3791,0.0,-0.07018773677209333
3792,3.4339872044851463,2.7683880245569124
3793,6.8966943316227125,7.514837302868916
3794,3.9318256327243257,4.288254058757118
3795,6.333279628139691,7.325056348287461
3796,5.926926025970411,5.586618264813897
3797,2.19722457733622,2.0373678331833722
3798,0.0,0.1777520850189207
3799,3.58351893845611,3.0068681778053725
3800,0.0,0.40333313115892255
3801,0.6931471805599453,1.174470630020886
3802,0.0,0.13286260531839522
3803,0.0,-0.06724816838040004
3804,5.733341276897746,6.463262123999156
3805,1.0986122886681098,0.7146775070051596
3806,0.0,0.18246564151945543
3807,0.0,0.8004580656181537
3808,0.0,0.6278752694179146
3809,6.7580945044277305,6.147421496780476
3810,0.6931471805599453,0.7300838584259657
3811,0.0,0.20946843856318864
3812,1.0986122886681098,1.3008142112983214
3813,2.772588722239781,2.4892131725358957
3814,0.0,1.1708909250394897
3815,5.187385805840755,5.731233943705374
3816,2.5649493574615367,2.1944814303124143
3817,2.302585092994046,0.8337760909607848
3818,2.5649493574615367,1.707495407152601
3819,0.0,0.335555896943853
3820,5.081404364984463,4.687726561361101
3821,3.871201010907891,3.399427734939821
3822,1.791759469228055,2.2333163850152045
3823,3.7612001156935615,3.3171998541243966
3824,4.31748811353631,5.155740670972116
3825,0.6931471805599453,0.9959456238776101
3826,8.32093496888341,8.280270285768044
3827,1.3862943611198906,0.5264330392993055
3828,2.302585092994046,2.213049894584875
3829,0.0,0.6998021538489181
3830,4.30406509320417,3.907296253494848
3831,0.6931471805599453,0.9743116521337947
3832,0.0,0.6999173596592632
3833,0.0,0.24400969342979595
3834,2.9444389791664403,2.3930451446189336
3835,3.218875824868201,2.730968001547067
3836,0.0,0.38679622837621075
3837,1.6094379124341005,1.2442040188290613
3838,0.0,0.4355547767399619
3839,0.6931471805599453,1.98966854515828
3840,3.951243718581428,4.048268702696193
3841,1.791759469228055,0.9539249119775937
3842,1.6094379124341005,1.9594160790478974
3843,8.126222529458525,8.403842590501641
3844,0.0,0.06476265693254835
3845,1.3862943611198906,1.0784785552717968
3846,0.0,1.025281084372233
3847,5.204006687076795,5.992967572534283
3848,3.828641396489095,3.481013472585283
3849,0.6931471805599453,0.5011450704757521
3850,3.8918202981106265,3.941791980357036
3851,2.833213344056216,1.9885040927551112
3852,1.6094379124341005,1.224298769223486
3853,1.6094379124341005,2.0675906124860854
3854,1.3862943611198906,0.2403287595732686
3855,7.020190708311925,6.581417699630947
3856,4.709530201312334,4.438345893343632
3857,3.9318256327243257,4.137340189250684
3858,7.7501841622578365,7.843298221557814
3859,2.302585092994046,2.0747181430112427
3860,2.772588722239781,3.7112052617163274
3861,2.833213344056216,2.3314486646879096
3862,0.6931471805599453,0.9520494777348447
3863,7.425357887027151,7.266915478021404
3864,0.6931471805599453,-0.0991218060873642
3865,3.80666248977032,3.3148041111928412
3866,1.0986122886681098,1.7830803116875562
3867,0.6931471805599453,0.5338138228788427
3868,0.0,0.9693819342938932
3869,0.6931471805599453,0.8259508528419384
3870,1.3862943611198906,0.5524352606377441
3871,0.6931471805599453,0.5454770978187795
3872,1.6094379124341005,0.7328390032806256
3873,0.6931471805599453,0.723698802697919
3874,4.248495242049359,3.165234937784029
3875,0.0,0.8074975788153513
3876,1.0986122886681098,1.0701087677352843
3877,3.49650756146648,3.4366626782222927
3878,1.6094379124341005,0.8106447116877586
3879,2.302585092994046,2.088960388100216
3880,1.0986122886681098,0.44646244326025464
3881,4.290459441148391,4.0517848410055715
3882,0.6931471805599453,0.9659194224177707
3883,1.0986122886681098,1.178475899638829
3884,4.158883083359672,3.895182511481722
3885,8.570165076182343,3.743630738760012
3886,7.018401799069201,6.6242225865394495
3887,0.0,0.3789515709057474
3888,0.0,-0.015884305955918165
3889,2.3978952727983707,2.0964755315013557
3890,9.169976605786628,4.612390527596498
3891,1.791759469228055,2.9758777280908832
3892,2.19722457733622,2.2325177191677623
3893,1.6094379124341005,1.7974473735719783
3894,5.968707559985366,6.224999691952338
3895,1.791759469228055,2.6527082621408247
3896,0.0,-0.3101941828459429
3897,2.302585092994046,2.16465865515766
3898,1.791759469228055,1.5515435006116283
3899,0.0,0.5214678550881606
3900,3.4011973816621555,4.024725327050636
3901,1.0986122886681098,1.0874772970066948
3902,0.0,0.40299803541612156
3903,0.0,0.6598511903813729
3904,2.302585092994046,0.76345269019678
3905,1.6094379124341005,1.895835433783519
3906,0.0,-0.010208279159016787
3907,4.143134726391533,4.856569672845836
3908,1.6094379124341005,2.1139244777208615
3909,2.079441541679836,2.400487642634987
3910,3.688879454113936,3.2361224748819297
3911,3.1780538303479458,2.9350494857182685
3912,2.8903717578961645,2.9822598027491347
3913,4.962844630259907,5.339089290067271
3914,2.302585092994046,1.1171839071789946
3915,8.449128460502108,8.575923662497779
3916,0.0,0.7993805362942517
3917,1.3862943611198906,2.0114036133848052
3918,3.610917912644224,1.7955558777660934
3919,7.407924322559599,6.124319298414076
3920,0.0,1.3114224168092696
3921,3.332204510175204,3.1064659285356226
3922,0.0,0.588629877292691
3923,0.6931471805599453,0.9099708224880343
3924,1.3862943611198906,0.5991217989969293
3925,2.302585092994046,2.434134905238675
3926,7.554334823725748,7.688010536144534
3927,2.4849066497880004,1.255156553144475
3928,1.6094379124341005,2.798007364012829
3929,0.0,0.6189148377439306
3930,0.6931471805599453,0.5260046320112703
3931,8.575650760987806,9.083814359671859
3932,5.700443573390687,5.519374819455795
3933,2.079441541679836,2.7401259672782636
3934,1.3862943611198906,0.5180185558828716
3935,3.367295829986474,3.352185896548682
3936,4.718498871295094,4.868055583876018
3937,7.655864017616056,5.891165065695249
3938,2.833213344056216,2.3816168306354855
3939,0.6931471805599453,1.1147435159718746
3940,0.0,0.24543868686079007
3941,1.6094379124341005,1.5037172951062376
3942,3.091042453358316,3.4731028742114733
3943,0.0,0.333442721626815
3944,1.6094379124341005,2.116212625513864
3945,1.0986122886681098,1.2459386155622312
3946,0.6931471805599453,0.6257074529835374
3947,0.0,0.21164990713012521
3948,4.07753744390572,3.9166636306905405
3949,5.356586274672012,5.727024324048286
3950,5.0369526024136295,5.365037811051517
3951,0.0,0.6160823536543216
3952,0.0,0.1797451194224169
3953,2.833213344056216,1.2216789220539364
3954,5.438079308923196,6.437673143504909
3955,0.6931471805599453,0.26383100453600195
3956,5.87493073085203,6.13193480414694
3957,5.762051382780177,5.76150060463536
3958,3.970291913552122,4.336177920936105
3959,2.5649493574615367,2.758663048899901
3960,6.333279628139691,6.209889461609704
3961,0.6931471805599453,0.6510605038540402
3962,0.0,1.5462808619967787
