,quantity_sold_ground_truth,quantity_sold_predicted
0,3.218875824868201,2.8935488184593314
1,0.0,0.4475486169206351
2,1.791759469228055,1.8483256108449642
3,3.4657359027997265,3.4113083272896167
4,0.0,0.36748507252362916
5,6.156978985585555,5.692804323356902
6,3.1354942159291497,3.2999661460482463
7,0.0,0.02973151184835654
8,0.0,0.5747022749152904
9,3.5263605246161616,3.322955216170188
10,0.6931471805599453,1.4353475137590428
11,3.1780538303479458,3.1368815767771165
12,0.6931471805599453,1.1959521869079006
13,0.0,1.256689050560133
14,3.58351893845611,3.25887402566756
15,0.0,0.24770788854799575
16,7.106606137727303,7.038536294650362
17,1.6094379124341005,0.611367002359543
18,3.7612001156935615,3.38336973327873
19,0.0,0.037236451809170124
20,0.0,0.28418024792319185
21,2.302585092994046,0.8615240034330438
22,6.92951677076365,7.197078930510481
23,2.5649493574615367,2.9752819211392563
24,9.169976605786628,8.711812501270234
25,9.169976605786628,7.355230924889999
26,0.0,0.28409629884031284
27,0.6931471805599453,0.37892317312457924
28,0.0,0.49847499936814543
29,0.0,0.846033056620602
30,0.0,0.39915447447363506
31,4.110873864173311,4.343586378120589
32,0.6931471805599453,1.0675922041366823
33,0.0,0.5315096412848588
34,3.332204510175204,3.909192551258189
35,2.079441541679836,0.788184301116363
36,3.9318256327243257,3.98448415691134
37,2.5649493574615367,3.5738813840693373
38,4.07753744390572,4.571868258293529
39,0.6931471805599453,0.7949941348652063
40,0.0,0.6178587709281571
41,0.6931471805599453,0.01600936755340543
42,1.791759469228055,1.211060260437701
43,4.727387818712341,4.398435461659819
44,7.538494999413465,7.012040545379099
45,2.6390573296152584,1.6181727333332403
46,1.3862943611198906,0.6925068743887461
47,1.3862943611198906,0.5278244937389225
48,0.0,1.0803447190821924
49,0.0,0.3744965094669537
50,0.0,0.42178242361700646
51,6.16541785423142,6.416364167137428
52,6.8001700683022,7.4275594571989645
53,0.0,0.5895920501525591
54,9.169976605786628,8.352192670776565
55,4.394449154672439,4.82789848082202
56,5.062595033026967,5.009588019769835
57,0.0,0.7260235261789025
58,1.3862943611198906,1.3301275921371774
59,2.19722457733622,1.2121328636459967
60,5.7745515455444085,5.25455568706137
61,1.0986122886681098,2.066909906089702
62,0.0,0.45509644974791685
63,0.0,0.6017253455985547
64,0.0,-0.05554780520192937
65,3.4011973816621555,3.159353768880036
66,7.797291273547472,7.810053638037183
67,0.0,1.3541985181771805
68,4.3694478524670215,2.3195710173266777
69,0.0,0.4327753892598645
70,5.356586274672012,5.572296201690253
71,5.484796933490655,5.403645423266017
72,4.882801922586371,4.788939686502703
73,3.332204510175204,3.053088828401167
74,1.9459101490553128,1.9419633667834475
75,3.218875824868201,2.7193896368084216
76,0.6931471805599453,0.6835972434896849
77,0.0,-0.08708832022823731
78,1.9459101490553128,3.1102109902234574
79,2.302585092994046,2.3183204063295584
80,0.6931471805599453,0.6978038105220985
81,6.943122422819428,6.998153674147972
82,5.3230099791384085,6.071302476985274
83,0.6931471805599453,0.7112931958351472
84,0.6931471805599453,0.8303241330607689
85,5.068904202220232,5.146264188170479
86,5.950642552587727,6.3058685616459
87,5.327876168789581,4.699629226104193
88,2.8903717578961645,1.423326549820438
89,0.0,-0.08189004587151372
90,1.791759469228055,1.1433248832608105
91,2.19722457733622,1.9585680640944012
92,9.169976605786628,9.563012744476714
93,2.9444389791664403,2.9278129086579456
94,0.0,0.26270263585588083
95,0.0,2.187931802560489
96,4.74493212836325,2.923807793717631
97,2.6390573296152584,3.141905571995113
98,2.833213344056216,2.050580750949437
99,3.4657359027997265,2.3825456360643735
100,2.3978952727983707,2.278437177978335
101,1.9459101490553128,1.0234986522078882
102,3.5263605246161616,3.19428656813139
103,2.4849066497880004,1.1354152361441021
104,6.2166061010848646,6.0306234627491495
105,0.0,-0.2351519569953049
106,3.871201010907891,4.337816940886285
107,1.3862943611198906,1.2452519710045058
108,3.912023005428146,4.570786099400228
109,0.6931471805599453,0.42283199717304565
110,2.079441541679836,1.3397737627510344
111,4.3694478524670215,4.61281277072002
112,0.0,-0.4673842835802624
113,4.74493212836325,4.6887625133259885
114,2.3978952727983707,0.2638199016507454
115,1.791759469228055,1.881137720330744
116,0.6931471805599453,1.2778921391412723
117,1.6094379124341005,0.9178704578088062
118,3.555348061489413,3.5446340808732364
119,0.0,0.37200467013829197
120,0.0,0.6128338187084115
121,6.137727054086234,6.790901646649733
122,1.3862943611198906,2.532066741851767
123,2.5649493574615367,3.364365657223169
124,2.8903717578961645,2.285353905351309
125,0.6931471805599453,0.40520267772732876
126,0.0,-0.03472774057079375
127,5.075173815233827,5.577787317522597
128,0.0,-0.12720642795254777
129,0.6931471805599453,1.4561918268377783
130,2.772588722239781,2.375340924189786
131,0.6931471805599453,0.46542126301397335
132,1.6094379124341005,0.7417486518191903
133,2.8903717578961645,3.557713085584802
134,0.0,0.7202451210160521
135,0.0,0.02983841895177175
136,1.0986122886681098,0.7039956783194199
137,3.610917912644224,1.8060049464831407
138,4.143134726391533,3.254076568886151
139,0.0,0.21727013252663196
140,0.0,0.519867134184711
141,1.0986122886681098,0.47741747929448186
142,0.0,1.0672307541714856
143,4.672828834461906,5.206156878343739
144,1.791759469228055,2.056366432971584
145,4.060443010546419,4.335256184010809
146,0.6931471805599453,2.0000268259963514
147,6.173786103901937,4.87062257426689
148,3.4011973816621555,3.4425473486762637
149,0.0,0.8160774637163135
150,4.820281565605037,3.9337629034018713
151,1.0986122886681098,0.4078213660293155
152,0.0,0.27119290540097385
153,6.049733455231958,6.399393729278595
154,0.0,0.9301645543574872
155,1.6094379124341005,1.9739416797633713
156,0.0,0.43109743578401183
157,0.0,0.31387354550730384
158,5.0238805208462765,5.179035238276768
159,1.791759469228055,1.5686290155366298
160,0.0,0.5843499865924822
161,0.6931471805599453,0.52658807955614
162,3.295836866004329,3.6534192785598933
163,0.0,0.40960332116262155
164,2.5649493574615367,2.2940364179220585
165,0.0,0.49026123000827493
166,0.0,0.613071192224558
167,0.0,0.10295488164503563
168,5.771441123130016,6.087287410447061
169,0.0,0.5132567701255939
170,1.3862943611198906,1.382298048763921
171,3.80666248977032,3.575212925536942
172,1.6094379124341005,1.6649830192209905
173,1.0986122886681098,1.3746698130150004
174,2.3978952727983707,2.147045964671244
175,3.1354942159291497,3.7776835992399835
176,0.0,0.3878465252412293
177,0.6931471805599453,0.5753855751246384
178,0.0,-0.3345778790937426
179,5.278114659230517,5.51812492081036
180,0.0,0.15182523490648592
181,1.3862943611198906,1.3424855012872057
182,0.0,0.69472388526404
183,3.555348061489413,2.207556904400737
184,1.9459101490553128,1.7445949421319447
185,3.4657359027997265,3.2110831010406318
186,1.3862943611198906,1.5959008241152564
187,2.19722457733622,1.0679731393983922
188,0.0,0.8311840583201346
189,1.3862943611198906,0.4384772744202803
190,3.218875824868201,3.1951739310366696
191,2.19722457733622,2.5057439811269666
192,2.8903717578961645,3.069268775497035
193,0.0,0.2630655472629382
194,2.079441541679836,3.0911501599017224
195,4.7535901911063645,4.51251885109067
196,0.0,0.7262745622496181
197,0.0,1.1412607417909921
198,3.091042453358316,2.9575964655363953
199,2.772588722239781,2.7524859437475344
200,4.663439094112067,3.8645030859793086
201,0.0,-0.2462845864228398
202,3.871201010907891,1.385271168966257
203,4.962844630259907,5.223521312408325
204,1.791759469228055,1.9564395729175321
205,2.19722457733622,2.192394565076867
206,0.6931471805599453,0.06123688250569925
207,4.68213122712422,4.1109212355690286
208,0.6931471805599453,0.25890884982752516
209,3.6635616461296463,3.1124368743292803
210,2.079441541679836,2.69725757549522
211,0.0,0.0017187452492835043
212,1.3862943611198906,1.3187686117029678
213,0.0,0.8633098014310965
214,0.0,0.8355954411534212
215,0.0,0.8142503412613111
216,3.1354942159291497,4.30052903321608
217,1.791759469228055,2.176405237902158
218,2.079441541679836,1.1115370849825386
219,5.958424693029782,6.298459296696036
220,2.302585092994046,0.6733364607071719
221,5.855071922202427,5.982224202672083
222,0.0,0.25669749419528065
223,0.0,-0.008853544873872465
224,0.0,0.6595317650847059
225,2.772588722239781,2.4941861331936077
226,1.791759469228055,1.4955691860739448
227,0.0,-0.0452054958221626
228,0.0,0.6889447437908958
229,1.6094379124341005,2.577194708416066
230,3.044522437723423,2.3805504814845846
231,0.0,0.21112748256977643
232,0.0,0.39455296504861725
233,3.970291913552122,3.195430090598548
234,1.9459101490553128,1.9795557861122848
235,1.791759469228055,1.5239336310799962
236,0.0,-0.15265893403991448
237,0.6931471805599453,1.8014013336242045
238,2.9444389791664403,2.4866004362642253
239,0.0,0.4253075290143884
240,3.367295829986474,2.440911082188521
241,1.3862943611198906,0.7694285074764544
242,5.739792912179234,6.362002676144358
243,4.248495242049359,4.2980589516306615
244,1.6094379124341005,2.0491778743984757
245,5.488937726156687,5.552446146163284
246,1.6094379124341005,1.9500010059562345
247,2.833213344056216,3.225981589688183
248,7.554334823725748,8.175367865054252
249,0.0,0.29433687426286337
250,5.14166355650266,4.9616752475963875
251,4.007333185232471,4.004095102566446
252,1.9459101490553128,2.298745018268149
253,0.0,0.43996880376474756
254,1.3862943611198906,1.3005139702611201
255,7.269616749608169,7.245875018994478
256,1.791759469228055,1.7932472504285868
257,1.0986122886681098,1.2455200548195744
258,0.6931471805599453,0.8918064636605163
259,1.0986122886681098,1.45077765097446
260,0.0,0.164325046911717
261,6.124683390894205,5.963853389464476
262,2.6390573296152584,2.444342755767703
263,3.8501476017100575,4.1071130336500055
264,7.422373700986824,7.75807794347891
265,4.912654885736052,6.113714336002202
266,4.7535901911063645,4.463283598498224
267,0.6931471805599453,0.5560525831509562
268,0.0,0.3381185932672599
269,2.5649493574615367,2.5013143020037774
270,0.0,-0.20661240977102935
271,1.3862943611198906,1.2148073805126118
272,4.23410650459726,4.137909018821819
273,3.218875824868201,4.031637981826551
274,1.3862943611198906,0.6927413442230919
275,6.115892125483034,6.882628879065622
276,6.77078942390898,5.503558929839901
277,1.791759469228055,2.4527134927889764
278,2.3978952727983707,1.3644343395205083
279,0.0,0.030616024519319218
280,4.770684624465665,3.392055934326331
281,0.0,0.042587966504668895
282,2.70805020110221,2.67695565710685
283,6.035481432524756,6.729493321819548
284,7.697121317282625,7.664075788917803
285,4.174387269895637,3.207778667404524
286,5.389071729816501,5.299631648007979
287,4.59511985013459,3.441121612675146
288,9.169976605786628,9.299974132362859
289,7.307872780763706,7.523761675929136
290,4.663439094112067,5.35106008854938
291,6.228511003591184,6.017096964539581
292,0.0,0.46704324467299907
293,0.0,0.6673568362866895
294,0.0,0.600448995372477
295,1.0986122886681098,1.1285458777377457
296,3.49650756146648,4.4471407036167605
297,4.584967478670572,2.8644831520407266
298,0.0,0.16019923746480647
299,0.0,-0.022363436267178738
300,2.5649493574615367,1.3166515408884822
301,1.3862943611198906,0.8897898210275033
302,0.6931471805599453,0.7551578248986892
303,5.459585514144159,5.668400684255402
304,0.0,0.6967514709633198
305,4.143134726391533,3.972887407993923
306,2.9444389791664403,2.7071747029290223
307,3.9318256327243257,3.707168617524627
308,0.0,0.5323857563073284
309,0.0,0.5898400676582385
310,1.0986122886681098,0.6500662448448209
311,3.9889840465642745,3.6168695509881323
312,7.907651594711089,7.95256115082746
313,6.641182169740591,4.969012065124746
314,1.0986122886681098,0.6569888528906129
315,3.80666248977032,4.55869337226973
316,7.748028524432376,8.67370652760513
317,4.442651256490317,4.330291400161936
318,2.4849066497880004,2.8149846992016707
319,0.6931471805599453,0.8525623862400342
320,0.0,0.4008016281433662
321,5.916202062607435,5.64959230590622
322,2.833213344056216,1.3568658409862988
323,0.0,-0.08491708036585255
324,2.19722457733622,2.0727466807204484
325,2.70805020110221,1.8712312547575167
326,0.0,0.23514756620639599
327,2.70805020110221,2.736965361315882
328,0.0,0.5592942443265994
329,4.356708826689592,4.93957346765943
330,3.9889840465642745,3.914631803100418
331,0.0,0.4310869570564495
332,1.0986122886681098,0.4655399865614003
333,4.709530201312334,4.085633474922993
334,2.3978952727983707,2.5527912642297155
335,0.0,1.7281888729952506
336,0.0,0.5021956250871453
337,0.6931471805599453,0.7685658967346125
338,0.0,0.7314719595972632
339,6.171700597410915,6.348915660526897
340,5.53338948872752,4.765801856446932
341,4.812184355372417,3.3637257707915946
342,0.0,0.6134338152839525
343,5.068904202220232,5.476497791786175
344,5.2832037287379885,4.873656378716662
345,4.110873864173311,3.363368779734446
346,0.6931471805599453,0.8619601705702316
347,3.951243718581428,4.241418354187152
348,5.7745515455444085,6.167287283743416
349,1.0986122886681098,0.8514530986549529
350,2.19722457733622,2.0246634416251403
351,0.6931471805599453,0.808651213489088
352,4.02535169073515,3.854095638870342
353,0.0,0.36605648584842476
354,1.6094379124341005,2.387789183244665
355,2.772588722239781,3.071400818837653
356,4.382026634673881,3.988906030659323
357,1.0986122886681098,2.4291977224981327
358,0.0,0.9490081802098986
359,0.6931471805599453,0.1374272928081317
360,0.0,0.15976846286981594
361,6.20455776256869,4.8948261314050985
362,0.0,-0.24257546698164
363,0.6931471805599453,0.5391215942929393
364,4.330733340286331,3.92880994106135
365,1.9459101490553128,1.8331629836281675
366,0.0,0.2506720569402745
367,2.5649493574615367,1.906802543685289
368,0.6931471805599453,0.6330968683297094
369,4.859812404361672,4.814035469116982
370,3.295836866004329,3.644976493650134
371,3.1354942159291497,2.553335089855948
372,2.079441541679836,1.917715805088143
373,0.0,0.3365673599536181
374,1.3862943611198906,0.6818746578860313
375,2.4849066497880004,2.4562448123538783
376,3.6375861597263857,1.3046536620856155
377,0.6931471805599453,0.43063803551489865
378,5.476463551931511,5.506130544790807
379,4.382026634673881,4.704384894673419
380,1.6094379124341005,0.31043592251656493
381,0.0,0.7774688890494608
382,2.4849066497880004,1.931264822538903
383,1.0986122886681098,-0.07624572329632562
384,0.0,0.30294127921275926
385,2.19722457733622,1.6088082640052244
386,2.3978952727983707,2.976248065679863
387,0.0,0.6283743556873109
388,2.302585092994046,1.9184643147949108
389,0.0,1.5106345218604738
390,2.302585092994046,2.1209859805339986
391,2.6390573296152584,3.080210634019311
392,5.926926025970411,6.540878066619522
393,0.0,0.5028268921797157
394,2.5649493574615367,1.6784287503493394
395,0.6931471805599453,1.0182237000490322
396,2.5649493574615367,2.765604226598858
397,0.6931471805599453,1.2533350103087277
398,0.0,0.05462484028782644
399,1.3862943611198906,0.8233301184919988
400,2.3978952727983707,2.303483379761897
401,7.781973234434385,7.803123165770481
402,1.3862943611198906,2.155019409012734
403,2.4849066497880004,2.4766574024352552
404,5.1647859739235145,5.044186775095611
405,5.272999558563747,5.205479216978116
406,1.791759469228055,0.9280882004281141
407,0.0,0.0005075853076124126
408,2.772588722239781,3.3429593314828683
409,1.791759469228055,3.1641627740116838
410,3.258096538021482,4.069822970226489
411,3.332204510175204,3.320251557031768
412,2.772588722239781,2.115670146915898
413,0.6931471805599453,0.21586320831650152
414,3.951243718581428,2.837842019854966
415,1.0986122886681098,0.7233226653606097
416,3.295836866004329,3.527736431078724
417,3.6635616461296463,3.27640238536504
418,0.0,1.3261053071864817
419,3.871201010907891,4.670336713814015
420,0.0,0.42248436092065855
421,0.0,0.7665067430805015
422,0.6931471805599453,0.882023481545646
423,0.0,0.09146784341345926
424,0.6931471805599453,0.5175285781338135
425,7.747596838692885,8.13767485110806
426,1.3862943611198906,1.045900200529982
427,1.9459101490553128,0.8970030565095104
428,0.0,0.6428465605476128
429,1.3862943611198906,1.4355298341057454
430,2.995732273553991,2.2735435262584454
431,3.044522437723423,3.487956027081575
432,5.056245805348308,5.5660445836162165
433,0.0,0.46285736706117353
434,5.513428746164983,5.7674780195472115
435,1.3862943611198906,2.6245500234039483
436,4.700480365792417,3.8666413684502206
437,1.3862943611198906,0.6844238993353426
438,0.0,0.9077064530549737
439,1.791759469228055,2.934423584082974
440,3.610917912644224,3.977531156327787
441,0.6931471805599453,-0.033995888629390514
442,0.0,0.5551372642529202
443,2.302585092994046,3.1808693155990997
444,0.0,1.115444976358818
445,4.262679877041316,5.011182709379845
446,4.430816798843313,4.633255435612943
447,5.455321115357702,6.391244653755353
448,2.70805020110221,2.6643006191924257
449,0.6931471805599453,0.3823380314725946
450,0.0,0.8289164500009985
451,5.1647859739235145,5.175567881400543
452,0.0,0.8194998369121749
453,0.0,0.5887584559924255
454,3.218875824868201,2.969340100275737
455,1.9459101490553128,1.7879660960791832
456,1.0986122886681098,0.6972153677653337
457,2.4849066497880004,2.9018400332214345
458,5.613128106388071,6.246744163803095
459,0.0,1.2956542828785633
460,0.6931471805599453,0.9867039180308337
461,0.0,0.3513217868145915
462,0.0,0.4285565975491934
463,0.0,0.563200239738761
464,0.0,0.17519497304146103
465,3.091042453358316,2.606106406928704
466,2.079441541679836,2.7370503918894395
467,0.0,0.5830689997172331
468,0.0,-0.03392120737252213
469,3.737669618283368,3.001065943016312
470,0.0,0.568788289429689
471,4.672828834461906,3.608221856126405
472,3.784189633918261,3.8917285430730546
473,2.833213344056216,2.478516867150031
474,1.9459101490553128,2.437704497650643
475,0.0,0.5328840832860657
476,4.007333185232471,3.853036378776413
477,1.9459101490553128,1.4744829565355868
478,0.0,0.7752403890076252
479,0.6931471805599453,1.5092952006620057
480,1.6094379124341005,1.340531419120167
481,1.0986122886681098,1.4600843131195673
482,0.0,1.133626954456506
483,0.6931471805599453,1.2783740380054844
484,2.19722457733622,1.3252592132212901
485,0.6931471805599453,1.69583345972549
486,2.3978952727983707,2.6825720021323813
487,5.0369526024136295,5.053512186163642
488,0.0,1.0696381067808196
489,0.0,-0.006604751934216058
490,0.6931471805599453,1.3185422236724098
491,1.0986122886681098,1.1473475568646898
492,0.0,0.5043988955064365
493,2.302585092994046,1.6135180062366592
494,2.772588722239781,2.755387880362505
495,2.5649493574615367,2.3305147577758727
496,2.833213344056216,1.7187324316604649
497,2.4849066497880004,1.5331939323149952
498,3.4339872044851463,3.1664861162717943
499,3.58351893845611,3.612493322785324
500,6.1092475827643655,7.088228412491662
501,5.66988092298052,6.109970077513276
502,0.0,0.7297522731594821
503,2.772588722239781,1.7633847059526464
504,0.0,0.3525803732526904
505,1.9459101490553128,2.8111930158689407
506,1.791759469228055,1.942146200786199
507,1.0986122886681098,0.4103429291956542
508,0.0,-0.23808853158613097
509,0.6931471805599453,1.664366624905115
510,3.713572066704308,4.26249466289261
511,0.0,0.8560307703936114
512,8.439880088313567,9.303000619404582
513,3.8501476017100575,4.287262154873045
514,4.07753744390572,4.565597179135101
515,0.6931471805599453,0.34459762932380844
516,1.9459101490553128,2.403468348133017
517,2.4849066497880004,2.3277831315771866
518,7.080867896690782,5.565084757787634
519,5.429345628954441,5.734835107698701
520,0.0,0.06601294735516561
521,0.0,0.7807589296684923
522,0.6931471805599453,0.9198667265202043
523,0.0,0.48975232232379584
524,0.0,1.0012048110682534
525,0.0,0.2858288112188476
526,6.084499413075172,5.2632423648846345
527,0.6931471805599453,0.46029976866089894
528,0.0,0.10585786509308281
529,2.4849066497880004,2.020466854578444
530,1.0986122886681098,1.7842172199967417
531,0.0,0.2509697625181446
532,2.70805020110221,3.032108507660191
533,0.0,0.15256287252493816
534,7.606387389772652,8.761314758791334
535,1.791759469228055,1.6004939299962193
536,0.0,0.15767661818030065
537,0.0,0.9851567616808459
538,3.8918202981106265,3.3129244841163894
539,3.6375861597263857,4.495621193753798
540,1.3862943611198906,1.5296717257599919
541,9.169976605786628,6.849890233343906
542,0.0,0.1700775515351296
543,0.0,-0.23515404346053792
544,1.6094379124341005,0.9683411332128573
545,4.663439094112067,5.220316501714969
546,1.6094379124341005,1.8137247263073686
547,1.0986122886681098,1.0196069717493508
548,2.772588722239781,2.737251344666825
549,0.0,-0.13855194971845597
550,6.077642243349034,6.862763672816281
551,6.635946555686647,6.6172391183856485
552,0.6931471805599453,0.4269986951663045
553,2.302585092994046,0.7791040722416782
554,9.169976605786628,7.246118081877481
555,4.04305126783455,4.177824795087354
556,0.0,0.05017399532086264
557,3.713572066704308,2.6132821894298583
558,2.4849066497880004,2.7750602377019686
559,2.19722457733622,2.1667170705064462
560,2.3978952727983707,2.8447733824886496
561,0.0,0.5134383972145282
562,0.6931471805599453,0.5506363018897122
563,2.19722457733622,0.9436770606071685
564,5.123963979403259,4.065928035811291
565,2.772588722239781,2.9832077421576497
566,0.0,0.8087059191185542
567,0.0,0.1353519083182504
568,0.0,1.2318901346427673
569,5.501258210544727,5.236693504199776
570,3.295836866004329,3.2379551447488133
571,0.0,0.36486741482221063
572,0.0,0.5827128828666464
573,0.0,0.7309951142818802
574,0.0,-0.2513265407522032
575,2.4849066497880004,2.0311244200558853
576,4.430816798843313,4.638016061412394
577,0.6931471805599453,1.037144243034594
578,0.0,-0.3597356948200843
579,0.6931471805599453,0.36225657713913106
580,2.4849066497880004,2.4018121590454222
581,2.8903717578961645,3.668620937892621
582,1.0986122886681098,1.6524810270429144
583,0.0,0.67841924635341
584,6.956545443151569,7.214127241765998
585,3.7612001156935615,4.345820439226484
586,1.6094379124341005,0.20070687933421505
587,3.1354942159291497,3.023131626091874
588,6.461468176353717,5.702368601017593
589,4.23410650459726,4.156601054222888
590,4.882801922586371,4.723614855173713
591,0.6931471805599453,0.6520013009347152
592,2.833213344056216,3.4917823081541837
593,0.0,-0.27380260269498713
594,6.595780513961311,7.1445460909944325
595,0.0,-0.23178803182142804
596,4.174387269895637,3.9049630317683954
597,0.6931471805599453,0.30244042600097387
598,2.19722457733622,2.638468561648455
599,1.791759469228055,2.6124279708920404
600,2.079441541679836,2.1612467192320923
601,1.6094379124341005,1.9491490154800286
602,3.1354942159291497,2.1792816595911604
603,0.6931471805599453,1.8305386427716437
604,0.0,-0.03848904803226194
605,0.0,-0.1746640713802594
606,0.0,0.6199060715195515
607,1.0986122886681098,0.47323193171855693
608,6.894670039433482,6.537933195395882
609,1.3862943611198906,0.8792518296619598
610,2.8903717578961645,3.187846899758524
611,0.0,0.6012303214380486
612,0.0,1.8303987943798252
613,5.961005339623274,2.2910646822244765
614,5.7745515455444085,6.512245884624046
615,1.6094379124341005,0.29981739794730533
616,4.248495242049359,3.385207994514748
617,8.658692753689937,9.40652739676378
618,0.0,0.6050852381332938
619,0.0,0.5450594073517869
620,1.6094379124341005,1.334925390992643
621,3.912023005428146,3.649650962340334
622,0.0,0.09686527099352027
623,4.762173934797756,5.064801789444749
624,0.6931471805599453,1.3040098112330314
625,0.0,0.013764686907251189
626,0.0,0.4849220427065941
627,0.0,0.41570914837259254
628,5.680172609017068,5.387900489802041
629,1.0986122886681098,0.497547768884147
630,0.6931471805599453,1.308268319560539
631,0.0,0.5426273916494653
632,0.0,0.4611542645858613
633,4.02535169073515,3.580959567494372
634,3.737669618283368,3.2845181003422104
635,2.70805020110221,2.3402740099863943
636,0.6931471805599453,-0.055889525419410724
637,0.0,0.0623543016256769
638,1.3862943611198906,1.532644436663182
639,3.1780538303479458,3.2760683019625905
640,3.4339872044851463,3.0962135378490148
641,1.0986122886681098,0.8213989708484783
642,0.0,0.9214431919240691
643,0.0,0.6911339178768894
644,4.23410650459726,3.8678185228329447
645,0.0,-0.028587601655958306
646,2.302585092994046,3.2183087585868573
647,0.6931471805599453,1.2938044782588056
648,0.0,0.3807294478707559
649,1.791759469228055,2.0347883020765
650,0.0,-0.013169885413251148
651,0.0,-0.33796880535590024
652,0.0,0.6339043972705987
653,3.8501476017100575,4.2703995398315
654,4.624972813284271,4.640775896506332
655,0.6931471805599453,0.7578712219938335
656,1.791759469228055,2.1019907325979488
657,3.332204510175204,3.2998189414989687
658,0.0,0.5681896672925311
659,4.605170185988092,4.36492476880969
660,0.6931471805599453,1.5861008846532008
661,0.0,0.5735410086064223
662,0.0,0.480264919074989
663,5.4510384535657,6.003969279343291
664,5.703782474656201,5.978848042350485
665,5.594711379601839,4.974254186398522
666,0.6931471805599453,0.9280466516881323
667,0.6931471805599453,1.2812727771888937
668,4.663439094112067,4.612595131076667
669,0.0,0.20844114035916173
670,0.0,0.45215023963891765
671,1.0986122886681098,0.9752090090715386
672,2.079441541679836,1.0935279254101042
673,2.6390573296152584,2.3991906786801627
674,1.0986122886681098,1.2417612797972932
675,2.833213344056216,2.28050555264824
676,5.973809611869261,6.445307452777595
677,0.0,0.75739083754336
678,0.6931471805599453,0.9572729392542196
679,0.6931471805599453,0.10661063175370122
680,3.58351893845611,3.2298765912778133
681,0.6931471805599453,-0.17570156621823374
682,4.174387269895637,3.9799920085024683
683,3.367295829986474,3.0585609714953725
684,6.729824070489475,5.422417978567697
685,0.0,0.5542722560367652
686,0.6931471805599453,1.2940709796897198
687,4.3694478524670215,3.9559797916265533
688,3.8501476017100575,3.5764178019617043
689,1.6094379124341005,0.4912725025681821
690,0.0,0.6863944082891724
691,2.9444389791664403,3.439455664517232
692,0.6931471805599453,0.37921930384302804
693,2.833213344056216,2.7362746669009983
694,4.204692619390966,3.4864643787811667
695,7.431299675155903,7.685606219830861
696,0.6931471805599453,0.9775141287742795
697,2.4849066497880004,2.2346736232274784
698,7.167809184316444,2.3522301551226232
699,7.126087273299125,8.075236739210546
700,6.486160788944089,5.27954852507346
701,2.833213344056216,2.4677965210801176
702,0.0,0.5309584603304867
703,0.6931471805599453,0.17512767179054523
704,2.772588722239781,3.381397328594357
705,3.8501476017100575,3.535406821138934
706,1.0986122886681098,0.9887301956695103
707,0.6931471805599453,0.7161338508703134
708,0.0,0.7853369582206438
709,2.4849066497880004,3.3438534124754575
710,0.0,0.31589488168525315
711,0.0,0.7068574446844671
712,6.413458957167357,5.074446758168501
713,2.5649493574615367,3.2002785543425754
714,0.0,0.506196981106509
715,0.0,0.213176717120501
716,5.7430031878094825,6.625864360411542
717,3.218875824868201,2.0013381027730857
718,0.6931471805599453,0.7427157132227256
719,3.1354942159291497,4.2549143601339905
720,0.6931471805599453,1.7942234827511276
721,1.3862943611198906,1.7842480374052883
722,0.0,0.6642840502385614
723,1.9459101490553128,1.2266691150706066
724,0.0,0.5569126057063036
725,3.332204510175204,1.4649934653544312
726,1.0986122886681098,0.14393514174613342
727,7.089243155027514,6.100255307154692
728,1.0986122886681098,0.7915553648136946
729,3.912023005428146,4.245021359317128
730,1.3862943611198906,1.6899300908796575
731,1.0986122886681098,1.2455200548195744
732,0.0,0.13825073977637947
733,3.6635616461296463,2.9470667195839333
734,4.127134385045092,4.587309243801034
735,3.49650756146648,3.0181234128681034
736,2.3978952727983707,2.7058086130889882
737,8.442685139241176,8.181466864255004
738,2.6390573296152584,1.6438782535832208
739,0.0,0.16393909957303254
740,3.5263605246161616,3.714556907286025
741,0.6931471805599453,0.712135981749235
742,6.169610732491456,5.795154089189841
743,5.198497031265826,5.012066871248589
744,6.042632833682381,5.855765806942826
745,1.6094379124341005,1.56977493794943
746,1.791759469228055,1.2191803609590486
747,0.0,0.4925260603930821
748,0.0,0.8069683251774256
749,2.3978952727983707,2.4461137060480604
750,3.970291913552122,4.887599269706806
751,4.543294782270004,4.187597352782787
752,1.0986122886681098,0.8019795597414041
753,0.0,0.5692264655102639
754,5.236441962829949,4.157581125851559
755,3.8918202981106265,4.260999634063203
756,2.302585092994046,2.3660912732412056
757,3.1780538303479458,3.367154634951366
758,4.406719247264253,2.633209285423134
759,5.262690188904886,5.899873491103505
760,2.772588722239781,1.7697533595868578
761,0.6931471805599453,0.5088419732156306
762,0.0,0.2827840391720642
763,6.765038976780541,7.6398585886374875
764,2.70805020110221,1.8670287389983022
765,2.772588722239781,2.5757344925086403
766,5.3230099791384085,5.154859568774003
767,0.0,0.41203611770030424
768,1.3862943611198906,2.104030967430149
769,2.995732273553991,3.449396095619118
770,0.0,1.3355404118169414
771,0.0,1.1870367498778924
772,4.060443010546419,4.1515694185140655
773,1.6094379124341005,0.863598697598196
774,0.0,0.2890884086325598
775,1.0986122886681098,2.0706501782000366
776,0.0,0.010054254190781098
777,5.627621113690637,6.332762868509041
778,1.0986122886681098,1.8382208908442927
779,4.875197323201151,4.46430066564988
780,1.3862943611198906,1.9751051495121938
781,0.0,0.1844218881957449
782,9.06577692078483,9.565796870952088
783,2.079441541679836,2.278658528388749
784,0.0,-0.11553373262820488
785,3.912023005428146,3.664193716692221
786,1.9459101490553128,1.6435534694561988
787,0.0,0.09776218980848927
788,3.4011973816621555,3.6021815080411965
789,6.536691597591305,6.257031328116911
790,0.0,0.6018406127194047
791,5.3612921657094255,4.356294887925619
792,0.0,0.7264535192651274
793,0.0,0.47868034711561513
794,0.0,0.3813182788515097
795,3.4011973816621555,1.5128551873883203
796,0.0,0.5997133686908629
797,0.0,0.6330697947595774
798,3.688879454113936,4.166160437865328
799,0.0,0.5760444381949332
800,5.062595033026967,4.853736036138196
801,1.3862943611198906,1.3669455718458976
802,0.6931471805599453,0.6647873384997547
803,0.6931471805599453,0.9676922506506063
804,2.70805020110221,3.327983957958856
805,0.0,0.7083537875710699
806,5.117993812416755,5.40785943015642
807,0.0,1.0869739819576483
808,0.0,-0.12288322563322618
809,7.711101251840158,8.56466967197545
810,0.0,-0.3260715722060574
811,7.130098510125578,7.375411344232112
812,0.0,0.5988620425018805
813,0.0,0.4930552180686707
814,0.0,0.5885180225732236
815,3.49650756146648,3.67190803086873
816,0.6931471805599453,0.9807354874989442
817,0.0,0.6498747001843572
818,0.0,0.3766523628015481
819,0.0,1.0615944115458034
820,2.19722457733622,1.7222065588406876
821,3.258096538021482,2.963538162740646
822,1.0986122886681098,0.5970732646409875
823,0.0,0.656679269270225
824,2.079441541679836,1.808390786933634
825,2.833213344056216,2.777006561531551
826,0.0,0.7402165410030406
827,9.169976605786628,9.675077594458262
828,7.954723334497908,8.281929904033337
829,0.0,0.751262863425807
830,0.6931471805599453,0.7362055076753213
831,9.169976605786628,9.193827384235899
832,0.0,-0.018617747065781565
833,1.3862943611198906,2.229633149141379
834,4.219507705176107,4.632309283267606
835,2.4849066497880004,0.965317401274411
836,2.8903717578961645,3.724337694211494
837,1.6094379124341005,1.4793001481524173
838,2.079441541679836,1.4827103725201516
839,2.8903717578961645,1.2599534802044774
840,2.5649493574615367,1.756361948732731
841,4.976733742420574,5.062919019547012
842,3.49650756146648,3.017105673327236
843,0.6931471805599453,0.8889107233105538
844,7.186901020411631,7.078697535254145
845,5.030437921392435,5.440813341913316
846,1.791759469228055,2.18207438036223
847,4.890349128221754,4.5782057883170175
848,0.0,1.426733199902392
849,1.3862943611198906,2.163084723726679
850,3.9889840465642745,3.964407554424202
851,0.0,-0.18270191478365394
852,7.43543801981455,7.943999722186429
853,1.3862943611198906,1.5724515030216506
854,1.6094379124341005,0.4121026088404536
855,0.0,0.24938445746612992
856,0.0,0.7746540747081403
857,0.0,0.9878683612884549
858,0.0,0.5182637911992267
859,7.398174092970465,7.20902851467966
860,5.802118375377063,4.877567950572534
861,8.866017398810255,9.38458514129573
862,5.613128106388071,3.5087045771253
863,0.0,0.7129864230294736
864,3.258096538021482,2.077779684872125
865,0.0,0.4275579703400785
866,2.995732273553991,1.649716006497816
867,0.0,0.37437280204219103
868,2.5649493574615367,2.785296707564259
869,2.4849066497880004,2.3274688314171827
870,0.0,-0.0960823606801533
871,4.219507705176107,3.8112885333633235
872,4.0943445622221,4.073958302246008
873,3.332204510175204,3.166268950207258
874,0.6931471805599453,1.251806161457186
875,2.079441541679836,1.4329373957087226
876,0.0,0.978644365807551
877,3.367295829986474,3.2092393011861757
878,0.0,0.5328841153853583
879,0.0,0.9271582051662641
880,0.0,0.48637388774619916
881,1.0986122886681098,0.19422893441533917
882,2.70805020110221,1.4176237878190037
883,0.0,0.7724526444334412
884,1.0986122886681098,0.6651777504085516
885,1.791759469228055,1.8984855677805457
886,7.519149957669823,7.4135651585228866
887,2.772588722239781,2.604377790367573
888,5.6937321388027,5.832479786960356
889,3.1354942159291497,0.7187556591712065
890,0.0,-0.06599149107602065
891,0.0,0.8407081657419397
892,2.8903717578961645,3.160009588509001
893,1.6094379124341005,0.8139993403106665
894,9.0320506762956,9.611110079788505
895,0.0,0.3346085463407622
896,2.302585092994046,2.0893138924441113
897,2.302585092994046,1.3953274277290295
898,4.997212273764115,4.5824916069978325
899,1.791759469228055,1.69658228755102
900,4.882801922586371,5.032994352007795
901,0.6931471805599453,0.5606399954118744
902,2.3978952727983707,1.2012750628077165
903,5.552959584921617,5.45363403299846
904,0.6931471805599453,0.16579839248002415
905,4.867534450455582,3.9576122378732457
906,1.6094379124341005,2.6620300252849662
907,1.791759469228055,0.603692747426833
908,0.0,-0.20449311112558943
909,4.564348191467836,4.569921249266011
910,0.0,0.8014492891513412
911,2.079441541679836,2.6810648524080745
912,2.3978952727983707,2.6681172232457007
913,2.3978952727983707,2.524009571863602
914,0.0,0.051767120986181414
915,6.324358962381311,4.064451952304605
916,0.0,0.462636372832248
917,6.39024066706535,6.654678112371969
918,2.079441541679836,0.6003166661379356
919,0.0,0.11653057948891288
920,0.0,-0.010630153623439664
921,0.0,0.147661910893929
922,0.0,0.5684288795099528
923,5.225746673713202,5.777421781251244
924,0.0,0.2559608657126007
925,4.060443010546419,3.0605562094460397
926,1.3862943611198906,0.6358756380276305
927,0.0,0.1607457646932131
928,4.442651256490317,4.619837008625798
929,0.0,0.596481506586034
930,4.5217885770490405,4.779427683142656
931,2.6390573296152584,2.653473447298604
932,6.194405391104672,6.555168030873216
933,0.0,0.4558933279270825
934,0.0,-0.002739701151713181
935,0.0,0.8074486463471418
936,3.4657359027997265,3.4888874478470866
937,3.091042453358316,3.1004643528234612
938,0.0,-0.23013268365678163
939,1.3862943611198906,2.055679736142932
940,5.981414211254481,5.998283502660368
941,0.0,0.367067107723974
942,4.6443908991413725,4.378479607778799
943,0.0,0.15614841279943326
944,2.079441541679836,2.14496593603054
945,2.3978952727983707,2.079718559001701
946,0.0,0.2380027411898169
947,3.044522437723423,3.050635240662848
948,0.0,0.706419208779534
949,3.044522437723423,3.6846807992161548
950,2.302585092994046,2.349464073863303
951,1.791759469228055,2.313207363599743
952,2.5649493574615367,2.251402915203042
953,9.169976605786628,8.579796726534866
954,3.58351893845611,3.9772229688384213
955,1.3862943611198906,1.9929650218744535
956,5.780743515792329,5.091212165961203
957,7.094234845924755,7.5934662649681135
958,3.295836866004329,3.5658354690504135
959,0.0,0.6352970995144824
960,5.996452088619021,7.089575963691039
961,2.302585092994046,2.310872204182403
962,4.418840607796598,4.135520589776874
963,4.543294782270004,3.4803302343144984
964,7.05444965813294,6.218815907998726
965,0.0,0.7322386362694175
966,0.0,0.9374014258505667
967,2.772588722239781,2.3219663957691337
968,0.0,0.41702172765698586
969,2.19722457733622,1.129676763599148
970,2.5649493574615367,2.934814038067623
971,2.9444389791664403,3.2581783919442
972,1.3862943611198906,0.6910862528216355
973,3.555348061489413,4.7359719522531485
974,2.9444389791664403,2.8808658752712253
975,0.0,0.7461636506255209
976,0.6931471805599453,1.6788491319815941
977,1.791759469228055,1.3974150355186592
978,3.1354942159291497,4.178080411208154
979,0.0,0.5966902376086565
980,3.784189633918261,3.4093569147042464
981,0.0,0.6638805202103466
982,0.0,1.3466047537349752
983,0.6931471805599453,0.19978396424835143
984,2.079441541679836,1.946212550243494
985,1.6094379124341005,1.275158176550841
986,1.3862943611198906,1.8588900811396776
987,3.332204510175204,3.0153475508978915
988,3.044522437723423,3.740378339366817
989,2.4849066497880004,3.191881248882975
990,4.143134726391533,3.1332125280152905
991,1.791759469228055,2.295873020819862
992,2.833213344056216,2.897157773076421
993,0.6931471805599453,0.46507698989636626
994,2.079441541679836,2.008482994685284
995,0.0,-0.10302308293790707
996,4.158883083359672,3.6195682973562775
997,0.0,0.7591010129936175
998,2.079441541679836,0.4535217188540528
999,0.0,-0.15972811695817857
1000,1.3862943611198906,1.4946451147955107
1001,0.0,-0.312603414728835
1002,0.0,1.2467355825738138
1003,1.6094379124341005,0.8540190988703122
1004,3.8918202981106265,3.171387796372726
1005,0.0,0.9440207967242518
1006,1.0986122886681098,1.0349688259983632
1007,3.8501476017100575,3.420898402635121
1008,2.302585092994046,2.444195929740231
1009,1.3862943611198906,1.2058348113633608
1010,4.07753744390572,4.8135870088314405
1011,0.6931471805599453,0.8840568743831132
1012,0.0,0.5250200285551396
1013,0.6931471805599453,0.24081043274743053
1014,0.6931471805599453,0.7195589396936299
1015,0.0,0.8205371465445652
1016,0.0,0.544782641527181
1017,1.3862943611198906,1.14131451834093
1018,2.079441541679836,1.9208595375350352
1019,5.123963979403259,5.753117166470913
1020,1.6094379124341005,1.7273310688470123
1021,0.0,0.6306294350247934
1022,0.0,1.1248755061810258
1023,1.0986122886681098,1.670548707962444
1024,4.934473933130692,4.811423404815971
1025,0.6931471805599453,0.43093856667936725
1026,1.3862943611198906,1.6371641193458417
1027,2.9444389791664403,2.4179605823516632
1028,1.3862943611198906,0.35466812669379255
1029,0.0,0.22282782335030893
1030,2.9444389791664403,0.8347464745059798
1031,0.6931471805599453,0.21195244797711954
1032,2.5649493574615367,2.94416900414281
1033,5.638354669333745,6.133406686070074
1034,1.0986122886681098,0.5185497722993044
1035,0.0,0.5526666109793545
1036,3.6635616461296463,3.550485042966155
1037,2.8903717578961645,1.4119828330946556
1038,0.6931471805599453,0.37362127321946836
1039,1.6094379124341005,1.0430549629137997
1040,3.80666248977032,3.717016260976755
1041,5.225746673713202,5.092849639428499
1042,0.6931471805599453,0.9785944014499746
1043,3.258096538021482,3.5114315603127046
1044,0.0,0.03330301890507581
1045,0.0,0.09163466814990073
1046,1.6094379124341005,1.6480819676727756
1047,7.938802248154481,8.091857009193319
1048,0.6931471805599453,0.6866228070783222
1049,5.214935757608986,4.813900663214408
1050,0.0,0.09713248699965504
1051,0.0,0.613271512208708
1052,0.6931471805599453,0.9271582051662641
1053,2.4849066497880004,1.513864924146766
1054,2.3978952727983707,2.6304136539687812
1055,2.70805020110221,2.4152515956527596
1056,6.180016653652572,5.986373937394346
1057,1.0986122886681098,1.1248221068836397
1058,0.0,1.386609240424883
1059,0.0,0.654297806783845
1060,0.0,0.02295872905389995
1061,0.6931471805599453,1.1991554708641285
1062,0.6931471805599453,1.1941250636013574
1063,1.6094379124341005,2.5317511847300187
1064,0.0,0.7527673783478437
1065,1.3862943611198906,0.8206094208719048
1066,0.0,0.6653220887477109
1067,6.385194398997726,6.837648337371066
1068,0.0,-0.01248291601214424
1069,0.6931471805599453,0.558813325544893
1070,1.0986122886681098,1.4670950948210009
1071,1.6094379124341005,1.2495589567059624
1072,5.3981627015177525,5.031822444482301
1073,3.9318256327243257,3.82787050104523
1074,4.983606621708336,5.185182530426946
1075,0.0,0.24875362309708882
1076,3.218875824868201,2.671095332952157
1077,0.0,0.2956924513206678
1078,0.0,0.21321333968034972
1079,5.075173815233827,5.367692814956397
1080,6.028278520230698,5.5744404577433535
1081,3.610917912644224,3.2429871474622614
1082,0.0,0.19203841160693225
1083,9.060447282401563,9.354379221186969
1084,1.3862943611198906,1.351778894923427
1085,1.6094379124341005,-0.049463102686050586
1086,3.044522437723423,3.099837054641641
1087,3.688879454113936,3.529247380218499
1088,0.0,0.31944498876227545
1089,4.653960350157523,4.746186720187274
1090,6.584791392385716,6.028771638260265
1091,0.0,0.4695692221678742
1092,1.6094379124341005,1.2347330412375264
1093,1.0986122886681098,0.6905923100743754
1094,6.274762021241939,6.132119425191898
1095,0.0,-0.24509551539662544
1096,3.091042453358316,3.3895211665001024
1097,5.365976015021851,4.55573078647018
1098,2.3978952727983707,1.7455194494805433
1099,2.079441541679836,1.5310993464302847
1100,3.8918202981106265,3.8646139726088724
1101,1.6094379124341005,0.4866819525325441
1102,0.0,0.47801294318820053
1103,2.70805020110221,2.6980380265529766
1104,4.584967478670572,4.0856362166048585
1105,6.508769136971682,6.8606563289811255
1106,0.0,0.6077644182972148
1107,0.6931471805599453,1.6103623192095318
1108,2.4849066497880004,2.4173497585704102
1109,1.0986122886681098,0.5311102418897669
1110,5.303304908059076,5.564640819014148
1111,0.0,0.653414754577454
1112,5.241747015059643,4.38000575380949
1113,2.19722457733622,2.1258121910433934
1114,6.030685260261263,5.820958246637702
1115,1.791759469228055,1.8755546322199612
1116,4.663439094112067,3.609713877493901
1117,1.791759469228055,2.6944076120733444
1118,4.543294782270004,4.274895959856236
1119,0.0,0.5783142780101782
1120,0.6931471805599453,0.218120809027758
1121,0.6931471805599453,0.9101792601390786
1122,0.6931471805599453,0.5439338288291953
1123,3.044522437723423,2.2889011109833306
1124,5.0369526024136295,4.2472766080747775
1125,0.6931471805599453,1.5672937335860901
1126,4.454347296253507,4.532330552438627
1127,1.6094379124341005,2.714992104830838
1128,1.6094379124341005,1.8616029676425805
1129,1.3862943611198906,1.3914887781755574
1130,4.74493212836325,4.576331691854584
1131,4.276666119016055,3.957377556537355
1132,3.332204510175204,2.5979267037585974
1133,4.584967478670572,4.237447412649414
1134,1.0986122886681098,0.6940976464232187
1135,0.0,-0.008645155004847194
1136,0.0,0.32271374552334975
1137,3.044522437723423,1.9236716767836928
1138,2.079441541679836,1.9037293775273225
1139,4.890349128221754,4.755934214183306
1140,2.079441541679836,0.8563483152093587
1141,8.289539484624141,8.724514021071995
1142,0.6931471805599453,0.3600357127235365
1143,0.0,0.2124239267216521
1144,0.6931471805599453,0.8389434445247494
1145,0.0,0.10020455440781362
1146,0.0,1.504141799698222
1147,0.0,0.24713079991715592
1148,0.0,0.06861360916071213
1149,0.6931471805599453,0.27298323880416
1150,0.6931471805599453,0.5857474164373577
1151,0.0,-0.20539239190118463
1152,0.6931471805599453,0.911798100137829
1153,5.58724865840025,5.357406389374848
1154,3.610917912644224,3.8040265032822855
1155,3.828641396489095,4.307874629572668
1156,2.4849066497880004,1.7840875363690205
1157,6.184148890937483,5.370922129780836
1158,6.519147287940395,4.168633571499308
1159,6.0112671744041615,5.400874361117975
1160,1.3862943611198906,0.529862810099363
1161,4.532599493153256,5.269611675498805
1162,3.9889840465642745,3.5256357399664573
1163,1.3862943611198906,1.7762157280488022
1164,1.791759469228055,1.3568091549900556
1165,1.9459101490553128,1.9143673681051647
1166,0.6931471805599453,0.8463239716839852
1167,2.4849066497880004,2.7674494971008956
1168,2.19722457733622,1.2143965527699183
1169,0.0,0.0707596472567058
1170,4.867534450455582,4.201351192590132
1171,0.6931471805599453,0.35476940260308654
1172,0.0,0.3155307718406821
1173,0.0,0.35394174372840803
1174,0.0,0.7281343962414326
1175,0.0,1.1591020719816145
1176,2.8903717578961645,3.0871231754283133
1177,7.301822342137932,7.728848992609197
1178,1.0986122886681098,0.536605476361848
1179,0.0,0.06856081279875692
1180,0.0,1.1293369779337903
1181,1.9459101490553128,1.1703271166119285
1182,5.2832037287379885,5.315391517917439
1183,0.0,0.2644064704266067
1184,0.0,0.40118695762434875
1185,0.0,0.5623118471102406
1186,4.584967478670572,3.982635700819821
1187,2.4849066497880004,2.9915570536736547
1188,0.0,1.3677792343869695
1189,0.0,0.35877317860182734
1190,2.8903717578961645,3.2264568314510695
1191,3.8501476017100575,4.057768705914219
1192,0.0,0.556700897835825
1193,3.9318256327243257,0.8174285184356365
1194,0.6931471805599453,0.33111189849440814
1195,1.791759469228055,1.704277595956154
1196,0.6931471805599453,1.445228296074041
1197,7.10085190894405,6.829647495402155
1198,0.6931471805599453,0.4509695098696156
1199,0.0,0.45671518463106353
1200,7.553810852008231,7.967326025607357
1201,0.0,0.6998193228647616
1202,2.19722457733622,2.2135464135178093
1203,1.6094379124341005,1.487073384217632
1204,4.997212273764115,4.713941540138489
1205,0.6931471805599453,1.4168034992765097
1206,5.552959584921617,3.7333617255766525
1207,1.6094379124341005,0.45985891487280894
1208,4.836281906951478,4.396956290778557
1209,2.5649493574615367,2.6620323151110257
1210,2.70805020110221,2.5336545333054032
1211,4.343805421853684,4.012851444998661
1212,1.791759469228055,2.0899552238346106
1213,0.0,0.2243608705555551
1214,3.367295829986474,1.2254446802742311
1215,1.791759469228055,0.7198235901277847
1216,9.169976605786628,8.805550241144406
1217,1.791759469228055,0.8188050842276551
1218,7.525639975041535,8.44317544964021
1219,8.043984431221553,7.958394143119694
1220,1.3862943611198906,0.8608445125222086
1221,1.0986122886681098,1.0879627256798532
1222,0.0,0.8257580567431397
1223,3.737669618283368,3.3357109838940717
1224,2.3978952727983707,0.609105390055068
1225,3.8918202981106265,4.334776988129914
1226,5.513428746164983,2.701128086850707
1227,0.0,0.1168447044279004
1228,1.3862943611198906,1.1746397969964912
1229,5.976350909297934,5.828736510986582
1230,4.465908118654584,3.222349559658827
1231,3.367295829986474,4.358049451627656
1232,1.9459101490553128,2.5837263929123315
1233,2.079441541679836,1.1664666151735825
1234,3.7612001156935615,5.118225445565923
1235,0.0,0.4447213873086824
1236,2.079441541679836,1.9473633026956054
1237,1.6094379124341005,1.9077655587486038
1238,4.356708826689592,3.2150678402786075
1239,1.6094379124341005,2.003084496682897
1240,0.0,0.686641414874327
1241,4.356708826689592,3.888483260201549
1242,0.0,0.4244459306565149
1243,8.173575486634153,3.7683139500336464
1244,0.6931471805599453,1.0421382594656377
1245,1.6094379124341005,1.4685330861310952
1246,3.295836866004329,2.832069219591541
1247,1.0986122886681098,1.9918084118760873
1248,2.995732273553991,2.472103846258704
1249,3.044522437723423,2.9928563747967982
1250,1.3862943611198906,0.6318537299529958
1251,0.6931471805599453,0.9454255172942052
1252,0.6931471805599453,0.5664298373586636
1253,0.0,0.9543185191281969
1254,5.030437921392435,3.428705615811155
1255,4.204692619390966,4.0631704774889315
1256,0.0,1.1098834065529162
1257,0.0,0.4437341960412431
1258,0.0,0.4830475307156159
1259,3.1354942159291497,3.868008099596662
1260,3.218875824868201,3.0780786225649646
1261,2.3978952727983707,2.5431429988971557
1262,1.6094379124341005,0.009170984025677065
1263,0.6931471805599453,0.5274976570783021
1264,0.0,-0.1486457803786263
1265,1.3862943611198906,1.5727766538083978
1266,0.0,0.14144269085955097
1267,2.995732273553991,3.2695525782363624
1268,0.6931471805599453,1.2923989501242077
1269,0.0,-0.09615034784742393
1270,1.3862943611198906,1.7777144592115204
1271,0.0,0.7577750272445003
1272,1.0986122886681098,1.927701548054141
1273,0.0,0.8555368010160673
1274,0.6931471805599453,0.7506489886114887
1275,2.6390573296152584,3.056804841468254
1276,0.0,0.7683112234489724
1277,1.6094379124341005,0.7053538843267109
1278,5.303304908059076,5.4296803500739035
1279,3.1780538303479458,3.373112991239547
1280,4.143134726391533,4.674181495565392
1281,3.4657359027997265,3.4161666216470206
1282,0.0,0.35044051900415396
1283,2.079441541679836,1.466231733131805
1284,4.990432586778736,4.2275235478686515
1285,0.0,0.3121412287265537
1286,0.0,0.7396231835658487
1287,0.0,-0.11518102363091787
1288,1.3862943611198906,1.5036404044896408
1289,2.079441541679836,0.6374778880201453
1290,2.302585092994046,2.357318750228205
1291,0.0,0.46858862404039203
1292,1.6094379124341005,1.7677302221624467
1293,0.0,0.16697705293722898
1294,6.902742737158593,0.9000448290226097
1295,4.691347882229144,3.681776150717793
1296,2.70805020110221,4.62492387480799
1297,4.248495242049359,4.967003830953268
1298,1.3862943611198906,0.7048732291764674
1299,5.786897381366708,6.203296054261957
1300,0.0,0.3110627294120225
1301,0.0,0.303833845755622
1302,3.828641396489095,3.5663547367075514
1303,4.852030263919617,4.672161993946741
1304,1.3862943611198906,1.7420382021154537
1305,1.791759469228055,0.7496123202900971
1306,2.3978952727983707,0.07579337178138523
1307,8.15162164696975,8.164618143502693
1308,0.6931471805599453,1.115626295387381
1309,1.3862943611198906,1.4897842492666011
1310,1.3862943611198906,0.8365590794340523
1311,2.772588722239781,2.7130409066663415
1312,0.0,0.1862978064057237
1313,2.19722457733622,2.409500249437053
1314,9.169976605786628,8.695961961800169
1315,8.458716261657262,3.8051614745049256
1316,1.3862943611198906,0.9861083923110812
1317,0.0,0.6442808076684425
1318,3.80666248977032,2.9690062288943078
1319,5.961005339623274,6.177965379350265
1320,0.0,0.22509435716039006
1321,4.8283137373023015,5.948756242693125
1322,2.833213344056216,2.924013848289076
1323,2.8903717578961645,2.5767971369643345
1324,6.877296071497429,7.134958784499476
1325,0.0,1.0785013242518233
1326,0.6931471805599453,0.9788415935382719
1327,0.6931471805599453,1.3366974659654343
1328,0.0,0.9480744071522156
1329,7.886832998955056,8.329046802002104
1330,0.0,0.9877118676617709
1331,3.218875824868201,3.054304484440374
1332,5.049856007249537,5.004201722374022
1333,1.3862943611198906,0.8283791471130999
1334,5.3981627015177525,5.984261407503109
1335,4.07753744390572,3.9659127690483498
1336,2.5649493574615367,2.3470693106149882
1337,0.0,0.26324565054737015
1338,4.248495242049359,4.303584213142676
1339,3.295836866004329,4.310869536228001
1340,0.6931471805599453,0.483492683839724
1341,0.0,0.7365297216903279
1342,5.384495062789089,6.006610509774142
1343,6.961296045910167,6.832405133896017
1344,2.5649493574615367,2.217065570232056
1345,2.995732273553991,3.189834255043279
1346,1.791759469228055,2.385554680067476
1347,0.0,0.2724262793485459
1348,0.0,0.42481047077570855
1349,9.09952053687094,5.813403813974647
1350,4.912654885736052,4.521503640304971
1351,0.0,0.8590388686549344
1352,0.0,0.703877227207925
1353,0.0,0.16574927465132294
1354,1.6094379124341005,2.1534058128644746
1355,6.115892125483034,6.303250219575624
1356,3.367295829986474,3.7102622243287167
1357,2.302585092994046,2.199187067065955
1358,2.772588722239781,2.894697644596111
1359,4.204692619390966,4.317853056229845
1360,4.248495242049359,3.7988394072904494
1361,2.6390573296152584,2.4703639431347333
1362,2.70805020110221,2.501622846645492
1363,1.9459101490553128,1.771172719186909
1364,1.0986122886681098,1.7134323338617683
1365,1.3862943611198906,0.7864220126579216
1366,3.367295829986474,3.7927710858509034
1367,0.0,0.023892912917092612
1368,0.6931471805599453,1.098595437856348
1369,1.791759469228055,1.693693504224904
1370,0.0,0.6750973015604851
1371,0.0,-0.049472031963358365
1372,2.302585092994046,1.919223590928379
1373,4.532599493153256,3.408853954804032
1374,3.091042453358316,1.514068599147197
1375,6.159095388491933,4.601295368603054
1376,2.079441541679836,1.6142191867413236
1377,3.80666248977032,2.9511374874309393
1378,1.791759469228055,1.685275352954557
1379,4.5217885770490405,2.0763817078237605
1380,6.907755278982137,7.227322119915017
1381,0.0,0.29842081285572375
1382,2.5649493574615367,3.1581300562871073
1383,0.0,0.2893720925249781
1384,2.5649493574615367,2.5387321425921145
1385,2.8903717578961645,2.9108435229549317
1386,0.6931471805599453,0.14562729186839674
1387,1.0986122886681098,1.1473816231967022
1388,1.0986122886681098,1.208112413880917
1389,1.0986122886681098,0.4148977018427922
1390,1.0986122886681098,0.5652057677505751
1391,2.079441541679836,1.5914041377223884
1392,0.0,0.006063018273954945
1393,0.0,0.7424481790108022
1394,4.68213122712422,5.203439449011633
1395,0.0,0.1815518511132157
1396,4.934473933130692,5.165891413797622
1397,0.0,0.40251479593149986
1398,2.4849066497880004,1.3447330820988603
1399,3.4011973816621555,3.2054113106258386
1400,0.0,0.6133721961562559
1401,1.9459101490553128,2.619002350505694
1402,2.6390573296152584,2.779518800872003
1403,2.5649493574615367,1.525912433650934
1404,1.0986122886681098,0.6429197411854732
1405,0.0,0.791027375726179
1406,0.6931471805599453,0.7802099913443827
1407,2.4849066497880004,2.953127314606159
1408,0.0,-0.31388392756102057
1409,3.912023005428146,4.0783238634630194
1410,0.0,2.095531187565659
1411,0.0,-0.029724399770814536
1412,0.6931471805599453,0.45534171787358346
1413,2.3978952727983707,2.529688731002659
1414,4.110873864173311,2.8867777401214094
1415,3.044522437723423,2.9259167247194786
1416,2.772588722239781,2.7542315854889012
1417,0.0,0.3675377196556304
1418,0.0,0.46021421530236406
1419,1.791759469228055,2.0711836720741186
1420,0.0,0.6142739224280596
1421,7.113956109566034,6.951845872191887
1422,0.6931471805599453,0.5963259835024755
1423,0.6931471805599453,0.6625199662620562
1424,0.0,1.1137214601648486
1425,1.3862943611198906,0.7291395646321976
1426,7.537430036586509,8.25548233697384
1427,1.0986122886681098,0.795806727401726
1428,0.6931471805599453,0.8628557864405815
1429,5.075173815233827,5.066142011871741
1430,1.0986122886681098,1.810918342384158
1431,3.4011973816621555,2.437594872928475
1432,2.8903717578961645,1.1259760266281882
1433,1.791759469228055,0.8432930406599612
1434,0.6931471805599453,0.8252300291883561
1435,0.0,0.388048284751771
1436,5.968707559985366,5.812939185610391
1437,0.0,0.4853727188738177
1438,5.056245805348308,5.616625826768473
1439,0.6931471805599453,1.2377758300666613
1440,2.079441541679836,1.179781331856061
1441,3.1780538303479458,3.6800069523808614
1442,4.04305126783455,4.1225692931098425
1443,0.6931471805599453,0.3050593711102225
1444,2.19722457733622,2.8350389779619922
1445,1.6094379124341005,0.9334462899767235
1446,0.0,-0.25619581839108374
1447,2.079441541679836,2.3575376929384135
1448,1.791759469228055,1.5981021196777219
1449,2.3978952727983707,2.314296815957314
1450,4.59511985013459,4.881130282133794
1451,0.0,0.35237370095315423
1452,5.752572638825633,5.374133144961262
1453,5.541263545158426,5.712856032908661
1454,5.407171771460119,5.5504715469795265
1455,0.0,0.5880460014999054
1456,2.079441541679836,1.1241858535360851
1457,5.768320995793772,6.162984593107225
1458,1.0986122886681098,0.9682883920725223
1459,0.0,0.8906063363988006
1460,1.791759469228055,2.030029662101575
1461,6.684611727667927,6.266844426003196
1462,8.57828829077605,8.755035956440945
1463,0.0,0.8384458305732585
1464,0.0,0.5057631762224251
1465,0.6931471805599453,1.47175615049614
1466,3.1780538303479458,3.26562799743472
1467,5.19295685089021,5.046309771824378
1468,0.0,0.72367536671915
1469,6.192362489474872,6.8170419153878345
1470,0.6931471805599453,1.4068223253518821
1471,4.59511985013459,4.980921665675683
1472,3.9318256327243257,3.6882767555738782
1473,2.6390573296152584,2.88587508915184
1474,5.14166355650266,5.70300906771576
1475,6.928537818164665,6.299158280428216
1476,6.198478716492308,5.303645430276693
1477,4.30406509320417,4.7571320158023065
1478,0.0,0.6119280460764964
1479,2.302585092994046,2.2515518926853377
1480,4.394449154672439,3.1712872898132884
1481,3.6375861597263857,3.384167565610406
1482,0.6931471805599453,0.9118554661182343
1483,0.0,0.43334722075919485
1484,2.70805020110221,2.339367608569074
1485,4.343805421853684,4.282094445992898
1486,3.1354942159291497,3.0304927168763536
1487,0.0,0.2411815462637814
1488,1.0986122886681098,0.2644457976294343
1489,1.3862943611198906,2.27241834759114
1490,1.0986122886681098,0.5976345164078138
1491,4.700480365792417,4.490175769131232
1492,1.0986122886681098,0.9554097883115258
1493,0.0,0.649108861034708
1494,4.624972813284271,4.971889896347816
1495,2.4849066497880004,2.4379097015387194
1496,1.3862943611198906,0.695571796329346
1497,3.367295829986474,2.7544105301909307
1498,1.791759469228055,1.78391612998296
1499,0.6931471805599453,0.11707127044933197
1500,2.079441541679836,1.2373862262698134
1501,4.605170185988092,3.7151298886599955
1502,0.6931471805599453,-0.142535931019784
1503,1.6094379124341005,1.0136137620340633
1504,0.0,0.2774012739820617
1505,0.0,0.035576505638113876
1506,6.883462586413092,7.979498112885256
1507,2.5649493574615367,2.183569570141447
1508,0.0,0.9704194013117149
1509,1.0986122886681098,1.8558128812117167
1510,1.0986122886681098,1.3309161515271204
1511,4.564348191467836,5.50420258954889
1512,6.455198563340122,7.301044845455736
1513,8.061486866871327,7.52773119636492
1514,0.0,0.5397826824006606
1515,0.0,0.37088842592421445
1516,1.0986122886681098,0.9918503957766158
1517,5.087596335232384,3.6263820431935665
1518,0.0,0.531419804784526
1519,0.6931471805599453,0.5528769212432012
1520,3.9889840465642745,4.259101767612302
1521,1.0986122886681098,1.1109726557833486
1522,0.0,0.6437754580864643
1523,6.9865664594064265,7.777545866783293
1524,4.290459441148391,5.562424943523975
1525,4.23410650459726,3.7247954096984635
1526,0.0,0.6709324853261724
1527,3.4011973816621555,2.602235295282653
1528,4.07753744390572,3.574370613890106
1529,3.091042453358316,2.904202670749709
1530,2.70805020110221,2.6008839619909474
1531,0.0,0.1407623996231151
1532,6.699500340161678,6.684489135352518
1533,1.791759469228055,2.40856538740962
1534,2.302585092994046,2.7156476197369463
1535,5.82600010738045,6.629481973373209
1536,1.3862943611198906,0.9156409133380217
1537,1.9459101490553128,1.6462845912677855
1538,3.80666248977032,3.5423165853404903
1539,4.543294782270004,4.47779621982871
1540,6.56244409369372,6.039323826868342
1541,9.169976605786628,4.260411075754871
1542,2.302585092994046,1.371304107164284
1543,1.6094379124341005,0.9393855769621218
1544,6.736966958001855,6.550352527215988
1545,0.0,0.0621278084970891
1546,6.9865664594064265,7.186630319583749
1547,2.8903717578961645,2.81960559429431
1548,2.6390573296152584,3.326418330236903
1549,1.0986122886681098,0.6191694174138935
1550,2.079441541679836,0.8967024109809778
1551,4.174387269895637,5.347641396632693
1552,3.871201010907891,3.2719743023558383
1553,2.4849066497880004,2.2796035803525516
1554,0.0,0.32983466918531956
1555,0.0,1.515377696512017
1556,3.871201010907891,3.2781285638235285
1557,2.70805020110221,1.1729675596507894
1558,0.0,-0.3102305745940135
1559,0.0,-0.2526594495684793
1560,0.0,0.423198969225967
1561,0.0,0.5462045633108965
1562,2.079441541679836,2.5880059644702254
1563,0.0,0.6406003294218074
1564,0.6931471805599453,1.077753593588884
1565,0.0,1.7917181864082563
1566,0.0,0.24986749470021374
1567,0.0,0.19156060487699555
1568,1.0986122886681098,0.5413958322410743
1569,0.0,0.5875749082352784
1570,0.0,0.004278891837715015
1571,4.02535169073515,3.503085162915304
1572,1.3862943611198906,1.531529427597658
1573,0.0,1.4121529764042582
1574,1.3862943611198906,2.2169946994335588
1575,3.58351893845611,3.40210928697259
1576,0.0,0.9392023025596352
1577,0.6931471805599453,1.4986563869887637
1578,2.19722457733622,0.7103912048212058
1579,0.6931471805599453,1.3909655731157944
1580,2.4849066497880004,2.271934643371815
1581,2.302585092994046,1.63878822292611
1582,5.075173815233827,4.449392990486921
1583,2.3978952727983707,0.9299956984361781
1584,0.0,0.779384719134181
1585,4.882801922586371,4.496210553180112
1586,0.0,0.2997586228128677
1587,4.795790545596741,1.8222339144040909
1588,5.993961427306569,6.175625245412553
1589,5.308267697401205,4.436134978682868
1590,2.5649493574615367,2.9180040899115873
1591,4.6443908991413725,4.886442030984923
1592,4.356708826689592,4.40863756687056
1593,0.6931471805599453,0.46831799173864685
1594,0.0,0.2381668654143203
1595,1.6094379124341005,0.9182937452196887
1596,7.167809184316444,8.351237761047063
1597,0.0,0.4071513329200678
1598,2.833213344056216,3.8402791259186806
1599,4.955827057601261,4.718997876112175
1600,0.0,-0.2759681068325226
1601,0.0,-0.03439082172527863
1602,0.6931471805599453,1.472160168275584
1603,2.079441541679836,2.1965995662701143
1604,4.02535169073515,3.726824429503758
1605,1.6094379124341005,1.1440630748228058
1606,0.0,0.026422641795958324
1607,3.258096538021482,3.589888907532452
1608,0.0,1.0553489219897276
1609,5.755742213586912,4.749055885202181
1610,3.332204510175204,1.8003351525773081
1611,0.6931471805599453,1.5564013583037621
1612,2.4849066497880004,2.4903914279210753
1613,3.688879454113936,2.9857457996899006
1614,1.6094379124341005,1.3609528120573868
1615,1.9459101490553128,2.0111938064559793
1616,1.3862943611198906,1.6106079320224662
1617,1.791759469228055,0.9794987053746653
1618,9.169976605786628,9.006161759603318
1619,2.3978952727983707,2.019561920095775
1620,1.0986122886681098,2.449048942003853
1621,2.772588722239781,2.8026139756899164
1622,4.219507705176107,3.7731559980678435
1623,0.0,0.5606317490145203
1624,1.3862943611198906,3.075096157206122
1625,0.6931471805599453,0.3641843392105888
1626,0.0,0.5313706414782735
1627,1.0986122886681098,0.7222075435125621
1628,2.302585092994046,2.196787370259846
1629,1.791759469228055,1.3830813348796354
1630,1.0986122886681098,1.3917174612799572
1631,1.0986122886681098,2.402488937069955
1632,6.077642243349034,5.184209716344224
1633,2.3978952727983707,1.5898422281649431
1634,0.0,0.2457891867376767
1635,0.6931471805599453,0.6011769856449167
1636,0.6931471805599453,0.9816406354357468
1637,4.060443010546419,1.5914154887070002
1638,4.543294782270004,4.144165398823466
1639,1.3862943611198906,1.5638287190568216
1640,8.68406264365127,8.950653947760149
1641,1.0986122886681098,0.6471614272659498
1642,0.0,0.22853239893672894
1643,0.6931471805599453,0.7805802382503666
1644,1.0986122886681098,1.0525536713376238
1645,7.975908360165538,8.772432443910795
1646,0.0,0.2121403364284551
1647,4.691347882229144,4.930300013535026
1648,9.169976605786628,9.313955604846214
1649,5.855071922202427,6.2205720827417785
1650,2.079441541679836,3.0592593353763755
1651,6.98933526597456,6.57232010761548
1652,0.6931471805599453,0.6688566569305996
1653,2.19722457733622,1.0399923367007358
1654,2.772588722239781,2.251802266225497
1655,1.0986122886681098,1.3980134095459753
1656,2.6390573296152584,1.311947542842684
1657,5.117993812416755,5.667506503318748
1658,1.0986122886681098,0.8385679292372323
1659,4.174387269895637,4.680160721081105
1660,5.062595033026967,5.000818746080769
1661,4.356708826689592,3.250995944127493
1662,0.0,0.22932848262050332
1663,0.0,0.44146260546166705
1664,0.0,0.25059405945180924
1665,0.0,1.041995014434113
1666,3.218875824868201,0.8195934950043771
1667,0.0,0.12941818763714918
1668,2.9444389791664403,4.875308513832102
1669,0.6931471805599453,0.5658596359571246
1670,0.0,0.029106240097934943
1671,0.0,0.04247621513829136
1672,1.3862943611198906,1.2906290728612602
1673,0.0,0.06684953834619556
1674,0.0,0.618251928335908
1675,0.0,0.7982374996335235
1676,6.495265555937008,6.753669648136842
1677,1.3862943611198906,1.9432521123285524
1678,0.0,0.5801915019596418
1679,0.6931471805599453,0.9125905288052316
1680,3.610917912644224,2.9877577987238606
1681,0.0,0.5435922280096483
1682,6.699500340161678,6.731347913827213
1683,0.0,0.918392883054908
1684,6.511745329644728,6.5423388504970585
1685,3.49650756146648,3.453397899854547
1686,5.351858133476067,3.950112500048389
1687,0.0,0.3645080408389718
1688,1.791759469228055,2.1547913705492547
1689,1.3862943611198906,2.585655109411938
1690,2.079441541679836,3.1214322609707144
1691,1.6094379124341005,1.4939260943369215
1692,6.907755278982137,6.826839759691929
1693,0.0,0.13849218015371578
1694,2.3978952727983707,1.7840258485828118
1695,0.6931471805599453,1.4794688768005486
1696,3.8918202981106265,4.198926818267281
1697,3.1354942159291497,3.8820413974033317
1698,0.0,0.7639507877879492
1699,1.6094379124341005,1.380244855581315
1700,3.091042453358316,3.0214051151792116
1701,2.19722457733622,3.3961358603886014
1702,1.0986122886681098,1.107270123478301
1703,0.0,0.21508052095003505
1704,0.6931471805599453,0.9005724939338318
1705,6.22455842927536,6.855826719793104
1706,4.454347296253507,4.1856710531645644
1707,2.6390573296152584,0.887223428471843
1708,0.0,0.3155917333851077
1709,0.0,0.3729468329910621
1710,1.3862943611198906,0.865095343130657
1711,0.0,0.7819049892622223
1712,0.0,0.04855976845812515
1713,1.0986122886681098,0.4943650702376816
1714,6.269096283706261,6.394783834386978
1715,5.3706380281276624,5.600187980778335
1716,2.19722457733622,0.5997164613665882
1717,1.791759469228055,0.8352628498276153
1718,3.912023005428146,1.2485177990875465
1719,3.4657359027997265,3.7058314327924418
1720,8.231642179973411,8.07146304518718
1721,0.0,0.6903011741982532
1722,0.6931471805599453,0.060153726695340026
1723,1.3862943611198906,1.3678616293684593
1724,2.19722457733622,2.304729218140911
1725,2.4849066497880004,1.9483702056291943
1726,6.795705775173514,6.573564400152503
1727,0.0,-0.028991711598577385
1728,0.6931471805599453,0.6981893385816882
1729,5.942799375126701,5.789752583755576
1730,0.0,0.9243713131843798
1731,3.871201010907891,3.793411230847531
1732,4.23410650459726,3.734076607581727
1733,0.6931471805599453,0.8452902583857875
1734,2.3978952727983707,1.308831771247441
1735,1.0986122886681098,1.794084133243862
1736,2.302585092994046,3.1030363644637835
1737,0.0,0.0475449178946965
1738,4.219507705176107,4.029010931987653
1739,1.6094379124341005,1.8209381303133887
1740,0.0,0.2276371768052985
1741,1.0986122886681098,0.9248559493135784
1742,2.772588722239781,3.5448898430835856
1743,9.169976605786628,9.22713487309884
1744,4.382026634673881,4.684367251927224
1745,3.044522437723423,3.454399081389706
1746,0.0,0.560340931802052
1747,2.302585092994046,0.7646839772655636
1748,6.55250788703459,7.033508269160873
1749,0.0,0.6137451444119713
1750,4.653960350157523,3.7488414670515695
1751,2.70805020110221,2.1072360299589525
1752,0.6931471805599453,0.7781911214319106
1753,3.58351893845611,2.855219686791985
1754,1.0986122886681098,1.1216185277503872
1755,0.0,0.3932622592385917
1756,5.556828061699537,5.9232920206745945
1757,0.0,1.5048229876023278
1758,0.0,1.3206873175252638
1759,2.3978952727983707,1.5037070522069467
1760,8.128290171607052,7.71064682939988
1761,3.332204510175204,2.4665194507643236
1762,0.0,0.23254713236173385
1763,2.079441541679836,2.2110598623925766
1764,3.5263605246161616,3.258948744533906
1765,3.912023005428146,2.9219867084049578
1766,2.4849066497880004,2.7267634592320427
1767,4.875197323201151,4.728769520352145
1768,1.9459101490553128,2.2221367205367515
1769,2.302585092994046,2.405770020872971
1770,0.6931471805599453,0.8380184178558086
1771,1.6094379124341005,2.2886772386490275
1772,0.0,0.6092049296717006
1773,0.6931471805599453,0.5209818319046355
1774,0.6931471805599453,0.7051784838731623
1775,3.58351893845611,3.3015563131351495
1776,4.574710978503383,4.06719621061222
1777,3.6375861597263857,3.7818050434913864
1778,4.672828834461906,4.01149418370683
1779,3.6375861597263857,5.687593099377743
1780,7.231287004327616,7.546709415138412
1781,0.0,0.4270635934290494
1782,0.6931471805599453,0.6652760294130522
1783,0.6931471805599453,0.6491980482108459
1784,0.0,0.03577469802699884
1785,0.0,0.5615393245220726
1786,5.971261839790462,6.21019615223134
1787,0.0,-0.10539120199736063
1788,4.204692619390966,4.7409987289559705
1789,3.044522437723423,2.708426932728257
1790,0.6931471805599453,0.3208850129463596
1791,0.0,0.35766004832046794
1792,8.018954683155718,8.498298523024863
1793,0.0,0.6336881308084892
1794,4.110873864173311,4.56816911968002
1795,1.791759469228055,2.069801303721444
1796,4.060443010546419,4.063343863296587
1797,3.9318256327243257,3.692241476685293
1798,0.0,-0.17021611746594445
1799,0.0,0.002498356113261657
1800,0.6931471805599453,0.783777618207872
1801,0.0,0.12717722332610082
1802,1.6094379124341005,2.196487125142544
1803,2.302585092994046,1.6087960191421047
1804,0.0,0.23325582383494536
1805,4.969813299576001,4.716880132202182
1806,3.367295829986474,3.710018965045794
1807,0.0,0.20921240228492755
1808,4.276666119016055,4.506825435434218
1809,7.066466970136958,7.654280317368313
1810,0.0,0.5231286762961942
1811,3.9889840465642745,3.6996645408102196
1812,4.07753744390572,5.610645037939086
1813,4.51085950651685,3.7819075847148236
1814,1.0986122886681098,0.39057778790570286
1815,7.247080584585756,7.403609438036658
1816,6.467698726104354,5.402343109854231
1817,6.0473721790462776,5.567683283256228
1818,5.799092654460526,4.701248734911112
1819,0.0,0.7381599696868908
1820,0.6931471805599453,0.7789439675864336
1821,0.0,0.23734061312938337
1822,2.19722457733622,1.9508487211510954
1823,0.6931471805599453,0.9950898108508575
1824,4.770684624465665,4.661703053648483
1825,8.060855752934316,8.679852309368545
1826,7.255591274253665,7.8926867961871245
1827,1.0986122886681098,0.5423981478413211
1828,0.0,-0.1995951585547906
1829,0.6931471805599453,0.29646264583527326
1830,2.5649493574615367,0.8868575713928215
1831,4.736198448394496,4.8522648535325095
1832,2.3978952727983707,2.533906945382106
1833,2.302585092994046,2.280279994709221
1834,2.079441541679836,2.0094343691639924
1835,6.586171654854675,6.727267890839386
1836,4.330733340286331,4.719228215508483
1837,0.0,0.5215955293877736
1838,1.3862943611198906,1.4170054007104902
1839,2.6390573296152584,1.5256532867461852
1840,0.0,0.5143871720334117
1841,0.0,-0.00492986902221304
1842,0.0,0.6251810305416772
1843,6.889591308354466,6.82268201147349
1844,0.0,1.1116929642558
1845,6.738152494595957,6.649748546331986
1846,1.0986122886681098,0.663000258008789
1847,4.477336814478207,5.336878837498002
1848,0.6931471805599453,0.4016868382241612
1849,0.6931471805599453,1.0816303682015989
1850,3.091042453358316,3.221977315470129
1851,0.0,-0.21279660438164294
1852,1.791759469228055,1.9685140714408735
1853,2.772588722239781,2.3572779272041657
1854,0.0,0.3948753453377003
1855,0.6931471805599453,1.2831902009181908
1856,5.68697535633982,4.933108939905626
1857,2.302585092994046,2.583229243333795
1858,2.302585092994046,0.9538039132816107
1859,0.0,0.21154213534817456
1860,0.0,0.23911335228530728
1861,0.0,0.5446728014793201
1862,3.332204510175204,2.727000862529185
1863,1.0986122886681098,1.4162965703253538
1864,0.0,-0.0686505987219248
1865,3.7612001156935615,3.5032842079368063
1866,0.0,0.1610023142081971
1867,0.0,0.7198270984111703
1868,2.3978952727983707,1.955093330284979
1869,2.772588722239781,2.1309739725103816
1870,0.0,0.07080479697441167
1871,3.737669618283368,3.1988152627760558
1872,2.4849066497880004,2.6674307792787366
1873,0.0,0.46459579489247815
1874,3.4657359027997265,3.729144902574234
1875,4.219507705176107,2.9557973127959665
1876,0.6931471805599453,1.332488277478092
1877,3.80666248977032,3.200883160412232
1878,1.3862943611198906,1.9612062188441526
1879,2.9444389791664403,3.1574258961964397
1880,3.784189633918261,3.1965573281680975
1881,0.0,0.18083127834286428
1882,3.4011973816621555,1.64346376067568
1883,0.6931471805599453,0.8031720042584924
1884,7.651595573857601,7.869470192346923
1885,7.262628600974241,5.946152098391663
1886,5.209486152841421,4.115000968548052
1887,0.6931471805599453,0.8190245744518498
1888,1.9459101490553128,2.3758535559123093
1889,1.0986122886681098,1.5920841887625732
1890,5.717027701406222,5.723530172786964
1891,2.8903717578961645,2.645080641623178
1892,0.0,0.13085980617847648
1893,2.079441541679836,1.4230702992905924
1894,3.044522437723423,3.606872764711666
1895,0.6931471805599453,1.5304770267232264
1896,0.0,0.3292715207003738
1897,0.6931471805599453,0.05248531073902418
1898,1.791759469228055,2.284684516771825
1899,2.302585092994046,1.940034757083178
1900,1.0986122886681098,1.4040752968384944
1901,2.8903717578961645,2.568470588771512
1902,8.911934336161426,9.290568170107726
1903,5.41610040220442,5.200868117060976
1904,0.0,0.6348960259828027
1905,0.6931471805599453,0.533724200852846
1906,3.091042453358316,1.2411225980382081
1907,0.0,0.08477386260920339
1908,0.0,0.09061133443484604
1909,7.027314514039777,6.585146215284077
1910,4.248495242049359,4.216560566249845
1911,1.791759469228055,0.9072531201297822
1912,0.0,0.22233984636089676
1913,2.302585092994046,2.3707814675754055
1914,0.0,0.529437558057197
1915,0.6931471805599453,1.2872754057559588
1916,4.02535169073515,4.039446540338809
1917,2.3978952727983707,1.3509535028523203
1918,5.676753802268282,7.438234038770336
1919,8.700847193443972,5.097426440957402
1920,2.6390573296152584,2.812575950236062
1921,4.343805421853684,4.580312440714035
1922,0.0,0.29280878035482294
1923,1.0986122886681098,0.6153727145834562
1924,4.68213122712422,4.055334615617749
1925,1.3862943611198906,1.651358216828937
1926,4.143134726391533,3.6370157570990713
1927,6.163314804034641,6.565203161663226
1928,6.516193076042964,7.490300254707336
1929,0.0,0.1200160829556629
1930,4.68213122712422,5.115835274378789
1931,0.0,0.6755082283214742
1932,1.6094379124341005,0.9201208921327382
1933,2.772588722239781,2.8542087485875696
1934,7.57455848420248,7.671165377307312
1935,0.0,0.9471254443840551
1936,1.0986122886681098,2.2779137674341357
1937,0.6931471805599453,0.5383237068624693
1938,3.688879454113936,2.3320704509830077
1939,0.0,0.43596691982357405
1940,0.0,0.4969347136021318
1941,4.0943445622221,3.629908087212729
1942,2.6390573296152584,2.2151924056183248
1943,0.6931471805599453,1.4316205900657284
1944,4.02535169073515,4.08541019595609
1945,2.6390573296152584,2.5099448083577496
1946,7.938088726896952,8.875439908058803
1947,7.480992162869525,7.978733316956459
1948,4.74493212836325,4.985919791995697
1949,4.844187086458591,5.073265989531124
1950,1.0986122886681098,1.3376267735439988
1951,1.791759469228055,1.1287112861498494
1952,0.0,0.31930173576277987
1953,0.0,1.1685412905129944
1954,2.079441541679836,1.0210160068380683
1955,0.6931471805599453,0.5962125707239492
1956,5.43372200355424,5.683871882536927
1957,0.6931471805599453,0.53420835863857
1958,0.0,-0.16118448334133273
1959,0.0,0.3025649693329986
1960,0.0,1.165940352747161
1961,1.3862943611198906,1.533325338490811
1962,1.0986122886681098,-0.031187353939769125
1963,0.6931471805599453,0.7176957743821977
1964,2.4849066497880004,3.119350957597704
1965,3.610917912644224,2.9783332724825584
1966,3.49650756146648,2.7874121894460404
1967,0.6931471805599453,0.7905745684390575
1968,0.0,0.10610061766527767
1969,1.6094379124341005,1.975581206073447
1970,4.219507705176107,4.842330711821331
1971,5.834810737062605,4.589975258210957
1972,0.6931471805599453,0.03537665846711091
1973,0.0,1.13390338731333
1974,5.777652323222656,6.217551154403763
1975,3.332204510175204,3.396432857184884
1976,0.0,0.5037651911892753
1977,6.878326468291325,6.572382570791435
1978,4.844187086458591,3.5089423302546443
1979,1.3862943611198906,1.2286857880200448
1980,1.3862943611198906,1.3591687053493078
1981,0.0,-0.27759768142499874
1982,4.04305126783455,4.342259492656597
1983,2.079441541679836,3.835302257240114
1984,2.4849066497880004,0.013193233600017784
1985,0.6931471805599453,0.3237850554181323
1986,1.3862943611198906,0.5319794069243924
1987,2.8903717578961645,1.3259873025195485
1988,4.23410650459726,4.371693325028949
1989,0.0,0.02532139447039672
1990,0.0,0.768788300211102
1991,1.3862943611198906,1.3403848121008641
1992,9.169976605786628,8.850060546548882
1993,1.9459101490553128,1.0204870775735269
1994,2.9444389791664403,0.8644275759166986
1995,1.3862943611198906,0.7210366946544968
1996,4.574710978503383,4.476763627179549
1997,3.5263605246161616,4.127592864024601
1998,0.0,0.19872545761003968
1999,5.560681631015528,5.501691155859211
2000,0.0,0.21660675420762265
2001,2.772588722239781,3.3063898909996663
2002,0.0,0.8710439997383395
2003,0.0,0.6423380395483413
2004,0.0,0.830225584846741
2005,2.3978952727983707,2.535747733163741
2006,0.6931471805599453,0.5605275019139779
2007,0.6931471805599453,0.35539773930034446
2008,0.6931471805599453,0.45360411684193247
2009,4.736198448394496,4.588240694555554
2010,3.5263605246161616,4.044548350730644
2011,0.0,1.567414887017087
2012,2.6390573296152584,2.0929901866595197
2013,0.0,0.7860125370557491
2014,0.6931471805599453,0.6569371122508947
2015,4.51085950651685,3.759856397669015
2016,3.4657359027997265,3.0175262416951134
2017,4.653960350157523,5.6042740930315995
2018,4.584967478670572,3.280959480244679
2019,0.0,0.18694698131237564
2020,1.6094379124341005,1.8852122024774882
2021,1.3862943611198906,0.4230646889055829
2022,5.921578419643816,4.545292116502829
2023,4.343805421853684,4.857734388033971
2024,3.1354942159291497,1.188310384505256
2025,4.574710978503383,4.372398711275222
2026,0.0,1.0196637320913757
2027,0.6931471805599453,0.8174983026078086
2028,2.5649493574615367,2.3769796217309582
2029,2.70805020110221,2.723126345989439
2030,8.696510239189893,8.802523115352113
2031,0.6931471805599453,-0.06979149275095953
2032,6.018593214496234,6.151461124396123
2033,0.6931471805599453,1.5259526396941134
2034,0.0,0.31691369297878413
2035,2.70805020110221,3.1597740285006806
2036,4.762173934797756,4.9420697971166625
2037,0.0,-0.07346446968135734
2038,0.0,0.2000283465137107
2039,3.091042453358316,1.5728891463125918
2040,0.0,0.757282567875579
2041,2.5649493574615367,2.526879650478066
2042,6.732210706467206,6.537695755743866
2043,0.0,0.36730441555936055
2044,0.6931471805599453,0.5209944592768956
2045,3.80666248977032,2.8793028511751393
2046,3.951243718581428,3.3521914708739677
2047,2.5649493574615367,0.4959298751278265
2048,9.169976605786628,7.67855720074397
2049,1.6094379124341005,1.6424929160762711
2050,1.3862943611198906,1.3276348019857918
2051,0.0,0.27423862533813637
2052,0.0,0.38507111139488925
2053,1.791759469228055,2.3125431034982773
2054,7.569927655242652,6.275823574577791
2055,0.0,-0.6232666083604261
2056,0.0,0.12645303147591003
2057,0.0,0.6704729054754754
2058,7.910957382845589,6.09996132993955
2059,2.302585092994046,2.5588157262079263
2060,3.044522437723423,2.8670341019361887
2061,4.795790545596741,4.448678815510161
2062,0.0,0.7683236957256081
2063,4.74493212836325,3.536266574898559
2064,6.285998094508865,6.33862273426899
2065,3.737669618283368,4.1177960067924415
2066,0.0,0.5471786773500429
2067,0.0,0.46980141478379145
2068,3.091042453358316,3.543916025784203
2069,0.0,0.6632583690762712
2070,0.0,0.18168935566113964
2071,0.6931471805599453,0.2931088298075557
2072,7.53689712956617,7.700850952798156
2073,0.0,0.4350494555931106
2074,0.0,0.3689247526551158
2075,0.0,0.32571232470930345
2076,0.0,0.7358470578589629
2077,2.6390573296152584,1.3305962415426906
2078,0.0,-0.33217549163744886
2079,6.954638864880987,6.701663431011677
2080,0.0,-0.41913881991570356
2081,3.258096538021482,2.828073833873149
2082,0.0,0.46996575196243384
2083,1.3862943611198906,1.140521042912967
2084,0.0,0.9576097316186234
2085,1.6094379124341005,0.946795331382287
2086,3.4339872044851463,3.526560008412545
2087,2.302585092994046,2.6707404543404145
2088,0.0,0.9460946266471675
2089,2.4849066497880004,0.9904605746685196
2090,5.293304824724492,5.126752611904257
2091,1.0986122886681098,0.6792212894245246
2092,4.465908118654584,5.050014073917155
2093,9.169976605786628,8.391089861388178
2094,1.3862943611198906,1.4934136059003127
2095,1.3862943611198906,1.8346077682316182
2096,0.0,0.23957210109051896
2097,2.772588722239781,2.6292650126887684
2098,0.0,1.1116899325058693
2099,1.6094379124341005,0.5260566214058429
2100,1.6094379124341005,2.094569983531261
2101,4.553876891600541,3.2319872509048566
2102,5.472270673671475,5.4223579068827155
2103,0.0,-0.12765240971347147
2104,0.0,-0.3635936758012024
2105,0.0,-0.16520014626594914
2106,0.0,0.28370638180168894
2107,3.58351893845611,2.8760567519697458
2108,5.7745515455444085,4.056863213646551
2109,0.6931471805599453,-0.023747627173317465
2110,5.342334251964811,5.49939929610659
2111,4.844187086458591,3.4739032351467087
2112,0.0,0.06479458537931482
2113,1.0986122886681098,1.9857598484952628
2114,1.791759469228055,2.299432512959654
2115,0.0,0.5758912214329595
2116,0.0,0.6753334639699373
2117,2.9444389791664403,1.3112567185848478
2118,2.70805020110221,2.286435065048741
2119,0.6931471805599453,0.39517908035631333
2120,0.0,-0.10290830001872919
2121,0.0,0.9286860471777443
2122,0.0,0.4011919818093601
2123,0.0,0.8289447893612467
2124,0.0,0.9940638970482238
2125,0.6931471805599453,1.5726071311357432
2126,0.0,0.7123355086339656
2127,3.6635616461296463,4.064344577460903
2128,0.0,0.6976980787833356
2129,0.0,0.14293329010465605
2130,6.522092798170152,5.62588461573249
2131,3.1780538303479458,3.240309435726629
2132,3.951243718581428,3.6136268649486993
2133,0.6931471805599453,1.2275157869523932
2134,2.3978952727983707,2.958419466669505
2135,1.6094379124341005,2.3731032432969426
2136,0.0,-0.23829521801024178
2137,5.849324779946859,5.2747288359772275
2138,3.713572066704308,3.0909036913222425
2139,0.0,-0.08881088094773792
2140,2.6390573296152584,0.8494112382584025
2141,7.452402451223638,7.030477326014392
2142,0.0,0.2990357347616479
2143,3.258096538021482,3.310243877571179
2144,1.6094379124341005,1.2174487845893884
2145,5.3612921657094255,4.755072165780867
2146,1.0986122886681098,1.6677433800228656
2147,3.332204510175204,2.8711704528606505
2148,3.970291913552122,4.494351388044529
2149,1.3862943611198906,0.5572477208499833
2150,0.0,0.5960671630948946
2151,0.0,-0.16696761951456018
2152,0.0,0.34182917725949524
2153,0.0,0.3488549281898745
2154,2.70805020110221,2.165627492709357
2155,2.302585092994046,0.6983008446050543
2156,0.0,0.23973479615393245
2157,4.795790545596741,5.192304195916211
2158,0.0,0.0952011597600495
2159,3.218875824868201,3.537510232677464
2160,0.0,0.3106275428731653
2161,0.0,0.7508629878101862
2162,4.5217885770490405,3.608330424356163
2163,0.6931471805599453,0.7620352794587693
2164,1.791759469228055,1.137109884570482
2165,0.0,0.2868654228174359
2166,2.70805020110221,2.668884433674923
2167,0.0,0.38854514443365407
2168,2.6390573296152584,0.5255469798826153
2169,2.302585092994046,1.3841069844085474
2170,3.6635616461296463,2.6414504341113263
2171,7.400620577371135,6.618471227885389
2172,3.49650756146648,3.475870569745548
2173,1.0986122886681098,1.0935993387498768
2174,0.0,0.43712971856785154
2175,0.6931471805599453,1.7513106483140075
2176,4.770684624465665,5.684276130355337
2177,6.586171654854675,6.91671944772324
2178,0.0,0.20881157361532177
2179,8.258422462458876,8.884459051613856
2180,5.049856007249537,4.827251337789701
2181,0.6931471805599453,0.09294170258167167
2182,0.6931471805599453,0.27890216536266754
2183,1.6094379124341005,1.336709298539085
2184,4.382026634673881,3.9485323563427204
2185,3.912023005428146,3.2875605409920547
2186,4.204692619390966,4.271949967771016
2187,6.322565239927284,6.548416278639079
2188,2.833213344056216,2.8041543138136684
2189,0.0,-0.6958555772370802
2190,3.871201010907891,4.638177856591227
2191,0.0,1.308450105957799
2192,3.218875824868201,2.9640679686654194
2193,2.772588722239781,3.287321174306152
2194,1.6094379124341005,-0.22238262447718782
2195,2.70805020110221,2.4443162555271796
2196,4.174387269895637,1.4901913421889366
2197,2.70805020110221,1.9057954941559878
2198,3.367295829986474,3.015527584983417
2199,0.6931471805599453,0.6201884692443054
2200,3.713572066704308,3.5101878111600184
2201,0.0,0.45930924988975974
2202,5.220355825078324,5.148774788548578
2203,1.0986122886681098,0.2705068412763669
2204,1.6094379124341005,1.362166317854109
2205,2.079441541679836,1.8635934955191997
2206,0.0,0.6326551072454476
2207,0.0,0.39559541583044733
2208,8.108021221376747,7.790091002960611
2209,0.0,0.3913068424020041
2210,7.303843225277705,5.04173119065033
2211,0.0,2.103558911717063
2212,0.0,0.039830204678736436
2213,1.0986122886681098,1.6431213893693108
2214,4.219507705176107,3.4107366821915486
2215,0.0,0.4744411979654737
2216,7.126087273299125,7.2735169270861215
2217,0.0,-0.4696122971938075
2218,9.169976605786628,9.321951745828068
2219,5.501258210544727,5.325682723332364
2220,1.791759469228055,2.170029739911919
2221,1.0986122886681098,0.7835514419449874
2222,6.9167150203536085,6.783911720548075
2223,3.610917912644224,4.032170176121178
2224,3.1780538303479458,2.768638066769909
2225,1.791759469228055,1.746795280982309
2226,1.0986122886681098,1.6992704398656542
2227,0.6931471805599453,0.46468432952308314
2228,3.912023005428146,4.047907555892566
2229,0.0,0.4216741433462181
2230,5.799092654460526,6.0468934545564
2231,5.968707559985366,7.117231231640548
2232,0.0,0.5034702481962112
2233,3.713572066704308,3.5409533097978896
2234,0.0,0.22574996044873608
2235,3.1354942159291497,0.9526170148928257
2236,0.0,-0.14601367264817
2237,3.4657359027997265,3.2370002694725195
2238,0.0,0.5453844019101459
2239,0.0,0.2901000850463604
2240,5.159055299214529,4.139757606645512
2241,3.332204510175204,1.0934663061288572
2242,6.401917196727186,6.473233251244472
2243,4.3694478524670215,4.196871956589519
2244,5.1298987149230735,5.031874584913327
2245,2.9444389791664403,2.846565158378106
2246,3.713572066704308,4.095496321395882
2247,1.6094379124341005,0.9575487012235855
2248,4.605170185988092,4.058710557394258
2249,4.127134385045092,4.457447755371071
2250,5.955837369464831,6.64775362801676
2251,0.0,0.4962500676883659
2252,2.3978952727983707,3.2993236256005902
2253,5.583496308781699,4.1477744490621635
2254,0.0,0.5712193052333034
2255,2.9444389791664403,1.5921955214613863
2256,5.891644211825772,5.032960964860114
2257,5.730099782973574,6.227262965548885
2258,0.0,-0.166097326323015
2259,0.0,1.0600963280142006
2260,6.968850378341948,7.303359634210085
2261,0.0,0.8147196612834258
2262,0.0,0.474340797371805
2263,2.079441541679836,2.8145151334206737
2264,1.9459101490553128,1.3433689888151004
2265,1.6094379124341005,1.058333135852003
2266,0.0,0.0838338859040002
2267,0.0,-0.21110612102310178
2268,2.19722457733622,1.4630500946662106
2269,2.4849066497880004,1.7108338414806905
2270,8.546169299652755,5.035325392406833
2271,3.4657359027997265,3.6894465731043695
2272,4.158883083359672,4.167252052461793
2273,0.0,0.5078297171102406
2274,4.499809670330265,3.9142768438865927
2275,4.418840607796598,3.4701899153345077
2276,0.0,0.7566921830421638
2277,3.5263605246161616,3.337487093011962
2278,7.047517221357296,7.427646730126644
2279,1.3862943611198906,1.301339369294318
2280,3.6635616461296463,2.6006006687415124
2281,0.0,0.13588608147612158
2282,2.995732273553991,3.3368266820429664
2283,2.3978952727983707,1.7115230813141218
2284,0.0,0.40702295451844694
2285,1.3862943611198906,0.4329204064978882
2286,1.0986122886681098,1.2040776924028351
2287,0.6931471805599453,0.8998271077216176
2288,6.068425588244111,5.761821846899309
2289,1.791759469228055,1.3120028071346383
2290,0.0,1.1855302839948996
2291,2.772588722239781,1.3318526747091883
2292,5.905361848054571,3.839402612456017
2293,5.41164605185504,5.468549122660105
2294,5.579729825986222,4.3330402128288785
2295,4.406719247264253,3.0452032555656143
2296,7.504942068396171,8.293863049647198
2297,0.0,0.7536213627497264
2298,1.3862943611198906,2.419219706280583
2299,0.0,0.5720660810925282
2300,5.3981627015177525,4.327816036574903
2301,2.772588722239781,2.7985940927465416
2302,3.784189633918261,2.590318918739468
2303,5.541263545158426,6.479529867791837
2304,7.018401799069201,7.119543950189599
2305,0.0,1.0322033762588019
2306,4.060443010546419,3.5416424943185767
2307,0.0,0.9644071959129086
2308,3.49650756146648,2.5677417345395748
2309,0.0,0.33010802597417443
2310,1.6094379124341005,2.1074913432366595
2311,3.091042453358316,3.3360784375283306
2312,3.218875824868201,1.7456133275760368
2313,0.6931471805599453,0.4421053503069894
2314,0.0,-0.06546673430922656
2315,2.302585092994046,2.478506180179016
2316,5.10594547390058,5.441184243141443
2317,4.31748811353631,4.9709560241354165
2318,9.169976605786628,8.723138435628194
2319,0.6931471805599453,0.9880220036729301
2320,0.6931471805599453,0.5513078766469308
2321,0.0,0.02877524415820254
2322,4.532599493153256,4.318941816834849
2323,0.0,0.1972519472907175
2324,0.0,0.25216639381489925
2325,7.768110378525988,8.528110144138264
2326,0.0,1.1520839627231676
2327,0.0,0.4159941896405146
2328,0.0,0.4744411979654737
2329,2.079441541679836,1.488390837341398
2330,0.0,0.236552993502555
2331,0.0,0.40376451681333436
2332,2.079441541679836,0.7817992147603778
2333,0.0,0.29142269255267017
2334,0.0,1.2840041854212119
2335,0.0,0.45731409179358384
2336,0.6931471805599453,1.1576075984820013
2337,1.0986122886681098,0.6535911481747692
2338,0.6931471805599453,0.06257343632170542
2339,9.169976605786628,8.619350022726714
2340,0.0,0.7348857924968384
2341,0.0,0.9267193783610819
2342,0.0,-0.2956349919380741
2343,0.0,0.40047141530307306
2344,0.6931471805599453,0.6858334802254458
2345,0.0,0.29381367044544016
2346,0.0,0.414429676543149
2347,0.6931471805599453,0.660949405623269
2348,2.3978952727983707,1.2949092566722162
2349,1.3862943611198906,0.5711457199352705
2350,0.0,0.17260598003678673
2351,2.079441541679836,1.7196012008942119
2352,4.8283137373023015,5.420692106462315
2353,8.178358165605836,7.634941428612283
2354,3.044522437723423,3.761789419548198
2355,0.0,-0.32421356937998125
2356,4.02535169073515,4.440556689586891
2357,4.343805421853684,4.345229745156551
2358,0.0,0.4047026157373632
2359,6.309918278226516,6.052031786100106
2360,0.6931471805599453,0.2576487722293366
2361,3.091042453358316,3.2171718160426126
2362,0.0,-0.11884974720562669
2363,2.5649493574615367,2.668045522961212
2364,3.4657359027997265,3.6717977251221097
2365,0.0,0.45354249835581584
2366,0.0,0.202735371517913
2367,1.0986122886681098,1.8470866114249338
2368,0.6931471805599453,1.841363924576764
2369,4.718498871295094,4.622358092147722
2370,2.70805020110221,2.9043362596801785
2371,1.0986122886681098,1.1524213619167296
2372,1.791759469228055,1.4723011922577411
2373,3.80666248977032,3.768128183818477
2374,0.6931471805599453,1.0923973890997747
2375,0.0,0.8407672323763262
2376,0.6931471805599453,0.27119883615180385
2377,2.5649493574615367,2.735299377291777
2378,0.6931471805599453,1.8792637462757003
2379,1.9459101490553128,0.8797833579922818
2380,0.0,-0.3440622769489634
2381,0.6931471805599453,0.3051760402684631
2382,0.0,0.0733705719425286
2383,0.0,0.4133005180977485
2384,2.70805020110221,3.6096364760457575
2385,0.0,0.1864080035917941
2386,6.025865973825314,6.230766062656101
2387,0.0,0.47642424309840425
2388,4.8283137373023015,4.337792287614096
2389,1.0986122886681098,1.7499399912528073
2390,4.465908118654584,4.6497670869534025
2391,5.572154032177765,5.9938706106723
2392,3.218875824868201,3.186601872947289
2393,4.248495242049359,3.672023504280851
2394,3.218875824868201,2.868715417427234
2395,1.0986122886681098,1.713785167657842
2396,0.0,0.5685367556612506
2397,0.0,0.1901168531863
2398,0.0,0.19993144133217244
2399,6.57507584059962,4.708002955450721
2400,3.784189633918261,3.839103001141174
2401,0.0,1.3430114591535427
2402,0.0,0.5527367416653131
2403,0.6931471805599453,0.43393365000700546
2404,3.688879454113936,3.556340707685245
2405,2.302585092994046,2.0743043689736393
2406,0.6931471805599453,0.2309433677266397
2407,0.0,0.7908543943225235
2408,0.0,0.3997769185832196
2409,4.07753744390572,3.9516173392324587
2410,0.0,0.5489501143178304
2411,2.4849066497880004,2.3408106510137694
2412,4.04305126783455,4.57179617235969
2413,3.332204510175204,3.6235634655521025
2414,3.258096538021482,3.1766515124863166
2415,0.0,0.7510393202319772
2416,0.0,-0.22675226616605348
2417,0.0,0.39155021262025946
2418,0.0,0.5383804273045982
2419,5.765191102784844,5.359796753511415
2420,6.084499413075172,6.517194813369144
2421,4.795790545596741,4.492256815856305
2422,2.302585092994046,1.923217412046378
2423,7.305188215393037,7.834553629629602
2424,3.49650756146648,2.6300189710924986
2425,0.0,0.2227190433310886
2426,0.0,0.1260547831951051
2427,0.6931471805599453,0.7704845926662023
2428,2.4849066497880004,3.0862530276156708
2429,0.0,0.15162505295180972
2430,3.713572066704308,3.4535410229312866
2431,5.303304908059076,5.6275181377576695
2432,0.0,0.2162277220438682
2433,0.0,0.349451904073637
2434,1.6094379124341005,2.330254569261212
2435,3.555348061489413,3.0866354981205077
2436,0.0,0.3087360951902829
2437,6.025865973825314,5.6680218501959425
2438,0.0,0.010443816232201364
2439,5.926926025970411,5.974076656689122
2440,1.791759469228055,2.1844951566104864
2441,2.6390573296152584,3.008780301806665
2442,0.6931471805599453,1.2333188381738711
2443,4.060443010546419,4.361362141711594
2444,5.3706380281276624,5.482644817411644
2445,3.044522437723423,2.39536749322747
2446,2.19722457733622,3.393479131529033
2447,1.3862943611198906,1.5078633497654237
2448,0.6931471805599453,0.7369079222762653
2449,4.727387818712341,3.8833903782035053
2450,2.3978952727983707,1.016450979536611
2451,1.0986122886681098,1.4849770006819794
2452,0.0,0.2100409584980767
2453,0.6931471805599453,0.6983091242129504
2454,0.0,0.6877007724858062
2455,1.0986122886681098,1.8849097085967825
2456,8.458504195067558,7.981255869830584
2457,1.3862943611198906,2.2142478666832877
2458,5.634789603169249,5.8812267828720675
2459,0.0,-0.7745100790640307
2460,0.0,0.009213614808695869
2461,1.3862943611198906,1.2336815366673122
2462,2.302585092994046,1.2973165116370924
2463,0.0,0.813887576674029
2464,2.19722457733622,2.367140069077995
2465,0.0,-0.37645335006230907
2466,4.465908118654584,4.3342658104055385
2467,0.0,0.7960863376364857
2468,0.0,0.6300193924558388
2469,2.772588722239781,1.4720632345117455
2470,3.8501476017100575,3.8128438126804727
2471,2.302585092994046,2.7086506575178433
2472,1.6094379124341005,2.1595233078498106
2473,1.3862943611198906,0.7483516260907783
2474,3.044522437723423,3.0642746919786994
2475,1.0986122886681098,1.029555986304853
2476,1.0986122886681098,-0.030942639288875196
2477,0.0,0.011985358470226526
2478,4.0943445622221,4.096302456285701
2479,3.295836866004329,2.608732780788957
2480,1.0986122886681098,0.692382263990287
2481,1.791759469228055,1.2125773261012374
2482,1.791759469228055,0.5398502051821772
2483,0.0,0.6062951407497807
2484,2.833213344056216,2.0225398766056024
2485,4.74493212836325,4.217440108761932
2486,3.6635616461296463,3.0875579865913605
2487,0.0,1.1163743239560378
2488,0.0,0.8574301221252167
2489,4.605170185988092,2.765158716985341
2490,0.0,1.4276737813124165
2491,5.746203190540153,6.299481332630946
2492,0.0,-0.38493436592583485
2493,6.946013991099227,7.704899049105758
2494,0.0,0.6301426132513743
2495,0.0,-0.27069509351290844
2496,3.367295829986474,2.70909212478116
2497,1.9459101490553128,1.6979499684869577
2498,1.3862943611198906,2.6905779663524556
2499,6.093569770045136,6.265863367767789
2500,8.621733370690162,7.152427451736184
2501,1.791759469228055,1.9583176193608784
2502,0.0,0.3866574542150152
2503,3.4011973816621555,3.240032988822691
2504,0.6931471805599453,0.65523165556356
2505,0.6931471805599453,0.07379927504017125
2506,0.6931471805599453,0.7664178241821908
2507,4.23410650459726,4.695261740476601
2508,0.0,0.0994225785761702
2509,0.0,1.1431395226662193
2510,1.0986122886681098,1.133125156000046
2511,4.709530201312334,2.9743931200837816
2512,0.0,0.9940124010935167
2513,4.564348191467836,4.319132331039704
2514,1.3862943611198906,2.1198791784028237
2515,0.6931471805599453,0.06320506509729906
2516,0.6931471805599453,0.2723260251389923
2517,3.8918202981106265,3.6217021895338015
2518,4.343805421853684,3.2603210366375635
2519,1.6094379124341005,1.406709340250677
2520,0.0,0.17647973632168856
2521,0.0,-0.2882473286532137
2522,0.0,0.5363089449132394
2523,0.0,0.45978329414678787
2524,3.258096538021482,3.5130140041889777
2525,0.0,0.036668532509303464
2526,0.0,0.6583215535795996
2527,2.6390573296152584,0.810952748126188
2528,2.9444389791664403,2.93404639866364
2529,0.0,0.7392563390765206
2530,3.1354942159291497,3.2131515436876814
2531,5.497168225293202,5.162900639422307
2532,4.770684624465665,3.761132856798242
2533,0.0,-0.19190133599146764
2534,0.6931471805599453,0.869032392536677
2535,1.6094379124341005,1.3516291872115698
2536,5.849324779946859,5.879509478929307
2537,0.0,1.0569528725948691
2538,6.421622267806518,6.830021277111436
2539,0.0,0.6422548077988834
2540,0.0,0.32353489942858227
2541,1.0986122886681098,0.21305409420851973
2542,0.0,0.29087136775008293
2543,0.0,0.4033623447808181
2544,2.5649493574615367,2.67099972490319
2545,1.3862943611198906,2.015167764565951
2546,0.0,-0.17131865485562603
2547,0.0,-0.03233550559370579
2548,0.0,0.834803005850048
2549,0.0,0.6686821551253455
2550,8.025516386489008,8.29308036669173
2551,0.0,0.4069958012467523
2552,0.6931471805599453,0.7217981021455098
2553,0.0,1.0114574204468985
2554,1.6094379124341005,1.912332739179531
2555,4.48863636973214,5.931975310818401
2556,3.5263605246161616,3.721535151770186
2557,0.0,0.3217282681682827
2558,0.0,0.6962590597207408
2559,5.752572638825633,4.918244950672889
2560,3.737669618283368,3.935358068184569
2561,0.0,0.2116972906438428
2562,2.302585092994046,1.4070720393495493
2563,2.772588722239781,2.3938904280668263
2564,4.74493212836325,4.929793700740502
2565,3.610917912644224,3.2338694168187514
2566,0.0,0.5119918782045012
2567,5.5909869805108565,6.1466476289678
2568,0.6931471805599453,1.1538161048920466
2569,1.0986122886681098,0.570847532559621
2570,2.5649493574615367,2.6843023142055986
2571,0.0,-0.31333400828729774
2572,1.0986122886681098,0.5030546673597469
2573,3.8918202981106265,3.1958350771807558
2574,6.895682697747868,8.26589623397772
2575,2.772588722239781,3.5783460616013754
2576,1.6094379124341005,1.4799539253292942
2577,0.0,0.48461245924138474
2578,3.258096538021482,3.3953055823067677
2579,0.0,0.3010456462936326
2580,1.3862943611198906,0.6305131812564515
2581,1.3862943611198906,0.5701833468566762
2582,0.6931471805599453,1.000455373137351
2583,0.0,0.9420598540443219
2584,4.6443908991413725,4.570052750572196
2585,6.827629234502852,6.563447608130001
2586,2.19722457733622,2.5616528312804268
2587,4.976733742420574,4.6258267547071235
2588,2.079441541679836,2.220756066111554
2589,0.6931471805599453,1.109208478355246
2590,4.574710978503383,4.862708169601834
2591,1.0986122886681098,1.1173743875879296
2592,3.295836866004329,3.147139887493759
2593,0.6931471805599453,0.05513721825201978
2594,4.867534450455582,5.065024623295205
2595,0.0,0.3242222760101392
2596,0.6931471805599453,1.6662897725535182
2597,4.127134385045092,4.388713300139807
2598,0.0,0.5500829501630002
2599,1.9459101490553128,0.5113901137634813
2600,0.0,-0.05919493636779327
2601,4.23410650459726,4.08480391855779
2602,0.0,0.7960863376364857
2603,0.0,0.27539788994985104
2604,0.0,0.36444705463973515
2605,3.49650756146648,2.409088030694744
2606,0.6931471805599453,0.4605748985480165
2607,1.791759469228055,2.5754306871364796
2608,0.0,-0.2959926053487041
2609,0.0,0.5523247340931272
2610,0.6931471805599453,0.6153575766820771
2611,0.6931471805599453,0.7778421103458681
2612,4.262679877041316,4.188536078709324
2613,0.0,-0.1567255082957577
2614,7.267525427828172,7.588601878245617
2615,4.30406509320417,4.066782172802236
2616,0.0,0.19626264208786814
2617,2.70805020110221,2.3796582767857526
2618,0.0,1.3361038444208315
2619,0.0,0.2318401107534931
2620,4.07753744390572,4.376160297073021
2621,0.0,0.2106914639262052
2622,0.0,-0.09241680847971123
2623,0.6931471805599453,0.9245939670079357
2624,0.0,0.12938372136084242
2625,0.0,0.3856927642381991
2626,2.4849066497880004,2.7654727057493016
2627,0.0,-0.006291916015732202
2628,2.6390573296152584,2.176302173263053
2629,4.836281906951478,4.912873593099203
2630,3.610917912644224,2.5049305912483026
2631,3.091042453358316,1.4617662230836395
2632,9.169976605786628,8.984144910767913
2633,0.6931471805599453,0.3432219793310911
2634,3.951243718581428,4.5666030946683
2635,2.6390573296152584,2.3972426518897985
2636,0.0,-0.08075867634489553
2637,0.0,0.6855070498962086
2638,3.555348061489413,3.152832212938842
2639,0.0,0.4710408153097265
2640,0.0,-0.43903345633599633
2641,0.0,0.9940124010935167
2642,0.0,0.1851089341795631
2643,2.9444389791664403,0.6968836899032389
2644,7.389563953677635,6.941246313420313
2645,0.6931471805599453,1.3693558895539943
2646,4.882801922586371,4.949917111079268
2647,6.269096283706261,5.983362174453521
2648,5.062595033026967,4.752979203616546
2649,2.3978952727983707,0.9154444474161325
2650,5.5093883366279774,5.936370518586701
2651,0.0,0.21708786407402458
2652,7.463936604468925,5.977968256906721
2653,3.218875824868201,2.7614122822790823
2654,6.144185634125646,6.1639006404530665
2655,6.678342114654332,7.100075902572149
2656,7.704811922932594,7.863122133491792
2657,1.0986122886681098,0.8183124448315697
2658,3.49650756146648,5.097653556457649
2659,0.0,0.23909505573662004
2660,0.0,0.6106937164093507
2661,0.0,0.9340004882671051
2662,0.0,0.9206777305471274
2663,2.70805020110221,3.514796400438545
2664,2.19722457733622,0.5905677135198064
2665,1.6094379124341005,2.1196914312869524
2666,5.529429087511423,4.637575279032719
2667,5.891644211825772,6.229534512144754
2668,2.772588722239781,2.1577260718523266
2669,0.0,0.5128812093870421
2670,3.4011973816621555,3.769179372144748
2671,1.9459101490553128,2.65798129147512
2672,0.0,0.26540282621065403
2673,3.218875824868201,2.9100604291423036
2674,4.8283137373023015,4.025608947396245
2675,0.6931471805599453,0.6065514082997487
2676,0.0,0.41163893663252793
2677,6.118097198041348,6.350961994528026
2678,2.6390573296152584,2.456286184138342
2679,4.875197323201151,4.696879015469502
2680,2.302585092994046,2.8518507767687575
2681,1.791759469228055,1.9904641537022922
2682,5.525452939131784,3.7982275712575593
2683,0.6931471805599453,0.1726918521292613
2684,2.19722457733622,2.151977952519002
2685,0.0,0.6373348960039726
2686,3.9889840465642745,2.0001065542034744
2687,2.995732273553991,2.9966319741403136
2688,0.0,0.5746390707685805
2689,2.302585092994046,1.3445613650773935
2690,0.6931471805599453,0.8699248922527629
2691,2.70805020110221,2.7851173290002835
2692,1.9459101490553128,1.7299790457764648
2693,0.0,0.3305732943098736
2694,0.0,0.7510907624624035
2695,0.0,-0.20428305459847174
2696,0.6931471805599453,0.6937432669630428
2697,0.6931471805599453,0.9188277091417623
2698,2.70805020110221,2.498882695347457
2699,0.0,0.6101040388705881
2700,0.0,0.18737412617211557
2701,2.772588722239781,3.5231110241228856
2702,0.0,0.7024280831651244
2703,0.0,0.2195413404775608
2704,9.169976605786628,5.547145985133829
2705,2.772588722239781,3.4119572960476146
2706,7.076653815443951,7.608278411060686
2707,0.0,-0.6144163584258431
2708,4.574710978503383,4.101234009698928
2709,2.70805020110221,1.8599224855571275
2710,2.5649493574615367,2.840476497519841
2711,5.298317366548036,5.309381350879235
2712,3.8918202981106265,3.569335196228658
2713,5.0238805208462765,5.1687279498346355
2714,4.574710978503383,3.7679870723159437
2715,2.079441541679836,1.5414979527443573
2716,3.49650756146648,3.142403467174274
2717,1.3862943611198906,1.8820689701986328
2718,0.0,-0.221510027411413
2719,0.0,1.0247459611446479
2720,0.0,0.5080021916223987
2721,6.230481447578482,6.239099195145734
2722,9.169976605786628,6.079250322074917
2723,6.249975242259483,6.996943537364462
2724,0.0,0.3127547570246412
2725,1.3862943611198906,1.3246975874732096
2726,0.0,0.11993540101446509
2727,0.6931471805599453,0.36861707547640155
2728,5.0369526024136295,4.931662870456499
2729,2.19722457733622,0.7270061125603515
2730,2.5649493574615367,1.3964242623315317
2731,0.6931471805599453,0.16183923256633692
2732,1.0986122886681098,2.3491503289970144
2733,5.365976015021851,6.171990669435981
2734,0.0,0.6604859254674686
2735,0.6931471805599453,1.1093953985075404
2736,0.6931471805599453,0.7700554572184428
2737,7.2875606403097235,8.350061176922651
2738,0.6931471805599453,0.7111717323719859
2739,2.4849066497880004,3.0190629408694942
2740,1.6094379124341005,0.9067137482766434
2741,2.19722457733622,1.0050559132441017
2742,2.079441541679836,1.759389192427531
2743,4.532599493153256,4.390327390515775
2744,3.091042453358316,2.910030258547404
2745,6.311734809152915,6.47093002289798
2746,6.013715156042802,5.772709002064223
2747,2.6390573296152584,3.289413116380756
2748,3.1780538303479458,2.4784740701575405
2749,3.4657359027997265,3.885610179574531
2750,5.308267697401205,5.392614315206854
2751,3.8918202981106265,4.018259390008241
2752,0.0,0.05409108153456099
2753,1.9459101490553128,0.790559703961871
2754,0.0,0.5280086518659777
2755,6.2166061010848646,6.859778775249883
2756,2.70805020110221,2.3388030714579005
2757,0.0,-0.21601184841093746
2758,0.0,-0.10258645207137107
2759,0.0,1.5942837338961748
2760,0.0,0.4121216250795896
2761,3.367295829986474,2.5078070005512787
2762,0.0,0.07633189355064429
2763,2.4849066497880004,2.3568405324809922
2764,2.70805020110221,2.533968246758933
2765,3.091042453358316,4.623905056633806
2766,3.951243718581428,4.230157165310512
2767,2.3978952727983707,2.0918719425902284
2768,0.0,0.7673745649983128
2769,0.0,0.764405070082546
2770,2.079441541679836,1.0253020204440308
2771,4.983606621708336,4.670777349017946
2772,3.367295829986474,2.3266834272695953
2773,6.300785794663244,7.861593521459646
2774,0.6931471805599453,0.6058613920181222
2775,3.6375861597263857,1.4084997749300228
2776,3.044522437723423,2.8217151569517878
2777,1.3862943611198906,0.691000169959858
2778,0.0,0.07392162053856444
2779,6.190315405853148,5.907645076457454
2780,2.19722457733622,2.9182547816016013
2781,2.302585092994046,2.4756810962549998
2782,2.302585092994046,2.07765338970263
2783,2.19722457733622,2.689301689164874
2784,5.043425116919247,5.577562206891188
2785,0.0,0.7905453818171349
2786,4.962844630259907,3.9701116324330052
2787,0.0,-0.17650762694687616
2788,0.6931471805599453,0.6227518306014992
2789,5.697093486505405,5.7748334539652895
2790,6.670766320845874,4.777223430364636
2791,0.0,0.7950159072932206
2792,1.6094379124341005,1.3248462630538729
2793,9.169976605786628,6.92872063451192
2794,2.302585092994046,3.1250539921314964
2795,2.5649493574615367,1.157451147289555
2796,3.367295829986474,3.397299804916332
2797,1.0986122886681098,0.4111272832013204
2798,0.0,1.0169378645148612
2799,0.0,0.22895640258870964
2800,0.0,0.17270093367239925
2801,0.0,0.21838724857446268
2802,0.0,0.8163117054688436
2803,4.934473933130692,4.831234875719226
2804,0.6931471805599453,0.675708749430243
2805,0.6931471805599453,0.6892992774426223
2806,0.0,-0.16377285404093822
2807,0.0,0.6505025855973987
2808,5.3706380281276624,4.593642131554013
2809,2.079441541679836,2.3309190657261887
2810,4.174387269895637,3.4783857018387483
2811,2.302585092994046,2.146703960519869
2812,3.713572066704308,3.5218340074079135
2813,3.218875824868201,3.0386829298287794
2814,0.6931471805599453,0.9423633995417435
2815,1.3862943611198906,1.4156635216635705
2816,1.0986122886681098,0.48192404588231486
2817,4.948759890378168,4.498888441303228
2818,0.6931471805599453,0.20743506962782243
2819,4.204692619390966,3.824017280481293
2820,7.302496423727326,7.633050452855505
2821,3.1354942159291497,4.198491661990696
2822,5.209486152841421,6.1496394445378915
2823,0.0,0.6509970315764939
2824,0.6931471805599453,0.8906963776978978
2825,0.0,0.3295658498417544
2826,0.0,0.3770699943460405
2827,0.0,0.2054084683295727
2828,0.0,0.5877156884737751
2829,1.6094379124341005,1.941174354368982
2830,1.0986122886681098,0.42673964961728794
2831,0.6931471805599453,1.4100073513010423
2832,2.8903717578961645,2.6574882109266262
2833,1.3862943611198906,2.0001160007690975
2834,0.0,0.6714392237693654
2835,4.23410650459726,5.154658914011789
2836,0.0,0.7695588965621769
2837,3.4339872044851463,3.580455762647712
2838,2.079441541679836,1.3547923402600413
2839,0.6931471805599453,1.4359507931872713
2840,2.70805020110221,1.5298960949040175
2841,0.0,0.6767304313836262
2842,1.3862943611198906,0.847699654934603
2843,2.772588722239781,2.7980148387315444
2844,0.6931471805599453,0.48986123947042337
2845,3.555348061489413,3.313513485852217
2846,5.049856007249537,4.447169987616475
2847,2.6390573296152584,2.513697700122581
2848,0.0,0.980569406711068
2849,8.53346016388011,4.3509590319234395
2850,1.6094379124341005,1.0926253102801269
2851,3.9318256327243257,4.010415452400591
2852,2.6390573296152584,1.9909951552573935
2853,0.0,-0.029880460272084353
2854,2.5649493574615367,2.4613502010003816
2855,2.70805020110221,3.1395929043014976
2856,1.0986122886681098,0.8521207818112477
2857,2.772588722239781,1.3301507244488593
2858,2.079441541679836,2.238634777059495
2859,0.0,0.49862820974079414
2860,0.6931471805599453,0.9399811061800474
2861,4.941642422609304,4.78945572671445
2862,0.0,-0.2585622215326233
2863,0.6931471805599453,0.4266396854569814
2864,0.6931471805599453,0.7896926207527952
2865,1.0986122886681098,0.5100465784310404
2866,4.477336814478207,4.511839287907213
2867,1.791759469228055,1.2059250594447892
2868,0.0,0.6271177422335974
2869,4.574710978503383,5.029284649356574
2870,3.367295829986474,3.571040497864012
2871,4.61512051684126,4.932628497637273
2872,3.091042453358316,1.9729276955490498
2873,3.6375861597263857,3.8721840565151346
2874,4.691347882229144,4.582476414714688
2875,3.8918202981106265,4.118830563687668
2876,0.6931471805599453,0.8565600183357414
2877,3.295836866004329,2.2208851380097525
2878,2.6390573296152584,2.988413696242624
2879,2.5649493574615367,2.4990255314033223
2880,2.833213344056216,1.6705479248918111
2881,0.6931471805599453,0.8000414197618897
2882,5.814130531825066,4.908163825731398
2883,6.532334292222349,6.74183112032564
2884,5.332718793265369,4.5526942708784315
2885,0.0,0.9343879241478021
2886,0.0,0.01505406984312696
2887,0.6931471805599453,0.9578964907804906
2888,0.0,0.38666891447380247
2889,1.6094379124341005,0.9932830354744779
2890,0.0,0.17450100959727832
2891,3.80666248977032,3.3065325935960606
2892,1.0986122886681098,1.0797289183854941
2893,0.0,0.38704948683816776
2894,0.0,0.40144462306325357
2895,2.3978952727983707,1.356597817577169
2896,0.0,0.4317656806396284
2897,0.0,0.7381599696868908
2898,3.4339872044851463,3.331598925741077
2899,2.6390573296152584,2.789332650342602
2900,0.0,0.646016763729401
2901,1.3862943611198906,1.2054520535355284
2902,0.0,0.255885779200967
2903,9.169976605786628,4.477771932223073
2904,1.3862943611198906,0.6614701791046165
2905,4.406719247264253,4.1412654047563
2906,0.0,0.1765743927394876
2907,2.6390573296152584,1.8727233290296663
2908,0.0,-0.13129983667922218
2909,0.0,0.5010966924133962
2910,0.6931471805599453,2.5455982790859943
2911,0.6931471805599453,0.6442748192636651
2912,3.1780538303479458,3.137792222377286
2913,6.595780513961311,6.09710095505408
2914,2.5649493574615367,2.4492104815941294
2915,2.19722457733622,2.9296766769384535
2916,3.4011973816621555,2.861128025759072
2917,2.079441541679836,1.6789121906906601
2918,0.0,0.10894071772422409
2919,3.1354942159291497,1.1006550273634879
2920,0.0,2.010199566729308
2921,5.1647859739235145,5.191735783540139
2922,0.0,0.7659097617012307
2923,1.3862943611198906,0.5773633855858651
2924,0.0,0.5420338897589108
2925,6.1224928095143865,6.377109203441373
2926,4.07753744390572,3.4052244679929626
2927,0.6931471805599453,0.16103992901117437
2928,0.0,0.5486196785778881
2929,0.0,0.7603126625849457
2930,6.884486652042782,5.666572834025754
2931,4.04305126783455,4.640992632365018
2932,0.6931471805599453,0.33887532401611153
2933,3.258096538021482,3.838599422797908
2934,4.0943445622221,3.7065061446224075
2935,0.0,0.9645585678160653
2936,2.5649493574615367,2.5915124086091748
2937,4.709530201312334,3.8603921282543503
2938,7.934513463882263,8.696478006418491
2939,0.6931471805599453,0.45717012752415465
2940,0.0,0.26904395100456835
2941,4.23410650459726,4.193088911233797
2942,2.833213344056216,2.7438531115705893
2943,3.912023005428146,4.164468746067533
2944,3.367295829986474,3.7316113962979216
2945,1.9459101490553128,0.6955975427153289
2946,0.0,0.526311758013815
2947,7.659171367666058,7.725788158284866
2948,3.4011973816621555,4.035366365338996
2949,0.0,0.41198080424501926
2950,0.6931471805599453,0.43600412057044613
2951,1.3862943611198906,0.7452733030148151
2952,2.079441541679836,1.9675881384117249
2953,1.0986122886681098,1.3242863515608796
2954,4.663439094112067,4.349941981297851
2955,0.0,0.8207086216671728
2956,3.8501476017100575,3.9130236749947036
2957,3.4657359027997265,3.225169301898844
2958,0.0,0.8410117421793406
2959,2.5649493574615367,2.7745668608813814
2960,0.0,0.25351905761821625
2961,4.060443010546419,3.758356416956441
2962,1.0986122886681098,0.6335183534977784
2963,3.4657359027997265,2.880397414879608
2964,0.0,0.9565420650931045
2965,0.0,0.41053237168051404
2966,0.0,0.1570522936395471
2967,2.19722457733622,1.257919034978737
2968,2.70805020110221,2.267765043017501
2969,3.951243718581428,3.0593207320081226
2970,5.438079308923196,5.10668077390431
2971,0.0,0.484305708941132
2972,3.044522437723423,2.8796073309379624
2973,4.382026634673881,4.272825689942638
2974,0.6931471805599453,1.4849529364587597
2975,0.0,0.17346519693033624
2976,4.574710978503383,4.078835778608381
2977,0.0,0.1748618872410317
2978,0.0,0.7288637065648693
2979,0.0,0.23018397887885067
2980,0.0,0.008038307519418364
2981,0.0,0.7771178940390762
2982,5.676753802268282,4.9487787557436675
2983,4.0943445622221,3.9799307663174677
2984,3.58351893845611,3.8790437124309
2985,3.367295829986474,3.180723054849813
2986,0.0,0.5828547258336965
2987,0.6931471805599453,0.37400157918221044
2988,0.0,1.7134768960841145
2989,0.0,0.6580506558655044
2990,2.19722457733622,2.166758463698117
2991,0.0,-0.03224959398685989
2992,4.143134726391533,4.880567805369725
2993,0.0,0.7528739440860046
2994,3.4011973816621555,3.7861861080190264
2995,0.0,0.6265796224415012
2996,4.23410650459726,4.540014160011227
2997,2.079441541679836,1.7859344149234948
2998,1.9459101490553128,1.7381365119245278
2999,3.367295829986474,3.2113078934492885
3000,0.0,-0.006197193643027177
3001,0.0,0.2784600387922014
3002,0.0,0.6893157864572033
3003,0.0,0.6228970283543485
3004,3.258096538021482,1.5391459596085646
3005,0.0,0.9687564091492509
3006,0.0,0.11991560033520576
3007,3.1780538303479458,3.1808526126122945
3008,3.5263605246161616,2.664437443011517
3009,6.79794041297493,6.67590459761002
3010,6.131226489483141,5.27262774093068
3011,9.169976605786628,9.17666133550538
3012,3.49650756146648,3.2150403176399394
3013,4.584967478670572,4.17588215427597
3014,2.079441541679836,2.3821306220501963
3015,0.6931471805599453,0.8807952283282943
3016,0.0,0.17035457598361203
3017,5.298317366548036,6.290914770465002
3018,0.0,-0.3101617923418938
3019,2.19722457733622,2.178374817700435
3020,0.6931471805599453,1.4460574090305505
3021,3.7612001156935615,3.8282678857488586
3022,0.0,0.5710553493404404
3023,4.02535169073515,3.3403254517255956
3024,1.0986122886681098,1.7717324524192455
3025,2.5649493574615367,2.4112490397984274
3026,0.0,0.4143094787945383
3027,4.8283137373023015,4.812452997168955
3028,0.0,-2.0345124716654697
3029,0.0,0.1837562583311434
3030,3.970291913552122,4.018525566619234
3031,0.0,0.3290052014261524
3032,0.0,0.3825983854861801
3033,0.0,-0.15538760691660514
3034,2.9444389791664403,1.3684400286746192
3035,0.0,0.6220646175440752
3036,1.0986122886681098,1.0487877960905805
3037,0.0,0.8325088262504448
3038,2.833213344056216,2.5143072173387373
3039,8.44741429680832,9.260491749116946
3040,4.990432586778736,5.401689874480713
3041,0.0,0.9322218726418674
3042,3.1780538303479458,3.2582020178632627
3043,3.4339872044851463,3.334559651367159
3044,0.0,0.658107273019624
3045,0.0,0.19577704668722884
3046,6.218600119691729,6.462714234844058
3047,2.3978952727983707,2.153227311766178
3048,6.29156913955832,7.305881303317103
3049,3.218875824868201,3.6506787127954903
3050,0.0,0.17548322539199201
3051,0.0,0.9922198610643396
3052,0.0,0.5241755907016179
3053,4.543294782270004,4.773834011054271
3054,0.0,1.0083697996057404
3055,1.6094379124341005,0.6429977815327124
3056,1.3862943611198906,0.45170811023579605
3057,8.881558488638976,5.223409241701025
3058,5.262690188904886,5.714740759787579
3059,1.3862943611198906,2.304249894126336
3060,0.0,-0.1902021434135679
3061,0.0,0.4782542001839678
3062,0.6931471805599453,0.6153810177451977
3063,0.6931471805599453,1.6473034514743854
3064,0.0,-0.15098550850848413
3065,7.906915488678587,7.446284031979778
3066,1.0986122886681098,1.1645472018605014
3067,2.079441541679836,1.7961335864440042
3068,1.6094379124341005,2.29676941937105
3069,2.3978952727983707,1.619827137241539
3070,0.6931471805599453,0.6314512671543415
3071,4.110873864173311,3.318448649051218
3072,0.0,0.7207862465143315
3073,0.6931471805599453,1.1833116537480375
3074,5.332718793265369,5.0102184144424395
3075,0.0,-0.01918113881127903
3076,5.236441962829949,5.022941810230392
3077,3.258096538021482,1.168357369082665
3078,0.0,0.4442580182954601
3079,3.1354942159291497,1.678610557301218
3080,6.498282149476434,6.570472200125345
3081,3.912023005428146,4.398725664988657
3082,0.0,0.6376397542835812
3083,6.244166900663736,4.633773361173432
3084,5.560681631015528,5.104630565643271
3085,6.416732282512326,6.42895558180851
3086,2.772588722239781,2.6286429570087306
3087,0.0,0.9618897570716787
3088,5.41164605185504,5.633337289821768
3089,1.791759469228055,1.145178438825032
3090,2.079441541679836,1.9705097719436608
3091,1.9459101490553128,2.5121472155491693
3092,2.19722457733622,1.2624628733146777
3093,1.0986122886681098,0.684607449641432
3094,3.555348061489413,3.2608372806177677
3095,0.0,0.45583490701279494
3096,0.0,0.1674575321558418
3097,3.610917912644224,3.139103561342796
3098,1.3862943611198906,0.8423513356517991
3099,3.7612001156935615,3.0242865355075113
3100,1.3862943611198906,1.5067420746591613
3101,0.0,0.5511518327315328
3102,4.110873864173311,4.12524082877936
3103,0.6931471805599453,0.6566983170271403
3104,6.102558594613569,6.216427522311416
3105,5.0238805208462765,5.087827901428936
3106,2.079441541679836,0.8677947054844246
3107,1.9459101490553128,2.0805736753542283
3108,0.0,0.011294157081782163
3109,1.6094379124341005,0.4355044741974732
3110,0.0,-0.12778090165066347
3111,1.0986122886681098,1.0644961120999326
3112,3.367295829986474,2.91070230779161
3113,0.0,-0.30512565771450006
3114,3.58351893845611,3.183878242430313
3115,0.0,0.18197982955056435
3116,0.0,0.5516719241376322
3117,1.0986122886681098,0.7521241220632113
3118,1.9459101490553128,2.394623190163895
3119,1.0986122886681098,2.6113563280720196
3120,2.079441541679836,2.1619393824695092
3121,4.04305126783455,3.547976224250517
3122,0.6931471805599453,0.3529108004300938
3123,1.3862943611198906,1.2985317861081926
3124,1.3862943611198906,0.0802084221436501
3125,0.0,0.06420712822745811
3126,0.0,0.4611567198795741
3127,0.0,0.3707086756589957
3128,1.791759469228055,1.3131288488350208
3129,0.0,0.442809641091493
3130,8.375860015299594,8.502473081757234
3131,1.0986122886681098,1.3366142334964608
3132,0.6931471805599453,-0.05331569513490564
3133,0.0,1.068654329671543
3134,0.0,0.8952838663271037
3135,2.9444389791664403,2.6050577040291567
3136,0.0,0.3844899349602995
3137,0.0,0.3454634457326642
3138,0.0,0.3353873880651199
3139,0.0,0.47971571072347285
3140,1.0986122886681098,1.2246038210740404
3141,2.302585092994046,1.38543645174053
3142,0.0,-0.3820600448988909
3143,2.772588722239781,1.8598182267195478
3144,3.367295829986474,3.871919664976698
3145,0.0,0.22704119242600207
3146,1.3862943611198906,1.4662298675820409
3147,0.0,-0.1980545684593138
3148,3.555348061489413,2.6237768711846403
3149,5.655991810819852,4.970668339113214
3150,0.0,0.2759231537005573
3151,0.0,0.6057928078642423
3152,1.0986122886681098,0.4039878593568742
3153,1.3862943611198906,1.5855023925849805
3154,6.419994928147142,6.282869588835771
3155,1.3862943611198906,1.920227394748326
3156,2.4849066497880004,0.4959626395738368
3157,1.3862943611198906,0.7913056086636132
3158,0.0,1.0627834825720175
3159,6.326149473155099,6.371597107657476
3160,1.3862943611198906,0.4538725242065964
3161,0.0,0.5354091875539604
3162,3.044522437723423,2.9054256180344726
3163,0.0,0.1741048315899203
3164,2.772588722239781,1.9692208872699077
3165,2.70805020110221,2.6969460281773205
3166,5.641907070938114,5.112176969867739
3167,1.3862943611198906,1.6737657746666645
3168,0.0,0.23585739160065478
3169,9.169976605786628,8.915185442955897
3170,0.0,0.6347870458777234
3171,2.19722457733622,1.2462087798114396
3172,3.1354942159291497,3.090489129890923
3173,0.0,0.160382306053509
3174,0.0,1.0276271606585548
3175,4.04305126783455,4.574593893490174
3176,0.0,0.4478255432082472
3177,1.6094379124341005,2.2645629942423344
3178,0.6931471805599453,0.5162064872596914
3179,2.9444389791664403,2.786959645334887
3180,0.0,1.0944116721972057
3181,0.6931471805599453,0.7776807217958162
3182,0.0,0.7191704477378091
3183,2.70805020110221,2.8044175202052957
3184,4.3694478524670215,4.112950854448179
3185,0.0,0.6426248850118443
3186,3.555348061489413,3.662899061366528
3187,1.0986122886681098,1.5973762156765399
3188,0.6931471805599453,0.9920477700786403
3189,0.6931471805599453,1.226221465250716
3190,1.791759469228055,1.3601715043922278
3191,1.0986122886681098,1.9866045734808857
3192,0.0,0.7729747865825696
3193,3.1780538303479458,2.8593317864523127
3194,1.791759469228055,1.3377883056280169
3195,7.042286171939743,6.5314047018729395
3196,1.0986122886681098,1.8473371667825704
3197,5.840641657373398,7.4426717631275325
3198,4.663439094112067,4.3492839017236085
3199,3.555348061489413,3.8824759453771387
3200,5.717027701406222,4.555388420663598
3201,5.846438775057725,6.173576369589673
3202,1.6094379124341005,1.0717030600932385
3203,3.8501476017100575,3.9448538668875033
3204,0.0,0.03687023198371797
3205,9.076237387452702,8.694478795212332
3206,0.0,0.38395114157344246
3207,0.0,0.2757243859293603
3208,0.0,0.8027463972636044
3209,1.3862943611198906,0.8023997934688853
3210,3.58351893845611,3.7724293838745124
3211,0.6931471805599453,1.0846655054271699
3212,0.0,0.3742548515526867
3213,5.153291594497779,4.4876819470761475
3214,0.0,0.2678308218303824
3215,0.0,-0.23538321363593528
3216,1.0986122886681098,0.7499397523254161
3217,1.6094379124341005,1.2514660545973801
3218,0.6931471805599453,0.4488843944637586
3219,6.306275286948016,6.197722254907509
3220,2.70805020110221,2.6242346069213607
3221,4.844187086458591,5.211561649881851
3222,5.093750200806762,5.080549116529067
3223,1.0986122886681098,0.5364248339945727
3224,1.0986122886681098,1.536758140869785
3225,1.6094379124341005,1.8182554735242387
3226,4.418840607796598,5.2537192200709715
3227,7.374001859350161,7.979218521497742
3228,0.0,0.5296576252355838
3229,0.0,0.794561080374997
3230,0.0,0.4045570675479686
3231,1.0986122886681098,1.5484616477293773
3232,0.0,0.8712168970349718
3233,0.0,0.9245252986576664
3234,7.868636894184167,8.920346244057693
3235,2.6390573296152584,2.213873427492742
3236,0.0,0.36785125044172773
3237,3.80666248977032,3.9029045504049846
3238,2.3978952727983707,3.132378500927928
3239,7.518607216815252,8.452639746175151
3240,1.3862943611198906,1.6048824017086558
3241,5.030437921392435,4.423597947694104
3242,3.1780538303479458,3.5879292228309074
3243,2.4849066497880004,2.8356413718837055
3244,0.6931471805599453,0.7388506848982954
3245,0.0,1.215923148319285
3246,3.737669618283368,3.5152686527451564
3247,3.1780538303479458,0.7740942951503078
3248,2.9444389791664403,2.867190016271715
3249,4.68213122712422,4.689179382837683
3250,7.888709524182015,7.487215785169485
3251,0.0,-0.11244657100559241
3252,0.0,1.0787369157873128
3253,3.4339872044851463,4.523310900274884
3254,3.1780538303479458,3.9242425354476396
3255,1.0986122886681098,0.46136873764258923
3256,1.6094379124341005,1.5986002165602382
3257,0.6931471805599453,1.0189394603225068
3258,4.574710978503383,4.515871067770014
3259,0.6931471805599453,0.7906035229031916
3260,3.091042453358316,3.057613790256712
3261,4.23410650459726,3.467576715997758
3262,1.0986122886681098,1.2381169137028918
3263,3.7612001156935615,4.789066949214019
3264,1.0986122886681098,0.2996334219617247
3265,6.190315405853148,6.705101430381938
3266,2.19722457733622,2.1021946789054557
3267,0.0,0.3970224626488612
3268,0.0,0.49298617472564743
3269,0.0,-0.10352521455610608
3270,7.107425474110705,7.399656382524124
3271,0.0,0.3031710192640502
3272,4.219507705176107,4.249351036620428
3273,2.833213344056216,3.087549324088989
3274,2.6390573296152584,2.4525256565192706
3275,1.3862943611198906,1.3510502818221826
3276,6.0867747269123065,6.015432139002732
3277,1.0986122886681098,1.6937926523635156
3278,0.0,0.25935971721940243
3279,1.0986122886681098,1.1658948000232268
3280,2.5649493574615367,2.88829479630294
3281,3.218875824868201,3.3442068580580484
3282,7.500529485395295,5.279384978785567
3283,5.575949103146316,5.760422472749712
3284,1.9459101490553128,2.1013718332743947
3285,0.0,-0.15380991816991685
3286,0.0,-0.056948874302888974
3287,0.0,-0.15332521923961595
3288,5.666426688112432,4.732563258372911
3289,4.882801922586371,4.249043523681398
3290,4.23410650459726,4.034113601263928
3291,3.80666248977032,4.157978449764851
3292,2.5649493574615367,2.4002277417045756
3293,5.746203190540153,7.808819102424381
3294,0.6931471805599453,1.099287905392805
3295,0.0,0.39644418993229413
3296,0.0,0.43859162874403124
3297,7.068172000388042,7.562838643767156
3298,5.003946305945459,4.217990456225942
3299,3.610917912644224,3.556032058550157
3300,1.6094379124341005,0.7322599645135679
3301,4.394449154672439,3.673992920614954
3302,0.0,-0.00730954690370611
3303,3.091042453358316,3.4721924429658344
3304,1.0986122886681098,1.3018455248997434
3305,1.0986122886681098,0.5388439759412005
3306,0.6931471805599453,1.081377282881315
3307,2.19722457733622,2.7702688318138415
3308,0.0,0.7888351252970949
3309,5.0369526024136295,4.2790666787433125
3310,3.4657359027997265,3.1770294346593397
3311,0.0,1.3122257738042162
3312,0.0,0.9482530030946024
3313,4.532599493153256,5.039296742921794
3314,4.02535169073515,4.319905453144784
3315,0.0,0.1863310480262106
3316,0.6931471805599453,1.41089228396539
3317,1.0986122886681098,0.794405216837671
3318,2.3978952727983707,2.592935164868558
3319,0.0,0.019827470708954298
3320,5.948034989180646,5.932075470956034
3321,0.0,0.38617955230617373
3322,0.0,0.29450874552997286
3323,0.0,0.7769903374051923
3324,0.0,0.3793721257834357
3325,2.079441541679836,3.2290009972022755
3326,0.6931471805599453,1.317992843066456
3327,0.0,-0.07015069641964633
3328,0.0,0.4851384217697017
3329,0.0,0.28981345158691996
3330,0.0,0.2883986987835465
3331,0.0,-0.3054012857626569
3332,0.6931471805599453,0.4395540652911414
3333,7.408530566894626,7.391427006294269
3334,0.6931471805599453,0.4307535229682584
3335,5.402677381872279,5.303588231919637
3336,4.584967478670572,3.6843898995921602
3337,1.9459101490553128,1.2984504198400775
3338,2.3978952727983707,1.3245146754079145
3339,0.0,0.48172857635131994
3340,0.0,0.6091490297000652
3341,5.613128106388071,6.207980328681705
3342,7.620214770574455,7.4602185406385155
3343,3.6635616461296463,3.6553213465094783
3344,0.0,0.6774906362421518
3345,3.044522437723423,1.1235180413222055
3346,6.86484777797086,7.417693722815789
3347,4.276666119016055,3.257298247980413
3348,2.19722457733622,2.834830498002883
3349,0.0,-0.24261727268426858
3350,2.6390573296152584,2.4583714015610894
3351,1.9459101490553128,1.593512493756199
3352,1.6094379124341005,2.1072603306174402
3353,0.0,0.10053159234315467
3354,7.60887062919126,7.7311027036168065
3355,7.004881989712859,4.56394761654618
3356,7.80954132465341,7.414800141214327
3357,2.3978952727983707,2.7384326244796737
3358,4.04305126783455,3.564093688342404
3359,6.023447592961033,6.526179029993236
3360,4.204692619390966,1.1019444735812325
3361,1.9459101490553128,2.4047963866846436
3362,0.6931471805599453,0.43546522608386695
3363,0.0,0.9643271724345963
3364,3.6635616461296463,3.943018550168577
3365,3.295836866004329,2.511844899809189
3366,3.871201010907891,4.01914116781648
3367,0.0,0.2476908409904932
3368,1.3862943611198906,0.8652314310498104
3369,0.6931471805599453,1.5576944748277155
3370,5.849324779946859,4.974208539406681
3371,0.0,0.396037700509686
3372,9.013838751608397,8.390876782521472
3373,0.0,0.5946027257108066
3374,0.6931471805599453,0.9035145625806902
3375,2.302585092994046,1.141193793022906
3376,0.6931471805599453,0.8963022046258897
3377,6.90975328164481,6.9102840802704995
3378,0.6931471805599453,1.4802408126054247
3379,1.9459101490553128,0.8569185767962244
3380,1.6094379124341005,2.435367138329563
3381,0.0,0.30234700470455333
3382,3.713572066704308,3.734312750310993
3383,2.772588722239781,2.6195825323870494
3384,6.008813185442595,6.211975477771851
3385,8.855805992536562,8.85145785451167
3386,0.0,-0.18040426729776948
3387,1.6094379124341005,2.5623384871287436
3388,4.290459441148391,4.533134031578957
3389,2.079441541679836,2.8101853346063144
3390,4.770684624465665,4.110515615837688
3391,5.1647859739235145,5.411393837488022
3392,0.0,0.6332258966148108
3393,1.6094379124341005,2.0916271184074606
3394,9.169976605786628,8.721135940207732
3395,0.0,-0.15426793849031029
3396,8.244071270295786,7.688100021812809
3397,1.3862943611198906,0.9964948401799316
3398,2.995732273553991,2.750828272740183
3399,1.0986122886681098,0.8251543214151609
3400,3.6375861597263857,2.765657205352355
3401,4.574710978503383,4.843178180722132
3402,1.6094379124341005,1.3613918907585916
3403,5.332718793265369,4.7039530952985125
3404,5.298317366548036,5.024712667198243
3405,0.6931471805599453,1.2167649238606655
3406,2.833213344056216,3.140606434871289
3407,4.68213122712422,3.9760428040928146
3408,0.0,0.4353159079705522
3409,4.6443908991413725,4.499365594276815
3410,0.6931471805599453,0.9740817929668264
3411,1.3862943611198906,1.7786133387601453
3412,1.6094379124341005,2.3218083898153736
3413,0.0,0.5350594277091947
3414,1.0986122886681098,0.4713006508215656
3415,0.0,0.13978514620688998
3416,0.6931471805599453,0.7306584657251998
3417,6.253828811575473,6.194940403718219
3418,0.6931471805599453,1.5002419227885873
3419,1.6094379124341005,1.183116731816598
3420,0.0,0.5021655081876315
3421,9.169976605786628,7.502211919302093
3422,1.3862943611198906,0.5756068321450809
3423,4.31748811353631,4.260422921294735
3424,0.0,0.5374812010702366
3425,7.3938782901077555,7.689418161394171
3426,3.332204510175204,2.004987692298381
3427,0.0,-0.10601014198793779
3428,0.0,1.1637270444700347
3429,0.0,0.6241921754716644
3430,0.6931471805599453,1.6014897245170183
3431,4.330733340286331,5.560717616288583
3432,1.3862943611198906,0.7588751962103024
3433,4.454347296253507,4.064948868744862
3434,0.0,0.18533370353547962
3435,4.007333185232471,3.333199108127899
3436,0.6931471805599453,0.5707251328055898
3437,4.934473933130692,5.126651199456177
3438,1.0986122886681098,0.46741220965617636
3439,0.0,0.14599617375931961
3440,0.0,0.17843115508788587
3441,0.0,0.04510528310282691
3442,1.9459101490553128,1.8048485964167593
3443,0.0,0.6561028446757013
3444,4.143134726391533,4.115296356020579
3445,0.0,0.6330428378257762
3446,4.31748811353631,3.196468727390259
3447,1.791759469228055,2.2713574642843315
3448,5.187385805840755,4.383658590996278
3449,1.6094379124341005,1.251265569442521
3450,0.0,0.7755872156353103
3451,2.19722457733622,1.1737492262714566
3452,5.068904202220232,4.7675365996492225
3453,5.247024072160486,5.564661619858336
3454,0.0,0.6626416561182877
3455,2.079441541679836,1.2758512358641168
3456,1.6094379124341005,2.199884450810722
3457,0.0,0.9940124010935167
3458,0.0,0.291425208205629
3459,2.6390573296152584,1.4635731060826247
3460,6.77078942390898,7.366842010647155
3461,0.0,0.07872951857310895
3462,0.0,0.007398176353949015
3463,3.5263605246161616,3.077384447568606
3464,6.100318952020064,8.205205665856885
3465,0.0,-0.020237513495225734
3466,0.0,-0.20067534985737634
3467,2.302585092994046,2.908239300076936
3468,3.1354942159291497,1.5927899316023533
3469,8.448271745949816,9.255610786191458
3470,3.6375861597263857,3.6775721187240986
3471,0.0,0.326926811370738
3472,0.0,0.08650900506197257
3473,2.9444389791664403,2.57724593323264
3474,4.969813299576001,5.650921215653392
3475,0.6931471805599453,1.1977782882554715
3476,0.0,0.9628243156456324
3477,0.0,-0.10980292082829068
3478,1.0986122886681098,2.0111212065895154
3479,0.0,0.23419253942212936
3480,2.302585092994046,1.9659233822167785
3481,1.6094379124341005,2.6508881465037084
3482,2.6390573296152584,2.8319042713885816
3483,5.468060141135132,5.948304043050473
3484,0.0,1.1736009766435818
3485,3.258096538021482,3.5082578017359842
3486,0.0,-0.3159587740503791
3487,2.4849066497880004,1.1961996006562015
3488,2.19722457733622,2.2336058295449726
3489,4.990432586778736,5.030695160530277
3490,7.110696122978827,7.739146224861629
3491,0.6931471805599453,1.2795264526899366
3492,3.367295829986474,3.5367660461381902
3493,5.823045895483019,6.0200920438983125
3494,3.8918202981106265,4.090474481032688
3495,0.0,0.31747472756011486
3496,4.442651256490317,3.093638077876099
3497,5.3471075307174685,4.843434549250484
3498,1.0986122886681098,1.059536844262368
3499,3.9889840465642745,4.3842393997133104
3500,1.0986122886681098,1.0782105506104147
3501,4.762173934797756,5.773504333676625
3502,1.0986122886681098,1.2456897739843915
3503,3.8501476017100575,2.785605835852203
3504,1.6094379124341005,0.35011581706842265
3505,7.602401335665818,8.421388560632856
3506,0.6931471805599453,0.7536043782786326
3507,0.6931471805599453,-0.22659376863547198
3508,4.248495242049359,4.598010180566159
3509,0.0,0.7050881662532651
3510,9.169976605786628,8.784186897981357
3511,6.983789965258135,7.037400432992968
3512,1.791759469228055,2.3237386178311445
3513,3.1354942159291497,1.6983675757337195
3514,6.804614520062624,7.046708900752026
3515,4.07753744390572,3.765495802827762
3516,2.3978952727983707,2.853739682411208
3517,0.0,-0.07404643313955184
3518,2.70805020110221,2.5222089569797363
3519,3.871201010907891,4.517358625191207
3520,0.0,0.6567642668484377
3521,3.688879454113936,3.1003698141649014
3522,0.0,0.5169367764097683
3523,0.6931471805599453,0.5267157884467599
3524,0.0,0.7709909589932111
3525,5.231108616854587,5.06095229001987
3526,0.0,-0.1013201433235369
3527,0.0,0.4674997427599701
3528,0.0,0.7199135218033252
3529,7.436617265234227,7.8511675312863
3530,0.0,0.13935421338172915
3531,8.575462099540212,5.456519460375359
3532,3.7612001156935615,3.553388554300741
3533,5.010635294096256,3.1508329276725373
3534,5.056245805348308,4.591589009085998
3535,4.77912349311153,4.223909299177747
3536,3.367295829986474,3.075003911469734
3537,1.3862943611198906,0.06732487711111323
3538,0.0,-0.15564098804004178
3539,6.263398262591624,6.483976454641478
3540,0.6931471805599453,-0.17468323581010692
3541,0.0,0.4271459681711456
3542,1.6094379124341005,2.415363898114168
3543,0.0,0.5012801806455462
3544,0.0,0.2421760949798304
3545,0.6931471805599453,1.2216102500096826
3546,0.0,0.4085690031711007
3547,1.3862943611198906,1.7104104413530907
3548,0.0,0.3713256981963644
3549,1.0986122886681098,1.8710335110275786
3550,4.836281906951478,4.884365139442947
3551,5.993961427306569,5.870483401735833
3552,0.0,-0.3313714787197988
3553,6.082218910376446,6.096723106173366
3554,2.772588722239781,2.4159108694930986
3555,0.6931471805599453,0.49338317794287234
3556,0.0,-0.5780028933692716
3557,3.713572066704308,2.774836143887793
3558,2.70805020110221,2.726305009015263
3559,0.0,0.29175335528558133
3560,2.772588722239781,2.877437342489503
3561,0.0,-0.17533213350546673
3562,1.6094379124341005,2.0093554637482
3563,9.169976605786628,4.929227359426774
3564,4.143134726391533,4.852177924717008
3565,0.0,0.08264022475360244
3566,5.575949103146316,5.792095551655429
3567,2.079441541679836,1.7639437096553077
3568,0.0,0.07554970024070196
3569,1.0986122886681098,1.7349018326988657
3570,3.1354942159291497,3.67706713687178
3571,0.0,0.7308418171149582
3572,5.556828061699537,4.571155649865272
3573,0.6931471805599453,1.704205991598772
3574,1.0986122886681098,1.6019139154134732
3575,3.1354942159291497,2.62190537913349
3576,3.258096538021482,2.76422430947494
3577,6.481577129276431,5.805659243549645
3578,1.3862943611198906,1.2961094364596344
3579,0.0,0.2834254711638833
3580,2.079441541679836,2.1335348543727393
3581,0.0,1.1183315383124128
3582,5.673323267171493,4.90112703441822
3583,0.0,0.20114423207557186
3584,1.0986122886681098,1.288359086738682
3585,0.6931471805599453,0.19623173725314302
3586,5.560681631015528,5.731213435094677
3587,0.0,0.9940124010935167
3588,4.007333185232471,3.1241970337826057
3589,0.6931471805599453,1.2601479881085043
3590,4.343805421853684,4.265626449306117
3591,1.0986122886681098,0.2064575082926292
3592,1.3862943611198906,1.0389308727848725
3593,0.6931471805599453,0.48263224423929785
3594,0.6931471805599453,1.0361541417883766
3595,4.04305126783455,3.8557431757492866
3596,0.0,0.870805435155749
3597,0.6931471805599453,0.5240878443139658
3598,1.3862943611198906,0.8430840793271603
3599,2.302585092994046,2.2476115958113176
3600,1.6094379124341005,1.9657340691222178
3601,0.0,0.975980309677837
3602,4.624972813284271,4.15551039364745
3603,0.6931471805599453,0.4483106555780343
3604,0.0,2.5411241016277395
3605,1.9459101490553128,2.4093513335018097
3606,2.302585092994046,2.87413248239993
3607,4.007333185232471,3.4526234678326295
3608,6.257667587882639,5.901657958893987
3609,2.6390573296152584,2.3880928957148466
3610,0.0,0.4331316650206867
3611,0.6931471805599453,0.48879419340616526
3612,0.0,-0.12267534129881419
3613,0.6931471805599453,0.6855635741570385
3614,7.180069874302796,8.129348168943931
3615,4.30406509320417,4.408461649931695
3616,0.0,0.10954421579675655
3617,6.16541785423142,6.370632857581523
3618,3.258096538021482,3.011537421407902
3619,1.6094379124341005,1.08033409409821
3620,1.9459101490553128,1.0809009685218745
3621,6.171700597410915,6.818357968174179
3622,1.3862943611198906,1.5102875503719493
3623,1.0986122886681098,0.8392562676418962
3624,3.295836866004329,3.400601143726713
3625,0.6931471805599453,0.49661856714449004
3626,0.0,0.7267381913542243
3627,7.116394144093465,7.780605048676263
3628,0.0,0.8657390790747939
3629,0.6931471805599453,0.48387154241932273
3630,3.5263605246161616,3.915381075442067
3631,1.6094379124341005,1.4352031750084089
3632,2.6390573296152584,2.092078000526085
3633,1.6094379124341005,1.444126194907141
3634,2.079441541679836,2.8039632565509
3635,0.0,0.37653234094529076
3636,1.9459101490553128,0.5812070701723404
3637,1.3862943611198906,1.804628382979908
3638,0.0,1.0240736875409655
3639,1.6094379124341005,1.7815324611543877
3640,5.583496308781699,5.9268471818971955
3641,5.525452939131784,6.0105416382284975
3642,0.6931471805599453,1.036168714620136
3643,0.6931471805599453,0.8410556654242696
3644,2.3978952727983707,2.2403896967216723
3645,1.0986122886681098,0.7454057936930103
3646,6.759255270663693,6.451186790611705
3647,3.367295829986474,3.450191485067023
3648,0.6931471805599453,1.1694286952137314
3649,0.0,0.48497803420871444
3650,1.3862943611198906,1.532971342901289
3651,5.556828061699537,5.65291922574806
3652,0.0,0.188415571988382
3653,2.995732273553991,2.601388372163574
3654,5.14166355650266,4.505721143224051
3655,2.772588722239781,0.6962152355297899
3656,0.0,0.9645343400346558
3657,2.302585092994046,2.438464404704532
3658,0.0,0.7258219442260312
3659,0.0,1.7496569020390855
3660,2.70805020110221,1.9844881112047417
3661,0.0,-0.07528206638032664
3662,0.0,-0.4689225873447942
3663,1.9459101490553128,1.2734917956633691
3664,1.0986122886681098,1.423116852988169
3665,3.295836866004329,1.2527237987069775
3666,0.0,0.18763300960185392
3667,5.135798437050262,5.884740530410607
3668,2.19722457733622,3.2897720899571503
3669,0.6931471805599453,0.8307950711670209
3670,3.4657359027997265,3.872073032659495
3671,0.0,-0.18950278453865987
3672,0.0,0.5614524395342786
3673,6.602587892189336,6.0205458114005665
3674,1.0986122886681098,1.4327629718253894
3675,0.0,0.43330601734252805
3676,0.0,0.5700585589100391
3677,3.044522437723423,2.433969592930807
3678,1.791759469228055,2.403400819250225
3679,0.0,0.41354103969226697
3680,0.6931471805599453,0.9696002509045991
3681,2.5649493574615367,1.0270152795772636
3682,3.8918202981106265,4.183755254252816
3683,1.0986122886681098,0.8837234822319335
3684,0.0,1.4966554264636946
3685,3.58351893845611,3.92492880005918
3686,2.772588722239781,1.238001812492607
3687,0.0,0.2246301785416036
3688,1.9459101490553128,2.170882862675255
3689,0.0,0.5417292608854898
3690,1.0986122886681098,0.12913227423192364
3691,4.532599493153256,4.498323897551951
3692,5.087596335232384,4.78033685120893
3693,6.813444599510896,6.02071605788416
3694,0.6931471805599453,0.6910904388741499
3695,1.3862943611198906,1.7949331287644585
3696,2.079441541679836,1.263790900376377
3697,0.0,0.702540142105488
3698,1.3862943611198906,1.2478931138136733
3699,2.4849066497880004,2.131799437067829
3700,7.045776576879511,7.835966727631064
3701,3.737669618283368,4.249763232159596
3702,0.0,1.4345341314370055
3703,4.3694478524670215,4.7192635396443565
3704,5.375278407684165,6.171557907679352
3705,0.0,1.2413872349936228
3706,1.0986122886681098,1.4327621497970788
3707,0.0,0.24226934267493494
3708,2.5649493574615367,2.9559888309099156
3709,4.3694478524670215,4.267931116172398
3710,0.6931471805599453,1.941472213360931
3711,1.0986122886681098,1.0716314228183157
3712,1.0986122886681098,1.6916728466549296
3713,1.6094379124341005,3.1641700352791093
3714,1.791759469228055,2.0466212542612334
3715,7.597897950521784,7.863751571077483
3716,0.0,0.21836573679772453
3717,1.3862943611198906,0.9922389803054017
3718,1.0986122886681098,1.5098059377894166
3719,3.091042453358316,3.5180692560965947
3720,1.9459101490553128,2.2492191987622885
3721,1.6094379124341005,1.4860729320670047
3722,7.906915488678587,7.313965653621194
3723,0.0,-4.140645108840304
3724,2.302585092994046,0.9645067197313351
3725,0.0,-0.02325116203579558
3726,2.70805020110221,2.8714033805097303
3727,2.302585092994046,1.4550028276749036
3728,3.4657359027997265,3.185386473907453
3729,4.624972813284271,4.070048493627905
3730,4.007333185232471,3.89941369325418
3731,0.0,0.11954343599161499
3732,3.9889840465642745,4.070084563824132
3733,0.0,0.8459314189333929
3734,3.737669618283368,2.738602356099287
3735,1.0986122886681098,0.8118278318809617
3736,0.0,0.5579294260441998
3737,0.0,0.16560824602583812
3738,3.258096538021482,3.424196479913089
3739,2.4849066497880004,2.690026580655283
3740,0.0,0.9940124010935167
3741,2.995732273553991,3.2069637508276143
3742,0.0,0.23035444595370302
3743,1.791759469228055,0.6427965114785188
3744,5.153291594497779,4.799445750839297
3745,8.77770959579525,6.66671489355549
3746,0.0,0.8432564165824237
3747,0.0,0.087210914431048
3748,0.0,0.6176312611370092
3749,0.0,1.015538922479042
3750,0.6931471805599453,0.9552086844266268
3751,0.6931471805599453,1.1309368275733045
3752,2.9444389791664403,2.8937728224704213
3753,0.0,0.9252001896317674
3754,2.079441541679836,1.6608683930307935
3755,2.8903717578961645,2.753741606509533
3756,0.0,0.8228518871359276
3757,1.9459101490553128,0.3991107341858109
3758,1.0986122886681098,0.41174306260252824
3759,0.0,0.5803906457451458
3760,0.0,0.5193121284985707
3761,1.6094379124341005,0.6280050529540286
3762,2.70805020110221,2.5252991601674073
3763,0.0,1.0468458829053178
3764,0.0,0.0774011896159772
3765,4.499809670330265,4.2516134338500775
3766,0.6931471805599453,0.9992735067816836
3767,0.0,0.35892538239838156
3768,3.044522437723423,1.1291523155194094
3769,1.3862943611198906,1.0822778922464407
3770,0.0,0.94132017121043
3771,4.477336814478207,3.323340152345812
3772,0.0,0.3811384732788845
3773,9.169976605786628,9.164201337783158
3774,3.218875824868201,1.8991716567884196
3775,1.0986122886681098,1.700152638967437
3776,0.0,1.0595252819987637
3777,3.970291913552122,4.62651768205123
3778,0.6931471805599453,1.2205712408020235
3779,1.6094379124341005,1.7319188681438022
3780,3.332204510175204,2.1452086286043897
3781,5.921578419643816,6.4371580731407585
3782,0.0,0.7015077550681765
3783,0.0,0.24018792584014514
3784,1.6094379124341005,1.8559259332796234
3785,0.6931471805599453,0.5176454756835311
3786,1.0986122886681098,1.396046567332263
3787,0.0,0.5423161727751229
3788,0.0,1.156964504974755
3789,4.276666119016055,4.437632148150013
3790,0.6931471805599453,0.8718119712080175
3791,0.0,-0.06929549026668669
3792,3.4339872044851463,2.770214581313833
3793,6.8966943316227125,7.49787996397256
3794,3.9318256327243257,4.289838226784979
3795,6.333279628139691,7.3337393336774275
3796,5.926926025970411,5.585993512361274
3797,2.19722457733622,2.0566564399757814
3798,0.0,0.17482182038697935
3799,3.58351893845611,3.007657705033844
3800,0.0,0.40479757359708457
3801,0.6931471805599453,1.168949460694145
3802,0.0,0.13097320602328644
3803,0.0,-0.0803074782422053
3804,5.733341276897746,6.466780057609238
3805,1.0986122886681098,0.7006757140279138
3806,0.0,0.15414873415112096
3807,0.0,0.804981924733353
3808,0.0,0.6190976138379076
3809,6.7580945044277305,6.138883341114388
3810,0.6931471805599453,0.7339401350685015
3811,0.0,0.21126052696348463
3812,1.0986122886681098,1.2945262049582922
3813,2.772588722239781,2.4840520637522934
3814,0.0,1.1134504902188327
3815,5.187385805840755,5.703284742455091
3816,2.5649493574615367,2.195383753154221
3817,2.302585092994046,0.8454909226790954
3818,2.5649493574615367,1.6885530468648668
3819,0.0,0.33871155944368714
3820,5.081404364984463,4.689840252916671
3821,3.871201010907891,3.4017054051777653
3822,1.791759469228055,2.2322056733741764
3823,3.7612001156935615,3.207593615516702
3824,4.31748811353631,5.168799262471964
3825,0.6931471805599453,0.9976758006659137
3826,8.32093496888341,8.284277334156302
3827,1.3862943611198906,0.5196421990054778
3828,2.302585092994046,2.2477819382380644
3829,0.0,0.6998712853979809
3830,4.30406509320417,3.91110099670945
3831,0.6931471805599453,0.9912259351831627
3832,0.0,0.6941818965195605
3833,0.0,-0.11275300785726294
3834,2.9444389791664403,2.39307238754795
3835,3.218875824868201,2.7427751976796273
3836,0.0,0.39460346705763594
3837,1.6094379124341005,1.242035238369865
3838,0.0,0.42660240188745613
3839,0.6931471805599453,2.0177556384577677
3840,3.951243718581428,4.048349044007905
3841,1.791759469228055,0.9550088958911132
3842,1.6094379124341005,1.9635651888065886
3843,8.126222529458525,8.40952863618297
3844,0.0,0.058687259149415194
3845,1.3862943611198906,1.0803325297370792
3846,0.0,0.9263569507620804
3847,5.204006687076795,5.961771592629093
3848,3.828641396489095,3.476517353056571
3849,0.6931471805599453,0.4951473399487587
3850,3.8918202981106265,3.972432144734086
3851,2.833213344056216,1.9433311566443172
3852,1.6094379124341005,1.2060655560319682
3853,1.6094379124341005,2.0558658310519924
3854,1.3862943611198906,0.24469771213172464
3855,7.020190708311925,6.604416752166654
3856,4.709530201312334,4.443546218268041
3857,3.9318256327243257,4.139815700178132
3858,7.7501841622578365,7.846989862759125
3859,2.302585092994046,2.0599951083336454
3860,2.772588722239781,3.6798783527093777
3861,2.833213344056216,2.3107910560054923
3862,0.6931471805599453,0.9484482060167534
3863,7.425357887027151,7.268788669218388
3864,0.6931471805599453,-0.09371412098413101
3865,3.80666248977032,3.317561952163091
3866,1.0986122886681098,1.7711807914551496
3867,0.6931471805599453,0.5290005891014071
3868,0.0,0.9706883396837684
3869,0.6931471805599453,0.8211899776180542
3870,1.3862943611198906,0.5327763397834981
3871,0.6931471805599453,0.5619912674377061
3872,1.6094379124341005,0.7150591583648009
3873,0.6931471805599453,0.7223322951669848
3874,4.248495242049359,3.179330250075027
3875,0.0,0.799558588849647
3876,1.0986122886681098,1.0509546084492487
3877,3.49650756146648,3.4408690866727643
3878,1.6094379124341005,0.7955016605735454
3879,2.302585092994046,2.0842320608896445
3880,1.0986122886681098,0.4484773201315939
3881,4.290459441148391,4.049439970520402
3882,0.6931471805599453,0.9673499116674833
3883,1.0986122886681098,1.1806130253628502
3884,4.158883083359672,3.8966674375946466
3885,8.570165076182343,3.747957224201574
3886,7.018401799069201,6.635993702587036
3887,0.0,0.3568032669397385
3888,0.0,-0.01814713882135166
3889,2.3978952727983707,2.1025179144468042
3890,9.169976605786628,4.621832895436092
3891,1.791759469228055,3.0093330481396414
3892,2.19722457733622,2.233700704754195
3893,1.6094379124341005,1.792603810938485
3894,5.968707559985366,6.230157666506189
3895,1.791759469228055,2.6551103283665567
3896,0.0,-0.3115820618621141
3897,2.302585092994046,2.1438674336319066
3898,1.791759469228055,1.5571977719269854
3899,0.0,0.508578151051015
3900,3.4011973816621555,4.017408671831703
3901,1.0986122886681098,1.0510689513957945
3902,0.0,0.3994491036974588
3903,0.0,0.6647469788245415
3904,2.302585092994046,0.7531420865114056
3905,1.6094379124341005,1.8949782180004584
3906,0.0,-0.029382615198453532
3907,4.143134726391533,4.869434155229332
3908,1.6094379124341005,2.103782184100415
3909,2.079441541679836,2.4157446956454915
3910,3.688879454113936,3.2447376413769375
3911,3.1780538303479458,2.9200679031026753
3912,2.8903717578961645,2.9723457634388666
3913,4.962844630259907,5.346966271013459
3914,2.302585092994046,1.1153352895863147
3915,8.449128460502108,8.58249088959121
3916,0.0,1.1360050965089346
3917,1.3862943611198906,2.0090291490483567
3918,3.610917912644224,1.7859384287773667
3919,7.407924322559599,6.122266596572809
3920,0.0,1.3092331724176725
3921,3.332204510175204,3.112749371288781
3922,0.0,0.5899010417288146
3923,0.6931471805599453,0.8949190055543144
3924,1.3862943611198906,0.5926521361360133
3925,2.302585092994046,2.438452190549184
3926,7.554334823725748,7.699047121677466
3927,2.4849066497880004,1.2348028168072902
3928,1.6094379124341005,2.814334608150544
3929,0.0,0.6113223392541443
3930,0.6931471805599453,0.5250437260429075
3931,8.575650760987806,9.088102219165382
3932,5.700443573390687,5.494587503621901
3933,2.079441541679836,2.7274406042963104
3934,1.3862943611198906,0.49722648123706104
3935,3.367295829986474,3.351630788807078
3936,4.718498871295094,4.861201966564335
3937,7.655864017616056,5.900160915320795
3938,2.833213344056216,2.3800421794194153
3939,0.6931471805599453,1.1217796316447124
3940,0.0,0.24416106681552696
3941,1.6094379124341005,1.5019608114546636
3942,3.091042453358316,3.476324864669091
3943,0.0,0.3342837721924703
3944,1.6094379124341005,2.10941066995843
3945,1.0986122886681098,1.242977080514509
3946,0.6931471805599453,0.6132104122510851
3947,0.0,0.21366303454614366
3948,4.07753744390572,3.8981530774542685
3949,5.356586274672012,5.729958916942579
3950,5.0369526024136295,5.3736268167697805
3951,0.0,0.614351309001766
3952,0.0,0.18013732830849216
3953,2.833213344056216,1.2164618451200313
3954,5.438079308923196,6.444021641239977
3955,0.6931471805599453,0.24565188930743131
3956,5.87493073085203,6.113961522841702
3957,5.762051382780177,5.765847440717163
3958,3.970291913552122,4.341757042087474
3959,2.5649493574615367,2.7433563264050767
3960,6.333279628139691,6.214693918425112
3961,0.6931471805599453,0.6371120502093854
3962,0.0,1.551617365103565
