quantity_sold_ground_truth,quantity_sold_predicted
3.218875824868201,3.2188758248681997
0.0,0.4429179351208957
1.791759469228055,2.573293720642275
3.4657359027997265,3.8202874554422612
0.0,0.18991040575548676
6.156978985585555,6.235279975053735
3.1354942159291497,3.1354942159291497
0.0,0.018649699925379692
0.0,0.4429179351208957
3.5263605246161616,3.3748234571192617
0.6931471805599453,0.6931471805599465
3.1780538303479458,3.1780538303479466
0.6931471805599453,0.6931471805599465
0.0,0.19071040436634554
3.58351893845611,3.128105526744138
0.0,0.5600246266857287
7.106606137727303,6.80491799698793
1.6094379124341005,0.4429179351208957
3.7612001156935615,3.8343053274254473
0.0,0.18991040575548676
0.0,0.5600246266857287
2.302585092994046,0.7037098366252162
6.92951677076365,6.9772922460071785
2.5649493574615367,2.56494935746154
9.169976605786628,8.568358819326447
9.169976605786628,9.060271720709606
0.0,0.05981216203459189
0.6931471805599453,0.19071040436634554
0.0,0.436415882699591
0.0,0.7037098366252162
0.0,0.4429179351208957
4.110873864173311,4.321405074437704
0.6931471805599453,0.6931471805599465
0.0,0.19071040436634554
3.332204510175204,3.2834111606337215
2.079441541679836,2.995732273553991
3.9318256327243257,3.7804963756014307
2.5649493574615367,2.56494935746154
4.07753744390572,3.8326509900946606
0.6931471805599453,0.49867551302589186
0.0,0.2378604847422267
0.6931471805599453,0.018649699925379692
1.791759469228055,1.3839131092960635
4.727387818712341,4.6917907034976025
7.538494999413465,7.352855379202313
2.6390573296152584,0.8151914065937378
1.3862943611198906,0.4429179351208957
1.3862943611198906,0.3946796420309624
0.0,1.3839131092960635
0.0,0.05981216203459189
0.0,0.05981216203459189
6.16541785423142,6.34690426978444
6.8001700683022,6.9772922460071785
0.0,0.4429179351208957
9.169976605786628,9.169604999671966
4.394449154672439,4.2319740390373335
5.062595033026967,5.053835504978207
0.0,0.436415882699591
1.3862943611198906,1.3839131092960635
2.19722457733622,0.5600246266857287
5.7745515455444085,5.78872672069254
1.0986122886681098,1.0986122886681098
0.0,0.5600246266857287
0.0,0.18991040575548676
0.0,0.05981216203459189
3.4011973816621555,3.4129816441041125
7.797291273547472,7.822258634279585
0.0,0.436415882699591
4.3694478524670215,4.567990548067656
0.0,0.436415882699591
5.356586274672012,5.432040150921658
5.484796933490655,5.510717940439049
4.882801922586371,4.724269690615439
3.332204510175204,3.2834111606337215
1.9459101490553128,1.9459101490553115
3.218875824868201,3.285639239179402
0.6931471805599453,0.2378604847422267
0.0,0.18991040575548676
1.9459101490553128,1.9459101490553115
2.302585092994046,2.302585092994046
0.6931471805599453,0.436415882699591
6.943122422819428,6.877315569853427
5.3230099791384085,4.924002504428832
0.6931471805599453,0.436415882699591
0.6931471805599453,1.3839131092960635
5.068904202220232,4.924002504428832
5.950642552587727,5.835182180452946
5.327876168789581,5.411197544874306
2.8903717578961645,1.7012059415853777
0.0,0.06755287582217212
1.791759469228055,0.436415882699591
2.19722457733622,2.197224577336218
9.169976605786628,9.169604999671966
2.9444389791664403,2.9444389791664403
0.0,0.436415882699591
0.0,4.052449686077306
4.74493212836325,4.692222242405771
2.6390573296152584,2.8452848455461375
2.833213344056216,1.7012059415853777
3.4657359027997265,3.5027733827818293
2.3978952727983707,2.3978952727983693
1.9459101490553128,0.436415882699591
3.5263605246161616,3.5304282206798288
2.4849066497880004,0.8151914065937378
6.2166061010848646,6.276522144688711
0.0,0.05981216203459189
3.871201010907891,3.7184357203400853
1.3862943611198906,1.3862943611198928
3.912023005428146,3.8202874554422612
0.6931471805599453,0.18991040575548676
2.079441541679836,0.8431752189756911
4.3694478524670215,4.399421192038522
0.0,0.1804288634792631
4.74493212836325,4.436387594644148
2.3978952727983707,0.05981216203459189
1.791759469228055,1.7917594692280547
0.6931471805599453,0.6931471805599465
1.6094379124341005,1.2415837848619753
3.555348061489413,3.4753750958196212
0.0,0.4429179351208957
0.0,0.4429179351208957
6.137727054086234,6.354755020683795
1.3862943611198906,1.3862943611198928
2.5649493574615367,2.564949357461538
2.8903717578961645,2.8903717578961636
0.6931471805599453,0.18991040575548676
0.0,0.05981216203459189
5.075173815233827,4.6917907034976025
0.0,0.19071040436634554
0.6931471805599453,1.3839131092960635
2.772588722239781,2.772588722239781
0.6931471805599453,0.436415882699591
1.6094379124341005,0.436415882699591
2.8903717578961645,2.9749128939049316
0.0,0.05981216203459189
0.0,0.05981216203459189
1.0986122886681098,0.49867551302589186
3.610917912644224,1.3839131092960635
4.143134726391533,4.110725497079638
0.0,0.436415882699591
0.0,0.436415882699591
1.0986122886681098,0.4429179351208957
0.0,0.1380879711650902
4.672828834461906,4.38836572899279
1.791759469228055,1.7917594692280547
4.060443010546419,3.9008733475198905
0.6931471805599453,0.6931471805599465
6.173786103901937,5.453758245858678
3.4011973816621555,3.4753750958196212
0.0,1.3839131092960635
4.820281565605037,4.787947264125997
1.0986122886681098,1.0986122886681098
0.0,0.436415882699591
6.049733455231958,6.598254600085252
0.0,2.6390573296152584
1.6094379124341005,1.6094379124341018
0.0,0.436415882699591
0.0,0.06755287582217212
5.0238805208462765,5.128003879157543
1.791759469228055,1.7917594692280547
0.0,0.7037098366252162
0.6931471805599453,0.4429179351208957
3.295836866004329,3.3433842409997943
0.0,0.05981216203459189
2.5649493574615367,2.56494935746154
0.0,0.19071040436634554
0.0,0.4429179351208957
0.0,0.18991040575548676
5.771441123130016,5.660349125849201
0.0,0.4429179351208957
1.3862943611198906,1.3862943611198928
3.80666248977032,3.9600296086669333
1.6094379124341005,1.609437912434096
1.0986122886681098,1.0986122886681078
2.3978952727983707,2.3978952727983693
3.1354942159291497,3.285639239179402
0.0,0.05981216203459189
0.6931471805599453,0.6931471805599465
0.0,0.05981216203459189
5.278114659230517,5.5939071694306275
0.0,0.05981216203459189
1.3862943611198906,1.0074431674211783
0.0,0.436415882699591
3.555348061489413,3.5832432588923298
1.9459101490553128,1.3839131092960635
3.4657359027997265,3.128105526744138
1.3862943611198906,1.3839131092960635
2.19722457733622,1.2415837848619753
0.0,0.7037098366252162
1.3862943611198906,0.5600246266857287
3.218875824868201,3.3748234571192617
2.19722457733622,2.197224577336218
2.8903717578961645,2.8452848455461375
0.0,0.06755287582217212
2.079441541679836,2.079441541679838
4.7535901911063645,4.787947264125997
0.0,1.3839131092960635
0.0,0.1380879711650902
3.091042453358316,3.1420378010493812
2.772588722239781,3.128105526744138
4.663439094112067,5.1076959219115645
0.0,0.05981216203459189
3.871201010907891,1.3200960823395267
4.962844630259907,4.953747867347691
1.791759469228055,1.7917594692280547
2.19722457733622,2.1972245773362205
0.6931471805599453,0.08777592675899684
4.68213122712422,4.505702564680455
0.6931471805599453,0.436415882699591
3.6635616461296463,3.9008733475198905
2.079441541679836,2.134406958319482
0.0,0.436415882699591
1.3862943611198906,1.3862943611198928
0.0,0.436415882699591
0.0,0.1380879711650902
0.0,0.8151914065937378
3.1354942159291497,3.7184357203400853
1.791759469228055,1.7102966459796927
2.079441541679836,1.3839131092960635
5.958424693029782,5.81181805736758
2.302585092994046,0.4429179351208957
5.855071922202427,5.743172357685376
0.0,0.436415882699591
0.0,0.05981216203459189
0.0,0.4429179351208957
2.772588722239781,2.772588722239781
1.791759469228055,1.7012059415853777
0.0,0.18991040575548676
0.0,0.5600246266857287
1.6094379124341005,1.609437912434096
3.044522437723423,3.0233800332500045
0.0,0.018649699925379692
0.0,0.7037098366252162
3.970291913552122,4.02105213151593
1.9459101490553128,2.0640356786632434
1.791759469228055,1.7917594692280547
0.0,0.05981216203459189
0.6931471805599453,1.6901201596011382
2.9444389791664403,2.912789874032619
0.0,0.436415882699591
3.367295829986474,3.353927708153609
1.3862943611198906,0.4429179351208957
5.739792912179234,5.684778454495863
4.248495242049359,3.9600296086669333
1.6094379124341005,1.6094379124341018
5.488937726156687,5.743172357685376
1.6094379124341005,1.6094379124341018
2.833213344056216,2.833213344056217
7.554334823725748,7.343460158609508
0.0,0.05981216203459189
5.14166355650266,5.453758245858678
4.007333185232471,4.603627608992202
1.9459101490553128,2.0640356786632434
0.0,0.19071040436634554
1.3862943611198906,1.3839131092960635
7.269616749608169,7.665062567717001
1.791759469228055,1.6901201596011382
1.0986122886681098,1.3839131092960635
0.6931471805599453,0.18991040575548676
1.0986122886681098,1.0986122886681078
0.0,0.05981216203459189
6.124683390894205,6.114647485614731
2.6390573296152584,2.607296770120806
3.8501476017100575,3.7184357203400853
7.422373700986824,7.36764105759876
4.912654885736052,4.436387594644148
4.7535901911063645,4.614995174510253
0.6931471805599453,0.06755287582217212
0.0,0.19071040436634554
2.5649493574615367,2.6027286816622746
0.0,0.05981216203459189
1.3862943611198906,1.3839131092960635
4.23410650459726,3.8202874554422612
3.218875824868201,3.2834111606337215
1.3862943611198906,0.7984686160406123
6.115892125483034,5.835182180452946
6.77078942390898,6.522438680113846
1.791759469228055,1.7102966459796927
2.3978952727983707,2.3978952727983693
0.0,0.018649699925379692
4.770684624465665,4.614995174510253
0.0,0.018649699925379692
2.70805020110221,2.70805020110221
6.035481432524756,5.835182180452946
7.697121317282625,7.756777596656964
4.174387269895637,4.603627608992202
5.389071729816501,5.411197544874306
4.59511985013459,4.230211174379442
9.169976605786628,9.039196115772354
7.307872780763706,7.1883853454732
4.663439094112067,4.6917907034976025
6.228511003591184,5.743172357685376
0.0,0.05981216203459189
0.0,0.4429179351208957
0.0,0.7037098366252162
1.0986122886681098,1.9992113725858605
3.49650756146648,3.8202874554422612
4.584967478670572,4.584335778592854
0.0,0.05981216203459189
0.0,0.05981216203459189
2.5649493574615367,1.3839131092960635
1.3862943611198906,1.3839131092960635
0.6931471805599453,0.8151914065937378
5.459585514144159,5.432040150921658
0.0,0.2378604847422267
4.143134726391533,4.38836572899279
2.9444389791664403,2.9444389791664403
3.9318256327243257,3.914052214709259
0.0,0.436415882699591
0.0,0.5600246266857287
1.0986122886681098,0.4429179351208957
3.9889840465642745,4.02105213151593
7.907651594711089,7.550696573424107
6.641182169740591,6.276522144688711
1.0986122886681098,0.7037098366252162
3.80666248977032,3.9079276852654417
7.748028524432376,7.754564437089021
4.442651256490317,4.436387594644148
2.4849066497880004,2.4849066497880012
0.6931471805599453,0.4429179351208957
0.0,0.05981216203459189
5.916202062607435,5.835182180452946
2.833213344056216,0.8431752189756911
0.0,0.05981216203459189
2.19722457733622,2.134406958319482
2.70805020110221,1.3839131092960635
0.0,0.05981216203459189
2.70805020110221,2.7395690137507898
0.0,0.7037098366252162
4.356708826689592,4.399421192038522
3.9889840465642745,4.02105213151593
0.0,0.436415882699591
1.0986122886681098,0.436415882699591
4.709530201312334,4.399421192038522
2.3978952727983707,2.3978952727983693
0.0,1.3839131092960635
0.0,0.4429179351208957
0.6931471805599453,0.4429179351208957
0.0,0.436415882699591
6.171700597410915,6.34690426978444
5.53338948872752,5.43188031428219
4.812184355372417,4.614995174510253
0.0,0.05981216203459189
5.068904202220232,4.6917907034976025
5.2832037287379885,5.107630830284402
4.110873864173311,4.151195911463696
0.6931471805599453,0.436415882699591
3.951243718581428,3.8202874554422612
5.7745515455444085,5.684778454495863
1.0986122886681098,0.4429179351208957
2.19722457733622,2.197224577336218
0.6931471805599453,0.436415882699591
4.02535169073515,4.38836572899279
0.0,0.05981216203459189
1.6094379124341005,1.7102966459796927
2.772588722239781,2.9240099623878653
4.382026634673881,4.527599042076699
1.0986122886681098,1.0986122886681078
0.0,2.5268888105547
0.6931471805599453,0.18991040575548676
0.0,0.1804288634792631
6.20455776256869,6.276522144688711
0.0,0.0
0.6931471805599453,0.7037098366252162
4.330733340286331,4.24690441711818
1.9459101490553128,1.6901201596011382
0.0,0.436415882699591
2.5649493574615367,2.573293720642275
0.6931471805599453,0.49867551302589186
4.859812404361672,4.505702564680455
3.295836866004329,3.4753750958196212
3.1354942159291497,3.1354942159291497
2.079441541679836,2.079441541679838
0.0,0.018649699925379692
1.3862943611198906,0.07701635339554948
2.4849066497880004,2.4849066497880012
3.6375861597263857,1.3839131092960635
0.6931471805599453,0.1804288634792631
5.476463551931511,5.510717940439049
4.382026634673881,4.064706595701158
1.6094379124341005,0.05981216203459189
0.0,0.05981216203459189
2.4849066497880004,2.4849066497880012
1.0986122886681098,0.05981216203459189
0.0,0.05981216203459189
2.19722457733622,1.6901201596011382
2.3978952727983707,2.3559587936844677
0.0,0.8211312698029367
2.302585092994046,2.302585092994047
0.0,1.6901201596011382
2.302585092994046,2.302585092994047
2.6390573296152584,2.6390573296152566
5.926926025970411,5.660349125849201
0.0,0.018649699925379692
2.5649493574615367,1.6901201596011382
0.6931471805599453,0.5600246266857287
2.5649493574615367,2.564949357461538
0.6931471805599453,0.6931471805599465
0.0,0.05981216203459189
1.3862943611198906,0.2378604847422267
2.3978952727983707,2.4146945484542943
7.781973234434385,7.903628265006067
1.3862943611198906,1.386294361119889
2.4849066497880004,2.549161462962724
5.1647859739235145,5.053835504978207
5.272999558563747,5.743172357685376
1.791759469228055,0.7984686160406123
0.0,0.018649699925379692
2.772588722239781,3.128105526744138
1.791759469228055,1.7917594692280547
3.258096538021482,3.4268873728930243
3.332204510175204,3.353927708153609
2.772588722239781,2.772588722239781
0.6931471805599453,0.8958797346140275
3.951243718581428,3.942995050339568
1.0986122886681098,1.0986122886681078
3.295836866004329,3.4268873728930243
3.6635616461296463,3.6750982775362147
0.0,0.2378604847422267
3.871201010907891,3.9600296086669333
0.0,0.436415882699591
0.0,0.06707875940902695
0.6931471805599453,0.6931471805599452
0.0,0.436415882699591
0.6931471805599453,0.19071040436634554
7.747596838692885,7.343460158609508
1.3862943611198906,1.3862943611198928
1.9459101490553128,1.3839131092960635
0.0,0.7037098366252162
1.3862943611198906,1.3862943611198928
2.995732273553991,2.995732273553991
3.044522437723423,3.0233800332500045
5.056245805348308,4.811226370853523
0.0,0.4429179351208957
5.513428746164983,5.128003879157543
1.3862943611198906,1.4206241382451537
4.700480365792417,4.794178371234779
1.3862943611198906,0.8151914065937378
0.0,0.436415882699591
1.791759469228055,1.7917594692280547
3.610917912644224,3.9600296086669333
0.6931471805599453,0.05981216203459189
0.0,0.4429179351208957
2.302585092994046,2.302585092994046
0.0,1.3839131092960635
4.262679877041316,4.38836572899279
4.430816798843313,4.2319740390373335
5.455321115357702,5.5939071694306275
2.70805020110221,2.8555387615450636
0.6931471805599453,0.18991040575548676
0.0,0.436415882699591
5.1647859739235145,5.510717940439049
0.0,0.3946796420309624
0.0,0.4429179351208957
3.218875824868201,3.285639239179402
1.9459101490553128,1.945910149055313
1.0986122886681098,0.436415882699591
2.4849066497880004,2.4849066497880012
5.613128106388071,5.835182180452946
0.0,0.5600246266857287
0.6931471805599453,1.3839131092960635
0.0,0.06755287582217212
0.0,0.19071040436634554
0.0,0.4429179351208957
0.0,0.05981216203459189
3.091042453358316,3.0910424533583147
2.079441541679836,2.0794415416798393
0.0,0.7984686160406123
0.0,0.05981216203459189
3.737669618283368,3.7401089522881827
0.0,0.4429179351208957
4.672828834461906,4.781523202523582
3.784189633918261,3.7804963756014307
2.833213344056216,2.833213344056217
1.9459101490553128,1.945910149055313
0.0,0.4429179351208957
4.007333185232471,4.01078415149073
1.9459101490553128,1.945910149055313
0.0,0.4790699974462627
0.6931471805599453,0.6931471805599465
1.6094379124341005,1.6901201596011382
1.0986122886681098,1.0986122886681078
0.0,0.1380879711650902
0.6931471805599453,0.6931471805599465
2.19722457733622,2.197224577336218
0.6931471805599453,0.6931471805599465
2.3978952727983707,2.3978952727983693
5.0369526024136295,4.924002504428832
0.0,1.0074431674211783
0.0,0.436415882699591
0.6931471805599453,1.4620558248911335
1.0986122886681098,1.3839131092960635
0.0,0.436415882699591
2.302585092994046,1.3839131092960635
2.772588722239781,2.8555387615450636
2.5649493574615367,2.56494935746154
2.833213344056216,2.833213344056217
2.4849066497880004,2.4849066497880012
3.4339872044851463,3.285639239179402
3.58351893845611,3.5304282206798288
6.1092475827643655,6.910804015204764
5.66988092298052,5.660349125849201
0.0,0.7984686160406123
2.772588722239781,2.772588722239781
0.0,0.06755287582217212
1.9459101490553128,1.945910149055313
1.791759469228055,1.7917594692280547
1.0986122886681098,1.0986122886681078
0.0,0.18991040575548676
0.6931471805599453,0.6931471805599465
3.713572066704308,3.8326509900946606
0.0,0.7037098366252162
8.439880088313567,8.498885698063726
3.8501476017100575,4.436387594644148
4.07753744390572,4.064706595701158
0.6931471805599453,0.436415882699591
1.9459101490553128,2.0640356786632434
2.4849066497880004,2.4849066497880012
7.080867896690782,6.639061402148307
5.429345628954441,5.128003879157543
0.0,0.05981216203459189
0.0,0.7984686160406123
0.6931471805599453,0.436415882699591
0.0,0.436415882699591
0.0,0.785990220160285
0.0,0.05981216203459189
6.084499413075172,6.199619065669433
0.6931471805599453,0.7037098366252162
0.0,0.1804288634792631
2.4849066497880004,4.662581752594058
1.0986122886681098,1.0986122886681098
0.0,0.018649699925379692
2.70805020110221,2.8555387615450636
0.0,0.018649699925379692
7.606387389772652,7.466706252935771
1.791759469228055,1.7917594692280547
0.0,0.06755287582217212
0.0,1.3839131092960635
3.8918202981106265,3.870847312020241
3.6375861597263857,3.8326509900946606
1.3862943611198906,1.3839131092960635
9.169976605786628,9.158719382215251
0.0,0.018649699925379692
0.0,0.18991040575548676
1.6094379124341005,1.6901201596011382
4.663439094112067,4.436387594644148
1.6094379124341005,1.609437912434096
1.0986122886681098,0.4429179351208957
2.772588722239781,2.7395690137507898
0.0,0.05981216203459189
6.077642243349034,6.199619065669433
6.635946555686647,6.606128886668137
0.6931471805599453,1.3200960823395267
2.302585092994046,2.302585092994047
9.169976605786628,7.995393218075366
4.04305126783455,4.151195911463696
0.0,0.08777592675899684
3.713572066704308,3.7828469955963646
2.4849066497880004,2.4849066497880012
2.19722457733622,2.1972245773362205
2.3978952727983707,2.3978952727983693
0.0,0.19071040436634554
0.6931471805599453,0.7037098366252162
2.19722457733622,0.7037098366252162
5.123963979403259,4.603627608992202
2.772588722239781,2.772588722239781
0.0,1.3200960823395267
0.0,0.05981216203459189
0.0,0.5600246266857287
5.501258210544727,5.743172357685376
3.295836866004329,3.274450680147381
0.0,0.05981216203459189
0.0,0.0
0.0,0.2378604847422267
0.0,0.05981216203459189
2.4849066497880004,2.4849066497880012
4.430816798843313,4.505702564680455
0.6931471805599453,0.6931471805599465
0.0,0.05981216203459189
0.6931471805599453,0.5600246266857287
2.4849066497880004,2.4518166629079903
2.8903717578961645,2.8903717578961636
1.0986122886681098,1.0986122886681078
0.0,0.49867551302589186
6.956545443151569,7.36764105759876
3.7612001156935615,3.7401089522881827
1.6094379124341005,0.436415882699591
3.1354942159291497,3.285639239179402
6.461468176353717,5.917084966152843
4.23410650459726,4.064706595701158
4.882801922586371,4.952774331015855
0.6931471805599453,0.5600246266857287
2.833213344056216,2.888366380775398
0.0,0.18991040575548676
6.595780513961311,6.34690426978444
0.0,0.18991040575548676
4.174387269895637,4.2319740390373335
0.6931471805599453,0.23938147324913797
2.19722457733622,2.1972245773362213
1.791759469228055,1.7102966459796927
2.079441541679836,2.0794415416798393
1.6094379124341005,1.6094379124341018
3.1354942159291497,3.1354942159291497
0.6931471805599453,0.6931471805599452
0.0,0.05981216203459189
0.0,0.018649699925379692
0.0,0.4429179351208957
1.0986122886681098,0.4429179351208957
6.894670039433482,6.732108092856557
1.3862943611198906,1.3839131092960635
2.8903717578961645,2.8903717578961636
0.0,0.7984686160406123
0.0,0.4429179351208957
5.961005339623274,2.573293720642275
5.7745515455444085,5.660349125849201
1.6094379124341005,0.18991040575548676
4.248495242049359,4.280888158292067
8.658692753689937,8.192476044934937
0.0,0.626576756196329
0.0,0.436415882699591
1.6094379124341005,1.609437912434096
3.912023005428146,3.8326509900946606
0.0,0.436415882699591
4.762173934797756,4.787947264125997
0.6931471805599453,1.3839131092960635
0.0,0.018649699925379692
0.0,0.5600246266857287
0.0,0.4429179351208957
5.680172609017068,5.684778454495863
1.0986122886681098,1.2731574212205068
0.6931471805599453,1.3839131092960635
0.0,0.19071040436634554
0.0,0.23938147324913797
4.02535169073515,4.230211174379442
3.737669618283368,3.7401089522881827
2.70805020110221,2.7395690137507898
0.6931471805599453,0.18991040575548676
0.0,0.05981216203459189
1.3862943611198906,1.3839131092960635
3.1780538303479458,3.4753750958196212
3.4339872044851463,3.4201809632965197
1.0986122886681098,0.8151914065937378
0.0,0.8151914065937378
0.0,1.3839131092960635
4.23410650459726,4.1682740667263145
0.0,0.06755287582217212
2.302585092994046,2.302585092994047
0.6931471805599453,0.6931471805599453
0.0,0.436415882699591
1.791759469228055,2.0640356786632434
0.0,0.18991040575548676
0.0,0.05981216203459189
0.0,0.4790699974462627
3.8501476017100575,3.7804963756014307
4.624972813284271,4.6917907034976025
0.6931471805599453,0.05981216203459189
1.791759469228055,1.7917594692280547
3.332204510175204,3.3433842409997943
0.0,0.4429179351208957
4.605170185988092,4.924002504428832
0.6931471805599453,0.6931471805599465
0.0,0.23938147324913797
0.0,0.05981216203459189
5.4510384535657,5.273357808556943
5.703782474656201,5.835182180452946
5.594711379601839,5.453758245858678
0.6931471805599453,0.6931471805599465
0.6931471805599453,0.6931471805599465
4.663439094112067,4.527599042076699
0.0,0.018649699925379692
0.0,0.06755287582217212
1.0986122886681098,1.3839131092960635
2.079441541679836,1.3839131092960635
2.6390573296152584,2.4518166629079903
1.0986122886681098,1.0986122886681098
2.833213344056216,4.052449686077306
5.973809611869261,5.684778454495863
0.0,0.2378604847422267
0.6931471805599453,0.8151914065937378
0.6931471805599453,0.436415882699591
3.58351893845611,3.5414381325997835
0.6931471805599453,0.18991040575548676
4.174387269895637,4.206454491853744
3.367295829986474,3.4129816441041125
6.729824070489475,6.598254600085252
0.0,0.436415882699591
0.6931471805599453,0.6931471805599465
4.3694478524670215,4.463845943040982
3.8501476017100575,3.9008733475198905
1.6094379124341005,0.5600246266857287
0.0,0.4429179351208957
2.9444389791664403,2.888366380775398
0.6931471805599453,0.19071040436634554
2.833213344056216,2.7801311255503767
4.204692619390966,4.151195911463696
7.431299675155903,7.449664201791321
0.6931471805599453,0.6931471805599465
2.4849066497880004,2.4849066497880012
7.167809184316444,3.07248848625841
7.126087273299125,7.343460158609508
6.486160788944089,6.585258473241299
2.833213344056216,2.833213344056217
0.0,0.2378604847422267
0.6931471805599453,0.18991040575548676
2.772588722239781,2.772588722239781
3.8501476017100575,3.9008733475198905
1.0986122886681098,1.3839131092960635
0.6931471805599453,1.2415837848619753
0.0,0.49867551302589186
2.4849066497880004,3.128105526744138
0.0,0.06755287582217212
0.0,0.2378604847422267
6.413458957167357,6.276522144688711
2.5649493574615367,2.549161462962724
0.0,0.5600246266857287
0.0,0.18991040575548676
5.7430031878094825,5.660349125849201
3.218875824868201,3.2331379023784845
0.6931471805599453,0.6931471805599452
3.1354942159291497,2.9240099623878653
0.6931471805599453,0.6931471805599465
1.3862943611198906,1.4206241382451537
0.0,0.4429179351208957
1.9459101490553128,1.3839131092960635
0.0,0.4429179351208957
3.332204510175204,1.3839131092960635
1.0986122886681098,0.436415882699591
7.089243155027514,6.598254600085252
1.0986122886681098,1.0986122886681098
3.912023005428146,4.064706595701158
1.3862943611198906,1.386294361119889
1.0986122886681098,1.3839131092960635
0.0,0.05981216203459189
3.6635616461296463,3.7127401516406584
4.127134385045092,4.38836572899279
3.49650756146648,3.4835023369863647
2.3978952727983707,2.3978952727983693
8.442685139241176,8.498885698063726
2.6390573296152584,2.6390573296152566
0.0,0.18991040575548676
3.5263605246161616,3.5414381325997835
0.6931471805599453,0.5600246266857287
6.169610732491456,6.598254600085252
5.198497031265826,5.743172357685376
6.042632833682381,6.069871566674828
1.6094379124341005,1.609437912434096
1.791759469228055,0.436415882699591
0.0,0.18991040575548676
0.0,0.8151914065937378
2.3978952727983707,2.3978952727983693
3.970291913552122,3.9079276852654417
4.543294782270004,4.724269690615439
1.0986122886681098,0.7984686160406123
0.0,0.7037098366252162
5.236441962829949,5.411197544874306
3.8918202981106265,3.8202874554422612
2.302585092994046,2.3559587936844677
3.1780538303479458,3.1365489247446305
4.406719247264253,4.392044545151512
5.262690188904886,5.142185648133915
2.772588722239781,2.772588722239781
0.6931471805599453,0.19071040436634554
0.0,0.18991040575548676
6.765038976780541,7.047813656815918
2.70805020110221,2.70805020110221
2.772588722239781,2.772588722239781
5.3230099791384085,5.43188031428219
0.0,0.18991040575548676
1.3862943611198906,1.3862943611198928
2.995732273553991,2.995732273553991
0.0,0.8431752189756911
0.0,1.3839131092960635
4.060443010546419,4.38836572899279
1.6094379124341005,1.3839131092960635
0.0,0.436415882699591
1.0986122886681098,1.0986122886681078
0.0,0.05981216203459189
5.627621113690637,5.660349125849201
1.0986122886681098,1.0986122886681078
4.875197323201151,5.107630830284402
1.3862943611198906,1.3862943611198928
0.0,0.05981216203459189
9.06577692078483,9.099919553605789
2.079441541679836,2.4518166629079903
0.0,0.1804288634792631
3.912023005428146,3.7804963756014307
1.9459101490553128,1.945910149055313
0.0,0.18991040575548676
3.4011973816621555,3.3748234571192617
6.536691597591305,6.260175824132131
0.0,0.7037098366252162
5.3612921657094255,5.49303632681848
0.0,0.436415882699591
0.0,0.4429179351208957
0.0,0.05981216203459189
3.4011973816621555,3.3433842409997943
0.0,0.7037098366252162
0.0,0.5600246266857287
3.688879454113936,3.6750982775362147
0.0,0.7037098366252162
5.062595033026967,4.811226370853523
1.3862943611198906,1.3862943611198928
0.6931471805599453,0.5600246266857287
0.6931471805599453,1.2415837848619753
2.70805020110221,3.128105526744138
0.0,0.7037098366252162
5.117993812416755,5.128003879157543
0.0,0.1380879711650902
0.0,0.05981216203459189
7.711101251840158,8.192476044934937
0.0,0.1804288634792631
7.130098510125578,6.893928095035236
0.0,0.4429179351208957
0.0,0.06755287582217212
0.0,0.05981216203459189
3.49650756146648,3.3748234571192617
0.6931471805599453,1.9992113725858605
0.0,0.2378604847422267
0.0,0.5600246266857287
0.0,0.1380879711650902
2.19722457733622,1.6901201596011382
3.258096538021482,3.2331379023784845
1.0986122886681098,0.436415882699591
0.0,1.3839131092960635
2.079441541679836,2.0794415416798393
2.833213344056216,2.8555387615450636
0.0,0.436415882699591
9.169976605786628,9.169604999671966
7.954723334497908,7.822258634279585
0.0,0.05981216203459189
0.6931471805599453,0.6931471805599452
9.169976605786628,9.169604999671966
0.0,0.018649699925379692
1.3862943611198906,1.3862943611198928
4.219507705176107,4.436387594644148
2.4849066497880004,0.6212266624470001
2.8903717578961645,0.0
1.6094379124341005,1.4620558248911335
2.079441541679836,2.0794415416798393
2.8903717578961645,0.436415882699591
2.5649493574615367,2.56494935746154
4.976733742420574,4.924002504428832
3.49650756146648,3.285639239179402
0.6931471805599453,0.436415882699591
7.186901020411631,7.1883853454732
5.030437921392435,4.863507158598181
1.791759469228055,1.7917594692280547
4.890349128221754,4.724269690615439
0.0,1.3839131092960635
1.3862943611198906,1.3862943611198928
3.9889840465642745,3.9079276852654417
0.0,0.05981216203459189
7.43543801981455,7.343460158609508
1.3862943611198906,1.3862943611198928
1.6094379124341005,0.436415882699591
0.0,0.05981216203459189
0.0,0.4429179351208957
0.0,1.3839131092960635
0.0,0.436415882699591
7.398174092970465,7.4635613918822274
5.802118375377063,5.453758245858678
8.866017398810255,8.842862738705145
5.613128106388071,5.496690348492594
0.0,0.3946796420309624
3.258096538021482,3.274450680147381
0.0,0.436415882699591
2.995732273553991,1.208338407608225
0.0,0.436415882699591
2.5649493574615367,2.564949357461538
2.4849066497880004,2.4849066497880012
0.0,0.05981216203459189
4.219507705176107,4.190517072318444
4.0943445622221,3.9008733475198905
3.332204510175204,3.353927708153609
0.6931471805599453,1.3839131092960635
2.079441541679836,2.0794415416798393
0.0,0.18991040575548676
3.367295829986474,3.353927708153609
0.0,0.436415882699591
0.0,0.8151914065937378
0.0,0.23938147324913797
1.0986122886681098,0.18991040575548676
2.70805020110221,1.6901201596011382
0.0,0.7037098366252162
1.0986122886681098,0.5600246266857287
1.791759469228055,1.3839131092960635
7.519149957669823,7.4635613918822274
2.772588722239781,2.7395690137507898
5.6937321388027,5.660349125849201
3.1354942159291497,0.8378680750151563
0.0,0.18991040575548676
0.0,0.436415882699591
2.8903717578961645,3.0220751806005306
1.6094379124341005,0.7984686160406123
9.0320506762956,8.98055854328063
0.0,0.08777592675899684
2.302585092994046,2.3559587936844677
2.302585092994046,2.302585092994046
4.997212273764115,5.128003879157543
1.791759469228055,1.7917594692280547
4.882801922586371,4.924002504428832
0.6931471805599453,0.7037098366252162
2.3978952727983707,1.6901201596011382
5.552959584921617,5.917084966152843
0.6931471805599453,0.18991040575548676
4.867534450455582,4.876632253454441
1.6094379124341005,1.6094379124341018
1.791759469228055,0.436415882699591
0.0,0.018649699925379692
4.564348191467836,4.436387594644148
0.0,0.4429179351208957
2.079441541679836,2.0794415416798393
2.3978952727983707,2.3559587936844677
2.3978952727983707,2.3978952727983693
0.0,0.05981216203459189
6.324358962381311,6.585258473241299
0.0,0.4429179351208957
6.39024066706535,6.508026244927296
2.079441541679836,0.3946796420309624
0.0,0.018649699925379692
0.0,0.18991040575548676
0.0,0.06755287582217212
0.0,0.5600246266857287
5.225746673713202,5.411197544874306
0.0,0.436415882699591
4.060443010546419,4.02105213151593
1.3862943611198906,0.7225929394740412
0.0,0.05981216203459189
4.442651256490317,4.38836572899279
0.0,0.436415882699591
4.5217885770490405,4.399421192038522
2.6390573296152584,3.128105526744138
6.194405391104672,6.235279975053735
0.0,0.4429179351208957
0.0,0.8378680750151563
0.0,2.782103764404841
3.4657359027997265,3.3748234571192617
3.091042453358316,3.1573852292007643
0.0,0.05981216203459189
1.3862943611198906,1.386294361119889
5.981414211254481,5.781771429431591
0.0,0.5600246266857287
4.6443908991413725,4.2319740390373335
0.0,0.05981216203459189
2.079441541679836,2.134406958319482
2.3978952727983707,2.3978952727983693
0.0,0.05981216203459189
3.044522437723423,3.044522437723423
0.0,1.3839131092960635
3.044522437723423,3.285639239179402
2.302585092994046,2.302585092994047
1.791759469228055,1.7917594692280547
2.5649493574615367,2.549161462962724
9.169976605786628,9.169604999671966
3.58351893845611,3.5304282206798288
1.3862943611198906,1.3862943611198928
5.780743515792329,5.510717940439049
7.094234845924755,6.910804015204764
3.295836866004329,3.274450680147381
0.0,0.05981216203459189
5.996452088619021,5.684778454495863
2.302585092994046,2.3025850929940463
4.418840607796598,4.505702564680455
4.543294782270004,4.659965002603813
7.05444965813294,6.877315569853427
0.0,0.4429179351208957
0.0,0.1380879711650902
2.772588722239781,2.7395690137507898
0.0,0.06755287582217212
2.19722457733622,1.3839131092960635
2.5649493574615367,2.56494935746154
2.9444389791664403,2.9749128939049316
1.3862943611198906,0.5600246266857287
3.555348061489413,3.4268873728930243
2.9444389791664403,2.9444389791664403
0.0,0.49867551302589186
0.6931471805599453,0.6931471805599465
1.791759469228055,1.3839131092960635
3.1354942159291497,3.1365489247446305
0.0,0.7037098366252162
3.784189633918261,3.776808621481695
0.0,0.1380879711650902
0.0,1.3839131092960635
0.6931471805599453,0.18991040575548676
2.079441541679836,2.079441541679838
1.6094379124341005,1.3839131092960635
1.3862943611198906,1.3862943611198928
3.332204510175204,3.353927708153609
3.044522437723423,2.9749128939049316
2.4849066497880004,2.4849066497880012
4.143134726391533,4.1760328784206076
1.791759469228055,1.7917594692280547
2.833213344056216,2.7801311255503767
0.6931471805599453,0.5600246266857287
2.079441541679836,2.134406958319482
0.0,0.05981216203459189
4.158883083359672,3.7804963756014307
0.0,0.4429179351208957
2.079441541679836,0.5600246266857287
0.0,0.018649699925379692
1.3862943611198906,1.3839131092960635
0.0,0.05981216203459189
0.0,1.3839131092960635
1.6094379124341005,0.8151914065937378
3.8918202981106265,3.9008733475198905
0.0,0.0
1.0986122886681098,0.436415882699591
3.8501476017100575,3.8343053274254473
2.302585092994046,2.302585092994046
1.3862943611198906,1.4688072389195324
4.07753744390572,4.230211174379442
0.6931471805599453,1.3839131092960635
0.0,0.4429179351208957
0.6931471805599453,0.18991040575548676
0.6931471805599453,1.3839131092960635
0.0,0.7037098366252162
0.0,0.7984686160406123
1.3862943611198906,0.4429179351208957
2.079441541679836,2.0794415416798393
5.123963979403259,4.932572160588383
1.6094379124341005,2.796938284486918
0.0,0.436415882699591
0.0,2.796938284486918
1.0986122886681098,2.796938284486918
4.934473933130692,4.724269690615439
0.6931471805599453,0.5600246266857287
1.3862943611198906,1.4206241382451537
2.9444389791664403,2.912789874032619
1.3862943611198906,0.08777592675899684
0.0,0.06755287582217212
2.9444389791664403,1.4372620969673322
0.6931471805599453,0.05981216203459189
2.5649493574615367,2.56494935746154
5.638354669333745,5.684778454495863
1.0986122886681098,0.4429179351208957
0.0,0.23938147324913797
3.6635616461296463,3.128105526744138
2.8903717578961645,2.528999141143644
0.6931471805599453,0.436415882699591
1.6094379124341005,0.963457252632055
3.80666248977032,3.8343053274254473
5.225746673713202,5.743172357685376
0.6931471805599453,0.8151914065937378
3.258096538021482,3.274450680147381
0.0,0.18991040575548676
0.0,0.05981216203459189
1.6094379124341005,1.3839131092960635
7.938802248154481,7.822258634279585
0.6931471805599453,0.8211312698029367
5.214935757608986,5.43188031428219
0.0,0.018649699925379692
0.0,0.4429179351208957
0.6931471805599453,0.8151914065937378
2.4849066497880004,1.9992113725858605
2.3978952727983707,2.3978952727983693
2.70805020110221,2.7395690137507898
6.180016653652572,6.114647485614731
1.0986122886681098,0.4429179351208957
0.0,1.9992113725858605
0.0,0.7984686160406123
0.0,0.06755287582217212
0.6931471805599453,1.3839131092960635
0.6931471805599453,0.8431752189756911
1.6094379124341005,1.6094379124341018
0.0,0.0
1.3862943611198906,0.19071040436634554
0.0,0.436415882699591
6.385194398997726,6.34690426978444
0.0,0.05981216203459189
0.6931471805599453,0.8378680750151563
1.0986122886681098,1.3839131092960635
1.6094379124341005,1.3839131092960635
5.3981627015177525,5.128003879157543
3.9318256327243257,4.02105213151593
4.983606621708336,4.932572160588383
0.0,0.5600246266857287
3.218875824868201,3.2331379023784845
0.0,0.05981216203459189
0.0,0.05981216203459189
5.075173815233827,5.142185648133915
6.028278520230698,5.453758245858678
3.610917912644224,3.7804963756014307
0.0,0.05981216203459189
9.060447282401563,9.099919553605789
1.3862943611198906,1.3862943611198928
1.6094379124341005,0.436415882699591
3.044522437723423,2.9240099623878653
3.688879454113936,3.6750982775362147
0.0,0.05981216203459189
4.653960350157523,4.505702564680455
6.584791392385716,5.917084966152843
0.0,0.05981216203459189
1.6094379124341005,1.3839131092960635
1.0986122886681098,0.5600246266857287
6.274762021241939,6.713601888824403
0.0,0.05981216203459189
3.091042453358316,3.1365489247446305
5.365976015021851,5.8431998860649355
2.3978952727983707,2.3978952727983693
2.079441541679836,2.0794415416798393
3.8918202981106265,3.8326509900946606
1.6094379124341005,0.7144874494077434
0.0,0.19071040436634554
2.70805020110221,2.70805020110221
4.584967478670572,4.924002504428832
6.508769136971682,6.199619065669433
0.0,0.4790699974462627
0.6931471805599453,1.7012059415853777
2.4849066497880004,2.4849066497880012
1.0986122886681098,0.7037098366252162
5.303304908059076,5.510717940439049
0.0,0.4429179351208957
5.241747015059643,5.436606047201031
2.19722457733622,2.197224577336218
6.030685260261263,5.43188031428219
1.791759469228055,2.340829791069948
4.663439094112067,4.659965002603813
1.791759469228055,1.7917594692280547
4.543294782270004,4.581900038359757
0.0,0.7037098366252162
0.6931471805599453,0.18991040575548676
0.6931471805599453,1.3839131092960635
0.6931471805599453,0.436415882699591
3.044522437723423,3.044522437723423
5.0369526024136295,4.952774331015855
0.6931471805599453,1.6901201596011382
4.454347296253507,4.399421192038522
1.6094379124341005,1.609437912434096
1.6094379124341005,1.3839131092960635
1.3862943611198906,1.3839131092960635
4.74493212836325,4.787947264125997
4.276666119016055,4.1682740667263145
3.332204510175204,3.285639239179402
4.584967478670572,4.505702564680455
1.0986122886681098,1.5442951890424887
0.0,0.05981216203459189
0.0,0.4429179351208957
3.044522437723423,3.0201273556387096
2.079441541679836,2.0794415416798393
4.890349128221754,5.128003879157543
2.079441541679836,0.2378604847422267
8.289539484624141,8.192476044934937
0.6931471805599453,0.18991040575548676
0.0,0.436415882699591
0.6931471805599453,0.436415882699591
0.0,0.436415882699591
0.0,0.0
0.0,0.436415882699591
0.0,0.436415882699591
0.6931471805599453,0.6931471805599465
0.6931471805599453,0.8211312698029367
0.0,0.05981216203459189
0.6931471805599453,0.436415882699591
5.58724865840025,5.78872672069254
3.610917912644224,3.7828469955963646
3.828641396489095,3.9600296086669333
2.4849066497880004,2.4849066497880012
6.184148890937483,6.199619065669433
6.519147287940395,5.931413618223029
6.0112671744041615,6.199619065669433
1.3862943611198906,0.4429179351208957
4.532599493153256,4.6917907034976025
3.9889840465642745,3.963103759486657
1.3862943611198906,1.3862943611198928
1.791759469228055,2.528999141143644
1.9459101490553128,1.945910149055313
0.6931471805599453,0.4429179351208957
2.4849066497880004,2.4849066497880012
2.19722457733622,0.5600246266857287
0.0,0.18991040575548676
4.867534450455582,5.053835504978207
0.6931471805599453,0.05981216203459189
0.0,0.06755287582217212
0.0,0.05981216203459189
0.0,0.7144874494077434
0.0,1.3839131092960635
2.8903717578961645,2.9240099623878653
7.301822342137932,7.665062567717001
1.0986122886681098,0.7037098366252162
0.0,0.05981216203459189
0.0,1.3839131092960635
1.9459101490553128,1.7168552723736745
5.2832037287379885,5.142185648133915
0.0,0.436415882699591
0.0,0.18991040575548676
0.0,0.4429179351208957
4.584967478670572,4.614995174510253
2.4849066497880004,2.4849066497880012
0.0,1.6901201596011382
0.0,0.18991040575548676
2.8903717578961645,3.0220751806005306
3.8501476017100575,3.9079276852654417
0.0,0.5600246266857287
3.9318256327243257,1.4372620969673322
0.6931471805599453,0.4429179351208957
1.791759469228055,1.7917594692280547
0.6931471805599453,0.6931471805599465
7.10085190894405,6.893928095035236
0.6931471805599453,0.19071040436634554
0.0,0.19071040436634554
7.553810852008231,7.71642877466125
0.0,0.2378604847422267
2.19722457733622,2.1972245773362205
1.6094379124341005,1.609437912434096
4.997212273764115,4.924002504428832
0.6931471805599453,1.3839131092960635
5.552959584921617,5.8431998860649355
1.6094379124341005,1.2731574212205068
4.836281906951478,4.724269690615439
2.5649493574615367,2.607296770120806
2.70805020110221,2.7395690137507898
4.343805421853684,4.436387594644148
1.791759469228055,1.7917594692280547
0.0,0.05981216203459189
3.367295829986474,1.9992113725858605
1.791759469228055,0.626576756196329
9.169976605786628,9.1515031232083
1.791759469228055,0.8151914065937378
7.525639975041535,7.460447513825637
8.043984431221553,7.994873526868008
1.3862943611198906,0.8151914065937378
1.0986122886681098,1.3839131092960635
0.0,1.3839131092960635
3.737669618283368,3.7401089522881827
2.3978952727983707,0.7984686160406123
3.8918202981106265,3.7828469955963646
5.513428746164983,5.33908000608759
0.0,0.436415882699591
1.3862943611198906,1.3839131092960635
5.976350909297934,5.684778454495863
4.465908118654584,4.614995174510253
3.367295829986474,3.4134705675686297
1.9459101490553128,1.945910149055313
2.079441541679836,1.3839131092960635
3.7612001156935615,3.9600296086669333
0.0,0.7037098366252162
2.079441541679836,2.079441541679838
1.6094379124341005,1.6094379124341018
4.356708826689592,4.280888158292067
1.6094379124341005,1.609437912434096
0.0,0.436415882699591
4.356708826689592,4.314201942871085
0.0,0.19071040436634554
8.173575486634153,4.794178371234779
0.6931471805599453,0.6931471805599465
1.6094379124341005,1.609437912434096
3.295836866004329,3.285639239179402
1.0986122886681098,1.0986122886681078
2.995732273553991,3.0233800332500045
3.044522437723423,3.044522437723423
1.3862943611198906,0.4790699974462627
0.6931471805599453,0.7037098366252162
0.6931471805599453,0.5600246266857287
0.0,0.4429179351208957
5.030437921392435,5.02096150317881
4.204692619390966,4.1760328784206076
0.0,1.3839131092960635
0.0,0.7037098366252162
0.0,0.06755287582217212
3.1354942159291497,3.3748234571192617
3.218875824868201,3.0220751806005306
2.3978952727983707,2.3978952727983693
1.6094379124341005,0.05981216203459189
0.6931471805599453,0.7037098366252162
0.0,0.018649699925379692
1.3862943611198906,1.3862943611198928
0.0,0.18991040575548676
2.995732273553991,3.0220751806005306
0.6931471805599453,1.3839131092960635
0.0,0.05981216203459189
1.3862943611198906,1.386294361119889
0.0,0.0
1.0986122886681098,1.0986122886681098
0.0,0.4429179351208957
0.6931471805599453,0.7984686160406123
2.6390573296152584,2.607296770120806
0.0,0.7984686160406123
1.6094379124341005,0.49867551302589186
5.303304908059076,5.053835504978207
3.1780538303479458,3.3748234571192617
4.143134726391533,4.38836572899279
3.4657359027997265,3.285639239179402
0.0,0.06755287582217212
2.079441541679836,1.3839131092960635
4.990432586778736,4.952774331015855
0.0,0.4429179351208957
0.0,0.3946796420309624
0.0,0.018649699925379692
1.3862943611198906,1.3839131092960635
2.079441541679836,1.5442951890424887
2.302585092994046,2.3520051862259175
0.0,0.436415882699591
1.6094379124341005,1.609437912434096
0.0,0.18991040575548676
6.902742737158593,6.818924065275521
4.691347882229144,4.724269690615439
2.70805020110221,4.436387594644148
4.248495242049359,4.505702564680455
1.3862943611198906,0.4429179351208957
5.786897381366708,5.835182180452946
0.0,0.06755287582217212
0.0,0.05981216203459189
3.828641396489095,3.8326509900946606
4.852030263919617,4.436387594644148
1.3862943611198906,1.4206241382451537
1.791759469228055,0.4429179351208957
2.3978952727983707,0.436415882699591
8.15162164696975,8.192476044934937
0.6931471805599453,1.3839131092960635
1.3862943611198906,1.386294361119889
1.3862943611198906,0.4429179351208957
2.772588722239781,2.772588722239781
0.0,0.05981216203459189
2.19722457733622,2.197224577336218
9.169976605786628,8.568358819326447
8.458716261657262,7.367858892277517
1.3862943611198906,0.785990220160285
0.0,0.5600246266857287
3.80666248977032,3.8343053274254473
5.961005339623274,5.684778454495863
0.0,0.05981216203459189
4.8283137373023015,4.953747867347691
2.833213344056216,2.833213344056217
2.8903717578961645,2.912789874032619
6.877296071497429,6.801320899862991
0.0,1.3839131092960635
0.6931471805599453,0.6931471805599452
0.6931471805599453,0.6931471805599465
0.0,0.7037098366252162
7.886832998955056,7.983997750909514
0.0,0.7037098366252162
3.218875824868201,3.300604102992577
5.049856007249537,4.924002504428832
1.3862943611198906,1.2415837848619753
5.3981627015177525,5.43188031428219
4.07753744390572,4.436387594644148
2.5649493574615367,2.56494935746154
0.0,0.436415882699591
4.248495242049359,4.6917907034976025
3.295836866004329,3.285639239179402
0.6931471805599453,0.4429179351208957
0.0,0.49867551302589186
5.384495062789089,5.432040150921658
6.961296045910167,6.910804015204764
2.5649493574615367,2.564949357461538
2.995732273553991,3.0220751806005306
1.791759469228055,1.7917594692280547
0.0,0.19071040436634554
0.0,0.05981216203459189
9.09952053687094,8.844888318872353
4.912654885736052,4.787947264125997
0.0,0.436415882699591
0.0,0.4429179351208957
0.0,0.05981216203459189
1.6094379124341005,1.609437912434096
6.115892125483034,6.260175824132131
3.367295829986474,3.3433842409997943
2.302585092994046,2.3559587936844677
2.772588722239781,2.772588722239781
4.204692619390966,4.2319740390373335
4.248495242049359,4.280888158292067
2.6390573296152584,2.607296770120806
2.70805020110221,2.70805020110221
1.9459101490553128,1.945910149055313
1.0986122886681098,1.0986122886681096
1.3862943611198906,1.4147989528157565
3.367295829986474,3.606380030660103
0.0,0.18991040575548676
0.6931471805599453,0.4429179351208957
1.791759469228055,1.7917594692280547
0.0,0.4429179351208957
0.0,0.05981216203459189
2.302585092994046,2.3025850929940463
4.532599493153256,4.584335778592854
3.091042453358316,1.3839131092960635
6.159095388491933,6.585258473241299
2.079441541679836,2.0794415416798393
3.80666248977032,3.8343053274254473
1.791759469228055,1.7917594692280547
4.5217885770490405,2.573293720642275
6.907755278982137,7.1883853454732
0.0,0.436415882699591
2.5649493574615367,2.56494935746154
0.0,0.19071040436634554
2.5649493574615367,2.564949357461538
2.8903717578961645,2.912789874032619
0.6931471805599453,0.6931471805599465
1.0986122886681098,1.0986122886681096
1.0986122886681098,1.2415837848619753
1.0986122886681098,0.4429179351208957
1.0986122886681098,0.4429179351208957
2.079441541679836,2.0794415416798393
0.0,0.018649699925379692
0.0,0.06755287582217212
4.68213122712422,4.932572160588383
0.0,0.06755287582217212
4.934473933130692,5.128003879157543
0.0,0.5600246266857287
2.4849066497880004,1.3839131092960635
3.4011973816621555,3.4129816441041125
0.0,0.4429179351208957
1.9459101490553128,1.945910149055313
2.6390573296152584,2.549161462962724
2.5649493574615367,2.607296770120806
1.0986122886681098,0.436415882699591
0.0,0.19071040436634554
0.6931471805599453,0.7037098366252162
2.4849066497880004,2.4849066497880012
0.0,0.18991040575548676
3.912023005428146,3.7828469955963646
0.0,1.3839131092960635
0.0,0.1804288634792631
0.6931471805599453,0.4429179351208957
2.3978952727983707,2.3978952727983693
4.110873864173311,4.110725497079638
3.044522437723423,2.9749128939049316
2.772588722239781,2.7801311255503767
0.0,0.18991040575548676
0.0,0.4429179351208957
1.791759469228055,1.7917594692280547
0.0,0.19071040436634554
7.113956109566034,7.4635613918822274
0.6931471805599453,0.1380879711650902
0.6931471805599453,0.23938147324913797
0.0,0.436415882699591
1.3862943611198906,1.5442951890424887
7.537430036586509,7.903628265006067
1.0986122886681098,1.3200960823395267
0.6931471805599453,0.8151914065937378
5.075173815233827,4.787947264125997
1.0986122886681098,1.0986122886681096
3.4011973816621555,3.4201809632965197
2.8903717578961645,0.436415882699591
1.791759469228055,0.7984686160406123
0.6931471805599453,0.1380879711650902
0.0,0.05981216203459189
5.968707559985366,6.199619065669433
0.0,0.23938147324913797
5.056245805348308,5.128003879157543
0.6931471805599453,0.6931471805599452
2.079441541679836,1.3839131092960635
3.1780538303479458,3.3748234571192617
4.04305126783455,3.7184357203400853
0.6931471805599453,0.18991040575548676
2.19722457733622,2.1972245773362205
1.6094379124341005,1.3839131092960635
0.0,0.05981216203459189
2.079441541679836,2.0794415416798393
1.791759469228055,1.6901201596011382
2.3978952727983707,2.3520051862259175
4.59511985013459,4.6917907034976025
0.0,0.23938147324913797
5.752572638825633,5.43188031428219
5.541263545158426,5.5939071694306275
5.407171771460119,5.510717940439049
0.0,0.4429179351208957
2.079441541679836,2.0794415416798393
5.768320995793772,5.743172357685376
1.0986122886681098,1.0986122886681098
0.0,0.05981216203459189
1.791759469228055,1.7917594692280547
6.684611727667927,7.089079362823955
8.57828829077605,8.586023090328517
0.0,0.7984686160406123
0.0,0.19071040436634554
0.6931471805599453,1.3839131092960635
3.1780538303479458,3.3748234571192617
5.19295685089021,5.053835504978207
0.0,0.7037098366252162
6.192362489474872,6.611934887090635
0.6931471805599453,0.6931471805599465
4.59511985013459,4.614995174510253
3.9318256327243257,3.8202874554422612
2.6390573296152584,2.4146945484542943
5.14166355650266,5.273357808556943
6.928537818164665,7.089079362823955
6.198478716492308,6.598254600085252
4.30406509320417,4.38836572899279
0.0,0.7037098366252162
2.302585092994046,2.3025850929940463
4.394449154672439,4.527599042076699
3.6375861597263857,3.6492632059668435
0.6931471805599453,1.3862943611198906
0.0,0.5600246266857287
2.70805020110221,2.70805020110221
4.343805421853684,4.38836572899279
3.1354942159291497,3.1573852292007643
0.0,0.05981216203459189
1.0986122886681098,0.6842921414614143
1.3862943611198906,1.3862943611198906
1.0986122886681098,0.18991040575548676
4.700480365792417,4.863507158598181
1.0986122886681098,0.7037098366252162
0.0,0.05981216203459189
4.624972813284271,4.6917907034976025
2.4849066497880004,2.4849066497880004
1.3862943611198906,0.7984686160406123
3.367295829986474,3.4134705675686297
1.791759469228055,1.7917594692280547
0.6931471805599453,0.018649699925379692
2.079441541679836,3.1494132192597326
4.605170185988092,4.659965002603813
0.6931471805599453,0.05981216203459189
1.6094379124341005,0.7984686160406123
0.0,0.436415882699591
0.0,0.1804288634792631
6.883462586413092,6.732108092856557
2.5649493574615367,2.607296770120806
0.0,0.7037098366252162
1.0986122886681098,1.0986122886681078
1.0986122886681098,1.3839131092960635
4.564348191467836,4.38836572899279
6.455198563340122,6.360374758668728
8.061486866871327,7.903628265006067
0.0,0.7037098366252162
0.0,0.4429179351208957
1.0986122886681098,1.3839131092960635
5.087596335232384,5.33908000608759
0.0,0.436415882699591
0.6931471805599453,0.7037098366252162
3.9889840465642745,4.1682740667263145
1.0986122886681098,0.7037098366252162
0.0,0.436415882699591
6.9865664594064265,6.713601888824403
4.290459441148391,4.2319740390373335
4.23410650459726,3.9008733475198905
0.0,0.2378604847422267
3.4011973816621555,3.3433842409997943
4.07753744390572,4.230211174379442
3.091042453358316,3.285639239179402
2.70805020110221,2.7801311255503767
0.0,0.436415882699591
6.699500340161678,7.550696573424107
1.791759469228055,1.7917594692280547
2.302585092994046,2.302585092994047
5.82600010738045,5.743172357685376
1.3862943611198906,0.8151914065937378
1.9459101490553128,1.945910149055313
3.80666248977032,3.8202874554422612
4.543294782270004,4.6917907034976025
6.56244409369372,6.508026244927296
9.169976605786628,8.812760678398389
2.302585092994046,1.6901201596011382
1.6094379124341005,1.3839131092960635
6.736966958001855,6.80491799698793
0.0,0.018649699925379692
6.9865664594064265,7.089079362823955
2.8903717578961645,2.9749128939049316
2.6390573296152584,2.549161462962724
1.0986122886681098,0.2378604847422267
2.079441541679836,0.436415882699591
4.174387269895637,4.2319740390373335
3.871201010907891,3.8459867837527795
2.4849066497880004,2.4849066497880012
0.0,0.4429179351208957
0.0,1.3839131092960635
3.871201010907891,3.942995050339568
2.70805020110221,0.963457252632055
0.0,0.05981216203459189
0.0,0.018649699925379692
0.0,0.436415882699591
0.0,0.7037098366252162
2.079441541679836,2.079441541679838
0.0,0.7984686160406123
0.6931471805599453,1.3839131092960635
0.0,0.7037098366252162
0.0,0.18991040575548676
0.0,0.18991040575548676
1.0986122886681098,0.4429179351208957
0.0,0.7984686160406123
0.0,0.18991040575548676
4.02535169073515,3.8202874554422612
1.3862943611198906,1.3862943611198928
0.0,1.3839131092960635
1.3862943611198906,1.3862943611198928
3.58351893845611,3.566183014168911
0.0,0.436415882699591
0.6931471805599453,1.3839131092960635
2.19722457733622,0.4790699974462627
0.6931471805599453,0.6931471805599465
2.4849066497880004,2.4849066497880012
2.302585092994046,1.3839131092960635
5.075173815233827,5.306602908200765
2.3978952727983707,0.4429179351208957
0.0,0.7037098366252162
4.882801922586371,4.863507158598181
0.0,0.05981216203459189
4.795790545596741,1.3839131092960635
5.993961427306569,5.684778454495863
5.308267697401205,5.06647369892734
2.5649493574615367,2.607296770120806
4.6443908991413725,5.1076959219115645
4.356708826689592,4.1682740667263145
0.6931471805599453,0.19071040436634554
0.0,0.18991040575548676
1.6094379124341005,0.436415882699591
7.167809184316444,7.1883853454732
0.0,0.436415882699591
2.833213344056216,2.7801311255503767
4.955827057601261,5.053835504978207
0.0,0.05981216203459189
0.0,0.18991040575548676
0.6931471805599453,0.6931471805599453
2.079441541679836,2.0794415416798393
4.02535169073515,4.230211174379442
1.6094379124341005,2.122026843747139
0.0,0.05981216203459189
3.258096538021482,3.4268873728930243
0.0,1.208338407608225
5.755742213586912,5.453758245858678
3.332204510175204,3.353927708153609
0.6931471805599453,3.1494132192597326
2.4849066497880004,2.4849066497880012
3.688879454113936,3.682393703269384
1.6094379124341005,1.3839131092960635
1.9459101490553128,2.0640356786632434
1.3862943611198906,1.3862943611198928
1.791759469228055,0.8151914065937378
9.169976605786628,9.1515031232083
2.3978952727983707,2.3978952727983693
1.0986122886681098,3.3748234571192617
2.772588722239781,2.7395690137507898
4.219507705176107,4.1760328784206076
0.0,0.4429179351208957
1.3862943611198906,1.386294361119889
0.6931471805599453,0.436415882699591
0.0,0.436415882699591
1.0986122886681098,0.4429179351208957
2.302585092994046,2.302585092994047
1.791759469228055,1.3839131092960635
1.0986122886681098,0.436415882699591
1.0986122886681098,1.0986122886681078
6.077642243349034,6.199619065669433
2.3978952727983707,1.3839131092960635
0.0,0.05981216203459189
0.6931471805599453,0.436415882699591
0.6931471805599453,0.785990220160285
4.060443010546419,2.5268888105547
4.543294782270004,4.38836572899279
1.3862943611198906,1.3862943611198928
8.68406264365127,8.70145212224045
1.0986122886681098,0.4429179351208957
0.0,0.06755287582217212
0.6931471805599453,0.8151914065937378
1.0986122886681098,0.8431752189756911
7.975908360165538,7.754564437089021
0.0,0.05981216203459189
4.691347882229144,4.924002504428832
9.169976605786628,8.486105318471212
5.855071922202427,5.5939071694306275
2.079441541679836,2.134406958319482
6.98933526597456,6.80491799698793
0.6931471805599453,0.4429179351208957
2.19722457733622,1.3839131092960635
2.772588722239781,2.772588722239781
1.0986122886681098,1.3839131092960635
2.6390573296152584,0.09902102579427789
5.117993812416755,4.863507158598181
1.0986122886681098,0.4429179351208957
4.174387269895637,3.8202874554422612
5.062595033026967,5.053835504978207
4.356708826689592,4.614995174510253
0.0,0.05981216203459189
0.0,0.7037098366252162
0.0,0.06755287582217212
0.0,1.3839131092960635
3.218875824868201,1.3839131092960635
0.0,0.05981216203459189
2.9444389791664403,4.436387594644148
0.6931471805599453,0.4790699974462627
0.0,0.018649699925379692
0.0,0.436415882699591
1.3862943611198906,1.3862943611198928
0.0,0.05981216203459189
0.0,0.7984686160406123
0.0,1.3839131092960635
6.495265555937008,6.606128886668137
1.3862943611198906,1.3862943611198928
0.0,0.7984686160406123
0.6931471805599453,0.7037098366252162
3.610917912644224,3.7828469955963646
0.0,0.436415882699591
6.699500340161678,6.80491799698793
0.0,1.3839131092960635
6.511745329644728,6.199619065669433
3.49650756146648,3.5304282206798288
5.351858133476067,5.306602908200765
0.0,0.19071040436634554
1.791759469228055,1.7917594692280547
1.3862943611198906,1.3862943611198928
2.079441541679836,2.079441541679838
1.6094379124341005,1.3839131092960635
6.907755278982137,6.713601888824403
0.0,0.018649699925379692
2.3978952727983707,2.796938284486918
0.6931471805599453,1.3839131092960635
3.8918202981106265,3.914052214709259
3.1354942159291497,2.8452848455461375
0.0,0.3946796420309624
1.6094379124341005,0.9318399936705002
3.091042453358316,3.1573852292007643
2.19722457733622,2.197224577336218
1.0986122886681098,1.0074431674211783
0.0,0.06755287582217212
0.6931471805599453,0.8151914065937378
6.22455842927536,6.34690426978444
4.454347296253507,4.6917907034976025
2.6390573296152584,2.339451497203588
0.0,0.05981216203459189
0.0,0.05981216203459189
1.3862943611198906,0.1380879711650902
0.0,0.0
0.0,0.05981216203459189
1.0986122886681098,0.5600246266857287
6.269096283706261,6.34690426978444
5.3706380281276624,5.128003879157543
2.19722457733622,1.3839131092960635
1.791759469228055,1.0074431674211783
3.912023005428146,0.4429179351208957
3.4657359027997265,3.285639239179402
8.231642179973411,8.209043362901745
0.0,0.7984686160406123
0.6931471805599453,0.05981216203459189
1.3862943611198906,1.3839131092960635
2.19722457733622,2.197224577336218
2.4849066497880004,2.4849066497880012
6.795705775173514,7.089079362823955
0.0,0.05981216203459189
0.6931471805599453,0.7037098366252162
5.942799375126701,6.01518337529784
0.0,0.05981216203459189
3.871201010907891,4.064706595701158
4.23410650459726,4.151195911463696
0.6931471805599453,0.4429179351208957
2.3978952727983707,1.3839131092960635
1.0986122886681098,1.0986122886681096
2.302585092994046,2.8452848455461375
0.0,0.05981216203459189
4.219507705176107,4.321405074437704
1.6094379124341005,1.6094379124341018
0.0,0.05981216203459189
1.0986122886681098,0.8151914065937378
2.772588722239781,2.7395690137507898
9.169976605786628,9.169604999671966
4.382026634673881,4.399421192038522
3.044522437723423,3.128105526744138
0.0,0.7037098366252162
2.302585092994046,1.5442951890424887
6.55250788703459,6.508026244927296
0.0,0.4429179351208957
4.653960350157523,4.692222242405771
2.70805020110221,2.70805020110221
0.6931471805599453,0.4429179351208957
3.58351893845611,3.9008733475198905
1.0986122886681098,1.3839131092960635
0.0,0.05981216203459189
5.556828061699537,5.992086529669318
0.0,0.5600246266857287
0.0,1.3839131092960635
2.3978952727983707,1.0691665297540138
8.128290171607052,8.209043362901745
3.332204510175204,3.3433842409997943
0.0,0.05981216203459189
2.079441541679836,2.0794415416798393
3.5263605246161616,3.5414381325997835
3.912023005428146,3.870847312020241
2.4849066497880004,2.8452848455461375
4.875197323201151,5.128003879157543
1.9459101490553128,1.945910149055313
2.302585092994046,2.302585092994047
0.6931471805599453,0.7037098366252162
1.6094379124341005,1.609437912434096
0.0,0.436415882699591
0.6931471805599453,0.4790699974462627
0.6931471805599453,0.4429179351208957
3.58351893845611,3.566183014168911
4.574710978503383,4.724269690615439
3.6375861597263857,3.7804963756014307
4.672828834461906,4.659965002603813
3.6375861597263857,3.1750990288542815
7.231287004327616,7.1883853454732
0.0,0.06755287582217212
0.6931471805599453,1.3839131092960635
0.6931471805599453,0.7984686160406123
0.0,0.05981216203459189
0.0,0.2378604847422267
5.971261839790462,6.260175824132131
0.0,0.06755287582217212
4.204692619390966,4.38836572899279
3.044522437723423,3.0201273556387096
0.6931471805599453,0.018649699925379692
0.0,0.05981216203459189
8.018954683155718,7.71642877466125
0.0,0.05981216203459189
4.110873864173311,3.9600296086669333
1.791759469228055,1.7102966459796927
4.060443010546419,4.2319740390373335
3.9318256327243257,3.8202874554422612
0.0,0.05981216203459189
0.0,0.05981216203459189
0.6931471805599453,0.4429179351208957
0.0,0.436415882699591
1.6094379124341005,1.609437912434096
2.302585092994046,1.3839131092960635
0.0,0.1804288634792631
4.969813299576001,4.932572160588383
3.367295829986474,3.4134705675686297
0.0,0.11552453009332421
4.276666119016055,4.064706595701158
7.066466970136958,6.910804015204764
0.0,0.4429179351208957
3.9889840465642745,3.9079276852654417
4.07753744390572,4.064706595701158
4.51085950651685,4.477221818313646
1.0986122886681098,0.4429179351208957
7.247080584585756,6.910804015204764
6.467698726104354,6.571476055375298
6.0473721790462776,6.069871566674828
5.799092654460526,5.8431998860649355
0.0,0.4429179351208957
0.6931471805599453,0.436415882699591
0.0,0.06755287582217212
2.19722457733622,2.1972245773362213
0.6931471805599453,0.4429179351208957
4.770684624465665,4.436387594644148
8.060855752934316,8.192476044934937
7.255591274253665,6.9772922460071785
1.0986122886681098,0.7037098366252162
0.0,0.05981216203459189
0.6931471805599453,0.19071040436634554
2.5649493574615367,1.3839131092960635
4.736198448394496,4.924002504428832
2.3978952727983707,2.3978952727983693
2.302585092994046,2.3559587936844677
2.079441541679836,2.0794415416798393
6.586171654854675,6.80491799698793
4.330733340286331,4.230211174379442
0.0,0.436415882699591
1.3862943611198906,1.386294361119889
2.6390573296152584,1.3839131092960635
0.0,0.19071040436634554
0.0,0.05981216203459189
0.0,0.05981216203459189
6.889591308354466,6.611934887090635
0.0,0.4429179351208957
6.738152494595957,6.611934887090635
1.0986122886681098,0.5600246266857287
4.477336814478207,4.505702564680455
0.6931471805599453,0.018649699925379692
0.6931471805599453,0.6931471805599465
3.091042453358316,3.1365489247446305
0.0,0.05981216203459189
1.791759469228055,1.7917594692280547
2.772588722239781,2.772588722239781
0.0,0.18991040575548676
0.6931471805599453,1.3839131092960635
5.68697535633982,5.453758245858678
2.302585092994046,2.302585092994047
2.302585092994046,0.5600246266857287
0.0,0.018649699925379692
0.0,0.18991040575548676
0.0,0.19071040436634554
3.332204510175204,3.2952975973639096
1.0986122886681098,1.0986122886681078
0.0,0.018649699925379692
3.7612001156935615,3.776808621481695
0.0,0.18991040575548676
0.0,0.19071040436634554
2.3978952727983707,2.3978952727983693
2.772588722239781,2.772588722239781
0.0,0.06755287582217212
3.737669618283368,3.606380030660103
2.4849066497880004,2.4849066497880012
0.0,0.436415882699591
3.4657359027997265,3.7184357203400853
4.219507705176107,4.1760328784206076
0.6931471805599453,0.6931471805599452
3.80666248977032,3.776808621481695
1.3862943611198906,1.3862943611198928
2.9444389791664403,2.9444389791664403
3.784189633918261,3.7804963756014307
0.0,0.18991040575548676
3.4011973816621555,3.3433842409997943
0.6931471805599453,0.8151914065937378
7.651595573857601,7.822258634279585
7.262628600974241,6.598254600085252
5.209486152841421,5.689476244659986
0.6931471805599453,0.4790699974462627
1.9459101490553128,1.945910149055313
1.0986122886681098,1.0986122886681078
5.717027701406222,5.835182180452946
2.8903717578961645,2.912789874032619
0.0,0.436415882699591
2.079441541679836,2.0794415416798393
3.044522437723423,3.0233800332500045
0.6931471805599453,0.6931471805599452
0.0,0.19071040436634554
0.6931471805599453,0.18991040575548676
1.791759469228055,1.7917594692280547
2.302585092994046,2.302585092994047
1.0986122886681098,1.3839131092960635
2.8903717578961645,2.8903717578961636
8.911934336161426,8.923734019398541
5.41610040220442,5.43188031428219
0.0,0.19071040436634554
0.6931471805599453,0.4429179351208957
3.091042453358316,1.3839131092960635
0.0,0.018649699925379692
0.0,0.436415882699591
7.027314514039777,7.666594618857644
4.248495242049359,4.38836572899279
1.791759469228055,1.3839131092960635
0.0,0.18991040575548676
2.302585092994046,2.3025850929940463
0.0,0.436415882699591
0.6931471805599453,0.6931471805599465
4.02535169073515,3.9600296086669333
2.3978952727983707,1.3839131092960635
5.676753802268282,6.116658089361555
8.700847193443972,8.063788649669673
2.6390573296152584,2.639057329615257
4.343805421853684,4.2319740390373335
0.0,0.436415882699591
1.0986122886681098,0.7984686160406123
4.68213122712422,4.614995174510253
1.3862943611198906,1.3839131092960635
4.143134726391533,4.230211174379442
6.163314804034641,6.260175824132131
6.516193076042964,6.713601888824403
0.0,0.05981216203459189
4.68213122712422,4.787947264125997
0.0,0.626576756196329
1.6094379124341005,1.3839131092960635
2.772588722239781,2.772588722239781
7.57455848420248,7.665062567717001
0.0,0.1380879711650902
1.0986122886681098,1.7012059415853777
0.6931471805599453,0.5580548397116571
3.688879454113936,3.7127401516406584
0.0,0.5600246266857287
0.0,0.436415882699591
4.0943445622221,3.7804963756014307
2.6390573296152584,2.639057329615257
0.6931471805599453,1.3839131092960635
4.02535169073515,3.8202874554422612
2.6390573296152584,2.6390573296152566
7.938088726896952,7.754564437089021
7.480992162869525,8.127699852817772
4.74493212836325,4.6917907034976025
4.844187086458591,4.614995174510253
1.0986122886681098,1.0986122886681078
1.791759469228055,1.3839131092960635
0.0,0.05981216203459189
0.0,1.6901201596011382
2.079441541679836,0.4429179351208957
0.6931471805599453,0.7037098366252162
5.43372200355424,5.743172357685376
0.6931471805599453,0.4790699974462627
0.0,0.05981216203459189
0.0,0.18991040575548676
0.0,0.06707875940902695
1.3862943611198906,1.3862943611198928
1.0986122886681098,0.18991040575548676
0.6931471805599453,0.7037098366252162
2.4849066497880004,2.4849066497880012
3.610917912644224,3.6492632059668435
3.49650756146648,3.5027733827818293
0.6931471805599453,0.5600246266857287
0.0,0.436415882699591
1.6094379124341005,1.6094379124341018
4.219507705176107,4.505702564680455
5.834810737062605,5.436606047201031
0.6931471805599453,0.05981216203459189
0.0,0.06707875940902695
5.777652323222656,5.660349125849201
3.332204510175204,3.2834111606337215
0.0,0.05981216203459189
6.878326468291325,6.877315569853427
4.844187086458591,4.614995174510253
1.3862943611198906,1.6901201596011382
1.3862943611198906,1.386294361119889
0.0,0.05981216203459189
4.04305126783455,3.8202874554422612
2.079441541679836,2.8528418544808805
2.4849066497880004,0.436415882699591
0.6931471805599453,0.436415882699591
1.3862943611198906,0.4429179351208957
2.8903717578961645,3.3854841244626748
4.23410650459726,3.9600296086669333
0.0,0.05981216203459189
0.0,1.3839131092960635
1.3862943611198906,1.3862943611198928
9.169976605786628,9.169604999671966
1.9459101490553128,1.945910149055313
2.9444389791664403,0.4429179351208957
1.3862943611198906,0.4429179351208957
4.574710978503383,4.932572160588383
3.5263605246161616,3.5414381325997835
0.0,0.18991040575548676
5.560681631015528,5.684778454495863
0.0,0.05981216203459189
2.772588722239781,2.7395690137507898
0.0,0.4429179351208957
0.0,0.4429179351208957
0.0,0.436415882699591
2.3978952727983707,2.3520051862259175
0.6931471805599453,0.4429179351208957
0.6931471805599453,0.5600246266857287
0.6931471805599453,0.4429179351208957
4.736198448394496,4.787947264125997
3.5263605246161616,3.606380030660103
0.0,1.3839131092960635
2.6390573296152584,2.6390573296152566
0.0,0.7037098366252162
0.6931471805599453,0.5600246266857287
4.51085950651685,4.451688364152143
3.4657359027997265,3.4268873728930243
4.653960350157523,4.787947264125997
4.584967478670572,4.614995174510253
0.0,0.06755287582217212
1.6094379124341005,2.4518166629079903
1.3862943611198906,0.436415882699591
5.921578419643816,5.734260630083044
4.343805421853684,4.614995174510253
3.1354942159291497,1.6901201596011382
4.574710978503383,4.436387594644148
0.0,1.3839131092960635
0.6931471805599453,0.3946796420309624
2.5649493574615367,2.607296770120806
2.70805020110221,2.6027286816622746
8.696510239189893,8.70145212224045
0.6931471805599453,0.18991040575548676
6.018593214496234,6.199619065669433
0.6931471805599453,0.6931471805599465
0.0,0.05981216203459189
2.70805020110221,2.7801311255503767
4.762173934797756,4.6917907034976025
0.0,0.018649699925379692
0.0,0.436415882699591
3.091042453358316,1.3839131092960635
0.0,0.436415882699591
2.5649493574615367,2.549161462962724
6.732210706467206,6.801320899862991
0.0,0.4429179351208957
0.6931471805599453,0.19071040436634554
3.80666248977032,3.81834437949046
3.951243718581428,3.887506165397082
2.5649493574615367,0.436415882699591
9.169976605786628,8.413012994729486
1.6094379124341005,1.6901201596011382
1.3862943611198906,1.3862943611198928
0.0,0.018649699925379692
0.0,0.4429179351208957
1.791759469228055,1.7917594692280547
7.569927655242652,7.56880886662022
0.0,0.05981216203459189
0.0,0.05981216203459189
0.0,0.436415882699591
7.910957382845589,8.405275420641775
2.302585092994046,2.4146945484542943
3.044522437723423,3.285639239179402
4.795790545596741,4.876632253454441
0.0,0.49867551302589186
4.74493212836325,4.781523202523582
6.285998094508865,6.114647485614731
3.737669618283368,3.7804963756014307
0.0,0.7037098366252162
0.0,0.436415882699591
3.091042453358316,3.1365489247446305
0.0,0.4429179351208957
0.0,0.05981216203459189
0.6931471805599453,0.4429179351208957
7.53689712956617,7.343460158609508
0.0,0.06755287582217212
0.0,0.19071040436634554
0.0,0.18991040575548676
0.0,1.3839131092960635
2.6390573296152584,1.3839131092960635
0.0,0.05981216203459189
6.954638864880987,7.166902453681772
0.0,0.05981216203459189
3.258096538021482,3.2834111606337215
0.0,0.18991040575548676
1.3862943611198906,1.3839131092960635
0.0,1.3839131092960635
1.6094379124341005,0.7037098366252162
3.4339872044851463,3.4268873728930243
2.302585092994046,2.302585092994047
0.0,0.7037098366252162
2.4849066497880004,0.5600246266857287
5.293304824724492,5.128003879157543
1.0986122886681098,0.436415882699591
4.465908118654584,4.38836572899279
9.169976605786628,9.169604999671966
1.3862943611198906,1.3862943611198928
1.3862943611198906,1.3862943611198928
0.0,0.436415882699591
2.772588722239781,2.8555387615450636
0.0,0.436415882699591
1.6094379124341005,0.5600246266857287
1.6094379124341005,1.609437912434096
4.553876891600541,4.581900038359757
5.472270673671475,5.128003879157543
0.0,0.05981216203459189
0.0,0.05981216203459189
0.0,0.436415882699591
0.0,0.4429179351208957
3.58351893845611,3.5304282206798288
5.7745515455444085,5.306602908200765
0.6931471805599453,0.1804288634792631
5.342334251964811,5.411197544874306
4.844187086458591,4.774155568317282
0.0,0.18991040575548676
1.0986122886681098,1.0986122886681078
1.791759469228055,1.7917594692280547
0.0,0.436415882699591
0.0,0.4429179351208957
2.9444389791664403,1.3839131092960635
2.70805020110221,2.70805020110221
0.6931471805599453,0.6931471805599465
0.0,0.05981216203459189
0.0,0.7037098366252162
0.0,0.5600246266857287
0.0,0.7984686160406123
0.0,1.3839131092960635
0.6931471805599453,0.6931471805599452
0.0,0.1804288634792631
3.6635616461296463,3.6492632059668435
0.0,1.3839131092960635
0.0,0.018649699925379692
6.522092798170152,6.522438680113846
3.1780538303479458,3.1780538303479466
3.951243718581428,4.2319740390373335
0.6931471805599453,0.6931471805599453
2.3978952727983707,2.3978952727983693
1.6094379124341005,1.6094379124341018
0.0,0.1804288634792631
5.849324779946859,5.510717940439049
3.713572066704308,3.7401089522881827
0.0,0.05981216203459189
2.6390573296152584,0.7037098366252162
7.452402451223638,7.507392069105853
0.0,0.5600246266857287
3.258096538021482,3.2834111606337215
1.6094379124341005,1.6094379124341018
5.3612921657094255,5.43188031428219
1.0986122886681098,1.0986122886681096
3.332204510175204,3.353927708153609
3.970291913552122,4.436387594644148
1.3862943611198906,0.18991040575548676
0.0,0.5600246266857287
0.0,0.05981216203459189
0.0,0.19071040436634554
0.0,0.06755287582217212
2.70805020110221,2.8555387615450636
2.302585092994046,0.4429179351208957
0.0,0.18991040575548676
4.795790545596741,4.924002504428832
0.0,0.436415882699591
3.218875824868201,3.1573852292007643
0.0,0.18991040575548676
0.0,0.4429179351208957
4.5217885770490405,4.584335778592854
0.6931471805599453,1.3839131092960635
1.791759469228055,1.7012059415853777
0.0,0.436415882699591
2.70805020110221,2.70805020110221
0.0,0.18991040575548676
2.6390573296152584,0.5600246266857287
2.302585092994046,1.3839131092960635
3.6635616461296463,3.682393703269384
7.400620577371135,7.089079362823955
3.49650756146648,3.8202874554422612
1.0986122886681098,1.3839131092960635
0.0,0.0
0.6931471805599453,0.6931471805599465
4.770684624465665,4.863507158598181
6.586171654854675,6.34690426978444
0.0,0.19071040436634554
8.258422462458876,8.192476044934937
5.049856007249537,5.107630830284402
0.6931471805599453,0.05981216203459189
0.6931471805599453,0.5600246266857287
1.6094379124341005,1.3839131092960635
4.382026634673881,4.505702564680455
3.912023005428146,3.942995050339568
4.204692619390966,4.38836572899279
6.322565239927284,6.334272287768749
2.833213344056216,2.7801311255503767
0.0,0.05981216203459189
3.871201010907891,4.2319740390373335
0.0,1.0074431674211783
3.218875824868201,3.300604102992577
2.772588722239781,2.7801311255503767
1.6094379124341005,0.05981216203459189
2.70805020110221,2.70805020110221
4.174387269895637,1.6901201596011382
2.70805020110221,2.70805020110221
3.367295829986474,3.353927708153609
0.6931471805599453,0.4429179351208957
3.713572066704308,3.8202874554422612
0.0,0.5600246266857287
5.220355825078324,5.743172357685376
1.0986122886681098,0.23938147324913797
1.6094379124341005,1.609437912434096
2.079441541679836,2.079441541679838
0.0,0.5600246266857287
0.0,0.19071040436634554
8.108021221376747,8.192476044934937
0.0,0.5600246266857287
7.303843225277705,8.063788649669673
0.0,1.3839131092960635
0.0,0.018649699925379692
1.0986122886681098,1.0986122886681096
4.219507705176107,4.190517072318444
0.0,0.436415882699591
7.126087273299125,7.36764105759876
0.0,0.05981216203459189
9.169976605786628,9.1515031232083
5.501258210544727,5.453758245858678
1.791759469228055,1.7917594692280547
1.0986122886681098,0.436415882699591
6.9167150203536085,6.80491799698793
3.610917912644224,3.7828469955963646
3.1780538303479458,3.1365489247446305
1.791759469228055,1.7917594692280547
1.0986122886681098,1.0986122886681096
0.6931471805599453,0.5600246266857287
3.912023005428146,3.8202874554422612
0.0,0.7037098366252162
5.799092654460526,5.510717940439049
5.968707559985366,5.81181805736758
0.0,0.4429179351208957
3.713572066704308,3.7804963756014307
0.0,0.11552453009332421
3.1354942159291497,1.4372620969673322
0.0,0.05981216203459189
3.4657359027997265,3.4268873728930243
0.0,0.436415882699591
0.0,0.6842921414614143
5.159055299214529,4.603627608992202
3.332204510175204,1.3839131092960635
6.401917196727186,6.713601888824403
4.3694478524670215,4.1682740667263145
5.1298987149230735,5.128003879157543
2.9444389791664403,2.912789874032619
3.713572066704308,3.7184357203400853
1.6094379124341005,0.436415882699591
4.605170185988092,4.505702564680455
4.127134385045092,4.38836572899279
5.955837369464831,6.260175824132131
0.0,0.05981216203459189
2.3978952727983707,2.3978952727983693
5.583496308781699,5.43188031428219
0.0,0.05981216203459189
2.9444389791664403,1.3839131092960635
5.891644211825772,5.78872672069254
5.730099782973574,5.660349125849201
0.0,0.05981216203459189
0.0,0.1380879711650902
6.968850378341948,6.893928095035236
0.0,0.05981216203459189
0.0,0.4429179351208957
2.079441541679836,2.079441541679838
1.9459101490553128,1.3839131092960635
1.6094379124341005,0.4429179351208957
0.0,0.436415882699591
0.0,0.05981216203459189
2.19722457733622,2.197224577336218
2.4849066497880004,2.4849066497880012
8.546169299652755,8.844888318872353
3.4657359027997265,3.8202874554422612
4.158883083359672,4.151195911463696
0.0,0.4429179351208957
4.499809670330265,4.451688364152143
4.418840607796598,4.527599042076699
0.0,0.3946796420309624
3.5263605246161616,3.128105526744138
7.047517221357296,6.611934887090635
1.3862943611198906,1.3862943611198928
3.6635616461296463,3.7127401516406584
0.0,0.1804288634792631
2.995732273553991,3.0220751806005306
2.3978952727983707,4.662581752594058
0.0,0.436415882699591
1.3862943611198906,0.436415882699591
1.0986122886681098,0.8431752189756911
0.6931471805599453,0.6931471805599465
6.068425588244111,6.235279975053735
1.791759469228055,1.3839131092960635
0.0,1.3839131092960635
2.772588722239781,1.3839131092960635
5.905361848054571,5.852809527471159
5.41164605185504,5.128003879157543
5.579729825986222,5.743172357685376
4.406719247264253,4.463845943040982
7.504942068396171,7.466706252935771
0.0,0.05981216203459189
1.3862943611198906,1.3862943611198928
0.0,0.436415882699591
5.3981627015177525,5.411197544874306
2.772588722239781,2.7395690137507898
3.784189633918261,3.81834437949046
5.541263545158426,5.432040150921658
7.018401799069201,6.801320899862991
0.0,0.436415882699591
4.060443010546419,4.2319740390373335
0.0,1.3839131092960635
3.49650756146648,3.4268873728930243
0.0,0.06755287582217212
1.6094379124341005,1.609437912434096
3.091042453358316,2.9240099623878653
3.218875824868201,3.2188758248681997
0.6931471805599453,0.05981216203459189
0.0,0.436415882699591
2.302585092994046,2.302585092994046
5.10594547390058,5.142185648133915
4.31748811353631,4.6917907034976025
9.169976605786628,9.169604999671966
0.6931471805599453,0.436415882699591
0.6931471805599453,0.19071040436634554
0.0,0.1804288634792631
4.532599493153256,4.787947264125997
0.0,0.05981216203459189
0.0,0.05981216203459189
7.768110378525988,8.192476044934937
0.0,1.3839131092960635
0.0,0.436415882699591
0.0,0.436415882699591
2.079441541679836,2.079441541679838
0.0,0.05981216203459189
0.0,0.4429179351208957
2.079441541679836,0.5600246266857287
0.0,0.05981216203459189
0.0,0.0
0.0,0.436415882699591
0.6931471805599453,0.6931471805599465
1.0986122886681098,0.5600246266857287
0.6931471805599453,0.08777592675899684
9.169976605786628,9.169604999671966
0.0,0.05981216203459189
0.0,1.208338407608225
0.0,0.1804288634792631
0.0,0.5580548397116571
0.6931471805599453,0.19071040436634554
0.0,0.05981216203459189
0.0,0.18991040575548676
0.6931471805599453,0.7037098366252162
2.3978952727983707,2.340829791069948
1.3862943611198906,0.06755287582217212
0.0,0.05981216203459189
2.079441541679836,2.079441541679838
4.8283137373023015,4.811226370853523
8.178358165605836,8.53462270494574
3.044522437723423,2.9749128939049316
0.0,0.05981216203459189
4.02535169073515,4.38836572899279
4.343805421853684,4.2319740390373335
0.0,0.5600246266857287
6.309918278226516,6.522438680113846
0.6931471805599453,0.436415882699591
3.091042453358316,3.128105526744138
0.0,0.05981216203459189
2.5649493574615367,2.56494935746154
3.4657359027997265,3.3748234571192617
0.0,0.05981216203459189
0.0,0.06755287582217212
1.0986122886681098,1.0986122886681078
0.6931471805599453,0.6931471805599465
4.718498871295094,4.924002504428832
2.70805020110221,2.7395690137507898
1.0986122886681098,1.0986122886681078
1.791759469228055,1.3839131092960635
3.80666248977032,3.8202874554422612
0.6931471805599453,0.4429179351208957
0.0,0.8151914065937378
0.6931471805599453,0.6931471805599452
2.5649493574615367,2.564949357461538
0.6931471805599453,0.6931471805599452
1.9459101490553128,0.436415882699591
0.0,0.05981216203459189
0.6931471805599453,0.06755287582217212
0.0,0.05981216203459189
0.0,0.7037098366252162
2.70805020110221,2.7801311255503767
0.0,0.05981216203459189
6.025865973825314,6.235279975053735
0.0,0.4429179351208957
4.8283137373023015,4.724269690615439
1.0986122886681098,2.573293720642275
4.465908118654584,4.38836572899279
5.572154032177765,5.432040150921658
3.218875824868201,3.2834111606337215
4.248495242049359,4.151195911463696
3.218875824868201,3.2188758248681997
1.0986122886681098,1.3839131092960635
0.0,0.7037098366252162
0.0,0.41415110829800006
0.0,0.05981216203459189
6.57507584059962,6.585258473241299
3.784189633918261,3.7401089522881827
0.0,1.3839131092960635
0.0,0.4429179351208957
0.6931471805599453,0.18991040575548676
3.688879454113936,3.9079276852654417
2.302585092994046,2.3025850929940463
0.6931471805599453,0.06755287582217212
0.0,0.2378604847422267
0.0,0.05981216203459189
4.07753744390572,3.9079276852654417
0.0,0.7037098366252162
2.4849066497880004,2.4849066497880012
4.04305126783455,4.064706595701158
3.332204510175204,3.2952975973639096
3.258096538021482,3.4268873728930243
0.0,0.2378604847422267
0.0,0.05981216203459189
0.0,0.5600246266857287
0.0,0.7037098366252162
5.765191102784844,5.248588688444353
6.084499413075172,6.260175824132131
4.795790545596741,4.505702564680455
2.302585092994046,2.3025850929940463
7.305188215393037,7.352855379202313
3.49650756146648,3.5027733827818293
0.0,0.18991040575548676
0.0,0.436415882699591
0.6931471805599453,0.3946796420309624
2.4849066497880004,2.6027286816622746
0.0,0.436415882699591
3.713572066704308,3.7828469955963646
5.303304908059076,5.128003879157543
0.0,0.05981216203459189
0.0,0.19071040436634554
1.6094379124341005,1.6094379124341018
3.555348061489413,3.566183014168911
0.0,0.05981216203459189
6.025865973825314,6.069871566674828
0.0,0.018649699925379692
5.926926025970411,5.743172357685376
1.791759469228055,1.7917594692280547
2.6390573296152584,2.639057329615257
0.6931471805599453,0.6931471805599452
4.060443010546419,4.399421192038522
5.3706380281276624,5.510717940439049
3.044522437723423,3.044522437723423
2.19722457733622,2.2158121764680736
1.3862943611198906,1.3862943611198928
0.6931471805599453,0.6931471805599452
4.727387818712341,4.230211174379442
2.3978952727983707,0.436415882699591
1.0986122886681098,1.0986122886681096
0.0,0.5600246266857287
0.6931471805599453,0.7984686160406123
0.0,0.7225929394740412
1.0986122886681098,1.0986122886681078
8.458504195067558,8.53462270494574
1.3862943611198906,1.3862943611198928
5.634789603169249,5.660349125849201
0.0,0.05981216203459189
0.0,0.05981216203459189
1.3862943611198906,1.3839131092960635
2.302585092994046,2.302585092994047
0.0,0.4429179351208957
2.19722457733622,2.197224577336218
0.0,0.05981216203459189
4.465908118654584,4.230211174379442
0.0,0.4429179351208957
0.0,0.4429179351208957
2.772588722239781,1.3200960823395267
3.8501476017100575,3.8343053274254473
2.302585092994046,2.4146945484542943
1.6094379124341005,1.6094379124341018
1.3862943611198906,0.4429179351208957
3.044522437723423,3.044522437723423
1.0986122886681098,1.3839131092960635
1.0986122886681098,0.4429179351208957
0.0,0.436415882699591
4.0943445622221,4.02105213151593
3.295836866004329,3.2834111606337215
1.0986122886681098,0.8151914065937378
1.791759469228055,2.782103764404841
1.791759469228055,1.5442951890424887
0.0,1.3839131092960635
2.833213344056216,2.888366380775398
4.74493212836325,4.527599042076699
3.6635616461296463,3.9600296086669333
0.0,0.436415882699591
0.0,0.8151914065937378
4.605170185988092,4.584335778592854
0.0,1.7168552723736745
5.746203190540153,5.684778454495863
0.0,0.05981216203459189
6.946013991099227,7.036189102604913
0.0,0.4429179351208957
0.0,0.05981216203459189
3.367295829986474,3.3433842409997943
1.9459101490553128,2.796938284486918
1.3862943611198906,1.386294361119889
6.093569770045136,5.684778454495863
8.621733370690162,9.060271720709606
1.791759469228055,1.7917594692280547
0.0,0.05981216203459189
3.4011973816621555,3.4134705675686297
0.6931471805599453,0.23938147324913797
0.6931471805599453,0.436415882699591
0.6931471805599453,0.0
4.23410650459726,4.1682740667263145
0.0,0.05981216203459189
0.0,0.1380879711650902
1.0986122886681098,1.3839131092960635
4.709530201312334,4.692222242405771
0.0,0.8151914065937378
4.564348191467836,4.477221818313646
1.3862943611198906,1.3862943611198928
0.6931471805599453,0.18991040575548676
0.6931471805599453,0.436415882699591
3.8918202981106265,3.8202874554422612
4.343805421853684,4.392044545151512
1.6094379124341005,1.609437912434096
0.0,0.436415882699591
0.0,0.05981216203459189
0.0,0.436415882699591
0.0,0.436415882699591
3.258096538021482,3.8202874554422612
0.0,0.05981216203459189
0.0,0.4429179351208957
2.6390573296152584,1.3839131092960635
2.9444389791664403,2.888366380775398
0.0,0.436415882699591
3.1354942159291497,3.4753750958196212
5.497168225293202,5.743172357685376
4.770684624465665,4.614995174510253
0.0,0.05981216203459189
0.6931471805599453,0.8151914065937378
1.6094379124341005,1.609437912434096
5.849324779946859,5.781771429431591
0.0,1.3200960823395267
6.421622267806518,6.34690426978444
0.0,0.5600246266857287
0.0,0.4429179351208957
1.0986122886681098,0.18991040575548676
0.0,0.8378680750151563
0.0,0.4429179351208957
2.5649493574615367,2.4146945484542943
1.3862943611198906,1.3862943611198928
0.0,0.05981216203459189
0.0,0.05981216203459189
0.0,0.436415882699591
0.0,0.4429179351208957
8.025516386489008,7.71642877466125
0.0,0.4429179351208957
0.6931471805599453,0.7984686160406123
0.0,0.4429179351208957
1.6094379124341005,1.609437912434096
4.48863636973214,4.603347532035997
3.5263605246161616,3.3748234571192617
0.0,0.06755287582217212
0.0,0.4429179351208957
5.752572638825633,5.453758245858678
3.737669618283368,3.606380030660103
0.0,0.05981216203459189
2.302585092994046,2.3025850929940463
2.772588722239781,2.7801311255503767
4.74493212836325,4.603347532035997
3.610917912644224,3.7828469955963646
0.0,0.7037098366252162
5.5909869805108565,5.835182180452946
0.6931471805599453,1.3839131092960635
1.0986122886681098,0.436415882699591
2.5649493574615367,2.56494935746154
0.0,0.05981216203459189
1.0986122886681098,0.5600246266857287
3.8918202981106265,3.9008733475198905
6.895682697747868,6.713601888824403
2.772588722239781,2.7395690137507898
1.6094379124341005,2.782103764404841
0.0,0.4429179351208957
3.258096538021482,3.300604102992577
0.0,0.5600246266857287
1.3862943611198906,0.7037098366252162
1.3862943611198906,0.5600246266857287
0.6931471805599453,0.5600246266857287
0.0,0.8151914065937378
4.6443908991413725,4.614995174510253
6.827629234502852,6.199619065669433
2.19722457733622,2.1972245773362213
4.976733742420574,5.002862056247683
2.079441541679836,2.340829791069948
0.6931471805599453,0.6931471805599452
4.574710978503383,4.863507158598181
1.0986122886681098,2.122026843747139
3.295836866004329,3.7804963756014307
0.6931471805599453,0.6931471805599465
4.867534450455582,4.863507158598181
0.0,0.05981216203459189
0.6931471805599453,1.7012059415853777
4.127134385045092,3.8202874554422612
0.0,0.436415882699591
1.9459101490553128,0.7984686160406123
0.0,0.436415882699591
4.23410650459726,4.151195911463696
0.0,0.4429179351208957
0.0,0.18991040575548676
0.0,0.19071040436634554
3.49650756146648,3.4835023369863647
0.6931471805599453,0.436415882699591
1.791759469228055,1.7917594692280547
0.0,0.18991040575548676
0.0,0.7037098366252162
0.6931471805599453,0.2378604847422267
0.6931471805599453,0.7984686160406123
4.262679877041316,4.206454491853744
0.0,0.05981216203459189
7.267525427828172,7.047813656815918
4.30406509320417,4.1682740667263145
0.0,0.19071040436634554
2.70805020110221,2.6027286816622746
0.0,0.5600246266857287
0.0,0.18991040575548676
4.07753744390572,4.2319740390373335
0.0,0.436415882699591
0.0,0.05981216203459189
0.6931471805599453,0.436415882699591
0.0,0.05981216203459189
0.0,0.6842921414614143
2.4849066497880004,2.4849066497880012
0.0,0.05981216203459189
2.6390573296152584,2.6390573296152566
4.836281906951478,5.128003879157543
3.610917912644224,3.7828469955963646
3.091042453358316,1.3839131092960635
9.169976605786628,9.039196115772354
0.6931471805599453,0.18991040575548676
3.951243718581428,4.1682740667263145
2.6390573296152584,2.549161462962724
0.0,0.018649699925379692
0.0,0.7984686160406123
3.555348061489413,3.5304282206798288
0.0,0.4429179351208957
0.0,0.05981216203459189
0.0,0.8151914065937378
0.0,0.06755287582217212
2.9444389791664403,1.3839131092960635
7.389563953677635,7.4635613918822274
0.6931471805599453,1.4978661367769956
4.882801922586371,4.924002504428832
6.269096283706261,6.114647485614731
5.062595033026967,4.781523202523582
2.3978952727983707,0.4429179351208957
5.5093883366279774,5.43188031428219
0.0,0.05981216203459189
7.463936604468925,6.598254600085252
3.218875824868201,3.2188758248681997
6.144185634125646,6.260175824132131
6.678342114654332,6.522438680113846
7.704811922932594,7.71642877466125
1.0986122886681098,1.0986122886681078
3.49650756146648,3.8202874554422612
0.0,0.436415882699591
0.0,0.7984686160406123
0.0,0.7037098366252162
0.0,0.7037098366252162
2.70805020110221,2.7395690137507898
2.19722457733622,0.7037098366252162
1.6094379124341005,1.609437912434096
5.529429087511423,5.743172357685376
5.891644211825772,5.78872672069254
2.772588722239781,2.772588722239781
0.0,0.4429179351208957
3.4011973816621555,3.4268873728930243
1.9459101490553128,1.945910149055313
0.0,0.05981216203459189
3.218875824868201,3.300604102992577
4.8283137373023015,4.724269690615439
0.6931471805599453,0.4790699974462627
0.0,0.23938147324913797
6.118097198041348,6.199619065669433
2.6390573296152584,2.6390573296152566
4.875197323201151,5.128003879157543
2.302585092994046,2.3559587936844677
1.791759469228055,1.7917594692280547
5.525452939131784,5.33908000608759
0.6931471805599453,0.436415882699591
2.19722457733622,2.1972245773362205
0.0,0.4429179351208957
3.9889840465642745,1.6901201596011382
2.995732273553991,2.995732273553991
0.0,0.5600246266857287
2.302585092994046,1.3839131092960635
0.6931471805599453,0.6931471805599465
2.70805020110221,2.7395690137507898
1.9459101490553128,1.3839131092960635
0.0,0.06755287582217212
0.0,0.4429179351208957
0.0,0.05981216203459189
0.6931471805599453,0.4429179351208957
0.6931471805599453,0.4429179351208957
2.70805020110221,2.70805020110221
0.0,0.436415882699591
0.0,0.05981216203459189
2.772588722239781,2.772588722239781
0.0,1.3839131092960635
0.0,0.4429179351208957
9.169976605786628,8.063788649669673
2.772588722239781,2.7395690137507898
7.076653815443951,6.910804015204764
0.0,0.05981216203459189
4.574710978503383,3.7804963756014307
2.70805020110221,2.70805020110221
2.5649493574615367,2.6027286816622746
5.298317366548036,5.453758245858678
3.8918202981106265,3.914052214709259
5.0238805208462765,5.128003879157543
4.574710978503383,4.581900038359757
2.079441541679836,1.3839131092960635
3.49650756146648,3.8202874554422612
1.3862943611198906,1.6901201596011382
0.0,0.18991040575548676
0.0,1.7012059415853777
0.0,0.05981216203459189
6.230481447578482,6.235279975053735
9.169976605786628,8.990254908626536
6.249975242259483,6.334272287768749
0.0,0.05981216203459189
1.3862943611198906,1.3862943611198928
0.0,0.436415882699591
0.6931471805599453,0.05981216203459189
5.0369526024136295,5.053835504978207
2.19722457733622,0.19071040436634554
2.5649493574615367,1.0074431674211783
0.6931471805599453,0.436415882699591
1.0986122886681098,1.0986122886681078
5.365976015021851,5.142185648133915
0.0,0.4429179351208957
0.6931471805599453,0.6931471805599465
0.6931471805599453,0.4429179351208957
7.2875606403097235,6.910804015204764
0.6931471805599453,0.2378604847422267
2.4849066497880004,2.4849066497880012
1.6094379124341005,0.4429179351208957
2.19722457733622,1.0074431674211783
2.079441541679836,1.3839131092960635
4.532599493153256,4.6917907034976025
3.091042453358316,3.0220751806005306
6.311734809152915,6.260175824132131
6.013715156042802,5.781771429431591
2.6390573296152584,2.607296770120806
3.1780538303479458,3.1420378010493812
3.4657359027997265,3.4753750958196212
5.308267697401205,5.743172357685376
3.8918202981106265,3.9600296086669333
0.0,0.05981216203459189
1.9459101490553128,0.4429179351208957
0.0,0.2378604847422267
6.2166061010848646,6.235279975053735
2.70805020110221,3.07248848625841
0.0,0.18991040575548676
0.0,0.05981216203459189
0.0,1.3839131092960635
0.0,0.05981216203459189
3.367295829986474,3.3433842409997943
0.0,0.05981216203459189
2.4849066497880004,2.4849066497880012
2.70805020110221,2.6027286816622746
3.091042453358316,3.1573852292007643
3.951243718581428,4.38836572899279
2.3978952727983707,2.3978952727983693
0.0,0.436415882699591
0.0,0.05981216203459189
2.079441541679836,1.3839131092960635
4.983606621708336,5.1076959219115645
3.367295829986474,3.353927708153609
6.300785794663244,6.116658089361555
0.6931471805599453,0.4790699974462627
3.6375861597263857,1.3839131092960635
3.044522437723423,3.044522437723423
1.3862943611198906,0.436415882699591
0.0,0.06755287582217212
6.190315405853148,6.114647485614731
2.19722457733622,2.0640356786632434
2.302585092994046,2.3025850929940463
2.302585092994046,2.302585092994047
2.19722457733622,2.197224577336218
5.043425116919247,4.924002504428832
0.0,0.2378604847422267
4.962844630259907,5.02096150317881
0.0,0.018649699925379692
0.6931471805599453,0.436415882699591
5.697093486505405,5.510717940439049
6.670766320845874,5.852809527471159
0.0,0.4429179351208957
1.6094379124341005,1.9992113725858605
9.169976605786628,9.060271720709606
2.302585092994046,2.4146945484542943
2.5649493574615367,1.3839131092960635
3.367295829986474,3.4129816441041125
1.0986122886681098,0.1804288634792631
0.0,0.5600246266857287
0.0,0.05981216203459189
0.0,0.436415882699591
0.0,0.436415882699591
0.0,0.4429179351208957
4.934473933130692,5.128003879157543
0.6931471805599453,0.2378604847422267
0.6931471805599453,0.7984686160406123
0.0,0.05981216203459189
0.0,0.4429179351208957
5.3706380281276624,5.689476244659986
2.079441541679836,2.134406958319482
4.174387269895637,4.190517072318444
2.302585092994046,2.302585092994047
3.713572066704308,3.128105526744138
3.218875824868201,3.2188758248681997
0.6931471805599453,0.6931471805599465
1.3862943611198906,1.3839131092960635
1.0986122886681098,0.5600246266857287
4.948759890378168,4.863507158598181
0.6931471805599453,0.6842921414614143
4.204692619390966,4.206454491853744
7.302496423727326,6.877315569853427
3.1354942159291497,3.1354942159291497
5.209486152841421,5.510717940439049
0.0,1.5442951890424887
0.6931471805599453,0.6931471805599452
0.0,0.4429179351208957
0.0,0.06755287582217212
0.0,0.19071040436634554
0.0,0.1804288634792631
1.6094379124341005,1.609437912434096
1.0986122886681098,0.4429179351208957
0.6931471805599453,1.3839131092960635
2.8903717578961645,2.912789874032619
1.3862943611198906,1.3862943611198928
0.0,0.05981216203459189
4.23410650459726,4.321405074437704
0.0,0.4429179351208957
3.4339872044851463,3.4134705675686297
2.079441541679836,1.3839131092960635
0.6931471805599453,1.3839131092960635
2.70805020110221,1.5340191850528249
0.0,0.4429179351208957
1.3862943611198906,0.7037098366252162
2.772588722239781,2.772588722239781
0.6931471805599453,0.18991040575548676
3.555348061489413,3.5304282206798288
5.049856007249537,5.306602908200765
2.6390573296152584,2.607296770120806
0.0,0.4429179351208957
8.53346016388011,6.585258473241299
1.6094379124341005,1.3839131092960635
3.9318256327243257,3.9008733475198905
2.6390573296152584,2.639057329615257
0.0,0.1804288634792631
2.5649493574615367,2.564949357461538
2.70805020110221,2.70805020110221
1.0986122886681098,0.8151914065937378
2.772588722239781,1.7012059415853777
2.079441541679836,2.079441541679838
0.0,0.05981216203459189
0.6931471805599453,0.4429179351208957
4.941642422609304,4.436387594644148
0.0,0.08777592675899684
0.6931471805599453,0.436415882699591
0.6931471805599453,0.5600246266857287
1.0986122886681098,0.7037098366252162
4.477336814478207,4.38836572899279
1.791759469228055,0.06707875940902695
0.0,0.5600246266857287
4.574710978503383,4.436387594644148
3.367295829986474,3.8202874554422612
4.61512051684126,4.932572160588383
3.091042453358316,3.0910424533583147
3.6375861597263857,3.8202874554422612
4.691347882229144,4.6917907034976025
3.8918202981106265,3.9600296086669333
0.6931471805599453,0.4429179351208957
3.295836866004329,2.4518166629079903
2.6390573296152584,2.607296770120806
2.5649493574615367,2.607296770120806
2.833213344056216,1.3839131092960635
0.6931471805599453,0.7037098366252162
5.814130531825066,5.781771429431591
6.532334292222349,6.606128886668137
5.332718793265369,5.510717940439049
0.0,0.436415882699591
0.0,0.05981216203459189
0.6931471805599453,0.4429179351208957
0.0,0.4429179351208957
1.6094379124341005,0.7984686160406123
0.0,0.436415882699591
3.80666248977032,3.8343053274254473
1.0986122886681098,1.0986122886681078
0.0,0.436415882699591
0.0,0.6842921414614143
2.3978952727983707,1.6901201596011382
0.0,0.4429179351208957
0.0,0.4429179351208957
3.4339872044851463,3.4201809632965197
2.6390573296152584,2.6390573296152566
0.0,0.05981216203459189
1.3862943611198906,1.3862943611198928
0.0,0.436415882699591
9.169976605786628,8.853020828219305
1.3862943611198906,0.5600246266857287
4.406719247264253,4.6917907034976025
0.0,0.05981216203459189
2.6390573296152584,1.3839131092960635
0.0,0.05981216203459189
0.0,0.436415882699591
0.6931471805599453,7.864075546539962
0.6931471805599453,0.436415882699591
3.1780538303479458,3.1780538303479466
6.595780513961311,6.276522144688711
2.5649493574615367,2.564949357461538
2.19722457733622,2.1972245773362205
3.4011973816621555,3.4201809632965197
2.079441541679836,2.079441541679838
0.0,0.436415882699591
3.1354942159291497,1.3839131092960635
0.0,4.052449686077306
5.1647859739235145,5.432040150921658
0.0,0.05981216203459189
1.3862943611198906,0.7037098366252162
0.0,0.4429179351208957
6.1224928095143865,6.199619065669433
4.07753744390572,4.080127063175989
0.6931471805599453,0.4429179351208957
0.0,0.05981216203459189
0.0,0.7984686160406123
6.884486652042782,6.598254600085252
4.04305126783455,4.064706595701158
0.6931471805599453,0.6842921414614143
3.258096538021482,3.2834111606337215
4.0943445622221,4.38836572899279
0.0,0.0
2.5649493574615367,2.56494935746154
4.709530201312334,4.774155568317282
7.934513463882263,7.903628265006067
0.6931471805599453,1.2731574212205068
0.0,0.05981216203459189
4.23410650459726,4.1682740667263145
2.833213344056216,3.0220751806005306
3.912023005428146,3.8202874554422612
3.367295829986474,3.4753750958196212
1.9459101490553128,0.436415882699591
0.0,0.5600246266857287
7.659171367666058,7.56880886662022
3.4011973816621555,3.4753750958196212
0.0,0.5600246266857287
0.6931471805599453,0.436415882699591
1.3862943611198906,0.436415882699591
2.079441541679836,2.340829791069948
1.0986122886681098,0.436415882699591
4.663439094112067,4.6917907034976025
0.0,0.4429179351208957
3.8501476017100575,3.8202874554422612
3.4657359027997265,3.4129816441041125
0.0,1.3839131092960635
2.5649493574615367,2.564949357461538
0.0,0.05981216203459189
4.060443010546419,4.1682740667263145
1.0986122886681098,0.5600246266857287
3.4657359027997265,3.4129816441041125
0.0,0.436415882699591
0.0,0.436415882699591
0.0,0.5198603854199589
2.19722457733622,1.3839131092960635
2.70805020110221,2.70805020110221
3.951243718581428,4.02105213151593
5.438079308923196,5.43188031428219
0.0,0.4429179351208957
3.044522437723423,3.0220751806005306
4.382026634673881,4.2319740390373335
0.6931471805599453,1.3839131092960635
0.0,0.05981216203459189
4.574710978503383,4.527599042076699
0.0,0.5198603854199589
0.0,0.436415882699591
0.0,0.018649699925379692
0.0,0.05981216203459189
0.0,0.7037098366252162
5.676753802268282,5.43188031428219
4.0943445622221,4.02105213151593
3.58351893845611,3.7804963756014307
3.367295829986474,3.3433842409997943
0.0,0.4429179351208957
0.6931471805599453,0.4429179351208957
0.0,1.3839131092960635
0.0,1.3839131092960635
2.19722457733622,2.197224577336218
0.0,0.05981216203459189
4.143134726391533,4.2319740390373335
0.0,0.06707875940902695
3.4011973816621555,3.4134705675686297
0.0,0.4790699974462627
4.23410650459726,4.2319740390373335
2.079441541679836,2.0794415416798393
1.9459101490553128,1.945910149055313
3.367295829986474,3.285639239179402
0.0,0.1804288634792631
0.0,0.4429179351208957
0.0,1.3839131092960635
0.0,0.436415882699591
3.258096538021482,2.796938284486918
0.0,0.4429179351208957
0.0,0.05981216203459189
3.1780538303479458,3.1365489247446305
3.5263605246161616,3.5027733827818293
6.79794041297493,6.801320899862991
6.131226489483141,6.069871566674828
9.169976605786628,9.1515031232083
3.49650756146648,3.285639239179402
4.584967478670572,4.505702564680455
2.079441541679836,2.079441541679838
0.6931471805599453,1.6901201596011382
0.0,0.06755287582217212
5.298317366548036,5.510717940439049
0.0,0.05981216203459189
2.19722457733622,2.197224577336218
0.6931471805599453,0.6931471805599452
3.7612001156935615,3.8202874554422612
0.0,0.4429179351208957
4.02535169073515,4.02105213151593
1.0986122886681098,1.0986122886681098
2.5649493574615367,2.607296770120806
0.0,0.436415882699591
4.8283137373023015,4.603347532035997
0.0,0.0
0.0,0.05981216203459189
3.970291913552122,4.2319740390373335
0.0,0.7144874494077434
0.0,0.018649699925379692
0.0,0.05981216203459189
2.9444389791664403,0.4429179351208957
0.0,0.436415882699591
1.0986122886681098,0.436415882699591
0.0,0.4429179351208957
2.833213344056216,2.833213344056217
8.44741429680832,8.498885698063726
4.990432586778736,4.6917907034976025
0.0,0.8151914065937378
3.1780538303479458,3.285639239179402
3.4339872044851463,3.4134705675686297
0.0,0.1380879711650902
0.0,0.06755287582217212
6.218600119691729,5.992086529669318
2.3978952727983707,2.3978952727983693
6.29156913955832,6.260175824132131
3.218875824868201,3.1573852292007643
0.0,0.018649699925379692
0.0,0.1380879711650902
0.0,0.4790699974462627
4.543294782270004,4.787947264125997
0.0,1.3839131092960635
1.6094379124341005,0.436415882699591
1.3862943611198906,0.5600246266857287
8.881558488638976,8.063788649669673
5.262690188904886,5.128003879157543
1.3862943611198906,1.3862943611198928
0.0,0.05981216203459189
0.0,0.436415882699591
0.6931471805599453,0.5600246266857287
0.6931471805599453,1.3839131092960635
0.0,0.18991040575548676
7.906915488678587,7.903628265006067
1.0986122886681098,0.7037098366252162
2.079441541679836,2.079441541679838
1.6094379124341005,1.609437912434096
2.3978952727983707,4.662581752594058
0.6931471805599453,0.49867551302589186
4.110873864173311,3.9008733475198905
0.0,0.4429179351208957
0.6931471805599453,1.3839131092960635
5.332718793265369,5.43188031428219
0.0,0.4429179351208957
5.236441962829949,5.43188031428219
3.258096538021482,1.3839131092960635
0.0,0.4429179351208957
3.1354942159291497,1.3200960823395267
6.498282149476434,6.801320899862991
3.912023005428146,3.8343053274254473
0.0,0.436415882699591
6.244166900663736,6.598254600085252
5.560681631015528,5.432040150921658
6.416732282512326,6.260175824132131
2.772588722239781,2.772588722239781
0.0,0.7037098366252162
5.41164605185504,5.43188031428219
1.791759469228055,1.7917594692280547
2.079441541679836,2.079441541679838
1.9459101490553128,1.945910149055313
2.19722457733622,1.3839131092960635
1.0986122886681098,0.4429179351208957
3.555348061489413,3.4268873728930243
0.0,0.7037098366252162
0.0,0.05981216203459189
3.610917912644224,3.7828469955963646
1.3862943611198906,0.436415882699591
3.7612001156935615,3.7828469955963646
1.3862943611198906,1.3839131092960635
0.0,0.4429179351208957
4.110873864173311,4.064706595701158
0.6931471805599453,1.3839131092960635
6.102558594613569,6.260175824132131
5.0238805208462765,5.142185648133915
2.079441541679836,0.7037098366252162
1.9459101490553128,1.945910149055313
0.0,0.018649699925379692
1.6094379124341005,0.436415882699591
0.0,0.05981216203459189
1.0986122886681098,0.4429179351208957
3.367295829986474,3.7804963756014307
0.0,0.18991040575548676
3.58351893845611,3.9600296086669333
0.0,0.436415882699591
0.0,0.436415882699591
1.0986122886681098,0.2378604847422267
1.9459101490553128,1.945910149055313
1.0986122886681098,1.0986122886681078
2.079441541679836,2.0794415416798393
4.04305126783455,4.230211174379442
0.6931471805599453,0.436415882699591
1.3862943611198906,0.5600246266857287
1.3862943611198906,0.49784659832062456
0.0,0.1804288634792631
0.0,0.5600246266857287
0.0,0.6842921414614143
1.791759469228055,1.3839131092960635
0.0,0.5600246266857287
8.375860015299594,7.903628265006067
1.0986122886681098,1.3839131092960635
0.6931471805599453,0.18991040575548676
0.0,1.3200960823395267
0.0,1.3839131092960635
2.9444389791664403,2.888366380775398
0.0,0.436415882699591
0.0,0.06755287582217212
0.0,0.06755287582217212
0.0,0.5600246266857287
1.0986122886681098,1.0986122886681096
2.302585092994046,1.3839131092960635
0.0,0.05981216203459189
2.772588722239781,2.772588722239781
3.367295829986474,3.8202874554422612
0.0,0.8378680750151563
1.3862943611198906,1.3839131092960635
0.0,0.05981216203459189
3.555348061489413,3.5414381325997835
5.655991810819852,5.917084966152843
0.0,0.05981216203459189
0.0,0.4429179351208957
1.0986122886681098,0.05981216203459189
1.3862943611198906,1.3862943611198928
6.419994928147142,6.508026244927296
1.3862943611198906,1.3862943611198906
2.4849066497880004,1.2731574212205068
1.3862943611198906,0.4790699974462627
0.0,0.1380879711650902
6.326149473155099,6.611934887090635
1.3862943611198906,0.7037098366252162
0.0,0.06755287582217212
3.044522437723423,3.285639239179402
0.0,0.0
2.772588722239781,2.7801311255503767
2.70805020110221,2.9240099623878653
5.641907070938114,5.510717940439049
1.3862943611198906,1.6901201596011382
0.0,0.018649699925379692
9.169976605786628,9.169604999671966
0.0,0.7037098366252162
2.19722457733622,1.6901201596011382
3.1354942159291497,3.1365489247446305
0.0,0.0
0.0,1.6901201596011382
4.04305126783455,3.9600296086669333
0.0,0.05981216203459189
1.6094379124341005,1.6094379124341018
0.6931471805599453,1.2731574212205068
2.9444389791664403,2.912789874032619
0.0,0.7037098366252162
0.6931471805599453,0.4429179351208957
0.0,0.4429179351208957
2.70805020110221,2.7801311255503767
4.3694478524670215,4.463845943040982
0.0,0.5600246266857287
3.555348061489413,3.5304282206798288
1.0986122886681098,1.0986122886681078
0.6931471805599453,0.8151914065937378
0.6931471805599453,1.3839131092960635
1.791759469228055,1.7917594692280547
1.0986122886681098,1.0986122886681098
0.0,1.3839131092960635
3.1780538303479458,3.1780538303479466
1.791759469228055,1.3839131092960635
7.042286171939743,6.80491799698793
1.0986122886681098,1.0986122886681078
5.840641657373398,6.217668742669073
4.663439094112067,4.614995174510253
3.555348061489413,3.285639239179402
5.717027701406222,5.411197544874306
5.846438775057725,5.684778454495863
1.6094379124341005,1.3733866568923765
3.8501476017100575,3.8202874554422612
0.0,0.18991040575548676
9.076237387452702,9.099919553605789
0.0,0.4429179351208957
0.0,0.436415882699591
0.0,0.0
1.3862943611198906,0.436415882699591
3.58351893845611,3.7804963756014307
0.6931471805599453,0.6931471805599465
0.0,0.5600246266857287
5.153291594497779,4.603627608992202
0.0,0.5600246266857287
0.0,0.08777592675899684
1.0986122886681098,0.49867551302589186
1.6094379124341005,1.9992113725858605
0.6931471805599453,0.5600246266857287
6.306275286948016,6.334272287768749
2.70805020110221,2.7801311255503767
4.844187086458591,4.863507158598181
5.093750200806762,5.128003879157543
1.0986122886681098,0.4429179351208957
1.0986122886681098,1.7012059415853777
1.6094379124341005,1.609437912434096
4.418840607796598,4.614995174510253
7.374001859350161,7.36764105759876
0.0,0.4790699974462627
0.0,0.23938147324913797
0.0,0.05981216203459189
1.0986122886681098,1.0986122886681078
0.0,0.06755287582217212
0.0,0.4429179351208957
7.868636894184167,8.192476044934937
2.6390573296152584,2.6390573296152566
0.0,0.18991040575548676
3.80666248977032,3.7828469955963646
2.3978952727983707,2.3559587936844677
7.518607216815252,7.754564437089021
1.3862943611198906,1.3862943611198928
5.030437921392435,5.1076959219115645
3.1780538303479458,3.285639239179402
2.4849066497880004,2.4849066497880012
0.6931471805599453,0.4429179351208957
0.0,0.5600246266857287
3.737669618283368,3.6750982775362147
3.1780538303479458,0.436415882699591
2.9444389791664403,2.888366380775398
4.68213122712422,5.1076959219115645
7.888709524182015,7.4635613918822274
0.0,0.4429179351208957
0.0,0.8151914065937378
3.4339872044851463,3.3748234571192617
3.1780538303479458,3.1573852292007643
1.0986122886681098,1.0986122886681078
1.6094379124341005,1.6094379124341018
0.6931471805599453,1.3839131092960635
4.574710978503383,4.436387594644148
0.6931471805599453,1.3839131092960635
3.091042453358316,3.1365489247446305
4.23410650459726,4.206454491853744
1.0986122886681098,1.0986122886681078
3.7612001156935615,3.8343053274254473
1.0986122886681098,0.5600246266857287
6.190315405853148,6.732108092856557
2.19722457733622,2.197224577336218
0.0,0.19071040436634554
0.0,0.05981216203459189
0.0,0.18991040575548676
7.107425474110705,6.910804015204764
0.0,0.05981216203459189
4.219507705176107,3.9008733475198905
2.833213344056216,2.8452848455461375
2.6390573296152584,2.6390573296152566
1.3862943611198906,1.3862943611198906
6.0867747269123065,5.781771429431591
1.0986122886681098,1.0986122886681078
0.0,0.436415882699591
1.0986122886681098,1.3839131092960635
2.5649493574615367,2.549161462962724
3.218875824868201,3.0220751806005306
7.500529485395295,6.585258473241299
5.575949103146316,5.432040150921658
1.9459101490553128,1.9459101490553115
0.0,0.05981216203459189
0.0,0.018649699925379692
0.0,0.05981216203459189
5.666426688112432,5.453758245858678
4.882801922586371,4.876632253454441
4.23410650459726,4.505702564680455
3.80666248977032,3.8459867837527795
2.5649493574615367,2.56494935746154
5.746203190540153,5.3511725937590935
0.6931471805599453,1.9992113725858605
0.0,0.18991040575548676
0.0,0.436415882699591
7.068172000388042,6.801320899862991
5.003946305945459,5.107630830284402
3.610917912644224,3.3748234571192617
1.6094379124341005,0.7037098366252162
4.394449154672439,4.463845943040982
0.0,0.1804288634792631
3.091042453358316,3.1420378010493812
1.0986122886681098,1.3839131092960635
1.0986122886681098,0.5600246266857287
0.6931471805599453,0.5600246266857287
2.19722457733622,2.197224577336218
0.0,0.4429179351208957
5.0369526024136295,5.02096150317881
3.4657359027997265,3.285639239179402
0.0,0.9318399936705002
0.0,0.4429179351208957
4.532599493153256,4.38836572899279
4.02535169073515,3.9079276852654417
0.0,0.018649699925379692
0.6931471805599453,0.6931471805599452
1.0986122886681098,0.436415882699591
2.3978952727983707,2.3978952727983693
0.0,0.08777592675899684
5.948034989180646,5.992086529669318
0.0,0.4429179351208957
0.0,0.19071040436634554
0.0,0.4429179351208957
0.0,0.05981216203459189
2.079441541679836,2.0794415416798393
0.6931471805599453,1.3839131092960635
0.0,0.05981216203459189
0.0,0.436415882699591
0.0,0.4429179351208957
0.0,0.436415882699591
0.0,0.05981216203459189
0.6931471805599453,0.436415882699591
7.408530566894626,7.1883853454732
0.6931471805599453,0.436415882699591
5.402677381872279,5.128003879157543
4.584967478670572,4.357809704538181
1.9459101490553128,1.3839131092960635
2.3978952727983707,1.3839131092960635
0.0,0.436415882699591
0.0,0.19071040436634554
5.613128106388071,5.128003879157543
7.620214770574455,7.71642877466125
3.6635616461296463,3.8202874554422612
0.0,0.436415882699591
3.044522437723423,0.5600246266857287
6.86484777797086,7.1883853454732
4.276666119016055,4.280888158292067
2.19722457733622,2.134406958319482
0.0,0.18991040575548676
2.6390573296152584,2.639057329615257
1.9459101490553128,1.9459101490553115
1.6094379124341005,1.609437912434096
0.0,0.05981216203459189
7.60887062919126,7.36764105759876
7.004881989712859,8.063788649669673
7.80954132465341,7.71642877466125
2.3978952727983707,2.3978952727983693
4.04305126783455,4.321405074437704
6.023447592961033,6.334272287768749
4.204692619390966,0.436415882699591
1.9459101490553128,1.945910149055313
0.6931471805599453,0.7037098366252162
0.0,0.4429179351208957
3.6635616461296463,3.7828469955963646
3.295836866004329,3.2834111606337215
3.871201010907891,3.870847312020241
0.0,0.05981216203459189
1.3862943611198906,0.7037098366252162
0.6931471805599453,1.3839131092960635
5.849324779946859,5.78872672069254
0.0,0.18991040575548676
9.013838751608397,8.98055854328063
0.0,0.436415882699591
0.6931471805599453,0.4429179351208957
2.302585092994046,1.3200960823395267
0.6931471805599453,0.4429179351208957
6.90975328164481,6.9772922460071785
0.6931471805599453,0.6931471805599465
1.9459101490553128,0.4429179351208957
1.6094379124341005,1.6094379124341018
0.0,0.06755287582217212
3.713572066704308,3.7184357203400853
2.772588722239781,2.772588722239781
6.008813185442595,6.260175824132131
8.855805992536562,8.842862738705145
0.0,0.018649699925379692
1.6094379124341005,1.609437912434096
4.290459441148391,4.2319740390373335
2.079441541679836,2.0794415416798393
4.770684624465665,4.952774331015855
5.1647859739235145,5.273357808556943
0.0,0.4429179351208957
1.6094379124341005,1.7102966459796927
9.169976605786628,9.169604999671966
0.0,0.018649699925379692
8.244071270295786,9.040471095577647
1.3862943611198906,0.7037098366252162
2.995732273553991,2.8555387615450636
1.0986122886681098,0.4790699974462627
3.6375861597263857,3.3748234571192617
4.574710978503383,4.38836572899279
1.6094379124341005,1.3839131092960635
5.332718793265369,5.510717940439049
5.298317366548036,5.128003879157543
0.6931471805599453,0.4429179351208957
2.833213344056216,2.833213344056217
4.68213122712422,4.781523202523582
0.0,0.18991040575548676
4.6443908991413725,4.2319740390373335
0.6931471805599453,0.4429179351208957
1.3862943611198906,1.3862943611198928
1.6094379124341005,1.609437912434096
0.0,0.7037098366252162
1.0986122886681098,0.4429179351208957
0.0,0.436415882699591
0.6931471805599453,0.4429179351208957
6.253828811575473,5.743172357685376
0.6931471805599453,0.6931471805599453
1.6094379124341005,2.122026843747139
0.0,0.4429179351208957
9.169976605786628,8.413012994729486
1.3862943611198906,0.7037098366252162
4.31748811353631,4.399421192038522
0.0,0.4429179351208957
7.3938782901077555,7.343460158609508
3.332204510175204,1.7012059415853777
0.0,0.0
0.0,1.3839131092960635
0.0,0.4429179351208957
0.6931471805599453,1.3839131092960635
4.330733340286331,4.436387594644148
1.3862943611198906,0.436415882699591
4.454347296253507,4.451688364152143
0.0,0.436415882699591
4.007333185232471,4.02105213151593
0.6931471805599453,0.3946796420309624
4.934473933130692,4.603347532035997
1.0986122886681098,0.5600246266857287
0.0,0.19071040436634554
0.0,0.05981216203459189
0.0,0.05981216203459189
1.9459101490553128,1.3839131092960635
0.0,0.5600246266857287
4.143134726391533,4.38836572899279
0.0,0.4429179351208957
4.31748811353631,4.280888158292067
1.791759469228055,1.7917594692280547
5.187385805840755,5.453758245858678
1.6094379124341005,1.609437912434096
0.0,1.3839131092960635
2.19722457733622,0.436415882699591
5.068904202220232,5.107630830284402
5.247024072160486,5.273357808556943
0.0,0.4790699974462627
2.079441541679836,2.0794415416798393
1.6094379124341005,1.609437912434096
0.0,0.8151914065937378
0.0,0.4429179351208957
2.6390573296152584,1.3839131092960635
6.77078942390898,6.80491799698793
0.0,0.49784659832062456
0.0,0.018649699925379692
3.5263605246161616,3.7804963756014307
6.100318952020064,5.3511725937590935
0.0,0.018649699925379692
0.0,0.05981216203459189
2.302585092994046,2.3025850929940463
3.1354942159291497,1.3839131092960635
8.448271745949816,8.192476044934937
3.6375861597263857,3.7804963756014307
0.0,0.05981216203459189
0.0,0.436415882699591
2.9444389791664403,2.912789874032619
4.969813299576001,4.811226370853523
0.6931471805599453,0.6931471805599465
0.0,1.3839131092960635
0.0,0.08777592675899684
1.0986122886681098,1.0986122886681098
0.0,0.06755287582217212
2.302585092994046,2.3025850929940463
1.6094379124341005,1.6094379124341018
2.6390573296152584,2.607296770120806
5.468060141135132,5.660349125849201
0.0,0.436415882699591
3.258096538021482,3.2952975973639096
0.0,0.05981216203459189
2.4849066497880004,2.4849066497880012
2.19722457733622,2.1972245773362213
4.990432586778736,5.248588688444353
7.110696122978827,7.343460158609508
0.6931471805599453,1.3839131092960635
3.367295829986474,3.4268873728930243
5.823045895483019,5.835182180452946
3.8918202981106265,3.8202874554422612
0.0,0.05981216203459189
4.442651256490317,4.451688364152143
5.3471075307174685,5.248588688444353
1.0986122886681098,1.2415837848619753
3.9889840465642745,4.38836572899279
1.0986122886681098,1.0986122886681098
4.762173934797756,4.924002504428832
1.0986122886681098,1.3839131092960635
3.8501476017100575,3.8326509900946606
1.6094379124341005,0.8211312698029367
7.602401335665818,7.71642877466125
0.6931471805599453,0.4429179351208957
0.6931471805599453,0.18991040575548676
4.248495242049359,4.38836572899279
0.0,0.3946796420309624
9.169976605786628,9.1515031232083
6.983789965258135,6.801320899862991
1.791759469228055,1.7917594692280547
3.1354942159291497,3.3854841244626748
6.804614520062624,6.910804015204764
4.07753744390572,3.8202874554422612
2.3978952727983707,2.3520051862259175
0.0,0.018649699925379692
2.70805020110221,2.70805020110221
3.871201010907891,3.7828469955963646
0.0,0.436415882699591
3.688879454113936,3.6750982775362147
0.0,0.07701635339554948
0.6931471805599453,0.436415882699591
0.0,1.3839131092960635
5.231108616854587,5.418862443633624
0.0,0.05981216203459189
0.0,0.436415882699591
0.0,0.4429179351208957
7.436617265234227,8.596571663920843
0.0,0.49784659832062456
8.575462099540212,7.603469748354213
3.7612001156935615,3.887506165397082
5.010635294096256,5.06647369892734
5.056245805348308,5.142185648133915
4.77912349311153,4.614995174510253
3.367295829986474,3.285639239179402
1.3862943611198906,0.4429179351208957
0.0,0.05981216203459189
6.263398262591624,5.743172357685376
0.6931471805599453,0.18991040575548676
0.0,1.2731574212205068
1.6094379124341005,1.4206241382451537
0.0,0.436415882699591
0.0,0.018649699925379692
0.6931471805599453,1.9992113725858605
0.0,0.436415882699591
1.3862943611198906,1.386294361119889
0.0,0.18991040575548676
1.0986122886681098,1.0986122886681078
4.836281906951478,4.787947264125997
5.993961427306569,5.743172357685376
0.0,0.18991040575548676
6.082218910376446,6.334272287768749
2.772588722239781,2.772588722239781
0.6931471805599453,0.436415882699591
0.0,0.05981216203459189
3.713572066704308,3.9008733475198905
2.70805020110221,2.70805020110221
0.0,0.436415882699591
2.772588722239781,2.7801311255503767
0.0,0.05981216203459189
1.6094379124341005,1.609437912434096
9.169976605786628,7.892651757227169
4.143134726391533,4.2319740390373335
0.0,0.018649699925379692
5.575949103146316,5.835182180452946
2.079441541679836,1.3839131092960635
0.0,0.05981216203459189
1.0986122886681098,1.0986122886681096
3.1354942159291497,3.1573852292007643
0.0,0.8378680750151563
5.556828061699537,5.453758245858678
0.6931471805599453,1.3839131092960635
1.0986122886681098,1.6901201596011382
3.1354942159291497,3.1420378010493812
3.258096538021482,3.2834111606337215
6.481577129276431,6.606128886668137
1.3862943611198906,0.8431752189756911
0.0,0.06755287582217212
2.079441541679836,2.0640356786632434
0.0,1.3839131092960635
5.673323267171493,5.743172357685376
0.0,0.05981216203459189
1.0986122886681098,1.0986122886681078
0.6931471805599453,0.436415882699591
5.560681631015528,5.78872672069254
0.0,0.8151914065937378
4.007333185232471,3.963103759486657
0.6931471805599453,0.6931471805599465
4.343805421853684,4.2319740390373335
1.0986122886681098,0.06755287582217212
1.3862943611198906,0.436415882699591
0.6931471805599453,0.06755287582217212
0.6931471805599453,1.3839131092960635
4.04305126783455,4.230211174379442
0.0,0.8151914065937378
0.6931471805599453,0.436415882699591
1.3862943611198906,0.2378604847422267
2.302585092994046,2.3025850929940463
1.6094379124341005,1.6094379124341018
0.0,0.06707875940902695
4.624972813284271,4.614995174510253
0.6931471805599453,0.5600246266857287
0.0,2.573293720642275
1.9459101490553128,1.945910149055313
2.302585092994046,2.3025850929940463
4.007333185232471,4.01078415149073
6.257667587882639,5.992086529669318
2.6390573296152584,2.639057329615257
0.0,0.436415882699591
0.6931471805599453,0.436415882699591
0.0,0.05981216203459189
0.6931471805599453,0.4429179351208957
7.180069874302796,7.047813656815918
4.30406509320417,4.2319740390373335
0.0,0.436415882699591
6.16541785423142,6.260175824132131
3.258096538021482,3.300604102992577
1.6094379124341005,1.0074431674211783
1.9459101490553128,1.3839131092960635
6.171700597410915,6.334272287768749
1.3862943611198906,1.3862943611198928
1.0986122886681098,1.0986122886681078
3.295836866004329,3.285639239179402
0.6931471805599453,0.18991040575548676
0.0,0.2378604847422267
7.116394144093465,6.9772922460071785
0.0,0.4429179351208957
0.6931471805599453,0.4429179351208957
3.5263605246161616,3.5304282206798288
1.6094379124341005,1.609437912434096
2.6390573296152584,2.6390573296152566
1.6094379124341005,1.7012059415853777
2.079441541679836,2.079441541679838
0.0,0.18991040575548676
1.9459101490553128,0.4429179351208957
1.3862943611198906,1.386294361119889
0.0,0.06707875940902695
1.6094379124341005,1.3839131092960635
5.583496308781699,5.432040150921658
5.525452939131784,5.128003879157543
0.6931471805599453,1.3200960823395267
0.6931471805599453,0.5600246266857287
2.3978952727983707,2.3978952727983693
1.0986122886681098,0.19071040436634554
6.759255270663693,6.842961243221471
3.367295829986474,3.4134705675686297
0.6931471805599453,0.6931471805599465
0.0,0.4429179351208957
1.3862943611198906,1.4206241382451537
5.556828061699537,5.128003879157543
0.0,0.05981216203459189
2.995732273553991,2.995732273553991
5.14166355650266,4.863507158598181
2.772588722239781,0.4429179351208957
0.0,0.7037098366252162
2.302585092994046,2.3520051862259175
0.0,0.05981216203459189
0.0,1.7012059415853777
2.70805020110221,2.70805020110221
0.0,0.05981216203459189
0.0,0.05981216203459189
1.9459101490553128,1.3839131092960635
1.0986122886681098,1.0986122886681098
3.295836866004329,1.3839131092960635
0.0,0.05981216203459189
5.135798437050262,4.863507158598181
2.19722457733622,2.19722457733622
0.6931471805599453,0.05981216203459189
3.4657359027997265,3.300604102992577
0.0,0.05981216203459189
0.0,0.19071040436634554
6.602587892189336,6.276522144688711
1.0986122886681098,1.0986122886681078
0.0,0.05981216203459189
0.0,0.7037098366252162
3.044522437723423,3.128105526744138
1.791759469228055,1.7917594692280547
0.0,0.436415882699591
0.6931471805599453,0.6212266624470001
2.5649493574615367,1.3839131092960635
3.8918202981106265,3.8202874554422612
1.0986122886681098,0.5600246266857287
0.0,1.3839131092960635
3.58351893845611,3.9600296086669333
2.772588722239781,3.1494132192597326
0.0,0.06755287582217212
1.9459101490553128,1.9459101490553115
0.0,0.436415882699591
1.0986122886681098,0.05981216203459189
4.532599493153256,4.477221818313646
5.087596335232384,5.002862056247683
6.813444599510896,6.199619065669433
0.6931471805599453,0.49867551302589186
1.3862943611198906,1.3862943611198928
2.079441541679836,2.0794415416798393
0.0,0.5600246266857287
1.3862943611198906,1.6901201596011382
2.4849066497880004,2.4849066497880012
7.045776576879511,7.352855379202313
3.737669618283368,3.7804963756014307
0.0,1.3839131092960635
4.3694478524670215,4.436387594644148
5.375278407684165,5.432040150921658
0.0,1.3839131092960635
1.0986122886681098,1.3839131092960635
0.0,0.18991040575548676
2.5649493574615367,2.564949357461538
4.3694478524670215,4.2319740390373335
0.6931471805599453,0.6931471805599465
1.0986122886681098,1.3733866568923765
1.0986122886681098,1.0986122886681098
1.6094379124341005,1.6094379124341005
1.791759469228055,1.7102966459796927
7.597897950521784,7.36764105759876
0.0,0.4429179351208957
1.3862943611198906,0.1380879711650902
1.0986122886681098,1.0986122886681078
3.091042453358316,3.1420378010493812
1.9459101490553128,1.9459101490553115
1.6094379124341005,1.609437912434096
7.906915488678587,8.413012994729486
0.0,0.0
2.302585092994046,1.3839131092960635
0.0,0.05981216203459189
2.70805020110221,2.70805020110221
2.302585092994046,1.3839131092960635
3.4657359027997265,3.5027733827818293
4.624972813284271,4.230211174379442
4.007333185232471,3.9600296086669333
0.0,0.436415882699591
3.9889840465642745,3.7184357203400853
0.0,0.4429179351208957
3.737669618283368,3.7401089522881827
1.0986122886681098,0.7984686160406123
0.0,0.18991040575548676
0.0,0.05981216203459189
3.258096538021482,3.274450680147381
2.4849066497880004,2.4849066497880004
0.0,0.8151914065937378
2.995732273553991,2.995732273553991
0.0,0.18991040575548676
1.791759469228055,0.436415882699591
5.153291594497779,4.924002504428832
8.77770959579525,8.413012994729486
0.0,0.8151914065937378
0.0,0.05981216203459189
0.0,0.4429179351208957
0.0,1.3839131092960635
0.6931471805599453,0.6931471805599465
0.6931471805599453,0.6931471805599452
2.9444389791664403,2.888366380775398
0.0,0.05981216203459189
2.079441541679836,2.079441541679838
2.8903717578961645,2.8903717578961636
0.0,0.1380879711650902
1.9459101490553128,0.5600246266857287
1.0986122886681098,0.2378604847422267
0.0,0.1804288634792631
0.0,0.19071040436634554
1.6094379124341005,0.4429179351208957
2.70805020110221,2.70805020110221
0.0,0.7037098366252162
0.0,0.436415882699591
4.499809670330265,4.724269690615439
0.6931471805599453,1.3839131092960635
0.0,0.18991040575548676
3.044522437723423,1.2415837848619753
1.3862943611198906,1.3839131092960635
0.0,1.3839131092960635
4.477336814478207,4.488432591581819
0.0,0.19071040436634554
9.169976605786628,8.503313900225631
3.218875824868201,3.2331379023784845
1.0986122886681098,1.0986122886681078
0.0,0.1380879711650902
3.970291913552122,4.1682740667263145
0.6931471805599453,1.5340191850528249
1.6094379124341005,1.609437912434096
3.332204510175204,3.3433842409997943
5.921578419643816,5.81181805736758
0.0,0.2378604847422267
0.0,0.4429179351208957
1.6094379124341005,1.7102966459796927
0.6931471805599453,0.4429179351208957
1.0986122886681098,1.0986122886681078
0.0,0.05981216203459189
0.0,1.6901201596011382
4.276666119016055,4.1682740667263145
0.6931471805599453,0.4429179351208957
0.0,0.5600246266857287
3.4339872044851463,3.4201809632965197
6.8966943316227125,6.80491799698793
3.9318256327243257,4.02105213151593
6.333279628139691,7.047813656815918
5.926926025970411,5.684778454495863
2.19722457733622,2.197224577336218
0.0,0.018649699925379692
3.58351893845611,3.7804963756014307
0.0,0.436415882699591
0.6931471805599453,0.6931471805599452
0.0,0.05981216203459189
0.0,0.05981216203459189
5.733341276897746,5.781771429431591
1.0986122886681098,1.0986122886681078
0.0,0.06755287582217212
0.0,0.4429179351208957
0.0,0.3946796420309624
6.7580945044277305,6.80491799698793
0.6931471805599453,0.4429179351208957
0.0,0.05981216203459189
1.0986122886681098,1.0986122886681098
2.772588722239781,2.8555387615450636
0.0,0.5600246266857287
5.187385805840755,5.273357808556943
2.5649493574615367,2.56494935746154
2.302585092994046,0.5296756383913243
2.5649493574615367,1.6901201596011382
0.0,0.4429179351208957
5.081404364984463,4.603627608992202
3.871201010907891,3.7828469955963646
1.791759469228055,1.7102966459796927
3.7612001156935615,3.3748234571192617
4.31748811353631,4.321405074437704
0.6931471805599453,2.6390573296152584
8.32093496888341,8.192476044934937
1.3862943611198906,0.436415882699591
2.302585092994046,2.4146945484542943
0.0,0.4429179351208957
4.30406509320417,4.206454491853744
0.6931471805599453,1.9992113725858605
0.0,0.5600246266857287
0.0,0.08777592675899684
2.9444389791664403,2.888366380775398
3.218875824868201,3.0220751806005306
0.0,0.05981216203459189
1.6094379124341005,0.436415882699591
0.0,0.436415882699591
0.6931471805599453,0.6931471805599465
3.951243718581428,3.9600296086669333
1.791759469228055,1.3839131092960635
1.6094379124341005,1.6094379124341018
8.126222529458525,7.903628265006067
0.0,0.018649699925379692
1.3862943611198906,1.2731574212205068
0.0,0.05981216203459189
5.204006687076795,5.128003879157543
3.828641396489095,3.9079276852654417
0.6931471805599453,0.2378604847422267
3.8918202981106265,3.7184357203400853
2.833213344056216,1.7012059415853777
1.6094379124341005,1.3839131092960635
1.6094379124341005,1.609437912434096
1.3862943611198906,0.05981216203459189
7.020190708311925,6.842961243221471
4.709530201312334,4.811226370853523
3.9318256327243257,3.8326509900946606
7.7501841622578365,7.71642877466125
2.302585092994046,2.302585092994047
2.772588722239781,2.772588722239781
2.833213344056216,2.833213344056217
0.6931471805599453,0.0
7.425357887027151,6.893928095035236
0.6931471805599453,0.18991040575548676
3.80666248977032,3.8459867837527795
1.0986122886681098,1.0986122886681078
0.6931471805599453,0.4790699974462627
0.0,0.436415882699591
0.6931471805599453,0.4429179351208957
1.3862943611198906,0.7984686160406123
0.6931471805599453,0.19071040436634554
1.6094379124341005,0.4429179351208957
0.6931471805599453,0.4429179351208957
4.248495242049359,4.206454491853744
0.0,0.2378604847422267
1.0986122886681098,0.7037098366252162
3.49650756146648,3.285639239179402
1.6094379124341005,0.4429179351208957
2.302585092994046,2.302585092994047
1.0986122886681098,0.4429179351208957
4.290459441148391,4.357809704538181
0.6931471805599453,0.6931471805599452
1.0986122886681098,1.3839131092960635
4.158883083359672,4.151195911463696
8.570165076182343,7.367858892277517
7.018401799069201,7.089079362823955
0.0,0.4429179351208957
0.0,0.06755287582217212
2.3978952727983707,2.3978952727983693
9.169976605786628,8.999401084125687
1.791759469228055,1.7102966459796927
2.19722457733622,2.197224577336218
1.6094379124341005,1.6094379124341018
5.968707559985366,5.835182180452946
1.791759469228055,1.7917594692280547
0.0,0.0
2.302585092994046,2.3025850929940463
1.791759469228055,1.3839131092960635
0.0,0.4429179351208957
3.4011973816621555,3.4753750958196212
1.0986122886681098,0.7037098366252162
0.0,0.06755287582217212
0.0,0.4429179351208957
2.302585092994046,0.4429179351208957
1.6094379124341005,1.6094379124341018
0.0,0.06755287582217212
4.143134726391533,3.9079276852654417
1.6094379124341005,1.7102966459796927
2.079441541679836,2.079441541679838
3.688879454113936,3.6492632059668435
3.1780538303479458,3.1365489247446305
2.8903717578961645,2.8555387615450636
4.962844630259907,5.107630830284402
2.302585092994046,2.302585092994047
8.449128460502108,8.192476044934937
0.0,0.1380879711650902
1.3862943611198906,1.3862943611198928
3.610917912644224,3.3854841244626748
7.407924322559599,7.665062567717001
0.0,1.3839131092960635
3.332204510175204,3.2952975973639096
0.0,0.436415882699591
0.6931471805599453,0.6931471805599465
1.3862943611198906,0.4429179351208957
2.302585092994046,2.3559587936844677
7.554334823725748,7.71642877466125
2.4849066497880004,1.3839131092960635
1.6094379124341005,1.6094379124341018
0.0,0.436415882699591
0.6931471805599453,0.4429179351208957
8.575650760987806,8.192476044934937
5.700443573390687,6.199619065669433
2.079441541679836,2.079441541679838
1.3862943611198906,0.436415882699591
3.367295829986474,3.4134705675686297
4.718498871295094,4.787947264125997
7.655864017616056,7.603469748354213
2.833213344056216,2.833213344056217
0.6931471805599453,0.6931471805599465
0.0,0.18991040575548676
1.6094379124341005,1.7102966459796927
3.091042453358316,3.0910424533583147
0.0,0.436415882699591
1.6094379124341005,1.609437912434096
1.0986122886681098,1.0986122886681078
0.6931471805599453,0.4790699974462627
0.0,0.05981216203459189
4.07753744390572,3.7804963756014307
5.356586274672012,5.418862443633624
5.0369526024136295,4.724269690615439
0.0,0.7037098366252162
0.0,0.8378680750151563
2.833213344056216,1.7012059415853777
5.438079308923196,5.684778454495863
0.6931471805599453,0.5600246266857287
5.87493073085203,5.743172357685376
5.762051382780177,5.835182180452946
3.970291913552122,3.887506165397082
2.5649493574615367,2.549161462962724
6.333279628139691,6.260175824132131
0.6931471805599453,0.5600246266857287
0.0,1.3839131092960635
