quantity_sold_ground_truth,quantity_sold_predicted
3.218875824868201,3.3040669805497904
0.0,2.4538460928066943
1.791759469228055,3.9962277813616582
3.4657359027997265,3.7440148508535596
0.0,2.492835715956203
6.156978985585555,5.896281743534577
3.1354942159291497,2.8620473497006547
0.0,2.671107893848442
0.0,2.4681934200989124
3.5263605246161616,3.9788180028405105
0.6931471805599453,2.6884061191006583
3.1780538303479458,4.130630717640815
0.6931471805599453,2.7753404428036537
0.0,3.4984614842043893
3.58351893845611,3.8769821315750823
0.0,2.6713339874669235
7.106606137727303,6.253447790212894
1.6094379124341005,2.6490970755836005
3.7612001156935615,3.712880432275669
0.0,2.4759108874311173
0.0,2.7186761232490673
2.302585092994046,2.5982873671287128
6.92951677076365,7.290313221833976
2.5649493574615367,3.165741825158332
9.169976605786628,8.591238021138587
9.169976605786628,6.983232686096081
0.0,2.7882076310806365
0.6931471805599453,2.7440531452240915
0.0,2.5354166260791797
0.0,2.549166350078004
0.0,2.7132831583514236
4.110873864173311,3.904392919659452
0.6931471805599453,2.4525750004943174
0.0,2.718507564586425
3.332204510175204,3.5954312481196298
2.079441541679836,2.9120034210063976
3.9318256327243257,4.136623221581229
2.5649493574615367,4.6280730176306095
4.07753744390572,3.9872766629165386
0.6931471805599453,2.5988896663926275
0.0,2.965347579817633
0.6931471805599453,2.6932387685354042
1.791759469228055,2.4420788842308867
4.727387818712341,4.586286039002651
7.538494999413465,7.27203657707595
2.6390573296152584,2.835499056114554
1.3862943611198906,2.669648134693337
1.3862943611198906,2.3975435118114845
0.0,2.4464172937772446
0.0,2.8819700959033256
0.0,2.9091816228378415
6.16541785423142,6.2220567729281555
6.8001700683022,7.1993941242919135
0.0,2.4531789151199708
9.169976605786628,7.452176104570862
4.394449154672439,4.464716022911314
5.062595033026967,4.8882371451844975
0.0,2.7430232631378613
1.3862943611198906,2.7316647882117864
2.19722457733622,2.731396527492039
5.7745515455444085,5.200011132373823
1.0986122886681098,3.0464946590122755
0.0,2.5764839930574874
0.0,2.5995853112108365
0.0,2.704749997345046
3.4011973816621555,3.1077843424571903
7.797291273547472,7.469064075271231
0.0,2.7869222195285523
4.3694478524670215,3.930800422474212
0.0,2.606797320526942
5.356586274672012,5.634488838434943
5.484796933490655,5.175438350957105
4.882801922586371,4.9540024170195345
3.332204510175204,2.9349750020984784
1.9459101490553128,2.7691894972463467
3.218875824868201,3.2130052527615676
0.6931471805599453,2.7529325688881903
0.0,2.5515547857125194
1.9459101490553128,4.311910261872355
2.302585092994046,2.9453003330589262
0.6931471805599453,2.91107504394866
6.943122422819428,6.865854546116467
5.3230099791384085,6.7071412222363564
0.6931471805599453,2.543055258687261
0.6931471805599453,2.8107252422937092
5.068904202220232,5.007539051761022
5.950642552587727,6.169166023846456
5.327876168789581,4.834485262202202
2.8903717578961645,2.984867262589468
0.0,3.0453953933912024
1.791759469228055,2.7656267332274753
2.19722457733622,2.631825992431536
9.169976605786628,9.027390055279772
2.9444389791664403,2.8948051831757353
0.0,2.600977854751763
0.0,4.209832428708712
4.74493212836325,3.3826059858506388
2.6390573296152584,3.241610319984224
2.833213344056216,3.1602502294085273
3.4657359027997265,3.196395474631002
2.3978952727983707,2.872915422574473
1.9459101490553128,2.760409690457812
3.5263605246161616,3.4947319745124594
2.4849066497880004,2.851396452569888
6.2166061010848646,5.669507880385401
0.0,2.587596908420127
3.871201010907891,4.516158482975195
1.3862943611198906,2.669937616328162
3.912023005428146,4.393564888596276
0.6931471805599453,2.5270797889409233
2.079441541679836,2.7280761243911202
4.3694478524670215,4.4322589988987495
0.0,2.677376916567362
4.74493212836325,4.856252563952389
2.3978952727983707,2.5950872445356663
1.791759469228055,2.8661515888197764
0.6931471805599453,2.5186118605601546
1.6094379124341005,2.568556847025281
3.555348061489413,3.618542346287239
0.0,2.5990106511688076
0.0,2.675996243995028
6.137727054086234,7.042763213343129
1.3862943611198906,2.778998539272462
2.5649493574615367,3.056924315775841
2.8903717578961645,2.894000121182604
0.6931471805599453,2.4865801281765885
0.0,2.593989331158255
5.075173815233827,5.401432469334089
0.0,2.7211803998508635
0.6931471805599453,2.803602549679008
2.772588722239781,3.0575907789196046
0.6931471805599453,2.524317912501753
1.6094379124341005,2.8494175933303136
2.8903717578961645,3.4499715759788736
0.0,3.6724203353525917
0.0,2.6145577376371305
1.0986122886681098,2.683716634325727
3.610917912644224,2.930637856144766
4.143134726391533,3.732981493401587
0.0,2.655362563333112
0.0,2.6294751025405616
1.0986122886681098,2.5349611158598804
0.0,2.8133161848382477
4.672828834461906,5.040729458840481
1.791759469228055,3.061635487133068
4.060443010546419,4.070216659355578
0.6931471805599453,2.845320234114081
6.173786103901937,4.657540128950189
3.4011973816621555,3.710629886215224
0.0,2.7342171843505474
4.820281565605037,4.223178309959666
1.0986122886681098,2.564530703034424
0.0,2.651394323631366
6.049733455231958,6.238694664728554
0.0,2.757054975846194
1.6094379124341005,2.886905634043676
0.0,2.6310428745448537
0.0,2.7049472243810984
5.0238805208462765,5.170013674401409
1.791759469228055,2.475029821013346
0.0,2.5485682489399326
0.6931471805599453,2.566228175218109
3.295836866004329,4.399853035905357
0.0,2.988351628071571
2.5649493574615367,2.680426075834441
0.0,2.538593281596032
0.0,2.5105965123505856
0.0,2.7038558333279386
5.771441123130016,5.945191304209351
0.0,2.5738339120797393
1.3862943611198906,2.566377988133284
3.80666248977032,3.793052916846197
1.6094379124341005,2.780040330242206
1.0986122886681098,2.8324348911367845
2.3978952727983707,2.603295375818345
3.1354942159291497,3.882267554161825
0.0,3.2580725414116736
0.6931471805599453,2.536921453428729
0.0,2.6215332088689505
5.278114659230517,5.63124830029657
0.0,2.6823543752011223
1.3862943611198906,2.8544429598359096
0.0,2.933911371567933
3.555348061489413,2.634454652350196
1.9459101490553128,2.7007402578889455
3.4657359027997265,3.856138561693629
1.3862943611198906,2.769371556202897
2.19722457733622,2.576517391994769
0.0,2.56190922290279
1.3862943611198906,2.632883256681739
3.218875824868201,4.039854035838742
2.19722457733622,3.2280317319118743
2.8903717578961645,3.332730570732977
0.0,2.6437721552386244
2.079441541679836,3.1055343847182946
4.7535901911063645,4.348337849485919
0.0,2.633082853245172
0.0,2.679858697709241
3.091042453358316,2.946223492597834
2.772588722239781,3.383828931084454
4.663439094112067,3.5790543780772466
0.0,2.757841858070924
3.871201010907891,3.254265964977003
4.962844630259907,5.235237785383445
1.791759469228055,2.7385670010814733
2.19722457733622,2.655923000523667
0.6931471805599453,2.6279044739671393
4.68213122712422,4.024150415845603
0.6931471805599453,2.6209949021148717
3.6635616461296463,3.201307012632042
2.079441541679836,2.935124346767436
0.0,2.6776939551984595
1.3862943611198906,2.6027512832187187
0.0,2.574630172462208
0.0,2.705891834713773
0.0,2.551214290435308
3.1354942159291497,4.9068073306734465
1.791759469228055,3.0234351445530927
2.079441541679836,2.4743347103001136
5.958424693029782,6.142919144098467
2.302585092994046,2.589401811918953
5.855071922202427,5.714002385553719
0.0,2.70812975278778
0.0,2.5852015932487578
0.0,2.658932786968688
2.772588722239781,2.9217111700661498
1.791759469228055,2.8512463318139716
0.0,2.506490719867706
0.0,2.7791354743426147
1.6094379124341005,3.0423233846680464
3.044522437723423,2.8944838075598764
0.0,2.6370265452652952
0.0,2.4812713979996737
3.970291913552122,3.4880219592942603
1.9459101490553128,2.934057124146017
1.791759469228055,2.507404809660721
0.0,2.7238320303480075
0.6931471805599453,3.131365566269552
2.9444389791664403,2.5942868425837173
0.0,2.7616279916510895
3.367295829986474,2.8409512338059515
1.3862943611198906,2.5610572723221825
5.739792912179234,6.485198392856248
4.248495242049359,4.227999351334855
1.6094379124341005,2.62861676834929
5.488937726156687,5.113753489646443
1.6094379124341005,2.5407946280704685
2.833213344056216,3.288206380728883
7.554334823725748,7.262609869757809
0.0,2.555528921858997
5.14166355650266,4.437375718291284
4.007333185232471,3.9060945097829287
1.9459101490553128,2.7317396890246566
0.0,2.709013488230766
1.3862943611198906,2.6830063055867868
7.269616749608169,6.950499087510683
1.791759469228055,2.5563471248435548
1.0986122886681098,2.581320261924771
0.6931471805599453,2.7501016577554833
1.0986122886681098,2.447300434306124
0.0,2.526612372335424
6.124683390894205,5.650372801561953
2.6390573296152584,3.0106696212281236
3.8501476017100575,4.313635394622443
7.422373700986824,7.339546319007662
4.912654885736052,6.635545760135027
4.7535901911063645,5.740040159439164
0.6931471805599453,2.531063438642708
0.0,2.609787085713876
2.5649493574615367,2.9480721611200957
0.0,2.607565501295413
1.3862943611198906,2.770799197316492
4.23410650459726,4.355950699769796
3.218875824868201,3.9687065321617285
1.3862943611198906,2.633602713231178
6.115892125483034,6.915755726794414
6.77078942390898,5.6762663069349415
1.791759469228055,3.059222409208377
2.3978952727983707,2.7675923774079623
0.0,2.6073062673409604
4.770684624465665,3.3839336573258008
0.0,2.625223479052952
2.70805020110221,2.8943875394699603
6.035481432524756,6.192342573532856
7.697121317282625,6.617184641303148
4.174387269895637,3.841693818427723
5.389071729816501,4.879844284911774
4.59511985013459,3.7620392519702373
9.169976605786628,7.8916078331847315
7.307872780763706,6.984569253944516
4.663439094112067,5.090226664810166
6.228511003591184,5.636397389511864
0.0,2.8361205732142127
0.0,2.5791102284361966
0.0,2.6810982477365117
1.0986122886681098,2.751970330194529
3.49650756146648,4.176694098686043
4.584967478670572,3.07525373577506
0.0,2.580173376080506
0.0,2.6189508856018437
2.5649493574615367,2.6844512392036615
1.3862943611198906,2.4298516973720807
0.6931471805599453,2.542960210761603
5.459585514144159,5.5922261692292965
0.0,2.5497792847961347
4.143134726391533,4.224701553390756
2.9444389791664403,2.932766324850529
3.9318256327243257,3.5060724914745545
0.0,2.5999297991935304
0.0,2.4728797967240483
1.0986122886681098,2.5659507861568156
3.9889840465642745,3.780856126761264
7.907651594711089,7.892695954513152
6.641182169740591,4.801904780672277
1.0986122886681098,2.5126440530907557
3.80666248977032,4.398173365840973
7.748028524432376,8.375915756424066
4.442651256490317,4.7948335361379995
2.4849066497880004,3.0245153013136634
0.6931471805599453,2.5961719969139168
0.0,2.8423931837726073
5.916202062607435,4.807275335125816
2.833213344056216,2.539395490769496
0.0,2.5117271904418157
2.19722457733622,2.7797019499138527
2.70805020110221,3.4175159247017493
0.0,2.7954091003761863
2.70805020110221,3.906366127916004
0.0,2.5495655603845906
4.356708826689592,4.895757414481016
3.9889840465642745,3.885564619610056
0.0,2.6026040940545223
1.0986122886681098,2.7850527590177814
4.709530201312334,4.2379191968782814
2.3978952727983707,2.6971020080985513
0.0,2.986553489973114
0.0,2.6385188671315416
0.6931471805599453,2.7792824654278787
0.0,2.597770541498289
6.171700597410915,5.890927079923824
5.53338948872752,5.187416509452047
4.812184355372417,3.570974009174388
0.0,3.3130093757519545
5.068904202220232,5.391371329713972
5.2832037287379885,4.516708839994581
4.110873864173311,3.2773306414549954
0.6931471805599453,3.5961606626981117
3.951243718581428,4.438638744150311
5.7745515455444085,5.757236774762728
1.0986122886681098,2.537207867391781
2.19722457733622,2.726215099771623
0.6931471805599453,3.030488561470328
4.02535169073515,4.2981326902744605
0.0,2.4750703178434645
1.6094379124341005,2.938832770940661
2.772588722239781,3.336375715248586
4.382026634673881,4.251359308886621
1.0986122886681098,2.8000305003466828
0.0,3.05065458777728
0.6931471805599453,2.5718204500322788
0.0,2.5923085854613492
6.20455776256869,4.654111728068173
0.0,5.425976978974957
0.6931471805599453,2.458426814269429
4.330733340286331,4.201118220055424
1.9459101490553128,3.3928211511687403
0.0,2.5914076804071584
2.5649493574615367,3.594613642024685
0.6931471805599453,2.6483771847571993
4.859812404361672,4.752696371219624
3.295836866004329,4.043129710799386
3.1354942159291497,2.9777851393060337
2.079441541679836,2.734194769224758
0.0,2.673500708392844
1.3862943611198906,2.4757364635997914
2.4849066497880004,2.868631845729099
3.6375861597263857,2.5251971820077683
0.6931471805599453,2.671311557424188
5.476463551931511,5.171281533744655
4.382026634673881,4.888977998212866
1.6094379124341005,2.5254420825978707
0.0,2.7196644646733388
2.4849066497880004,2.818808379129848
1.0986122886681098,2.7225029769120193
0.0,2.6955781134290357
2.19722457733622,2.9169497253111523
2.3978952727983707,3.1575870532822568
0.0,2.871317635651284
2.302585092994046,2.507853102956618
0.0,2.810119722346376
2.302585092994046,2.685564542248007
2.6390573296152584,2.7183682853547597
5.926926025970411,6.020776833782816
0.0,2.6303044675830134
2.5649493574615367,2.9124464761551883
0.6931471805599453,2.62997278870772
2.5649493574615367,2.9481934594617876
0.6931471805599453,2.5625660496583715
0.0,2.526571273598479
1.3862943611198906,2.760369134204663
2.3978952727983707,3.0284677413920735
7.781973234434385,6.824097961820534
1.3862943611198906,2.914298710571224
2.4849066497880004,2.7250425139548033
5.1647859739235145,4.73049741831995
5.272999558563747,4.924580716701525
1.791759469228055,2.5879294855300023
0.0,2.5726049207381663
2.772588722239781,3.818004795892284
1.791759469228055,3.7726596047849457
3.258096538021482,4.024790712200405
3.332204510175204,3.183864349171206
2.772588722239781,2.627412827067529
0.6931471805599453,2.5564269227068537
3.951243718581428,3.3662603302975214
1.0986122886681098,2.4242085134241846
3.295836866004329,3.281148518105233
3.6635616461296463,3.1950431233465655
0.0,3.2622449167684526
3.871201010907891,4.301980572872316
0.0,2.5728364563928388
0.0,2.731458841443605
0.6931471805599453,2.7638546069576333
0.0,2.7352754378775024
0.6931471805599453,2.7439513035819414
7.747596838692885,7.303558309901143
1.3862943611198906,2.540758448220813
1.9459101490553128,2.5467568381724623
0.0,2.6818180891217716
1.3862943611198906,2.4018225321613342
2.995732273553991,3.0755256508807864
3.044522437723423,3.2925964966829016
5.056245805348308,6.296658342267465
0.0,2.4844314830645913
5.513428746164983,5.447054460556239
1.3862943611198906,3.198643569083666
4.700480365792417,5.310214710512808
1.3862943611198906,2.614461949398228
0.0,2.596636146241452
1.791759469228055,2.9092787446593276
3.610917912644224,4.139759220894989
0.6931471805599453,2.5815430249130986
0.0,2.6249069261835576
2.302585092994046,2.9689466498435237
0.0,2.4780406978687393
4.262679877041316,4.9171529090260915
4.430816798843313,4.343915079617438
5.455321115357702,5.9964221255115335
2.70805020110221,3.373951394972232
0.6931471805599453,2.6438514891658107
0.0,2.6640193652632105
5.1647859739235145,5.236298054443312
0.0,2.805326741484802
0.0,2.6533237993492738
3.218875824868201,3.412910940277652
1.9459101490553128,2.6284358806008288
1.0986122886681098,2.516979307084035
2.4849066497880004,2.5814447952918576
5.613128106388071,5.962230738757311
0.0,2.7505699296786434
0.6931471805599453,2.6202923857089577
0.0,2.5467224744039028
0.0,2.521319211881607
0.0,2.666003390463196
0.0,2.598517754293274
3.091042453358316,2.8113001044941264
2.079441541679836,2.7856669048417992
0.0,2.5407153094883137
0.0,2.5670904972418986
3.737669618283368,3.221385505169585
0.0,2.545757937079059
4.672828834461906,3.7540462244925967
3.784189633918261,3.9318074195021
2.833213344056216,2.8381190369709834
1.9459101490553128,2.6522567748187287
0.0,2.552986122978516
4.007333185232471,3.8950675972332585
1.9459101490553128,2.5546145160026645
0.0,2.657795406896632
0.6931471805599453,2.4869779249229373
1.6094379124341005,2.6876639413461634
1.0986122886681098,2.815783327935088
0.0,2.711778789069705
0.6931471805599453,2.5421047847080303
2.19722457733622,2.8439853213539705
0.6931471805599453,2.972314992799493
2.3978952727983707,3.0027696705624036
5.0369526024136295,4.787410033061249
0.0,2.8701231177029065
0.0,2.6704822934936776
0.6931471805599453,2.8760116558856685
1.0986122886681098,2.5799996099498124
0.0,2.4861764912549202
2.302585092994046,2.849715507793867
2.772588722239781,2.905361564182859
2.5649493574615367,2.712831707427697
2.833213344056216,2.9128045685715156
2.4849066497880004,2.640600477920491
3.4339872044851463,3.299247609406935
3.58351893845611,3.6713142376201153
6.1092475827643655,6.687766203401743
5.66988092298052,5.9121348224676264
0.0,2.460738820544958
2.772588722239781,2.88671589324551
0.0,2.713510197191786
1.9459101490553128,3.1965757453467822
1.791759469228055,2.672464902610953
1.0986122886681098,2.538574688149163
0.0,2.5623204250603533
0.6931471805599453,2.8995797450481784
3.713572066704308,4.014333373833173
0.0,2.8191417880517124
8.439880088313567,8.351062293504414
3.8501476017100575,5.14192242793149
4.07753744390572,4.755027534582203
0.6931471805599453,2.6550796797779714
1.9459101490553128,2.8290932423924255
2.4849066497880004,2.5503567472135997
7.080867896690782,6.314288983185002
5.429345628954441,5.193096006624504
0.0,2.5632766064410117
0.0,2.6003770678203098
0.6931471805599453,2.6395843048390746
0.0,2.5915889501310847
0.0,3.0725241647964054
0.0,2.9128822251124826
6.084499413075172,5.804075152716817
0.6931471805599453,2.650597848800186
0.0,2.6360095521558633
2.4849066497880004,3.606568501277997
1.0986122886681098,3.2907752647877384
0.0,2.6875324395790274
2.70805020110221,3.458439248171721
0.0,2.674627864404647
7.606387389772652,7.390836532137503
1.791759469228055,2.729436848164369
0.0,2.7004289865353313
0.0,2.4720076016302674
3.8918202981106265,3.0178055093052403
3.6375861597263857,4.461995327596234
1.3862943611198906,2.8094201964807057
9.169976605786628,6.715909540457828
0.0,2.7358622259253713
0.0,2.5759635552595412
1.6094379124341005,2.682953649022157
4.663439094112067,5.16547069975903
1.6094379124341005,2.538242843673849
1.0986122886681098,2.767755145784059
2.772588722239781,3.4361359041963477
0.0,2.6214093148610647
6.077642243349034,6.378823232954318
6.635946555686647,5.952181228201956
0.6931471805599453,2.9500441202612104
2.302585092994046,2.715854172499128
9.169976605786628,7.054700877040456
4.04305126783455,3.6164532074062934
0.0,2.7019958386147724
3.713572066704308,2.9054393213040233
2.4849066497880004,2.771098135118618
2.19722457733622,2.794855697289533
2.3978952727983707,2.77386436872732
0.0,2.7192475017040496
0.6931471805599453,2.4904793530307883
2.19722457733622,2.482374676874816
5.123963979403259,4.412465976512902
2.772588722239781,3.104894583295127
0.0,2.647140223847266
0.0,2.771829830639321
0.0,2.6736141288023116
5.501258210544727,5.065849347377242
3.295836866004329,2.824504040999601
0.0,2.4738315754412534
0.0,3.097168128211354
0.0,2.705817326137268
0.0,2.6148273723732163
2.4849066497880004,2.4138158893264547
4.430816798843313,4.44871912917196
0.6931471805599453,2.7572699898949447
0.0,2.610113698143072
0.6931471805599453,2.5488608925472405
2.4849066497880004,4.159827708991794
2.8903717578961645,3.538440473538054
1.0986122886681098,2.7406665879533043
0.0,2.579277273963002
6.956545443151569,6.789966954870079
3.7612001156935615,5.3737297399166355
1.6094379124341005,2.7459880327501627
3.1354942159291497,3.308112680697724
6.461468176353717,5.314482419484031
4.23410650459726,4.203054616756893
4.882801922586371,4.5761918471090635
0.6931471805599453,2.6419809646631522
2.833213344056216,3.3275755512695016
0.0,2.7160900398415846
6.595780513961311,7.232611508943456
0.0,2.6239172666375654
4.174387269895637,3.9357753771765895
0.6931471805599453,2.595355229554722
2.19722457733622,2.9257885119010294
1.791759469228055,3.21215893187776
2.079441541679836,2.897011200406241
1.6094379124341005,2.8051697204109285
3.1354942159291497,2.577757525819499
0.6931471805599453,2.822002713652778
0.0,2.622486144045141
0.0,2.6995411233024735
0.0,2.5093611027673104
1.0986122886681098,2.9764762798940647
6.894670039433482,6.305417888366107
1.3862943611198906,2.652915381289039
2.8903717578961645,3.0034458305070277
0.0,2.5549965703834236
0.0,3.2722233343011116
5.961005339623274,4.007633623565205
5.7745515455444085,6.046779187375076
1.6094379124341005,2.442297005151965
4.248495242049359,3.1826367876345576
8.658692753689937,8.509144722803237
0.0,2.761814620179762
0.0,2.5152892449147224
1.6094379124341005,2.663333922427075
3.912023005428146,3.9829899582138046
0.0,2.5582927043732244
4.762173934797756,4.696015741428487
0.6931471805599453,2.664805381126874
0.0,2.572837424075676
0.0,2.6379167956889353
0.0,2.7898274118758595
5.680172609017068,5.346420944969739
1.0986122886681098,2.6368264960382866
0.6931471805599453,2.461487925968618
0.0,2.676251128936755
0.0,3.0594354093841605
4.02535169073515,3.7280254124651604
3.737669618283368,3.041949282595639
2.70805020110221,2.5956384044447924
0.6931471805599453,2.557530141552598
0.0,2.607814314437048
1.3862943611198906,2.7076990467034863
3.1780538303479458,3.64564115295231
3.4339872044851463,3.346504903246348
1.0986122886681098,2.8047166606614464
0.0,2.6487869714220174
0.0,2.5986607309348533
4.23410650459726,3.7968930747074388
0.0,2.9922936966761906
2.302585092994046,3.2751633629016497
0.6931471805599453,2.945311005684321
0.0,2.637323263956567
1.791759469228055,2.910332585407466
0.0,2.6359641651907526
0.0,2.6433168561844385
0.0,2.5194834038277336
3.8501476017100575,4.129338929968617
4.624972813284271,4.594082345776298
0.6931471805599453,3.1906377346793433
1.791759469228055,2.5952459522760227
3.332204510175204,3.4721213311952726
0.0,2.468761399583279
4.605170185988092,4.791457805038303
0.6931471805599453,2.7273864755529247
0.0,2.9034216004237905
0.0,2.9460436552932387
5.4510384535657,5.907465145391617
5.703782474656201,5.993947577183144
5.594711379601839,4.5898764609534055
0.6931471805599453,2.407271093279539
0.6931471805599453,2.5013285781648795
4.663439094112067,4.466226664885019
0.0,2.6144006413888072
0.0,2.9832451842665137
1.0986122886681098,2.5509740539649783
2.079441541679836,2.8522083221439885
2.6390573296152584,3.6252953885838357
1.0986122886681098,2.797116763475245
2.833213344056216,4.299743812826887
5.973809611869261,5.981513689334516
0.0,2.7111318579429717
0.6931471805599453,2.5612703717623955
0.6931471805599453,2.613072028523033
3.58351893845611,3.348118826858926
0.6931471805599453,2.522779818031121
4.174387269895637,4.163464583418773
3.367295829986474,3.145609677176467
6.729824070489475,5.155021036740797
0.0,2.550733344470883
0.6931471805599453,2.6500217391842695
4.3694478524670215,3.852891081389559
3.8501476017100575,3.821617547983305
1.6094379124341005,2.4671119140460145
0.0,2.614175158909442
2.9444389791664403,3.348144352850378
0.6931471805599453,2.5781375551898837
2.833213344056216,2.9420651347583875
4.204692619390966,4.348358149437512
7.431299675155903,6.913244323545994
0.6931471805599453,2.539955448030143
2.4849066497880004,2.479766314848258
7.167809184316444,4.2223937242664435
7.126087273299125,7.17482211229518
6.486160788944089,5.24129384537101
2.833213344056216,3.0354549509339863
0.0,2.6693223545129285
0.6931471805599453,2.7343677256842622
2.772588722239781,2.9236660142493536
3.8501476017100575,3.606149896968913
1.0986122886681098,2.478264066956201
0.6931471805599453,2.8357557841339642
0.0,2.6176022177876175
2.4849066497880004,3.783375574849407
0.0,2.7808244103516735
0.0,3.0462100535391277
6.413458957167357,5.262987412782107
2.5649493574615367,3.238198425306328
0.0,2.7586110612337444
0.0,2.482796281878684
5.7430031878094825,6.098263277016423
3.218875824868201,2.732014554751674
0.6931471805599453,2.483760538216676
3.1354942159291497,3.8065299955190253
0.6931471805599453,3.0903737057169876
1.3862943611198906,2.7850869986708764
0.0,2.616122049242151
1.9459101490553128,2.6158229315093617
0.0,2.5142134659455446
3.332204510175204,2.7250310338364647
1.0986122886681098,2.5129778975983714
7.089243155027514,6.64052729224681
1.0986122886681098,2.5882027157299707
3.912023005428146,4.69330762523043
1.3862943611198906,2.8107694987166223
1.0986122886681098,2.581320261924771
0.0,2.5417012424262038
3.6635616461296463,3.2217151633951517
4.127134385045092,4.719650652780481
3.49650756146648,3.15874005583406
2.3978952727983707,2.8040467230269583
8.442685139241176,8.07357260465321
2.6390573296152584,2.6622461843303267
0.0,2.6396253240201935
3.5263605246161616,3.449313420634116
0.6931471805599453,2.458996843451334
6.169610732491456,5.728763058751811
5.198497031265826,5.293755405851369
6.042632833682381,5.50576062315426
1.6094379124341005,2.743712429640555
1.791759469228055,2.644849305808902
0.0,2.4575091323406455
0.0,2.609811471895382
2.3978952727983707,2.977881278788877
3.970291913552122,4.289067857573629
4.543294782270004,4.2327772124106895
1.0986122886681098,2.6003164726222434
0.0,2.554566146849824
5.236441962829949,4.0717731304147895
3.8918202981106265,4.617232656939222
2.302585092994046,2.788562612227048
3.1780538303479458,3.614751245512989
4.406719247264253,3.0832982632957524
5.262690188904886,5.282178460059523
2.772588722239781,2.6689812955671246
0.6931471805599453,2.5406009999583556
0.0,2.500600904824313
6.765038976780541,7.058863502738927
2.70805020110221,2.6986642944649417
2.772588722239781,3.084453705807125
5.3230099791384085,4.925087121427428
0.0,2.51479890772198
1.3862943611198906,4.814802308286791
2.995732273553991,3.4030037127425428
0.0,2.7680227832772957
0.0,2.679356276373807
4.060443010546419,4.574081127834758
1.6094379124341005,2.4306212957288436
0.0,2.6675988349264794
1.0986122886681098,2.7977268540754667
0.0,2.6877355787640096
5.627621113690637,6.115118553143129
1.0986122886681098,2.5283672573843736
4.875197323201151,4.215430987973748
1.3862943611198906,2.674436609874849
0.0,2.5581265950652807
9.06577692078483,9.009752156162902
2.079441541679836,3.2177069744613176
0.0,2.63736380107326
3.912023005428146,3.7502915169446154
1.9459101490553128,2.6332639584867543
0.0,2.5924864516620394
3.4011973816621555,3.9916296612165705
6.536691597591305,6.124792142341284
0.0,2.575198442610932
5.3612921657094255,4.637712652874955
0.0,2.656606407201694
0.0,2.474621449048232
0.0,2.781139781936249
3.4011973816621555,2.547066242721017
0.0,2.7250507332242484
0.0,2.570392363906758
3.688879454113936,3.7549290971731355
0.0,2.447149232313987
5.062595033026967,4.422021098145471
1.3862943611198906,2.5237501561489357
0.6931471805599453,2.564611064732784
0.6931471805599453,2.65601790139075
2.70805020110221,3.6039536840839927
0.0,2.5601240374626877
5.117993812416755,5.3349509647777085
0.0,2.845851560714928
0.0,2.7364372321807706
7.711101251840158,7.531911408386825
0.0,2.744088247928226
7.130098510125578,7.3334417162213095
0.0,2.676482336234183
0.0,2.5566017571440676
0.0,2.997434901522793
3.49650756146648,4.084985971870916
0.6931471805599453,2.661391741230442
0.0,2.559372766682296
0.0,2.512006671447491
0.0,2.7463727326288767
2.19722457733622,2.8667247016883577
3.258096538021482,3.212662551353844
1.0986122886681098,2.4513637620752236
0.0,2.593537290131783
2.079441541679836,2.640725970720737
2.833213344056216,3.1250066068861733
0.0,2.8337191595908338
9.169976605786628,8.85219697017524
7.954723334497908,8.189464832558354
0.0,2.6376504138878434
0.6931471805599453,2.793371011158584
9.169976605786628,9.014696749712456
0.0,2.565228346143413
1.3862943611198906,2.695841988911879
4.219507705176107,4.7638241490916915
2.4849066497880004,2.766139246026076
2.8903717578961645,4.176312637215814
1.6094379124341005,3.038679568777895
2.079441541679836,2.46359623021024
2.8903717578961645,3.0130689921632032
2.5649493574615367,2.651179398972535
4.976733742420574,4.903322113209547
3.49650756146648,3.340912071577461
0.6931471805599453,2.7764463853108134
7.186901020411631,6.624731238607478
5.030437921392435,5.263188871099523
1.791759469228055,2.600005173768548
4.890349128221754,4.471684192497064
0.0,2.77269639102705
1.3862943611198906,2.6963593120877207
3.9889840465642745,4.130900220332283
0.0,2.553849244527013
7.43543801981455,7.251862747090207
1.3862943611198906,2.5990263352313607
1.6094379124341005,2.712113030787302
0.0,2.6323880665849817
0.0,2.451277396655348
0.0,2.6335629169594066
0.0,2.369089789528786
7.398174092970465,6.654249469139215
5.802118375377063,4.4640871172949215
8.866017398810255,8.629428715630649
5.613128106388071,3.417468155459908
0.0,2.5997918708630863
3.258096538021482,2.930022988207155
0.0,2.6474461957131634
2.995732273553991,3.3680489149410793
0.0,2.5562684932465993
2.5649493574615367,3.1245577813151404
2.4849066497880004,2.7142428589472765
0.0,2.6528661470870074
4.219507705176107,3.7844983174056286
4.0943445622221,4.200676409423343
3.332204510175204,2.895246813236051
0.6931471805599453,2.4655234686832177
2.079441541679836,2.4862166852890257
0.0,2.5715215382973495
3.367295829986474,3.4436822294311686
0.0,2.4379972619942087
0.0,2.5183328827495037
0.0,2.8324631647211556
1.0986122886681098,2.556553591801384
2.70805020110221,2.878172078009776
0.0,2.5765402480451916
1.0986122886681098,2.5480945970848907
1.791759469228055,3.624451419615984
7.519149957669823,6.737175277990325
2.772588722239781,3.0903881092984764
5.6937321388027,5.538713048571333
3.1354942159291497,2.8581911241011717
0.0,2.5948559081706564
0.0,2.9465655918861473
2.8903717578961645,3.170479674374412
1.6094379124341005,2.6259922784920455
9.0320506762956,8.36975258649512
0.0,2.6541147251765773
2.302585092994046,2.8343554285611834
2.302585092994046,2.667024945088447
4.997212273764115,4.843064043872397
1.791759469228055,2.6043292097997885
4.882801922586371,5.006690732897234
0.6931471805599453,2.3972655203726165
2.3978952727983707,2.8246036611208036
5.552959584921617,6.356343127257607
0.6931471805599453,2.6316324628253716
4.867534450455582,3.9741723322332843
1.6094379124341005,2.876433480561164
1.791759469228055,2.600016567921822
0.0,2.621906962197322
4.564348191467836,4.879511925211133
0.0,2.5735617244025564
2.079441541679836,3.0331766943598892
2.3978952727983707,3.031753388078123
2.3978952727983707,3.0294663066573673
0.0,2.6532476856351983
6.324358962381311,4.2896514218356705
0.0,2.4907683924071606
6.39024066706535,6.330429921681044
2.079441541679836,2.6574434956434803
0.0,2.70752850448072
0.0,2.5343643296153555
0.0,2.493189800061304
0.0,2.454827622766312
5.225746673713202,5.556917056029832
0.0,2.669796090186773
4.060443010546419,2.752741093234746
1.3862943611198906,2.654359900309077
0.0,2.546839369633511
4.442651256490317,4.940432400752482
0.0,2.6373793983722034
4.5217885770490405,4.901548915697492
2.6390573296152584,3.4843895047850735
6.194405391104672,6.264291519777279
0.0,2.5367852678738165
0.0,2.7668973140313384
0.0,2.622262674528069
3.4657359027997265,3.691708698731236
3.091042453358316,3.0380353947165846
0.0,2.735954221865772
1.3862943611198906,2.8700223378979857
5.981414211254481,5.791177213180392
0.0,2.5459913459947905
4.6443908991413725,4.11164559973321
0.0,2.5584522745362923
2.079441541679836,2.830656489489175
2.3978952727983707,2.52073316274739
0.0,2.5730649253689633
3.044522437723423,3.3511632480461384
0.0,2.6813466386129905
3.044522437723423,3.7875241558594177
2.302585092994046,2.886019134471564
1.791759469228055,2.9289249397085464
2.5649493574615367,2.9367109329787096
9.169976605786628,8.54986270591008
3.58351893845611,3.8153653837988535
1.3862943611198906,2.748423616626291
5.780743515792329,4.951923169852712
7.094234845924755,7.12920698644708
3.295836866004329,3.2873022284408435
0.0,2.5371083316543857
5.996452088619021,6.619414470153749
2.302585092994046,2.6886389565569773
4.418840607796598,4.258710081202085
4.543294782270004,4.056897206657896
7.05444965813294,5.706013798088624
0.0,2.621151114418691
0.0,2.6261542481657343
2.772588722239781,3.295885088398546
0.0,2.580264334576578
2.19722457733622,2.5880360376791054
2.5649493574615367,3.335594045497106
2.9444389791664403,3.4921640872604374
1.3862943611198906,2.452234078694653
3.555348061489413,4.514763362951703
2.9444389791664403,3.450496939480434
0.0,2.6125331635595272
0.6931471805599453,2.7430069874714857
1.791759469228055,2.6176988206180782
3.1354942159291497,3.6528779019528357
0.0,2.535871593925972
3.784189633918261,3.1230943668706126
0.0,2.655359163278879
0.0,2.615192517706781
0.6931471805599453,2.307798918158331
2.079441541679836,2.6487646652165946
1.6094379124341005,2.5545739773388925
1.3862943611198906,2.6439197581883613
3.332204510175204,3.327330018727537
3.044522437723423,3.4312092126804314
2.4849066497880004,3.2498769147540796
4.143134726391533,3.893917487152333
1.791759469228055,2.70970758554753
2.833213344056216,2.8612309412399237
0.6931471805599453,2.636264192632407
2.079441541679836,2.8728438423045017
0.0,2.543222730719599
4.158883083359672,3.8373103671948576
0.0,2.4904500092572897
2.079441541679836,2.475118957001264
0.0,2.7226819002255733
1.3862943611198906,2.6904792564190005
0.0,2.747410955058056
0.0,2.496320612082748
1.6094379124341005,2.4944494714992715
3.8918202981106265,3.5843647715022295
0.0,3.4442888409894534
1.0986122886681098,2.7259777919158905
3.8501476017100575,3.0660990943399935
2.302585092994046,3.0109778194971826
1.3862943611198906,3.237440857672295
4.07753744390572,4.407734757700645
0.6931471805599453,2.567865765927798
0.0,2.4632674816583435
0.6931471805599453,2.4463332728728173
0.6931471805599453,2.701859746292682
0.0,2.6793392200954003
0.0,2.529777649740115
1.3862943611198906,2.8172533157668664
2.079441541679836,2.587300537459574
5.123963979403259,5.918571323294629
1.6094379124341005,2.8325031854525142
0.0,2.721680696146474
0.0,2.8662312902820557
1.0986122886681098,2.601384323909965
4.934473933130692,4.509455089727032
0.6931471805599453,2.6506346581526383
1.3862943611198906,2.981715372120866
2.9444389791664403,2.8045981100266695
1.3862943611198906,2.5960956650757416
0.0,2.6993295687914185
2.9444389791664403,2.912712915331237
0.6931471805599453,2.8735274786609932
2.5649493574615367,2.9291242032013027
5.638354669333745,5.980438341134166
1.0986122886681098,2.5216424910118693
0.0,2.706059151286209
3.6635616461296463,3.7989564743640387
2.8903717578961645,2.6375856975486265
0.6931471805599453,2.535135902811513
1.6094379124341005,2.5991878690273853
3.80666248977032,3.367951380639391
5.225746673713202,5.389869326955746
0.6931471805599453,2.7489255435695337
3.258096538021482,3.187700070185456
0.0,2.552840633213425
0.0,2.542365761081024
1.6094379124341005,2.7542717108186587
7.938802248154481,7.030128551065373
0.6931471805599453,2.8884043297964808
5.214935757608986,4.757782993786391
0.0,2.6581280382276553
0.0,2.558243857056499
0.6931471805599453,2.5183328827495037
2.4849066497880004,2.623176290716495
2.3978952727983707,2.8120146998017024
2.70805020110221,2.723323758406348
6.180016653652572,5.762640442453979
1.0986122886681098,2.9650505559432907
0.0,2.7875889737092967
0.0,2.590242609217453
0.0,2.630852010811833
0.6931471805599453,2.5391119388242234
0.6931471805599453,2.831625027734118
1.6094379124341005,2.9120940392506185
0.0,2.5535072281020033
1.3862943611198906,2.78890090075671
0.0,2.5704373443149247
6.385194398997726,6.558957967961448
0.0,2.693265350923448
0.6931471805599453,2.6568000632043076
1.0986122886681098,2.5937759566145666
1.6094379124341005,2.4969299625094026
5.3981627015177525,5.399608054079953
3.9318256327243257,3.5211339816144225
4.983606621708336,5.2381211400386025
0.0,2.4708671821735537
3.218875824868201,2.802498570598982
0.0,2.9625601182235317
0.0,2.5664270350469964
5.075173815233827,5.030645817255591
6.028278520230698,5.329451704749809
3.610917912644224,3.4620653468777802
0.0,2.8556231091321096
9.060447282401563,8.653082383332373
1.3862943611198906,2.5104884470987376
1.6094379124341005,2.7155948066522164
3.044522437723423,3.318055403170349
3.688879454113936,3.431927214842567
0.0,2.929527734472048
4.653960350157523,4.37441576119086
6.584791392385716,6.068480799587037
0.0,2.6063273882410685
1.6094379124341005,2.6978105768429894
1.0986122886681098,2.62001095343121
6.274762021241939,6.278903969087463
0.0,2.757841858070924
3.091042453358316,3.446912364673611
5.365976015021851,4.469193644555659
2.3978952727983707,2.854036442269053
2.079441541679836,2.55487416838068
3.8918202981106265,3.8999245133166562
1.6094379124341005,2.5498811144098075
0.0,2.671889219139896
2.70805020110221,2.823920750848825
4.584967478670572,4.310777414238225
6.508769136971682,6.501107647305003
0.0,2.4937648695835377
0.6931471805599453,2.989295289680324
2.4849066497880004,2.9261553022467943
1.0986122886681098,2.434404318772486
5.303304908059076,5.686902018651965
0.0,2.6539543691850636
5.241747015059643,3.946026609667604
2.19722457733622,2.7709158673875063
6.030685260261263,5.580654281452244
1.791759469228055,3.335013740306197
4.663439094112067,3.1103165693631833
1.791759469228055,3.138169634105186
4.543294782270004,4.2555841446834775
0.0,2.5223267764506656
0.6931471805599453,2.6188405429086927
0.6931471805599453,2.583753166444087
0.6931471805599453,2.7209737832191805
3.044522437723423,2.823706288577357
5.0369526024136295,4.1071425864102995
0.6931471805599453,2.871123400529209
4.454347296253507,4.616520304469846
1.6094379124341005,3.323930963107368
1.6094379124341005,3.2840364934071142
1.3862943611198906,2.61162579272136
4.74493212836325,4.649756189067641
4.276666119016055,3.909788983756792
3.332204510175204,3.3013579019156305
4.584967478670572,4.178323159120375
1.0986122886681098,2.632162643396329
0.0,2.610243461536273
0.0,2.5338324959329634
3.044522437723423,2.7329021280999566
2.079441541679836,2.729972362593257
4.890349128221754,5.1291513049050295
2.079441541679836,2.7446703521801212
8.289539484624141,8.456716296656168
0.6931471805599453,2.560958152623335
0.0,2.641902890407472
0.6931471805599453,2.6785674984407026
0.0,2.5893384308321905
0.0,4.002788564703028
0.0,2.6588790160272864
0.0,2.618318440769469
0.6931471805599453,2.5495179399863406
0.6931471805599453,2.8284630812550926
0.0,2.60655479686989
0.6931471805599453,2.723274366516745
5.58724865840025,4.826743989478463
3.610917912644224,3.562988365908401
3.828641396489095,4.399093856696277
2.4849066497880004,2.998148349477517
6.184148890937483,5.394475183357151
6.519147287940395,5.927208622232244
6.0112671744041615,5.266722684514253
1.3862943611198906,2.495091796003006
4.532599493153256,5.449026586103623
3.9889840465642745,3.456270729498157
1.3862943611198906,2.6927212084063457
1.791759469228055,2.6655441027652946
1.9459101490553128,2.7946449694734277
0.6931471805599453,2.6116454286726123
2.4849066497880004,3.501517138577767
2.19722457733622,2.816296640621723
0.0,2.600661501517717
4.867534450455582,4.389510155458823
0.6931471805599453,2.6616123435827532
0.0,2.7446076442937306
0.0,2.8370852215320617
0.0,2.6284516546519616
0.0,2.6659942989557877
2.8903717578961645,3.364585945334184
7.301822342137932,7.530612667910883
1.0986122886681098,2.41749992015929
0.0,2.547586936979844
0.0,2.3268409505832266
1.9459101490553128,3.0204016369348383
5.2832037287379885,5.548409918674106
0.0,2.637691383741751
0.0,2.5275014692905486
0.0,2.765465848465191
4.584967478670572,3.8718288198342665
2.4849066497880004,3.216648081098563
0.0,2.923825440557724
0.0,2.52629694466808
2.8903717578961645,3.202706165072958
3.8501476017100575,4.133485731463154
0.0,2.556943469856371
3.9318256327243257,2.7515251807863197
0.6931471805599453,2.6847570941729417
1.791759469228055,2.6806390849700357
0.6931471805599453,2.5346821475894736
7.10085190894405,6.494132789164187
0.6931471805599453,2.7376747235896843
0.0,2.4836960234386605
7.553810852008231,7.339159479522313
0.0,2.561476213612366
2.19722457733622,2.6586687143317076
1.6094379124341005,2.6311663618891017
4.997212273764115,4.6256257975088175
0.6931471805599453,2.7818659708289437
5.552959584921617,4.14669293629147
1.6094379124341005,2.499616068087427
4.836281906951478,3.9162876694936797
2.5649493574615367,2.8489932552528656
2.70805020110221,2.863388166563923
4.343805421853684,4.4645189384947495
1.791759469228055,2.7863448448698396
0.0,2.8694190929231858
3.367295829986474,2.786218722849723
1.791759469228055,2.755700689531614
9.169976605786628,8.828549156151237
1.791759469228055,2.5237107717543528
7.525639975041535,8.421261808247724
8.043984431221553,6.832238264014428
1.3862943611198906,2.5504185432579343
1.0986122886681098,2.60377678254405
0.0,2.8518881362334905
3.737669618283368,3.41593775881628
2.3978952727983707,2.63069267556417
3.8918202981106265,4.932521355966541
5.513428746164983,3.165755613192269
0.0,2.64715388295576
1.3862943611198906,2.4821571783125473
5.976350909297934,5.463317892851342
4.465908118654584,3.7944781043754605
3.367295829986474,4.592591275779366
1.9459101490553128,3.355618492119427
2.079441541679836,2.5782923540984393
3.7612001156935615,5.435838285650815
0.0,2.487854177185854
2.079441541679836,2.508354284441858
1.6094379124341005,2.749474644897623
4.356708826689592,3.1604581471841806
1.6094379124341005,2.8375074544221284
0.0,2.6826506709226865
4.356708826689592,3.510217516342695
0.0,2.4208036754561912
8.173575486634153,5.690166243576127
0.6931471805599453,2.5565156884405345
1.6094379124341005,2.6372318488731405
3.295836866004329,3.2055487730283208
1.0986122886681098,2.852802339291654
2.995732273553991,3.084754424284607
3.044522437723423,2.8383935150478123
1.3862943611198906,2.5296281722654603
0.6931471805599453,2.6405586466612445
0.6931471805599453,2.8599713114227057
0.0,2.712350998900151
5.030437921392435,3.628878890577193
4.204692619390966,4.902384060704582
0.0,2.672855840050973
0.0,2.6047568212830594
0.0,2.5608729395479486
3.1354942159291497,4.008620919855562
3.218875824868201,3.181673149508166
2.3978952727983707,3.417987664353699
1.6094379124341005,2.519274461123308
0.6931471805599453,2.6767767909335674
0.0,2.732618462052422
1.3862943611198906,2.5357641472323937
0.0,2.4989676582721128
2.995732273553991,3.702773049854663
0.6931471805599453,2.552178744909004
0.0,2.691872950140861
1.3862943611198906,2.6575401132089316
0.0,3.2157007569549063
1.0986122886681098,2.793243723977556
0.0,3.065783578968842
0.6931471805599453,2.496362358698416
2.6390573296152584,3.1350635526160495
0.0,2.5017814778767686
1.6094379124341005,2.5069122961560892
5.303304908059076,5.118709163676888
3.1780538303479458,3.8527418525046295
4.143134726391533,4.63000516804551
3.4657359027997265,3.456053666500872
0.0,2.58270640783597
2.079441541679836,2.7689396522424534
4.990432586778736,4.049318478179024
0.0,2.7703105951596054
0.0,2.5711007791199676
0.0,2.7586792477887814
1.3862943611198906,2.6268474250706886
2.079441541679836,2.4664647356819853
2.302585092994046,2.953621778672905
0.0,2.392604565248002
1.6094379124341005,2.4202313056557205
0.0,2.4567159192907906
6.902742737158593,5.739268516279573
4.691347882229144,3.951919200977676
2.70805020110221,5.263592606790264
4.248495242049359,5.061657908679604
1.3862943611198906,2.5283521340812074
5.786897381366708,5.88382219679128
0.0,2.6727837500030205
0.0,2.5621425913160407
3.828641396489095,3.9187870784592524
4.852030263919617,5.180230432644674
1.3862943611198906,2.8454621118057286
1.791759469228055,2.708490850512406
2.3978952727983707,2.74294256661692
8.15162164696975,7.882046359025946
0.6931471805599453,2.7314738669970575
1.3862943611198906,2.6071841897586947
1.3862943611198906,2.4979813149501133
2.772588722239781,3.2728752662357743
0.0,2.821781037497615
2.19722457733622,2.846759411159678
9.169976605786628,8.438027826957143
8.458716261657262,5.222712232401839
1.3862943611198906,3.1126632524512514
0.0,2.6127123367066796
3.80666248977032,3.0992548213769275
5.961005339623274,5.603544216857489
0.0,2.5496886018592586
4.8283137373023015,5.504308152810223
2.833213344056216,2.9698284204328957
2.8903717578961645,2.9042235637511022
6.877296071497429,6.835375886714155
0.0,2.5333321904194177
0.6931471805599453,2.7895666071613867
0.6931471805599453,2.412799326446234
0.0,2.620048285724518
7.886832998955056,8.047451622123717
0.0,2.5503901417312913
3.218875824868201,3.4347688778380134
5.049856007249537,4.934549904106439
1.3862943611198906,2.851360450182969
5.3981627015177525,5.821485923631643
4.07753744390572,4.635522368846759
2.5649493574615367,2.8866785515414013
0.0,2.6975323984973465
4.248495242049359,4.434583394770592
3.295836866004329,3.918297830497864
0.6931471805599453,2.5047251050563726
0.0,2.467408309911167
5.384495062789089,5.788997668607409
6.961296045910167,6.597343434281589
2.5649493574615367,2.675224709356848
2.995732273553991,3.0939651396684598
1.791759469228055,2.7073660133260633
0.0,2.568492398356814
0.0,2.9105763395848427
9.09952053687094,6.884397703426951
4.912654885736052,4.486229437343408
0.0,3.080360138348037
0.0,2.521446652727247
0.0,2.653226962269043
1.6094379124341005,2.6642466641840667
6.115892125483034,6.239933628111786
3.367295829986474,4.157982241699084
2.302585092994046,2.689541737739736
2.772588722239781,3.0384563150401944
4.204692619390966,4.456114001442849
4.248495242049359,3.746014622644238
2.6390573296152584,2.8756279648737344
2.70805020110221,2.778758900388556
1.9459101490553128,2.5701350705052843
1.0986122886681098,2.6175868383635
1.3862943611198906,2.6584087067870876
3.367295829986474,3.672924907576672
0.0,2.5335487470496227
0.6931471805599453,2.7298557631083145
1.791759469228055,3.109307843688317
0.0,2.6549888190852053
0.0,2.41765946857029
2.302585092994046,2.9963139119299442
4.532599493153256,3.8728055655604727
3.091042453358316,2.676246849659885
6.159095388491933,5.501483939008216
2.079441541679836,2.681251855406833
3.80666248977032,3.54773776176479
1.791759469228055,2.4541916253888236
4.5217885770490405,3.277048422002012
6.907755278982137,6.993322140640271
0.0,2.806055216052887
2.5649493574615367,3.5188499096130257
0.0,2.6145368417399717
2.5649493574615367,2.8937898289808155
2.8903717578961645,2.782012984309509
0.6931471805599453,2.5800354105172425
1.0986122886681098,2.6067390399646246
1.0986122886681098,2.6192255109614817
1.0986122886681098,2.482475244701756
1.0986122886681098,2.577705413706196
2.079441541679836,2.5096398998732075
0.0,2.745502592260161
0.0,2.8877212031300044
4.68213122712422,5.158445004717957
0.0,2.6814944372922738
4.934473933130692,5.175471381843905
0.0,2.519610884781487
2.4849066497880004,2.525665472134709
3.4011973816621555,3.2280398675024724
0.0,2.559162286209347
1.9459101490553128,2.677761417665081
2.6390573296152584,3.134662131787782
2.5649493574615367,2.599133182603397
1.0986122886681098,2.8079289591915466
0.0,2.812561320608725
0.6931471805599453,2.566053249719959
2.4849066497880004,2.8719942766652378
0.0,2.5880907913251274
3.912023005428146,4.650764665590517
0.0,3.2204638164353088
0.0,2.534492804497079
0.6931471805599453,2.474702166126662
2.3978952727983707,2.697197408389781
4.110873864173311,3.2231877160135314
3.044522437723423,3.2422079964720396
2.772588722239781,3.054624107002301
0.0,2.613648731958429
0.0,2.450101313568945
1.791759469228055,3.0995922433114056
0.0,2.703232498226894
7.113956109566034,6.833711189079179
0.6931471805599453,2.572216197616798
0.6931471805599453,2.8689194218962295
0.0,2.6922981331997433
1.3862943611198906,2.48512545025212
7.537430036586509,7.894894558015653
1.0986122886681098,2.698883569877504
0.6931471805599453,2.630564534840981
5.075173815233827,4.73492843260394
1.0986122886681098,2.900220930962893
3.4011973816621555,3.277063043084005
2.8903717578961645,2.616458944535436
1.791759469228055,2.468448808547719
0.6931471805599453,2.642744396968318
0.0,3.0795563665119263
5.968707559985366,5.587762218081408
0.0,2.7458673666916513
5.056245805348308,5.035577438036104
0.6931471805599453,2.614552511193338
2.079441541679836,2.801356467474651
3.1780538303479458,3.882019647459306
4.04305126783455,4.607708394701886
0.6931471805599453,2.466667628616066
2.19722457733622,3.8376933618325357
1.6094379124341005,2.3976690437178565
0.0,2.5422529779499823
2.079441541679836,2.7425299086320423
1.791759469228055,3.005228012712437
2.3978952727983707,2.5762525225310076
4.59511985013459,4.937511628254258
0.0,2.5474441598101527
5.752572638825633,4.9205003878329965
5.541263545158426,5.509600215804526
5.407171771460119,5.107092771545358
0.0,2.467257574730464
2.079441541679836,2.625787456635264
5.768320995793772,6.294568909417823
1.0986122886681098,2.6570993632293414
0.0,2.695340983862539
1.791759469228055,2.582148594732044
6.684611727667927,6.438010302298333
8.57828829077605,8.10062899020903
0.0,2.5494544272476407
0.0,2.6715109444746217
0.6931471805599453,2.7036501568682314
3.1780538303479458,3.7837119096498166
5.19295685089021,4.936548613725664
0.0,2.525480931227886
6.192362489474872,6.573109951200859
0.6931471805599453,2.5982334149723454
4.59511985013459,4.611909707458509
3.9318256327243257,3.992216954787533
2.6390573296152584,3.3192806890866127
5.14166355650266,5.716189197685302
6.928537818164665,6.03253343119138
6.198478716492308,4.858143142352005
4.30406509320417,4.909061039929591
0.0,2.458722765736024
2.302585092994046,2.4721891511778042
4.394449154672439,3.5875112210038362
3.6375861597263857,3.3682311081759155
0.6931471805599453,5.00488155547318
0.0,2.4850637706528502
2.70805020110221,3.110451621082129
4.343805421853684,4.660146898457661
3.1354942159291497,3.33725755642606
0.0,2.6331332130266305
1.0986122886681098,2.5217109721635933
1.3862943611198906,2.971350948523762
1.0986122886681098,2.500406275057776
4.700480365792417,5.1306924142703965
1.0986122886681098,2.524048463299635
0.0,3.1588766181443475
4.624972813284271,4.799076859111871
2.4849066497880004,2.953357331988131
1.3862943611198906,2.548351643465083
3.367295829986474,3.032885572019876
1.791759469228055,2.694539489518282
0.6931471805599453,2.5920374070947285
2.079441541679836,2.924528256746348
4.605170185988092,3.207315323650268
0.6931471805599453,2.6689048198343577
1.6094379124341005,2.5988213607934414
0.0,2.570340832309465
0.0,2.5956479643171164
6.883462586413092,8.222056480926302
2.5649493574615367,2.5275160462102018
0.0,2.6561777437087515
1.0986122886681098,2.8162100702521866
1.0986122886681098,2.4698247709606704
4.564348191467836,5.56631508978485
6.455198563340122,6.785817681027911
8.061486866871327,6.61366692132488
0.0,2.673857788534312
0.0,2.621732645848137
1.0986122886681098,2.6118803322632616
5.087596335232384,3.8866207975651936
0.0,2.6763869107742733
0.6931471805599453,2.420755808501779
3.9889840465642745,4.209065266857625
1.0986122886681098,2.5854577565601935
0.0,2.7810937694394737
6.9865664594064265,7.378957491594316
4.290459441148391,5.590071316243138
4.23410650459726,3.6435157325000906
0.0,2.515463185981031
3.4011973816621555,2.8183556524037794
4.07753744390572,4.156636767773583
3.091042453358316,3.464659178417265
2.70805020110221,3.04124449325374
0.0,2.7247374596333276
6.699500340161678,6.861022556430624
1.791759469228055,2.789641081755965
2.302585092994046,2.7393704311402454
5.82600010738045,6.4193288801591635
1.3862943611198906,2.771721015829015
1.9459101490553128,2.970420572390753
3.80666248977032,3.82202289389086
4.543294782270004,4.806384970117825
6.56244409369372,6.45673519916813
9.169976605786628,5.3634704807834455
2.302585092994046,2.986356367598415
1.6094379124341005,2.4889898857305046
6.736966958001855,6.238768906793432
0.0,2.596403746158844
6.9865664594064265,7.306016292254611
2.8903717578961645,3.248893997166909
2.6390573296152584,3.4916042966376275
1.0986122886681098,2.469488520670275
2.079441541679836,2.673828599162524
4.174387269895637,6.191460864896599
3.871201010907891,3.69929723892352
2.4849066497880004,2.5418081295357062
0.0,2.493812218830198
0.0,2.5318695232132225
3.871201010907891,3.424179248509392
2.70805020110221,2.8157228349710555
0.0,2.623089761431753
0.0,2.697856171473852
0.0,2.5117209236260334
0.0,2.5515772228192595
2.079441541679836,2.9903370666663163
0.0,2.484316683002017
0.6931471805599453,2.517054319019543
0.0,3.3574026481719974
0.0,2.4677724207059963
0.0,2.447114449657324
1.0986122886681098,3.1147127436984916
0.0,2.507820505996116
0.0,2.6089872725845007
4.02535169073515,3.822870133253295
1.3862943611198906,2.802566833708926
0.0,2.8576482640441867
1.3862943611198906,2.830839564813921
3.58351893845611,2.9275766719323513
0.0,2.674547186113636
0.6931471805599453,2.660387941459837
2.19722457733622,2.4735568782377997
0.6931471805599453,2.709031354954945
2.4849066497880004,2.721867156163508
2.302585092994046,2.6546420567931674
5.075173815233827,4.443726332267401
2.3978952727983707,2.5128756008399127
0.0,2.5948040363587612
4.882801922586371,5.126714830648205
0.0,2.5036288472013144
4.795790545596741,3.7303037855359116
5.993961427306569,5.770881398182791
5.308267697401205,4.246805378463503
2.5649493574615367,3.2747306070800253
4.6443908991413725,4.5356134431555395
4.356708826689592,4.402785090188465
0.6931471805599453,2.8917175412517904
0.0,2.584256003288342
1.6094379124341005,2.662004025648813
7.167809184316444,7.520910082661863
0.0,2.8655902052883566
2.833213344056216,3.6650790520863965
4.955827057601261,4.3370168989242845
0.0,2.726234782535141
0.0,2.59091835201219
0.6931471805599453,2.6667354388207225
2.079441541679836,2.8801554904621156
4.02535169073515,3.62378981633502
1.6094379124341005,2.771718363081749
0.0,2.6889159390251804
3.258096538021482,3.6259500335624475
0.0,4.837104099295061
5.755742213586912,4.6951764792284845
3.332204510175204,2.67842432338085
0.6931471805599453,2.98985920101355
2.4849066497880004,2.7298000826763187
3.688879454113936,3.1163029987303763
1.6094379124341005,2.5119846569353528
1.9459101490553128,3.0139240643079344
1.3862943611198906,2.6177416804200853
1.791759469228055,2.5699857538954807
9.169976605786628,8.558999865931401
2.3978952727983707,2.6903410228734566
1.0986122886681098,4.442227708813771
2.772588722239781,2.932376012610227
4.219507705176107,4.100708074267324
0.0,2.6644828956174287
1.3862943611198906,3.0467955284045325
0.6931471805599453,2.637301945784605
0.0,2.5948738771242117
1.0986122886681098,2.5358297734863524
2.302585092994046,2.7429764000667083
1.791759469228055,2.7022516528588643
1.0986122886681098,2.910090558037777
1.0986122886681098,2.859134374669763
6.077642243349034,5.757387171298521
2.3978952727983707,2.702781344304307
0.0,2.9248881200114734
0.6931471805599453,2.625363201034689
0.6931471805599453,3.1717284944907105
4.060443010546419,3.967733393411909
4.543294782270004,4.521013090813038
1.3862943611198906,2.540393571820878
8.68406264365127,8.521672448225337
1.0986122886681098,2.446594051457739
0.0,2.9053838753509913
0.6931471805599453,2.569087982910168
1.0986122886681098,2.520153077387895
7.975908360165538,8.001898378723924
0.0,2.8889167923944594
4.691347882229144,4.783230305272363
9.169976605786628,8.834708303809073
5.855071922202427,6.049701236095101
2.079441541679836,3.2453486648568957
6.98933526597456,6.618125687719287
0.6931471805599453,2.8983710685487223
2.19722457733622,2.406662604567538
2.772588722239781,2.8851267044130227
1.0986122886681098,2.6574851512747104
2.6390573296152584,3.98026093353144
5.117993812416755,5.325755920268637
1.0986122886681098,2.5524644880150653
4.174387269895637,4.919177006668975
5.062595033026967,4.645266015062881
4.356708826689592,3.95524098342139
0.0,2.4970139803723788
0.0,2.5525768322011757
0.0,2.71035598013566
0.0,2.7537804846590896
3.218875824868201,2.5874432691441513
0.0,2.541779818355166
2.9444389791664403,5.47672385369519
0.6931471805599453,2.5767043624700166
0.0,2.574526884146209
0.0,2.595975112346028
1.3862943611198906,2.56129934528312
0.0,2.5911865595596577
0.0,2.3995398192438664
0.0,2.6299405416308326
6.495265555937008,7.061281128232928
1.3862943611198906,2.6004898623185633
0.0,2.546398927666215
0.6931471805599453,2.7215911418179797
3.610917912644224,2.7813544491631745
0.0,2.717155951182102
6.699500340161678,6.16553695670742
0.0,2.58712412453554
6.511745329644728,7.027682120832341
3.49650756146648,3.5610216209597185
5.351858133476067,4.365382359468182
0.0,2.7636971605175766
1.791759469228055,2.5655486647146284
1.3862943611198906,3.0489852133108704
2.079441541679836,4.024927715393457
1.6094379124341005,2.594490567625862
6.907755278982137,6.688993209013695
0.0,2.677243405366117
2.3978952727983707,2.9781255416594297
0.6931471805599453,2.784018844741645
3.8918202981106265,3.9971614397231745
3.1354942159291497,4.423070638066806
0.0,2.7446660609777895
1.6094379124341005,2.729842897652515
3.091042453358316,3.116146884934757
2.19722457733622,4.39266267695031
1.0986122886681098,3.1042916751995056
0.0,2.592257113814956
0.6931471805599453,2.6278028554381723
6.22455842927536,6.641118996707779
4.454347296253507,4.431050354086076
2.6390573296152584,2.921462975355414
0.0,2.5667732386155233
0.0,2.7757417838714122
1.3862943611198906,2.596473018988256
0.0,2.7658454153344354
0.0,2.672576567167788
1.0986122886681098,2.5651265136096755
6.269096283706261,6.277394321948341
5.3706380281276624,5.37020740558052
2.19722457733622,2.647943458694589
1.791759469228055,2.6670080351992316
3.912023005428146,3.4747683920793793
3.4657359027997265,3.6852446567670887
8.231642179973411,7.819497454857268
0.0,2.602132068017261
0.6931471805599453,2.619404658719058
1.3862943611198906,2.6424863506212373
2.19722457733622,2.6119668239453704
2.4849066497880004,2.722707738011676
6.795705775173514,5.903168854662981
0.0,2.6634543217955637
0.6931471805599453,2.575242612462685
5.942799375126701,5.783012658677019
0.0,2.573918222347499
3.871201010907891,4.915333073727261
4.23410650459726,3.355602253908007
0.6931471805599453,2.6510818695391136
2.3978952727983707,2.4657748767661416
1.0986122886681098,2.5878431333113694
2.302585092994046,3.4180503867263665
0.0,2.833343123128084
4.219507705176107,3.5500669289325035
1.6094379124341005,2.5142769905134217
0.0,2.594138914360454
1.0986122886681098,2.5814283574276837
2.772588722239781,3.093033629470279
9.169976605786628,8.836774606090652
4.382026634673881,4.5589008987006565
3.044522437723423,3.847200658575735
0.0,2.5063238084124673
2.302585092994046,2.7148842585709057
6.55250788703459,6.7735231546906585
0.0,2.661303156523056
4.653960350157523,3.37193913299192
2.70805020110221,2.7443851364036034
0.6931471805599453,2.437438490488611
3.58351893845611,3.007586135802723
1.0986122886681098,2.5219896525735757
0.0,2.837280334096368
5.556828061699537,6.00821976746362
0.0,2.799858323722783
0.0,2.8095001899050005
2.3978952727983707,2.986280737355964
8.128290171607052,8.032017358201347
3.332204510175204,3.007024693296912
0.0,2.853174411962307
2.079441541679836,3.376979077885181
3.5263605246161616,3.1202757201863247
3.912023005428146,3.3170951309290326
2.4849066497880004,3.3531913301850347
4.875197323201151,4.875281941886151
1.9459101490553128,2.968272756234016
2.302585092994046,4.574615319327766
0.6931471805599453,2.718738304589103
1.6094379124341005,2.8323233464678244
0.0,2.550333296311608
0.6931471805599453,2.5198245510006974
0.6931471805599453,2.566181296005794
3.58351893845611,3.1862642257150813
4.574710978503383,4.736592611678578
3.6375861597263857,4.074758515824835
4.672828834461906,3.823608981472189
3.6375861597263857,6.2613503884741935
7.231287004327616,7.1173431473040605
0.0,2.659059462491469
0.6931471805599453,2.627778821347965
0.6931471805599453,2.620630627598292
0.0,2.8473634139515194
0.0,2.6818393491796684
5.971261839790462,6.058453138579032
0.0,2.7985375644948425
4.204692619390966,4.847563853874616
3.044522437723423,2.995507098282314
0.6931471805599453,2.609988898338318
0.0,2.7431454270412097
8.018954683155718,8.313444485390105
0.0,2.9353924595800844
4.110873864173311,4.278006443819487
1.791759469228055,2.9003876918059324
4.060443010546419,4.491279321620315
3.9318256327243257,4.116852487100352
0.0,2.715440403383878
0.0,2.597591432987321
0.6931471805599453,2.541064558842168
0.0,2.696390131259126
1.6094379124341005,2.6376725472793625
2.302585092994046,3.0887557810746253
0.0,2.706028419923126
4.969813299576001,5.093849697227418
3.367295829986474,3.4214449143712273
0.0,3.026692530023473
4.276666119016055,4.895386772738486
7.066466970136958,7.140398345143215
0.0,2.671729180715844
3.9889840465642745,3.95246350511306
4.07753744390572,6.255294751193176
4.51085950651685,4.152214841015839
1.0986122886681098,2.464449558715011
7.247080584585756,7.082702000284169
6.467698726104354,6.413990132587827
6.0473721790462776,5.5428761180376
5.799092654460526,5.59272527374993
0.0,2.7272245219199274
0.6931471805599453,2.5729449758255445
0.0,2.6798962881294326
2.19722457733622,3.0754141522687912
0.6931471805599453,2.7371427371509474
4.770684624465665,4.715484059436834
8.060855752934316,7.388862389938022
7.255591274253665,7.749845745630808
1.0986122886681098,2.49787690043466
0.0,2.550054736689292
0.6931471805599453,2.6838731015697443
2.5649493574615367,2.485900440161734
4.736198448394496,4.6453825914392555
2.3978952727983707,2.7844728900040976
2.302585092994046,2.8134467837718686
2.079441541679836,2.6377109976660886
6.586171654854675,6.418596207495503
4.330733340286331,4.5511901584074
0.0,2.524359250910075
1.3862943611198906,2.655395750524998
2.6390573296152584,2.8338128414417874
0.0,2.650261806664779
0.0,2.6284134892913773
0.0,3.0226052842064735
6.889591308354466,6.445279218044302
0.0,3.2950963500011423
6.738152494595957,6.692582823668414
1.0986122886681098,2.6817707065473795
4.477336814478207,5.004631231961372
0.6931471805599453,2.505844887050277
0.6931471805599453,2.721035552038156
3.091042453358316,3.3116755059066394
0.0,2.682420913916059
1.791759469228055,2.7512424037175016
2.772588722239781,2.7928162993807057
0.0,2.6180267839521534
0.6931471805599453,2.6569287773653483
5.68697535633982,4.580689316118281
2.302585092994046,2.705022797788632
2.302585092994046,2.6536243411218985
0.0,2.7406814144691545
0.0,2.5847667595351393
0.0,2.708707491293854
3.332204510175204,3.060713159073671
1.0986122886681098,2.670314280835438
0.0,2.6029675997698085
3.7612001156935615,3.1987272324866995
0.0,2.756540623483641
0.0,2.7466884472904742
2.3978952727983707,2.7971489090879533
2.772588722239781,2.782983801159208
0.0,2.897764936275948
3.737669618283368,3.5701346229677697
2.4849066497880004,2.885912147401826
0.0,2.6310273877348296
3.4657359027997265,4.259996182400368
4.219507705176107,3.9082742975353
0.6931471805599453,2.6218074682255637
3.80666248977032,3.2327349238462486
1.3862943611198906,2.57918335690568
2.9444389791664403,2.963539564746935
3.784189633918261,3.584900802067613
0.0,2.6951404015284703
3.4011973816621555,3.0818174395574993
0.6931471805599453,2.5876087942265493
7.651595573857601,7.015553675373287
7.262628600974241,6.683963039887934
5.209486152841421,3.6747786244125877
0.6931471805599453,2.7230814184960064
1.9459101490553128,2.7047873686361106
1.0986122886681098,2.7922913884772473
5.717027701406222,5.666841686460693
2.8903717578961645,2.8861870882287284
0.0,2.6244387040003447
2.079441541679836,2.593486539845405
3.044522437723423,3.9316089691030753
0.6931471805599453,2.723316128036169
0.0,2.4432409314377845
0.6931471805599453,2.4392135841261164
1.791759469228055,2.7972895531127606
2.302585092994046,2.5377813314652
1.0986122886681098,2.4812802014026567
2.8903717578961645,2.6563031967082793
8.911934336161426,8.70040409273379
5.41610040220442,4.783736672776095
0.0,2.8731879929673054
0.6931471805599453,2.4776348426417543
3.091042453358316,2.752414572969973
0.0,2.7323885640982435
0.0,2.7550708455667237
7.027314514039777,5.8177075918369185
4.248495242049359,4.742256806243648
1.791759469228055,2.582074653267531
0.0,2.459513663666485
2.302585092994046,2.831645288480612
0.0,2.554001269923876
0.6931471805599453,2.5063693449347793
4.02535169073515,3.7874508426326066
2.3978952727983707,2.565323070325606
5.676753802268282,7.480995427179801
8.700847193443972,5.082077523338331
2.6390573296152584,2.792789648276114
4.343805421853684,4.501938784119828
0.0,2.7042379762067417
1.0986122886681098,2.504825624348522
4.68213122712422,3.9327054246468394
1.3862943611198906,2.6472548720793143
4.143134726391533,4.09366613439739
6.163314804034641,6.316755843151415
6.516193076042964,7.3738488222399905
0.0,2.560856404130265
4.68213122712422,4.653254780925852
0.0,3.0905855268933724
1.6094379124341005,2.652574100901473
2.772588722239781,2.7985474701019695
7.57455848420248,7.365982143141132
0.0,2.78262743120101
1.0986122886681098,3.6745183240666814
0.6931471805599453,2.626037061706018
3.688879454113936,2.811783443319063
0.0,2.553416999134984
0.0,2.5118039070165965
4.0943445622221,3.634288734850708
2.6390573296152584,2.620465032631646
0.6931471805599453,2.5634485827718443
4.02535169073515,4.1308194156872995
2.6390573296152584,2.781302394513912
7.938088726896952,8.815660052162666
7.480992162869525,8.535264707578284
4.74493212836325,4.507029779985116
4.844187086458591,4.838162327739599
1.0986122886681098,2.5254643580842293
1.791759469228055,2.507184623744745
0.0,2.7971763892295867
0.0,2.918007334634527
2.079441541679836,2.715164639260352
0.6931471805599453,2.557632338727258
5.43372200355424,5.806448996806425
0.6931471805599453,2.462527592130814
0.0,2.481836837433415
0.0,2.6026302664866847
0.0,2.8142392661793325
1.3862943611198906,2.521746622764891
1.0986122886681098,2.502422765085485
0.6931471805599453,2.777781532411664
2.4849066497880004,3.333327168362638
3.610917912644224,3.0100703607099537
3.49650756146648,3.1808781585889223
0.6931471805599453,2.7458427106212513
0.0,2.7049662013803792
1.6094379124341005,2.618021404379974
4.219507705176107,4.77116189470874
5.834810737062605,5.326822809353213
0.6931471805599453,2.4889773765373295
0.0,2.6334616045187884
5.777652323222656,6.145797496522738
3.332204510175204,3.1137527252642005
0.0,2.948059918571601
6.878326468291325,5.938929351303241
4.844187086458591,4.313528531995241
1.3862943611198906,2.91053244802362
1.3862943611198906,2.597852813253638
0.0,2.7318459684621215
4.04305126783455,4.258896120055464
2.079441541679836,5.057559949491435
2.4849066497880004,2.664128148511372
0.6931471805599453,2.6809387177157986
1.3862943611198906,2.6705819161789446
2.8903717578961645,3.086731881986363
4.23410650459726,4.235830745395854
0.0,2.600823390157451
0.0,2.6060894063431728
1.3862943611198906,2.5661607274429374
9.169976605786628,8.714772515102608
1.9459101490553128,2.753771357498921
2.9444389791664403,2.554356928849155
1.3862943611198906,2.589507425050578
4.574710978503383,5.038204513656529
3.5263605246161616,3.6584220647506456
0.0,2.502678186972828
5.560681631015528,5.858009472608001
0.0,2.6575093049198064
2.772588722239781,3.233635353247677
0.0,2.651335877312158
0.0,2.8048952944337535
0.0,2.6219020083514586
2.3978952727983707,3.2112283765374277
0.6931471805599453,2.472901393071272
0.6931471805599453,2.5046851698900863
0.6931471805599453,2.56135431876339
4.736198448394496,4.507895778107202
3.5263605246161616,4.174513418446365
0.0,3.1051456664748733
2.6390573296152584,2.7224485284882536
0.0,2.7004376040539437
0.6931471805599453,2.652501564338034
4.51085950651685,3.374363831092385
3.4657359027997265,2.9793216584812217
4.653960350157523,5.450306971806874
4.584967478670572,3.548222841166226
0.0,2.761167991433344
1.6094379124341005,3.56151306412994
1.3862943611198906,2.4800280712552487
5.921578419643816,4.595683184834999
4.343805421853684,4.977920389886092
3.1354942159291497,2.623297529687832
4.574710978503383,4.687885266090736
0.0,2.5106769035208902
0.6931471805599453,2.619654473185869
2.5649493574615367,2.753531538893815
2.70805020110221,3.102435306952507
8.696510239189893,8.145487797166707
0.6931471805599453,2.5694527171264125
6.018593214496234,5.282648272458186
0.6931471805599453,2.7435373483945042
0.0,2.950291661785083
2.70805020110221,3.206098115368492
4.762173934797756,5.231324578171315
0.0,2.556935391709165
0.0,3.0478712317884398
3.091042453358316,2.7945876196262334
0.0,2.6115224118439775
2.5649493574615367,2.96067488283614
6.732210706467206,6.4214306758132995
0.0,2.5153492412172467
0.6931471805599453,2.56083815732075
3.80666248977032,2.6684173434996135
3.951243718581428,3.8689083555193333
2.5649493574615367,2.6549720576502445
9.169976605786628,7.910981126780729
1.6094379124341005,3.1366917146188342
1.3862943611198906,2.6333479692049537
0.0,2.8364430330494903
0.0,2.5029966858214068
1.791759469228055,2.9325340157401114
7.569927655242652,6.642955408804116
0.0,2.6026377779747936
0.0,2.5953129813679494
0.0,2.5987280658674177
7.910957382845589,7.970773433179619
2.302585092994046,2.9811187782225863
3.044522437723423,2.935132108628505
4.795790545596741,4.6787095243975125
0.0,2.5966383657214
4.74493212836325,3.582927515184818
6.285998094508865,6.262217560375269
3.737669618283368,3.9107691982057697
0.0,2.5408039127291073
0.0,2.5486851094690355
3.091042453358316,3.332127992395632
0.0,2.5880441039571536
0.0,2.584324646544813
0.6931471805599453,2.490470981717452
7.53689712956617,7.21590909280604
0.0,2.9313699372383546
0.0,2.6622314225627943
0.0,2.511771745306961
0.0,2.6956289160169007
2.6390573296152584,2.712151134615112
0.0,2.5512696794646654
6.954638864880987,5.988054096372101
0.0,2.6032647675642333
3.258096538021482,2.951666406564553
0.0,2.629721697778452
1.3862943611198906,2.499503804391233
0.0,2.638600132617891
1.6094379124341005,2.768636630939794
3.4339872044851463,3.5274134972952753
2.302585092994046,2.720983121934801
0.0,2.551813363873535
2.4849066497880004,2.630125150933497
5.293304824724492,5.133050198454004
1.0986122886681098,2.628209123039012
4.465908118654584,4.923300182185286
9.169976605786628,7.499713803662409
1.3862943611198906,2.590925655383135
1.3862943611198906,2.7380704288271516
0.0,2.6290556813280466
2.772588722239781,2.9758840050564213
0.0,2.612575065392604
1.6094379124341005,2.5575762341697095
1.6094379124341005,2.5502623863841554
4.553876891600541,3.094900928388014
5.472270673671475,5.394437041372277
0.0,2.5782426505077884
0.0,2.6121584491551557
0.0,2.6814261649453335
0.0,2.606757366052509
3.58351893845611,3.1507941556100785
5.7745515455444085,4.403595359855709
0.6931471805599453,2.7397130458870236
5.342334251964811,5.240382654692515
4.844187086458591,3.5057080582688593
0.0,2.4809681761194105
1.0986122886681098,2.7566554002062027
1.791759469228055,2.54726392585768
0.0,2.550449128789117
0.0,2.570214457319525
2.9444389791664403,2.8299738682200934
2.70805020110221,2.9849215690554574
0.6931471805599453,2.5810045816594855
0.0,2.686345629554906
0.0,2.516625138111592
0.0,2.5726299129351804
0.0,2.6047219060437445
0.0,2.7822763184259456
0.6931471805599453,2.5991624749070636
0.0,2.627564740128611
3.6635616461296463,3.6009098980553502
0.0,2.890676856415085
0.0,2.7433866060274954
6.522092798170152,5.990721017129613
3.1780538303479458,3.047484956424399
3.951243718581428,3.7657613324682924
0.6931471805599453,2.761362236486133
2.3978952727983707,3.001592640665541
1.6094379124341005,2.879614553139999
0.0,2.7113297225384194
5.849324779946859,5.25567766301616
3.713572066704308,3.064059923990082
0.0,2.6999732105636864
2.6390573296152584,2.585234799231021
7.452402451223638,6.847285265806405
0.0,2.620577842919924
3.258096538021482,3.605528389721182
1.6094379124341005,2.4886442873597243
5.3612921657094255,4.695673421840384
1.0986122886681098,2.7198784259789264
3.332204510175204,2.808810880622502
3.970291913552122,5.184808674745428
1.3862943611198906,2.509574227529511
0.0,2.6912006286612074
0.0,2.7273148297560725
0.0,2.5925753590207847
0.0,2.622196194762058
2.70805020110221,3.126969463248276
2.302585092994046,2.8072409588162053
0.0,2.470366350982239
4.795790545596741,4.70023786805045
0.0,2.762215889526705
3.218875824868201,3.4524575599607816
0.0,2.613218544824222
0.0,2.6420721117129173
4.5217885770490405,3.458592800557707
0.6931471805599453,2.5543843786909672
1.791759469228055,2.685258887387028
0.0,2.6561351573318412
2.70805020110221,2.67741566121758
0.0,2.45727578418858
2.6390573296152584,2.650363270072194
2.302585092994046,2.661029951345895
3.6635616461296463,2.7371419325550557
7.400620577371135,6.396753725553624
3.49650756146648,3.7102918812499723
1.0986122886681098,2.4425196809640526
0.0,2.4022422907493293
0.6931471805599453,2.7852373436624336
4.770684624465665,5.432615097168913
6.586171654854675,6.480010611980416
0.0,2.6339549222160143
8.258422462458876,8.174701961037268
5.049856007249537,4.609448735993399
0.6931471805599453,2.8699724391622228
0.6931471805599453,2.5087120115117036
1.6094379124341005,2.8855427359751236
4.382026634673881,4.604967516174687
3.912023005428146,3.450692085992277
4.204692619390966,4.58151191992847
6.322565239927284,6.073125013424351
2.833213344056216,3.0949871220682446
0.0,2.6247394314946755
3.871201010907891,4.188391133847351
0.0,3.739428742928482
3.218875824868201,3.3467367046865832
2.772588722239781,3.144037003060895
1.6094379124341005,2.6504664824541178
2.70805020110221,2.972402656284801
4.174387269895637,2.8719748050009617
2.70805020110221,2.755759434030301
3.367295829986474,3.0626897024688993
0.6931471805599453,2.521818893238404
3.713572066704308,3.9284884385890195
0.0,2.5953601572696625
5.220355825078324,5.213032992512252
1.0986122886681098,2.746127620489239
1.6094379124341005,2.8214812226044472
2.079441541679836,2.5244956449339826
0.0,2.7073048441983794
0.0,2.529459001482312
8.108021221376747,7.396984112612374
0.0,2.547760272413032
7.303843225277705,5.318373187943731
0.0,3.2300366715000957
0.0,2.566275480429378
1.0986122886681098,2.5587513931721553
4.219507705176107,3.5700368154812097
0.0,3.034852718047391
7.126087273299125,6.9108359675601765
0.0,2.624428277738239
9.169976605786628,8.780931847408135
5.501258210544727,4.806139631253146
1.791759469228055,2.6046629086261732
1.0986122886681098,2.679000678767631
6.9167150203536085,6.515020257488945
3.610917912644224,3.8837054970903724
3.1780538303479458,3.0639832913490306
1.791759469228055,2.72328567922012
1.0986122886681098,2.531960769169029
0.6931471805599453,2.4845651674708495
3.912023005428146,4.66006778567292
0.0,2.6688027519631508
5.799092654460526,5.8921492859853615
5.968707559985366,7.74301512605556
0.0,2.616571887600047
3.713572066704308,3.5091142929504073
0.0,3.0183023429173335
3.1354942159291497,2.684555434758692
0.0,2.675656054254414
3.4657359027997265,3.3733536456687947
0.0,2.5188540523835425
0.0,2.574686111319078
5.159055299214529,4.260527720268743
3.332204510175204,2.8229563606616654
6.401917196727186,6.403137924771849
4.3694478524670215,3.860136627257618
5.1298987149230735,5.192779675173554
2.9444389791664403,2.911425930212279
3.713572066704308,4.360210123183455
1.6094379124341005,2.715693947501844
4.605170185988092,3.85831630181413
4.127134385045092,4.16620581197877
5.955837369464831,6.146719723365883
0.0,2.958642192454417
2.3978952727983707,3.6172345115540754
5.583496308781699,4.413082737272364
0.0,2.968927272190339
2.9444389791664403,2.911668853500748
5.891644211825772,4.517358302290112
5.730099782973574,6.033318056515755
0.0,2.548698518154628
0.0,2.832083787060852
6.968850378341948,6.536423285327691
0.0,2.81151046716277
0.0,2.5973724739857333
2.079441541679836,3.187186402924982
1.9459101490553128,2.8724760448926667
1.6094379124341005,2.8590803942394905
0.0,2.7190813178542617
0.0,2.7518921981305695
2.19722457733622,2.5919074364475296
2.4849066497880004,2.589198746276311
8.546169299652755,7.094084909392176
3.4657359027997265,3.9680341399146175
4.158883083359672,4.161576455057011
0.0,2.5468806746262502
4.499809670330265,4.232891838812277
4.418840607796598,3.5112334280392408
0.0,2.6866867153682623
3.5263605246161616,3.7675117805324745
7.047517221357296,6.52914995050058
1.3862943611198906,2.445052304080997
3.6635616461296463,3.056184624908903
0.0,2.751041312626394
2.995732273553991,3.7579813160839177
2.3978952727983707,3.3797582893550433
0.0,2.5349531684148134
1.3862943611198906,2.486947272935151
1.0986122886681098,2.7259507828751834
0.6931471805599453,2.5490183833399365
6.068425588244111,6.000542006052413
1.791759469228055,2.4427082580674346
0.0,2.456614146753225
2.772588722239781,2.7064998702543237
5.905361848054571,4.134329154898417
5.41164605185504,5.135468454293702
5.579729825986222,5.07927676681454
4.406719247264253,3.3968549420986527
7.504942068396171,7.297983135055986
0.0,2.6685833041462854
1.3862943611198906,3.1195228202325502
0.0,2.507855474367071
5.3981627015177525,4.150268027597291
2.772588722239781,3.060351187110769
3.784189633918261,2.826591309117421
5.541263545158426,6.486267217531466
7.018401799069201,6.759125162451372
0.0,2.89237617216162
4.060443010546419,3.9478489255760563
0.0,2.5171282237856545
3.49650756146648,2.698891969979748
0.0,2.509922416992712
1.6094379124341005,2.779706552632172
3.091042453358316,3.7196144092422094
3.218875824868201,2.7124658588812944
0.6931471805599453,2.848754316360755
0.0,2.886150400938861
2.302585092994046,3.310931772621655
5.10594547390058,5.471679980148862
4.31748811353631,4.817413687438186
9.169976605786628,8.535519270839686
0.6931471805599453,2.7793804979504038
0.6931471805599453,2.6134394002473167
0.0,2.5811657032917346
4.532599493153256,4.126824900310952
0.0,2.89936707360733
0.0,2.855435956068101
7.768110378525988,7.80085667617146
0.0,2.5767059544838813
0.0,2.753080005298951
0.0,3.034852718047391
2.079441541679836,2.590432750648422
0.0,2.8430437020913
0.0,2.52890861243245
2.079441541679836,2.7481129756768228
0.0,2.6054510056061995
0.0,3.329138835543678
0.0,2.5782789841523805
0.6931471805599453,2.741882280821947
1.0986122886681098,2.609369622516789
0.6931471805599453,2.6183442358083817
9.169976605786628,8.578335585626016
0.0,2.6327943894172274
0.0,4.612839276230814
0.0,2.715901876987437
0.0,2.4595687678109837
0.6931471805599453,2.607799246269678
0.0,2.963251082799007
0.0,2.4883850225532766
0.6931471805599453,2.5843016983756706
2.3978952727983707,2.808807057197812
1.3862943611198906,2.930413555060526
0.0,2.6129610399182495
2.079441541679836,2.6484652774079676
4.8283137373023015,4.861118063689154
8.178358165605836,7.041963133386617
3.044522437723423,3.4698542278686975
0.0,2.5346492366452615
4.02535169073515,4.9862763613113685
4.343805421853684,4.1364549101148
0.0,2.586109258601121
6.309918278226516,5.908597943926356
0.6931471805599453,2.669809488140023
3.091042453358316,3.4751335941821355
0.0,2.798059133518544
2.5649493574615367,2.6828521871951665
3.4657359027997265,4.102468858295573
0.0,3.0110022231883806
0.0,2.7247616215386747
1.0986122886681098,2.901611997284797
0.6931471805599453,2.8127678128229596
4.718498871295094,4.778630645188611
2.70805020110221,3.403617957370813
1.0986122886681098,2.468846779138342
1.791759469228055,2.586619152640332
3.80666248977032,4.215060896672692
0.6931471805599453,2.592466815297181
0.0,2.5729992212145842
0.6931471805599453,2.6147124249851896
2.5649493574615367,2.8316761712345384
0.6931471805599453,2.79016611804076
1.9459101490553128,2.5358080423956104
0.0,2.683005448230067
0.6931471805599453,2.5933901342871954
0.0,2.6956417266548707
0.0,2.4551337386673415
2.70805020110221,3.6174675187862517
0.0,2.5580188039364185
6.025865973825314,5.918633127759551
0.0,2.60723512137548
4.8283137373023015,4.4447489559211
1.0986122886681098,2.91422265302798
4.465908118654584,4.68453184637081
5.572154032177765,5.52544942743037
3.218875824868201,3.022277974983741
4.248495242049359,3.597847028285482
3.218875824868201,3.1795785516517117
1.0986122886681098,3.113688308593382
0.0,2.5658538753444335
0.0,2.560846734225167
0.0,2.553523645616613
6.57507584059962,4.4853477248858
3.784189633918261,3.5517222661145342
0.0,2.5335202179364775
0.0,2.5399919505177517
0.6931471805599453,2.529975219173899
3.688879454113936,3.799692630017502
2.302585092994046,2.6499408720199584
0.6931471805599453,2.5252678063336744
0.0,2.7951468085890485
0.0,2.542840157357351
4.07753744390572,4.138986643377504
0.0,2.560597479195549
2.4849066497880004,2.7535297729384984
4.04305126783455,4.769173428806789
3.332204510175204,3.5124246431438846
3.258096538021482,3.5304524866612477
0.0,2.7679409789889724
0.0,2.5885534855827363
0.0,2.529881441633996
0.0,2.566406107791942
5.765191102784844,5.389886992290968
6.084499413075172,6.1588100885813795
4.795790545596741,4.0590288245377435
2.302585092994046,2.7833938311762387
7.305188215393037,7.630072687295778
3.49650756146648,2.74303240280935
0.0,2.471374684458932
0.0,2.5277227350997835
0.6931471805599453,2.574677724682995
2.4849066497880004,3.21459731766216
0.0,2.5446584059215627
3.713572066704308,3.5336310890771276
5.303304908059076,5.191427058347611
0.0,2.91356535404791
0.0,2.3956447411238355
1.6094379124341005,2.6513216540828837
3.555348061489413,5.532341443111746
0.0,2.7935204192465095
6.025865973825314,5.620812059369872
0.0,2.6609611755478215
5.926926025970411,5.631842088102597
1.791759469228055,3.0279947038914696
2.6390573296152584,2.9539012904778605
0.6931471805599453,2.8401450214823925
4.060443010546419,4.57642711503488
5.3706380281276624,5.393270734286489
3.044522437723423,2.8836472130774644
2.19722457733622,2.8850067711866267
1.3862943611198906,2.6024014204929675
0.6931471805599453,2.57662038416021
4.727387818712341,4.529851579026751
2.3978952727983707,2.773955871777715
1.0986122886681098,2.590563063501421
0.0,2.661475987782377
0.6931471805599453,2.614609517804181
0.0,2.734060056458572
1.0986122886681098,2.699370679225309
8.458504195067558,7.090077725253559
1.3862943611198906,2.80132397102465
5.634789603169249,5.820602346649648
0.0,2.639335511139304
0.0,2.512035668156571
1.3862943611198906,2.7046398112821444
2.302585092994046,2.7395699311019532
0.0,2.5276097462306857
2.19722457733622,2.7375959470249245
0.0,2.6383565494083205
4.465908118654584,3.9486850935001114
0.0,2.5064890070650234
0.0,2.6305384747528593
2.772588722239781,2.6833254179555093
3.8501476017100575,3.2239386214479397
2.302585092994046,3.0738947612508767
1.6094379124341005,2.9501934571423574
1.3862943611198906,2.591951854394893
3.044522437723423,2.777634455209117
1.0986122886681098,2.6989330202547546
1.0986122886681098,2.6346277671082645
0.0,2.7573590864496595
4.0943445622221,3.459124619589528
3.295836866004329,3.19091297114511
1.0986122886681098,2.5329590375381454
1.791759469228055,2.831690267955307
1.791759469228055,2.6818976987133176
0.0,2.6327595453008947
2.833213344056216,2.7123302424877442
4.74493212836325,4.168591937654275
3.6635616461296463,3.3425945123600203
0.0,2.641222944785667
0.0,2.651329213209077
4.605170185988092,3.3929324434795416
0.0,3.2217132604979377
5.746203190540153,5.682525357844665
0.0,2.653708312831532
6.946013991099227,7.040751398265529
0.0,2.540834631341572
0.0,2.6432448897606124
3.367295829986474,3.0247298200713977
1.9459101490553128,2.6325806710228976
1.3862943611198906,2.9644734351971405
6.093569770045136,5.803012386639509
8.621733370690162,7.922200151688961
1.791759469228055,2.654874428878769
0.0,3.258281280062826
3.4011973816621555,3.532514324815505
0.6931471805599453,3.008236365506526
0.6931471805599453,2.7090691642961766
0.6931471805599453,2.9135653557660866
4.23410650459726,4.265939521455494
0.0,2.7077862725866133
0.0,2.6949649670314133
1.0986122886681098,2.4233030017869828
4.709530201312334,4.173869250627222
0.0,2.8839647360899425
4.564348191467836,4.302799596447195
1.3862943611198906,2.657703450280262
0.6931471805599453,2.4385073474293093
0.6931471805599453,2.6870094005903074
3.8918202981106265,4.194959388301261
4.343805421853684,2.9883236428374156
1.6094379124341005,2.4823123136747247
0.0,2.648000090912716
0.0,2.586804759601783
0.0,2.3815791567215867
0.0,2.525791252759895
3.258096538021482,3.735634856970112
0.0,2.599315374541455
0.0,2.7099502503785917
2.6390573296152584,2.901025113884325
2.9444389791664403,2.9218430801211377
0.0,2.5459884593639965
3.1354942159291497,3.349309786682411
5.497168225293202,4.81019628013342
4.770684624465665,3.951740725064417
0.0,2.6947072569132513
0.6931471805599453,2.6585244887207256
1.6094379124341005,2.7143697522980115
5.849324779946859,5.685979500597397
0.0,2.7690462020041076
6.421622267806518,6.369348340585975
0.0,2.678858942900344
0.0,2.6079372460712644
1.0986122886681098,2.2839350527422506
0.0,2.8913543671811253
0.0,3.001682433418655
2.5649493574615367,3.3348003421139323
1.3862943611198906,2.681872432175343
0.0,2.474400705933803
0.0,2.6154148108519246
0.0,2.589679030144356
0.0,2.5973003944602837
8.025516386489008,7.905829328724249
0.0,2.5129937420152713
0.6931471805599453,2.573871545289597
0.0,2.660449711413134
1.6094379124341005,2.6932571828100995
4.48863636973214,5.6434532364974315
3.5263605246161616,4.068633256960638
0.0,2.619414495607182
0.0,2.5681036903465606
5.752572638825633,4.504093624525868
3.737669618283368,3.870238429102655
0.0,2.889686311195584
2.302585092994046,2.508450019842629
2.772588722239781,2.817470567952982
4.74493212836325,5.347183482203208
3.610917912644224,3.314784810551032
0.0,2.48572642735528
5.5909869805108565,6.192541651574059
0.6931471805599453,2.289416774535786
1.0986122886681098,2.627758181647454
2.5649493574615367,3.1317889706987088
0.0,2.573040694696553
1.0986122886681098,2.541519395352691
3.8918202981106265,3.752442401210486
6.895682697747868,8.061021468193385
2.772588722239781,3.5361474413390837
1.6094379124341005,2.96059481570564
0.0,2.7010899897186937
3.258096538021482,3.7112978714523055
0.0,2.502603624471495
1.3862943611198906,2.6481605922733418
1.3862943611198906,2.597147061615059
0.6931471805599453,2.563003774414098
0.0,2.6022212450136357
4.6443908991413725,4.488509333791778
6.827629234502852,5.987970537688374
2.19722457733622,3.3827953894874843
4.976733742420574,4.671268223888086
2.079441541679836,3.3683028261145473
0.6931471805599453,2.603386916790019
4.574710978503383,5.114416035533246
1.0986122886681098,2.7433015255412347
3.295836866004329,3.372963574664316
0.6931471805599453,2.657270043384804
4.867534450455582,5.023592174425684
0.0,2.6415477317401637
0.6931471805599453,3.1725785755045064
4.127134385045092,4.503234424365436
0.0,2.7297513564006297
1.9459101490553128,2.4659951822877515
0.0,2.686091357284422
4.23410650459726,3.9409599308705445
0.0,2.5064890070650234
0.0,2.529342325060483
0.0,2.4705523213880567
3.49650756146648,3.290381446257795
0.6931471805599453,2.4461664007638153
1.791759469228055,2.962094255196672
0.0,2.6809141639713507
0.0,2.4870048229508797
0.6931471805599453,2.488643502620383
0.6931471805599453,2.533872365663444
4.262679877041316,4.616610658566742
0.0,2.6895286778230205
7.267525427828172,7.4726376853820105
4.30406509320417,4.072384263527433
0.0,2.6208903626619593
2.70805020110221,3.097116418860485
0.0,2.72028495199103
0.0,2.6136667760655725
4.07753744390572,4.2170984446974
0.0,2.60662326587938
0.0,2.5702018648860663
0.6931471805599453,2.691660110371027
0.0,2.7832151065831674
0.0,2.525152302822696
2.4849066497880004,2.846315778215723
0.0,2.5304908411201033
2.6390573296152584,2.67732586404085
4.836281906951478,4.803274447010221
3.610917912644224,2.924395036426694
3.091042453358316,2.7192434010661484
9.169976605786628,7.385522706412602
0.6931471805599453,2.479471469167007
3.951243718581428,4.310069250173745
2.6390573296152584,3.677360303837045
0.0,2.7363279810283845
0.0,2.572998030416069
3.555348061489413,3.1004680519999193
0.0,2.4373232531118827
0.0,2.7353846867484335
0.0,2.8839647360899425
0.0,2.6782654582424827
2.9444389791664403,2.6129342991879225
7.389563953677635,6.504768865566015
0.6931471805599453,2.7343747416381876
4.882801922586371,5.333435855697228
6.269096283706261,5.727216749793679
5.062595033026967,4.4686889450683855
2.3978952727983707,2.4857979726256962
5.5093883366279774,6.010875507012077
0.0,2.586035162696388
7.463936604468925,5.377686978556182
3.218875824868201,3.5723369130743583
6.144185634125646,6.054427033020592
6.678342114654332,7.006558707148674
7.704811922932594,7.334936607826517
1.0986122886681098,2.647128526034647
3.49650756146648,5.768778954270194
0.0,2.708072108726157
0.0,2.4518255243431843
0.0,2.4919858527141368
0.0,2.455807815614185
2.70805020110221,3.5083207040381073
2.19722457733622,2.438559500883376
1.6094379124341005,2.777981098776845
5.529429087511423,4.639069077967048
5.891644211825772,6.323524858529656
2.772588722239781,2.607853711035949
0.0,2.792612321046446
3.4011973816621555,3.2707831356304498
1.9459101490553128,3.117326622657617
0.0,2.6273842497076707
3.218875824868201,3.273130872317934
4.8283137373023015,4.549273792566553
0.6931471805599453,2.431328304935614
0.0,2.632143784326793
6.118097198041348,6.10204395098161
2.6390573296152584,2.9947381789074967
4.875197323201151,4.861277880725015
2.302585092994046,3.4827345621915513
1.791759469228055,2.4450187568805513
5.525452939131784,4.300703561383604
0.6931471805599453,2.6434909500623904
2.19722457733622,2.6420128979399506
0.0,2.7344940025617928
3.9889840465642745,2.959260786713182
2.995732273553991,2.9220415655219067
0.0,2.4534205094692183
2.302585092994046,2.808247583584295
0.6931471805599453,2.5094583519887825
2.70805020110221,3.170733737615695
1.9459101490553128,3.0944129976345502
0.0,2.912068052173821
0.0,2.6588522972309616
0.0,2.5811540186350532
0.6931471805599453,2.534137333111493
0.6931471805599453,2.884111371251238
2.70805020110221,2.7858799849076497
0.0,2.7887964546532538
0.0,2.606178041559057
2.772588722239781,3.7195299683579957
0.0,2.8273940139053275
0.0,2.6436290102320346
9.169976605786628,6.401510606287015
2.772588722239781,3.21674471045346
7.076653815443951,7.142482575958159
0.0,2.5998267726183255
4.574710978503383,4.119503677682413
2.70805020110221,2.5627132558267482
2.5649493574615367,3.2027042625016966
5.298317366548036,4.480171621898538
3.8918202981106265,3.4622777173711627
5.0238805208462765,5.152272525290141
4.574710978503383,3.588519446189166
2.079441541679836,2.8185514517302845
3.49650756146648,3.3766485924632796
1.3862943611198906,3.1860425365102993
0.0,2.668924507233945
0.0,2.9347240002795347
0.0,3.017973644495543
6.230481447578482,6.047486911490752
9.169976605786628,7.427214639358781
6.249975242259483,6.389577791845106
0.0,2.6029757839790935
1.3862943611198906,2.703540355780431
0.0,2.716430899094374
0.6931471805599453,2.907402643225494
5.0369526024136295,4.549087610754398
2.19722457733622,2.6340501473246376
2.5649493574615367,3.128935925024385
0.6931471805599453,2.5313697245823437
1.0986122886681098,2.765332016668691
5.365976015021851,5.5771009107976
0.0,2.556793827160094
0.6931471805599453,2.7015238746711474
0.6931471805599453,2.6689416135454826
7.2875606403097235,7.331246493959186
0.6931471805599453,2.802506628671907
2.4849066497880004,2.9320176978122996
1.6094379124341005,2.5875648035301486
2.19722457733622,2.643086900792034
2.079441541679836,2.7922176536247507
4.532599493153256,4.752528728821795
3.091042453358316,3.1114646831921173
6.311734809152915,6.180869526161226
6.013715156042802,5.532112723868074
2.6390573296152584,3.5313178766269355
3.1780538303479458,3.1704093708926404
3.4657359027997265,3.7913469885885585
5.308267697401205,5.159526654022778
3.8918202981106265,4.303543207842812
0.0,2.5718986318762
1.9459101490553128,2.675931708749187
0.0,2.5625778079613366
6.2166061010848646,6.7893984303593395
2.70805020110221,3.809474064245586
0.0,2.5911327551609635
0.0,2.5559756247617327
0.0,2.650730946735727
0.0,2.8568685512005385
3.367295829986474,3.1113310352895613
0.0,2.610148601356431
2.4849066497880004,2.9820313287709435
2.70805020110221,3.0174319603836297
3.091042453358316,4.266113033337812
3.951243718581428,4.358991336221661
2.3978952727983707,2.643851182811825
0.0,2.58233241246001
0.0,2.778145520702887
2.079441541679836,2.593212874692849
4.983606621708336,4.68542875534984
3.367295829986474,2.8165249710043425
6.300785794663244,7.074561324488015
0.6931471805599453,2.4806503882342144
3.6375861597263857,2.6371518036542914
3.044522437723423,2.894309786635243
1.3862943611198906,2.865342890014582
0.0,2.751367593196987
6.190315405853148,5.953676213357812
2.19722457733622,3.1283922668399864
2.302585092994046,2.91152280514375
2.302585092994046,2.8331164236213473
2.19722457733622,2.7857870897787347
5.043425116919247,5.306982345483294
0.0,2.8322127689772563
4.962844630259907,4.244200350255948
0.0,2.6848501945606307
0.6931471805599453,2.892808872916682
5.697093486505405,5.555254793754389
6.670766320845874,4.351576214250274
0.0,2.764170671403783
1.6094379124341005,2.693084097732303
9.169976605786628,7.074682174235929
2.302585092994046,3.2163556534361524
2.5649493574615367,2.498137284929663
3.367295829986474,3.027715691064795
1.0986122886681098,2.646613396786014
0.0,2.718631279423618
0.0,2.60962111021221
0.0,2.6358166407618966
0.0,2.6315207285834497
0.0,2.459106727259361
4.934473933130692,5.092115683152147
0.6931471805599453,2.540021574223026
0.6931471805599453,2.7049747595388323
0.0,2.491866566189517
0.0,2.535157935113029
5.3706380281276624,4.477778697312457
2.079441541679836,3.3434899863795415
4.174387269895637,3.417020562628088
2.302585092994046,2.588382867898014
3.713572066704308,3.9167730061943633
3.218875824868201,3.0286929257887136
0.6931471805599453,2.653980446856085
1.3862943611198906,2.587886594385817
1.0986122886681098,2.437196614301549
4.948759890378168,5.222467757831745
0.6931471805599453,2.616131130614536
4.204692619390966,3.8218620255006224
7.302496423727326,6.888978591366856
3.1354942159291497,4.337797627195172
5.209486152841421,6.786522611297945
0.0,2.486104804869661
0.6931471805599453,2.471174666467035
0.0,2.6594678256274986
0.0,2.925050397958353
0.0,2.647193854581984
0.0,2.61184354616494
1.6094379124341005,2.6855666457863023
1.0986122886681098,2.5003217756003533
0.6931471805599453,2.9283167014817564
2.8903717578961645,2.8107881913570534
1.3862943611198906,2.675889240803458
0.0,3.041294635487097
4.23410650459726,5.878566332682602
0.0,2.6320470263050484
3.4339872044851463,3.3219962892661594
2.079441541679836,2.6758958105153527
0.6931471805599453,2.91023570345554
2.70805020110221,2.6038064392317763
0.0,2.5333784892931446
1.3862943611198906,2.524761980671234
2.772588722239781,2.729178825918206
0.6931471805599453,2.47868984913898
3.555348061489413,4.0799838003259685
5.049856007249537,4.193620399848037
2.6390573296152584,2.8954787448935395
0.0,2.5078017527770537
8.53346016388011,4.344300183270042
1.6094379124341005,2.6598689874161536
3.9318256327243257,3.8864029961329027
2.6390573296152584,2.687160990669787
0.0,2.7466786868204043
2.5649493574615367,2.894282737174142
2.70805020110221,3.0737046864530106
1.0986122886681098,2.639952764928801
2.772588722239781,2.8689742081935807
2.079441541679836,3.221198921820285
0.0,2.95170413123136
0.6931471805599453,2.567785702194386
4.941642422609304,5.092623620655684
0.0,2.769456290112199
0.6931471805599453,2.628412514747567
0.6931471805599453,2.6800242176304114
1.0986122886681098,2.6616520684982574
4.477336814478207,4.649127633059877
1.791759469228055,3.007983139588562
0.0,2.57287059822941
4.574710978503383,4.910796011051008
3.367295829986474,3.9234969315300554
4.61512051684126,5.277934023066438
3.091042453358316,3.0590654738421046
3.6375861597263857,3.80509574906502
4.691347882229144,4.310808200268466
3.8918202981106265,3.9753431184420944
0.6931471805599453,2.562562350258784
3.295836866004329,4.537301430428454
2.6390573296152584,3.427471642731984
2.5649493574615367,2.858026045985164
2.833213344056216,2.8105272967028023
0.6931471805599453,2.521110604448468
5.814130531825066,5.433808834108135
6.532334292222349,6.352765204032077
5.332718793265369,4.788149058121744
0.0,2.6792043082594046
0.0,2.599384903525304
0.6931471805599453,2.5622775301417104
0.0,2.5228449867961955
1.6094379124341005,2.684687130450023
0.0,2.6335805818316516
3.80666248977032,3.128800645748475
1.0986122886681098,2.5778874943863372
0.0,2.7232204838266894
0.0,2.465451081787401
2.3978952727983707,2.7861826865321593
0.0,2.4858223419546577
0.0,2.7272245219199274
3.4339872044851463,3.433621515783389
2.6390573296152584,3.3887938942973377
0.0,3.164161839022036
1.3862943611198906,2.8133080399552126
0.0,2.7123261277928647
9.169976605786628,6.459373985347394
1.3862943611198906,2.2415835840833678
4.406719247264253,4.838639040802488
0.0,2.6097478638235128
2.6390573296152584,3.014587502348119
0.0,2.5995510209072434
0.0,2.464818045150924
0.6931471805599453,5.559950379262128
0.6931471805599453,2.798362624349124
3.1780538303479458,2.697727809091169
6.595780513961311,7.713211545029532
2.5649493574615367,2.926021869793063
2.19722457733622,4.169988797142265
3.4011973816621555,2.978481670188157
2.079441541679836,2.6640131293500424
0.0,2.7633912294834118
3.1354942159291497,2.6032865526509568
0.0,4.8365454861376005
5.1647859739235145,6.264462762257668
0.0,2.5686201718033392
1.3862943611198906,2.540481230608269
0.0,2.6737045819347687
6.1224928095143865,6.5945197239074655
4.07753744390572,3.3099649234339656
0.6931471805599453,2.71936907279033
0.0,2.5980659287291377
0.0,2.5863328251738236
6.884486652042782,5.171514042081975
4.04305126783455,4.4850781468372585
0.6931471805599453,2.552139431394536
3.258096538021482,3.3504259289390754
4.0943445622221,4.2994342934855885
0.0,3.3802183346538595
2.5649493574615367,2.88849586026914
4.709530201312334,4.590108939648692
7.934513463882263,7.982933016061058
0.6931471805599453,2.3982811056747404
0.0,2.5546447559263092
4.23410650459726,4.138755800261629
2.833213344056216,2.90305645463444
3.912023005428146,4.539594850076176
3.367295829986474,3.6175084834111413
1.9459101490553128,2.726521871035261
0.0,2.647496754289824
7.659171367666058,7.490971805038281
3.4011973816621555,4.084730845373231
0.0,2.5182935075463546
0.6931471805599453,2.6543225114637248
1.3862943611198906,2.607980516316967
2.079441541679836,3.16005021806885
1.0986122886681098,2.8685174013557018
4.663439094112067,4.225313101507712
0.0,2.786431703902578
3.8501476017100575,4.303059979600159
3.4657359027997265,3.3700383619164356
0.0,2.5798472600100335
2.5649493574615367,2.991058620659577
0.0,2.8288630748895156
4.060443010546419,3.8204292648280296
1.0986122886681098,2.57319073257255
3.4657359027997265,3.7211609351679216
0.0,2.645785640714033
0.0,2.692508926186286
0.0,2.6235113606798866
2.19722457733622,2.4657222091666062
2.70805020110221,3.10707552312341
3.951243718581428,3.5925922997226363
5.438079308923196,4.987651728723085
0.0,2.7475027482106045
3.044522437723423,2.980082238893556
4.382026634673881,4.079231775438062
0.6931471805599453,2.7628134487605216
0.0,2.817809954355221
4.574710978503383,3.875074563083966
0.0,2.65960037574525
0.0,2.661050025654594
0.0,2.63889586766937
0.0,2.605858157345685
0.0,2.5605866604661056
5.676753802268282,4.729156815168249
4.0943445622221,3.312008087544576
3.58351893845611,3.985188460958113
3.367295829986474,3.197751922787913
0.0,2.609956767907658
0.6931471805599453,2.474643757568431
0.0,3.13099116502565
0.0,2.828540224643701
2.19722457733622,2.6737376685471705
0.0,2.442906417063347
4.143134726391533,4.272002667678817
0.0,2.62270667369808
3.4011973816621555,3.6026348430085413
0.0,2.524606456237941
4.23410650459726,4.348705212942037
2.079441541679836,2.6152469851844278
1.9459101490553128,2.576891435520749
3.367295829986474,3.307010396175368
0.0,2.61489126326496
0.0,2.520530211342755
0.0,2.5755513208561345
0.0,2.796088956608939
3.258096538021482,3.062055010167121
0.0,2.569337347578449
0.0,2.549967805768951
3.1780538303479458,3.7226958033477815
3.5263605246161616,2.798288389833699
6.79794041297493,6.345857371164957
6.131226489483141,5.176847573118199
9.169976605786628,8.461907946343079
3.49650756146648,3.43275190698062
4.584967478670572,4.221116554097401
2.079441541679836,3.1323098727011653
0.6931471805599453,2.4104219220848595
0.0,2.5349624754325952
5.298317366548036,5.9346828406269045
0.0,2.6227085499926472
2.19722457733622,2.665375380978625
0.6931471805599453,2.4887274658681577
3.7612001156935615,4.286132282759541
0.0,2.6014340835034337
4.02535169073515,3.4528921843086384
1.0986122886681098,2.6746331657059894
2.5649493574615367,2.7893392054169404
0.0,2.6849052206098145
4.8283137373023015,4.960046231310069
0.0,5.8741047298523315
0.0,2.6295290498707007
3.970291913552122,4.01591951618128
0.0,2.6031092166872773
0.0,2.5363887384879087
0.0,2.6439420703987406
2.9444389791664403,2.6817675327960915
0.0,2.605279492346112
1.0986122886681098,3.002859171742871
0.0,3.010116247818757
2.833213344056216,2.682365430056128
8.44741429680832,8.59107280480969
4.990432586778736,5.073407162797301
0.0,2.7264318828484777
3.1780538303479458,3.5718735212611414
3.4339872044851463,3.2766452678411713
0.0,2.4773580167801508
0.0,2.723071939162118
6.218600119691729,6.172854271048096
2.3978952727983707,2.7700944577836624
6.29156913955832,7.5772862920558115
3.218875824868201,3.8840333525573314
0.0,2.508621779903933
0.0,2.908889809273243
0.0,2.507483507505349
4.543294782270004,4.449133700589733
0.0,2.509810486812746
1.6094379124341005,2.6824750563532866
1.3862943611198906,2.583174667745747
8.881558488638976,5.360667078127327
5.262690188904886,5.495669421741718
1.3862943611198906,3.0985964821056426
0.0,2.714404844874961
0.0,2.456151168693354
0.6931471805599453,2.540379266408789
0.6931471805599453,3.296578737279583
0.0,2.5556616570715227
7.906915488678587,7.693448772529366
1.0986122886681098,2.662985387842854
2.079441541679836,2.515945510457251
1.6094379124341005,2.727047773115739
2.3978952727983707,3.3922067360114987
0.6931471805599453,2.59565112432427
4.110873864173311,3.617715735154113
0.0,2.6008959003758734
0.6931471805599453,2.5333676750173093
5.332718793265369,4.387725495773699
0.0,2.639574553372662
5.236441962829949,4.887686073535829
3.258096538021482,2.69355983209585
0.0,2.6438842383662235
3.1354942159291497,2.970522281038413
6.498282149476434,6.23716090389081
3.912023005428146,5.722868756934888
0.0,2.8497773146240077
6.244166900663736,4.878394518360665
5.560681631015528,5.344941582799204
6.416732282512326,6.683495508992597
2.772588722239781,2.6784902794278387
0.0,2.6387374472125904
5.41164605185504,5.354822149266441
1.791759469228055,2.515755220398277
2.079441541679836,2.510421326884045
1.9459101490553128,3.286201606912096
2.19722457733622,2.579714070839736
1.0986122886681098,2.525442732415222
3.555348061489413,3.5718976107032367
0.0,2.452107903670372
0.0,2.5303540804966183
3.610917912644224,3.210278831732134
1.3862943611198906,2.732859643965013
3.7612001156935615,3.156678384770225
1.3862943611198906,2.761940929599239
0.0,2.5271010209750924
4.110873864173311,4.366605857622205
0.6931471805599453,2.5912360198726336
6.102558594613569,6.0495479858021435
5.0238805208462765,5.441077841280698
2.079441541679836,2.5840898712166163
1.9459101490553128,2.6532126112412633
0.0,2.6233636775986557
1.6094379124341005,2.582676090363679
0.0,2.6764608864801405
1.0986122886681098,2.708226252668764
3.367295829986474,3.386618936766299
0.0,2.6164890840094968
3.58351893845611,3.388750919688322
0.0,2.5604682222377164
0.0,2.4420001307713037
1.0986122886681098,2.673004920843787
1.9459101490553128,2.855964193529677
1.0986122886681098,3.0421604742482256
2.079441541679836,2.6486236513390513
4.04305126783455,3.71034416463993
0.6931471805599453,2.5268114103394925
1.3862943611198906,2.753602630000206
1.3862943611198906,2.588859627376864
0.0,2.6767011224169917
0.0,2.5245988873788505
0.0,2.519090925019018
1.791759469228055,2.59828691003651
0.0,2.5661292849523574
8.375860015299594,7.99688709883574
1.0986122886681098,2.580041898803812
0.6931471805599453,2.501391773639102
0.0,3.2409326357323835
0.0,2.862783905316732
2.9444389791664403,3.258792734851614
0.0,2.6913426579584727
0.0,2.7343881894448665
0.0,2.496846879407533
0.0,2.644112095466991
1.0986122886681098,2.6894029827247583
2.302585092994046,2.72757987538254
0.0,2.6637551502092953
2.772588722239781,2.844322436727163
3.367295829986474,4.033851989191243
0.0,2.7206933534273836
1.3862943611198906,2.933661734785535
0.0,2.4867531749722604
3.555348061489413,2.8777156245457385
5.655991810819852,4.877526920285479
0.0,2.87415048369859
0.0,2.4613040158135004
1.0986122886681098,4.200818453143583
1.3862943611198906,2.5506784862156815
6.419994928147142,5.891930609336282
1.3862943611198906,3.172966972586817
2.4849066497880004,2.3711924315843405
1.3862943611198906,2.7133306607097984
0.0,2.740319995791722
6.326149473155099,6.297299685742128
1.3862943611198906,2.7875452021970326
0.0,2.488418682191119
3.044522437723423,3.4396540928991794
0.0,3.609834836824513
2.772588722239781,2.7019559962817907
2.70805020110221,3.25848673030873
5.641907070938114,5.2080288200219655
1.3862943611198906,3.1755115620247887
0.0,2.750685573188111
9.169976605786628,7.7126347975854594
0.0,2.6039902556185184
2.19722457733622,2.6234058899329025
3.1354942159291497,3.2113038623607166
0.0,4.401072475074746
0.0,2.4893408811143893
4.04305126783455,4.22945992550701
0.0,2.8778240320684243
1.6094379124341005,2.785661934211086
0.6931471805599453,2.6761648332933
2.9444389791664403,2.666861775878147
0.0,2.4112026161839317
0.6931471805599453,2.709377575175431
0.0,2.595234332332423
2.70805020110221,2.899315072511387
4.3694478524670215,3.9061618137667233
0.0,2.6627322507844466
3.555348061489413,3.3756777479592013
1.0986122886681098,2.6946758918279277
0.6931471805599453,2.599549158317119
0.6931471805599453,2.565096814823191
1.791759469228055,2.6339553338111945
1.0986122886681098,2.8406523650841553
0.0,2.649028328868541
3.1780538303479458,2.8256861041725854
1.791759469228055,2.731272605411732
7.042286171939743,6.07220924397924
1.0986122886681098,2.7426831565454006
5.840641657373398,6.743857278721912
4.663439094112067,4.245803248227653
3.555348061489413,4.040305105416151
5.717027701406222,4.473663002571138
5.846438775057725,5.653732518680589
1.6094379124341005,2.6311478801020765
3.8501476017100575,4.16387961820227
0.0,2.5522033290963093
9.076237387452702,8.581634281554985
0.0,2.5863936655586146
0.0,2.6586474212061812
0.0,3.3576607496615045
1.3862943611198906,2.4986023833464905
3.58351893845611,3.7798920002255834
0.6931471805599453,2.5910103513498783
0.0,2.564232737599396
5.153291594497779,4.569647463009018
0.0,2.6097798974502693
0.0,2.620766782497732
1.0986122886681098,2.50954494109996
1.6094379124341005,2.6834582677055567
0.6931471805599453,2.50802636792284
6.306275286948016,5.797601094879795
2.70805020110221,2.9641326513236708
4.844187086458591,5.240329074492354
5.093750200806762,5.209331902688495
1.0986122886681098,2.6506316738480318
1.0986122886681098,3.1137436753937497
1.6094379124341005,2.48325732811969
4.418840607796598,6.098352312589182
7.374001859350161,7.598668216255568
0.0,2.4681750918672942
0.0,2.8347616271603338
0.0,2.607896838970926
1.0986122886681098,3.006707385649282
0.0,3.6184564429028803
0.0,2.4812001017867207
7.868636894184167,8.3145510848538
2.6390573296152584,2.666867310182827
0.0,2.5037113835854097
3.80666248977032,3.7105245938971954
2.3978952727983707,3.3224089381758577
7.518607216815252,8.126222067240883
1.3862943611198906,2.6261796808669575
5.030437921392435,3.996010185954875
3.1780538303479458,3.4980207243867625
2.4849066497880004,2.965037629888456
0.6931471805599453,2.6103212418127293
0.0,2.631650224507989
3.737669618283368,3.042486153276281
3.1780538303479458,2.7146785079956777
2.9444389791664403,2.916286357742253
4.68213122712422,4.234760769554654
7.888709524182015,7.072956351536314
0.0,2.818616055214486
0.0,2.925926477223653
3.4339872044851463,5.048165166912788
3.1780538303479458,3.844016328239537
1.0986122886681098,2.491739612791708
1.6094379124341005,2.7807327256884435
0.6931471805599453,2.5181297960207805
4.574710978503383,4.70665558868034
0.6931471805599453,2.5701473545722835
3.091042453358316,3.406005336815259
4.23410650459726,3.3775557302278085
1.0986122886681098,2.5345844686168126
3.7612001156935615,4.546940058979583
1.0986122886681098,2.57658866495961
6.190315405853148,6.157626955810554
2.19722457733622,2.7605035709591785
0.0,2.5690497852436986
0.0,3.0749293730813503
0.0,2.5543074214489927
7.107425474110705,6.929739007859173
0.0,2.580340214716031
4.219507705176107,3.788316098159052
2.833213344056216,3.52825279781718
2.6390573296152584,2.633866825635029
1.3862943611198906,3.1004719000740435
6.0867747269123065,6.019440813207404
1.0986122886681098,2.7440216035379175
0.0,2.646824818903642
1.0986122886681098,2.577905781791092
2.5649493574615367,2.971055600997796
3.218875824868201,3.2551315229103115
7.500529485395295,5.710962169851781
5.575949103146316,5.725129896398864
1.9459101490553128,2.8195547221750807
0.0,2.491639981301829
0.0,2.733755392534287
0.0,2.8126183013954633
5.666426688112432,4.745472150088073
4.882801922586371,4.095533880300526
4.23410650459726,3.977700511129866
3.80666248977032,4.116150239967872
2.5649493574615367,2.9782680962594066
5.746203190540153,7.8598810594832
0.6931471805599453,2.622587876619399
0.0,2.708411212217325
0.0,2.7087967076218407
7.068172000388042,6.613665942125146
5.003946305945459,4.402852414344579
3.610917912644224,3.704889328397082
1.6094379124341005,2.706355948809142
4.394449154672439,3.606536469756936
0.0,2.646541131075927
3.091042453358316,4.505709926213716
1.0986122886681098,2.958439052392406
1.0986122886681098,2.423694395024858
0.6931471805599453,2.6863865651982946
2.19722457733622,2.90482211213419
0.0,2.600847014876755
5.0369526024136295,3.9073575914987044
3.4657359027997265,3.7110594150706326
0.0,2.5931474240891683
0.0,2.6022909822155
4.532599493153256,4.839616213542406
4.02535169073515,4.443083424091887
0.0,2.6110882503081814
0.6931471805599453,2.654009085091251
1.0986122886681098,2.665175308598017
2.3978952727983707,3.014226348596504
0.0,2.655205298311618
5.948034989180646,6.174106814724658
0.0,2.5224711278154723
0.0,2.5153815815009475
0.0,2.7022084120692673
0.0,2.9426452683195325
2.079441541679836,3.5512521275954225
0.6931471805599453,2.49101311174558
0.0,2.5876786166040455
0.0,2.394190547427244
0.0,2.4851815062087113
0.0,2.665153095110591
0.0,2.6391417963732478
0.6931471805599453,2.6837118256828494
7.408530566894626,7.057614821559098
0.6931471805599453,2.7351494567551047
5.402677381872279,5.466488914225822
4.584967478670572,4.02988994861859
1.9459101490553128,2.5256807504062126
2.3978952727983707,2.8504179255698885
0.0,2.4168145988574854
0.0,2.7402078441232893
5.613128106388071,6.142616097063506
7.620214770574455,7.027741398247251
3.6635616461296463,3.958532794895131
0.0,2.8072403598606352
3.044522437723423,2.730818632209073
6.86484777797086,7.14233212240482
4.276666119016055,2.9407476649277413
2.19722457733622,3.104917603643482
0.0,2.530205143703686
2.6390573296152584,3.1838095099917028
1.9459101490553128,2.5843643341296993
1.6094379124341005,2.7242359967654584
0.0,2.617622582695352
7.60887062919126,6.922563774712616
7.004881989712859,5.414293980251844
7.80954132465341,6.97469381409543
2.3978952727983707,3.1220600013158046
4.04305126783455,3.4493247671249305
6.023447592961033,6.5632629650065715
4.204692619390966,2.803100962898851
1.9459101490553128,2.7208900007340655
0.6931471805599453,2.5558286832270865
0.0,2.7457307210452084
3.6635616461296463,3.6272223234733723
3.295836866004329,2.922344617784268
3.871201010907891,4.535348941143546
0.0,3.0171086356420638
1.3862943611198906,2.463100004645373
0.6931471805599453,2.6231060850055696
5.849324779946859,4.802006167969147
0.0,2.5166753917824014
9.013838751608397,7.519823112082186
0.0,2.631882372136377
0.6931471805599453,2.7677287010264684
2.302585092994046,3.0432085781541574
0.6931471805599453,2.7073749862345533
6.90975328164481,6.75514941535208
0.6931471805599453,3.1115563308037584
1.9459101490553128,2.6976715086728347
1.6094379124341005,2.754009220318602
0.0,2.5663794281274344
3.713572066704308,3.993453009518321
2.772588722239781,2.8269736790448023
6.008813185442595,6.031750162699784
8.855805992536562,8.08069822041435
0.0,2.582990735666135
1.6094379124341005,2.9783130034448724
4.290459441148391,4.24820800591261
2.079441541679836,3.218472881838977
4.770684624465665,3.9817002186888755
5.1647859739235145,6.283064885819234
0.0,2.4838984304268465
1.6094379124341005,2.74082169835874
9.169976605786628,8.31598660528071
0.0,2.615277699062802
8.244071270295786,7.719695224128345
1.3862943611198906,2.704482171750723
2.995732273553991,3.134857641464555
1.0986122886681098,2.686343956035957
3.6375861597263857,3.7324073161050615
4.574710978503383,4.660447803844222
1.6094379124341005,2.68764583633355
5.332718793265369,4.981825800749479
5.298317366548036,4.991078483668576
0.6931471805599453,2.782713347261956
2.833213344056216,3.1456985604139884
4.68213122712422,3.944682253955605
0.0,2.540248954009709
4.6443908991413725,4.2796476814059305
0.6931471805599453,2.709629339316035
1.3862943611198906,2.6825536359168574
1.6094379124341005,3.0585540575347534
0.0,2.450633696785216
1.0986122886681098,2.4944631949839957
0.0,2.5803894379513124
0.6931471805599453,2.5844456323567484
6.253828811575473,5.713387471057717
0.6931471805599453,2.56415143494601
1.6094379124341005,2.6930738266303473
0.0,2.456427139237921
9.169976605786628,8.073156427727302
1.3862943611198906,2.403999641078723
4.31748811353631,4.412157120390161
0.0,2.648499627570225
7.3938782901077555,6.936605841189809
3.332204510175204,3.1353549710914166
0.0,4.060661343847465
0.0,2.427496538457823
0.0,2.678584808763947
0.6931471805599453,2.925173223849623
4.330733340286331,5.3779164792652026
1.3862943611198906,2.4977821007996606
4.454347296253507,3.462446259061396
0.0,2.706427676991764
4.007333185232471,3.138018472286595
0.6931471805599453,2.6509206589820944
4.934473933130692,5.417806395183128
1.0986122886681098,2.528790316655378
0.0,2.539967770376067
0.0,2.577074513955344
0.0,2.6475181704510664
1.9459101490553128,2.7578817427438285
0.0,2.6687782529597848
4.143134726391533,4.398414989221966
0.0,2.4847849003871536
4.31748811353631,3.0733098494416056
1.791759469228055,2.6709025270750884
5.187385805840755,4.570216092077005
1.6094379124341005,2.528864703894697
0.0,2.697173938994721
2.19722457733622,2.82593003822115
5.068904202220232,4.312824842500758
5.247024072160486,5.624961083833642
0.0,2.504932576740013
2.079441541679836,2.721648940033061
1.6094379124341005,3.3693314267642878
0.0,2.8839647360899425
0.0,2.6220779942533112
2.6390573296152584,2.965089060352982
6.77078942390898,6.720052852114995
0.0,2.6578818321037687
0.0,2.6995942341906423
3.5263605246161616,3.3594430945940847
6.100318952020064,8.034868928936532
0.0,2.6841674206478503
0.0,2.491376715713182
2.302585092994046,2.9743160271151927
3.1354942159291497,2.875481966419998
8.448271745949816,8.519940994696276
3.6375861597263857,3.57971287044242
0.0,2.818036585251002
0.0,2.930608718688145
2.9444389791664403,2.7937238545435767
4.969813299576001,6.140038069662908
0.6931471805599453,2.592950721963257
0.0,2.5529922705580654
0.0,2.5817334750664394
1.0986122886681098,2.926335994648664
0.0,2.804190636194229
2.302585092994046,2.8702445015095726
1.6094379124341005,2.774181079278509
2.6390573296152584,3.0032451313475557
5.468060141135132,5.711930578713343
0.0,2.6908039115605344
3.258096538021482,3.286406220070277
0.0,2.60480420468617
2.4849066497880004,2.724638189269739
2.19722457733622,2.73249512863851
4.990432586778736,5.131452993874493
7.110696122978827,8.135307358024649
0.6931471805599453,2.866413807297405
3.367295829986474,3.3453856652549
5.823045895483019,5.881607467462621
3.8918202981106265,4.22997567908649
0.0,2.835219594839401
4.442651256490317,3.677042572146734
5.3471075307174685,4.728948911540665
1.0986122886681098,2.542844209241348
3.9889840465642745,4.6335220328235955
1.0986122886681098,2.6687803356964497
4.762173934797756,6.020245376521749
1.0986122886681098,2.6450585170753147
3.8501476017100575,3.3674105665808547
1.6094379124341005,2.821322431409869
7.602401335665818,7.8189062928046855
0.6931471805599453,2.5712601946016074
0.6931471805599453,2.5858404578971226
4.248495242049359,4.476162081978394
0.0,2.4873257840839345
9.169976605786628,8.821092005996446
6.983789965258135,6.523565646004244
1.791759469228055,3.16305106835755
3.1354942159291497,3.360222196709355
6.804614520062624,6.50128107087687
4.07753744390572,4.104042148929397
2.3978952727983707,3.212492608688817
0.0,2.5795788915900646
2.70805020110221,2.751412511347361
3.871201010907891,4.002353293447408
0.0,2.6087211443832197
3.688879454113936,3.6644134746330304
0.0,2.5307133033053493
0.6931471805599453,2.742441001424345
0.0,2.7540554215425397
5.231108616854587,5.369669359712588
0.0,2.6580248911617006
0.0,2.5254232398942627
0.0,2.716696415723778
7.436617265234227,7.433061406632058
0.0,2.6486807702897286
8.575462099540212,5.28071881810908
3.7612001156935615,3.8544245811216116
5.010635294096256,3.0507109955200815
5.056245805348308,5.097626069215678
4.77912349311153,3.863544926996616
3.367295829986474,3.6374099419190133
1.3862943611198906,2.7256994247418196
0.0,2.6690479390871817
6.263398262591624,7.0386334312889325
0.6931471805599453,2.533176094010629
0.0,2.4906120326074164
1.6094379124341005,3.3229342994592
0.0,2.4945540263592556
0.0,2.5932464349055504
0.6931471805599453,2.880230570864689
0.0,2.5258265248821714
1.3862943611198906,2.8340646820790423
0.0,2.5272025156445563
1.0986122886681098,2.752479996765818
4.836281906951478,4.974380162334482
5.993961427306569,5.592498446277636
0.0,2.6255023479329074
6.082218910376446,6.028316276852557
2.772588722239781,2.8271511455019995
0.6931471805599453,2.6364844622171706
0.0,2.618202295314208
3.713572066704308,3.3099672955144226
2.70805020110221,2.853894736935962
0.0,2.677674039254835
2.772588722239781,3.7265075735723103
0.0,2.7052919533129374
1.6094379124341005,2.6988324423364465
9.169976605786628,6.07448312646665
4.143134726391533,4.730002940812389
0.0,2.6000269617442053
5.575949103146316,6.268677298821428
2.079441541679836,2.7826561836674095
0.0,2.5410193940417862
1.0986122886681098,3.206585938242103
3.1354942159291497,3.204316133659001
0.0,2.763655421395311
5.556828061699537,4.372096266581663
0.6931471805599453,3.0627129936322
1.0986122886681098,3.0537822452423358
3.1354942159291497,3.023861082933724
3.258096538021482,3.0935172901533
6.481577129276431,5.760289843132197
1.3862943611198906,2.7149389837202387
0.0,2.6863909502464476
2.079441541679836,2.835934262080318
0.0,2.5747176259925753
5.673323267171493,4.924739781279798
0.0,2.5535019264976646
1.0986122886681098,2.4716342363178097
0.6931471805599453,2.6892156061360053
5.560681631015528,5.770041994642001
0.0,2.8839647360899425
4.007333185232471,3.157655594284545
0.6931471805599453,2.538124127836217
4.343805421853684,4.19921202328864
1.0986122886681098,2.7637318828289907
1.3862943611198906,2.897284991049299
0.6931471805599453,2.8028825410292266
0.6931471805599453,2.6998774744667857
4.04305126783455,3.719255248744546
0.0,2.5574896105895566
0.6931471805599453,2.586267020374926
1.3862943611198906,2.742071681382515
2.302585092994046,2.730963914631841
1.6094379124341005,2.537240957282845
0.0,2.662182605184891
4.624972813284271,3.9457438401043174
0.6931471805599453,2.4931324786218534
0.0,3.638324812099192
1.9459101490553128,3.0823073609163822
2.302585092994046,3.1377792870822905
4.007333185232471,3.561497480302596
6.257667587882639,6.204170929199909
2.6390573296152584,2.575201931314119
0.0,2.7416925841398596
0.6931471805599453,2.556394528508254
0.0,2.509300020643905
0.6931471805599453,2.5071875048720687
7.180069874302796,7.455954123951631
4.30406509320417,4.080551416745757
0.0,2.639085448385467
6.16541785423142,5.740297231547567
3.258096538021482,3.516739875663031
1.6094379124341005,2.675442471931409
1.9459101490553128,2.6889413573359575
6.171700597410915,6.516197107501823
1.3862943611198906,2.462445167048005
1.0986122886681098,2.7869845919793064
3.295836866004329,3.3630827754630492
0.6931471805599453,2.545025644126796
0.0,2.7058128132399317
7.116394144093465,7.0068789744827
0.0,3.0800656066605097
0.6931471805599453,2.4373114510042737
3.5263605246161616,3.403243633983996
1.6094379124341005,2.5501880627346183
2.6390573296152584,2.8335410567926296
1.6094379124341005,2.9909359541319436
2.079441541679836,2.825368009995829
0.0,2.804039153477786
1.9459101490553128,2.5138002595855293
1.3862943611198906,2.654227029158658
0.0,2.6630223504432204
1.6094379124341005,2.9347651097999443
5.583496308781699,5.539845029114754
5.525452939131784,5.6715000094839585
0.6931471805599453,3.2127300388473996
0.6931471805599453,2.6256835260317346
2.3978952727983707,2.541813694289513
1.0986122886681098,2.6627398954872095
6.759255270663693,5.985768313744685
3.367295829986474,3.386854301289299
0.6931471805599453,2.6055179652686613
0.0,2.5296176996432096
1.3862943611198906,2.841850544739407
5.556828061699537,5.492569463304331
0.0,2.8024231611110384
2.995732273553991,3.064533525997995
5.14166355650266,4.718752149961046
2.772588722239781,2.467735388479047
0.0,2.6560796021541218
2.302585092994046,2.635291430141863
0.0,3.1233669236475885
0.0,3.3547449532081144
2.70805020110221,2.7024709666238356
0.0,2.6723237900310837
0.0,2.6377383081543093
1.9459101490553128,2.530987285259058
1.0986122886681098,2.827138310952576
3.295836866004329,2.7407590046262964
0.0,2.5789329266306122
5.135798437050262,5.467610024972244
2.19722457733622,3.2766661017474132
0.6931471805599453,2.6951516005996767
3.4657359027997265,3.817233619485258
0.0,2.5793541099730164
0.0,2.576053835729101
6.602587892189336,5.429253952915119
1.0986122886681098,2.680312483567828
0.0,2.9095525358094623
0.0,2.5833578604969585
3.044522437723423,3.3932774163209234
1.791759469228055,3.653154097047703
0.0,2.617348870483229
0.6931471805599453,2.79458577924684
2.5649493574615367,2.6489875898904134
3.8918202981106265,4.09794934493763
1.0986122886681098,2.6820329268673686
0.0,2.7819777511034425
3.58351893845611,3.878761247799491
2.772588722239781,2.8181676165445704
0.0,2.731224421275716
1.9459101490553128,2.883176293960891
0.0,2.6064903502848606
1.0986122886681098,2.4885949865301185
4.532599493153256,4.636116402497942
5.087596335232384,4.273039796741238
6.813444599510896,5.51864373837042
0.6931471805599453,2.7934851866901527
1.3862943611198906,2.5686057411375285
2.079441541679836,2.7279128893421762
0.0,2.5739252281059124
1.3862943611198906,2.7776982738952896
2.4849066497880004,2.6338052006239288
7.045776576879511,7.586733435265681
3.737669618283368,3.9246976496933215
0.0,2.9978656755941406
4.3694478524670215,4.977268353407988
5.375278407684165,5.889140992025661
0.0,2.6007665343217945
1.0986122886681098,2.6255070274160115
0.0,2.516016044686763
2.5649493574615367,2.8746711303931503
4.3694478524670215,4.345469794087651
0.6931471805599453,2.682856720185184
1.0986122886681098,2.6101300143710437
1.0986122886681098,2.60222606997359
1.6094379124341005,3.5074327474699913
1.791759469228055,3.022741352596437
7.597897950521784,7.207727346533524
0.0,2.536953975319413
1.3862943611198906,2.591123973656931
1.0986122886681098,2.6706022539092293
3.091042453358316,4.429218724522681
1.9459101490553128,2.7009092041521434
1.6094379124341005,2.479138196920691
7.906915488678587,7.9236581627733225
0.0,6.130515924592813
2.302585092994046,2.608179859082247
0.0,2.568456891294409
2.70805020110221,2.8974520408112983
2.302585092994046,2.945377659199037
3.4657359027997265,2.832745503113339
4.624972813284271,4.13441598663534
4.007333185232471,3.941219451385444
0.0,2.71898369078037
3.9889840465642745,4.5886929060288155
0.0,2.6411090386139433
3.737669618283368,3.6792137292350993
1.0986122886681098,2.5371169309104853
0.0,2.4947862912746332
0.0,2.699334403260135
3.258096538021482,3.277917854068501
2.4849066497880004,2.747212795381021
0.0,2.8839647360899425
2.995732273553991,3.062014822759449
0.0,2.4519103400370135
1.791759469228055,2.598523857258229
5.153291594497779,5.033217324985109
8.77770959579525,6.602465998488892
0.0,2.6577025364922986
0.0,2.581264687384101
0.0,2.5761146113061413
0.0,2.5442498272552116
0.6931471805599453,2.5802272260926107
0.6931471805599453,2.589226621202376
2.9444389791664403,3.180781677353845
0.0,2.7202845874035195
2.079441541679836,2.473366891464026
2.8903717578961645,3.110432106702615
0.0,2.640892376099194
1.9459101490553128,2.551729325224735
1.0986122886681098,2.6062797186794846
0.0,2.622501619207777
0.0,2.7095615816280962
1.6094379124341005,2.5804259794052604
2.70805020110221,2.6363151529679683
0.0,2.7093169413549756
0.0,2.504415843101766
4.499809670330265,4.1747587825382855
0.6931471805599453,2.4580237744900106
0.0,2.5852822649204317
3.044522437723423,2.6462139713735238
1.3862943611198906,2.599211176546162
0.0,2.485349079007351
4.477336814478207,3.1888479392069984
0.0,2.7957996855598704
9.169976605786628,8.793986428997185
3.218875824868201,2.6947923944969454
1.0986122886681098,2.4901965884395607
0.0,2.7035161032370456
3.970291913552122,4.545756543665168
0.6931471805599453,2.945324759378984
1.6094379124341005,2.7150294852689747
3.332204510175204,2.8835577499354406
5.921578419643816,5.687299008749747
0.0,2.546809270328695
0.0,2.4858473205429283
1.6094379124341005,2.8419275718534145
0.6931471805599453,2.490553224963972
1.0986122886681098,2.7158204277002356
0.0,3.1143053152762663
0.0,2.8031129053032373
4.276666119016055,4.3386819274986435
0.6931471805599453,2.5757558093963175
0.0,2.669446824333079
3.4339872044851463,3.327417567554237
6.8966943316227125,7.427919679494012
3.9318256327243257,4.1354240640560445
6.333279628139691,6.630622323259972
5.926926025970411,6.389424173114325
2.19722457733622,2.7104518192022886
0.0,2.5392302651452034
3.58351893845611,3.0765663330542696
0.0,2.9376187703888457
0.6931471805599453,2.609961319237281
0.0,2.545952711766045
0.0,2.5437138058951705
5.733341276897746,6.612780085590137
1.0986122886681098,2.4565279083266445
0.0,2.6394678317265097
0.0,2.591688210577692
0.0,2.4202227477789924
6.7580945044277305,6.001283679896237
0.6931471805599453,2.5824284262702637
0.0,2.5977917683333622
1.0986122886681098,2.6316250702578015
2.772588722239781,3.338204213746897
0.0,2.81936792772496
5.187385805840755,5.557985323863555
2.5649493574615367,3.1269266909693805
2.302585092994046,2.8140114984514835
2.5649493574615367,2.9483720123492083
0.0,2.657924634782559
5.081404364984463,4.579123425438321
3.871201010907891,4.258947014377021
1.791759469228055,3.0323054073920233
3.7612001156935615,3.915022552214723
4.31748811353631,5.377894580225292
0.6931471805599453,2.67835184481805
8.32093496888341,7.870818887080371
1.3862943611198906,2.518513354245276
2.302585092994046,3.0779939954799214
0.0,2.7304633429716927
4.30406509320417,3.748078613839202
0.6931471805599453,2.6727707118277406
0.0,2.5855037917916364
0.0,2.6744397450255053
2.9444389791664403,2.905976983765373
3.218875824868201,3.1807286224188402
0.0,2.9497684958711257
1.6094379124341005,3.037969880371718
0.0,2.6340284782665284
0.6931471805599453,2.967484387373519
3.951243718581428,4.198435568243178
1.791759469228055,2.5400388866155827
1.6094379124341005,2.561425619490094
8.126222529458525,7.699308494231726
0.0,2.560688532470563
1.3862943611198906,2.627305286887471
0.0,2.748194510439073
5.204006687076795,5.821446597842075
3.828641396489095,3.9067763712951233
0.6931471805599453,2.518186115187994
3.8918202981106265,4.474181640825628
2.833213344056216,3.2688165473997386
1.6094379124341005,2.4722547487202053
1.6094379124341005,2.6961724446182704
1.3862943611198906,2.653359452348633
7.020190708311925,6.445067020506229
4.709530201312334,4.4104824574347825
3.9318256327243257,4.067745803090644
7.7501841622578365,7.780806383386423
2.302585092994046,2.777766794919543
2.772588722239781,3.640011058487806
2.833213344056216,2.6487485836296183
0.6931471805599453,2.9566160295964163
7.425357887027151,6.68416051152796
0.6931471805599453,2.4893059386594802
3.80666248977032,3.329500815445611
1.0986122886681098,2.8318170755613665
0.6931471805599453,2.4763604655885536
0.0,2.7868658525275283
0.6931471805599453,2.76106649530749
1.3862943611198906,2.4566406761583375
0.6931471805599453,2.5240339243862864
1.6094379124341005,2.577039008826585
0.6931471805599453,2.6032036690898037
4.248495242049359,3.348622813712797
0.0,2.8441649280064976
1.0986122886681098,2.5223386552409974
3.49650756146648,3.6065738116191293
1.6094379124341005,2.4802264094825133
2.302585092994046,2.6400030056648562
1.0986122886681098,2.470598978118919
4.290459441148391,4.37488901883728
0.6931471805599453,2.541656886489854
1.0986122886681098,2.5942843964000057
4.158883083359672,3.841569432276375
8.570165076182343,5.546571730914242
7.018401799069201,6.211008481050723
0.0,2.641254518483864
0.0,2.97549502605572
2.3978952727983707,2.615504273580548
9.169976605786628,4.362437009892146
1.791759469228055,3.4057933084069485
2.19722457733622,2.6499054303481624
1.6094379124341005,2.851586636762684
5.968707559985366,6.037191945118153
1.791759469228055,2.858956443410519
0.0,4.845285595061991
2.302585092994046,2.9975458420582224
1.791759469228055,2.701267455768894
0.0,2.4246424868620573
3.4011973816621555,3.9671904897404957
1.0986122886681098,2.7501316668828784
0.0,2.736223713543761
0.0,2.565582343686293
2.302585092994046,2.712011799633441
1.6094379124341005,2.585047181472101
0.0,2.7403014112648476
4.143134726391533,4.422487119394929
1.6094379124341005,2.805581685420261
2.079441541679836,2.708601223336852
3.688879454113936,3.561935739587838
3.1780538303479458,3.2285699299884265
2.8903717578961645,3.2945376744672474
4.962844630259907,4.942171695184187
2.302585092994046,2.809539304082475
8.449128460502108,7.568319238602163
0.0,2.7097666369982116
1.3862943611198906,3.147276933956974
3.610917912644224,3.242454926167161
7.407924322559599,6.6455341544745545
0.0,2.7195028681976257
3.332204510175204,3.602906297356335
0.0,2.957046819789558
0.6931471805599453,2.545836421842843
1.3862943611198906,2.637512455448927
2.302585092994046,2.74659069721865
7.554334823725748,7.047950295475429
2.4849066497880004,2.5664172380405685
1.6094379124341005,2.8758392841657034
0.0,2.5696156524498517
0.6931471805599453,2.487585098251227
8.575650760987806,8.350102143044543
5.700443573390687,5.4318016897660835
2.079441541679836,2.999500960604211
1.3862943611198906,2.650895559641854
3.367295829986474,3.445466793321984
4.718498871295094,4.544666671596272
7.655864017616056,6.22323866028674
2.833213344056216,3.188986832932093
0.6931471805599453,2.637869156794358
0.0,2.6257438584047463
1.6094379124341005,2.7678200221753317
3.091042453358316,3.7196389223371327
0.0,2.6137189177995577
1.6094379124341005,3.008984151749845
1.0986122886681098,2.472086104375918
0.6931471805599453,2.490982040620444
0.0,2.6010129120318317
4.07753744390572,4.0217471159989024
5.356586274672012,5.938213912139587
5.0369526024136295,5.937009021210054
0.0,2.497584299779631
0.0,2.9501813956401985
2.833213344056216,2.8963295128130797
5.438079308923196,5.968307656672552
0.6931471805599453,2.6195961200765847
5.87493073085203,7.033946245315042
5.762051382780177,5.831655527374943
3.970291913552122,4.230950987051545
2.5649493574615367,2.9407254231305227
6.333279628139691,6.003712440723689
0.6931471805599453,2.592681591084141
0.0,3.112690706397827
