quantity_sold_ground_truth,quantity_sold_predicted
3.218875824868201,3.2490375436579777
0.0,0.2006645893140522
1.791759469228055,3.423292258293006
3.4657359027997265,3.7577722746298807
0.0,0.39488801409021795
6.156978985585555,5.817489968355781
3.1354942159291497,2.749784876749744
0.0,0.27176705531542916
0.0,0.20059746552407245
3.5263605246161616,3.9767771826687763
0.6931471805599453,2.4533723350076415
3.1780538303479458,4.003942102307236
0.6931471805599453,2.120347146361266
0.0,0.4669887870241886
3.58351893845611,3.861943045416253
0.0,0.23140085288494056
7.106606137727303,6.3112790785919
1.6094379124341005,0.19122792942019837
3.7612001156935615,3.649614250047819
0.0,0.4171714305655484
0.0,0.3206295449244014
2.302585092994046,1.114398628302936
6.92951677076365,7.218405945004251
2.5649493574615367,2.6407175699016876
9.169976605786628,8.564538916295698
9.169976605786628,6.987298875340037
0.0,0.199207920017039
0.6931471805599453,0.5561721208432104
0.0,0.20112657981396742
0.0,0.9774236134845791
0.0,0.2552150962900297
4.110873864173311,3.90952032294896
0.6931471805599453,1.6005697148225904
0.0,0.2924031568606039
3.332204510175204,3.4879619098892154
2.079441541679836,1.4002803572999456
3.9318256327243257,4.12145317759885
2.5649493574615367,4.410799052947894
4.07753744390572,4.029361772619265
0.6931471805599453,1.2863133447638941
0.0,0.5511757942160431
0.6931471805599453,0.14516945267542877
1.791759469228055,1.2921653855410395
4.727387818712341,4.64053554003664
7.538494999413465,7.168230708087067
2.6390573296152584,2.2297391380012224
1.3862943611198906,0.4670699203169246
1.3862943611198906,0.33817377960464584
0.0,1.403470159287602
0.0,0.2951832757617059
0.0,0.18493377392931942
6.16541785423142,6.231377447817781
6.8001700683022,7.260142872694718
0.0,0.14131503301230497
9.169976605786628,7.542673859901731
4.394449154672439,4.4843926527201345
5.062595033026967,4.931857043585593
0.0,0.8312024458950135
1.3862943611198906,2.3746358291278464
2.19722457733622,1.9289124685316097
5.7745515455444085,5.241234331581833
1.0986122886681098,2.366492047322196
0.0,0.1991696517413195
0.0,0.37893532738338853
0.0,0.18873356202281863
3.4011973816621555,2.9713334796346578
7.797291273547472,7.611582428929093
0.0,1.5519157964456538
4.3694478524670215,3.707989047715722
0.0,0.30824537402294694
5.356586274672012,5.61239274782822
5.484796933490655,5.134507912843811
4.882801922586371,4.929073516558803
3.332204510175204,2.896598030233052
1.9459101490553128,1.8926225647039456
3.218875824868201,3.2666766767120863
0.6931471805599453,0.6994841389086025
0.0,0.1998546379731696
1.9459101490553128,4.0325674918141114
2.302585092994046,2.44357403695114
0.6931471805599453,0.6536285361419745
6.943122422819428,6.862117572803169
5.3230099791384085,6.71342880630941
0.6931471805599453,0.9051646483981051
0.6931471805599453,1.492013659010099
5.068904202220232,4.8808401367759595
5.950642552587727,6.205213134318554
5.327876168789581,4.822305276910677
2.8903717578961645,2.2627389752580602
0.0,0.2580681399860951
1.791759469228055,1.48894040084852
2.19722457733622,1.7876558578605695
9.169976605786628,9.06988017691427
2.9444389791664403,2.5973226176288677
0.0,0.23846834080589302
0.0,3.9115241792261304
4.74493212836325,3.3145577079087527
2.6390573296152584,3.2652669805245735
2.833213344056216,2.214132291489303
3.4657359027997265,3.0581596537241182
2.3978952727983707,2.495907502852935
1.9459101490553128,1.5213030148710107
3.5263605246161616,3.4310187569543826
2.4849066497880004,0.7280001955699079
6.2166061010848646,5.612952583638895
0.0,0.1759266136444195
3.871201010907891,4.513829739347519
1.3862943611198906,1.6709953497796692
3.912023005428146,4.4324536512588875
0.6931471805599453,0.47679368814650996
2.079441541679836,1.0745072237130928
4.3694478524670215,4.458828932436294
0.0,0.4657641881283925
4.74493212836325,4.886059264528319
2.3978952727983707,0.2526361272514361
1.791759469228055,1.9192003678069975
0.6931471805599453,1.292933203733402
1.6094379124341005,1.3475579931378432
3.555348061489413,3.5012982869913025
0.0,0.2880079590282335
0.0,0.3327727596938161
6.137727054086234,7.062607384905488
1.3862943611198906,2.482223728836485
2.5649493574615367,2.9207436172372607
2.8903717578961645,2.664731974977684
0.6931471805599453,0.4589961738616976
0.0,0.18818238031737905
5.075173815233827,5.358732454475524
0.0,0.254873562230583
0.6931471805599453,2.2240307307818963
2.772588722239781,2.52245041332748
0.6931471805599453,0.5619102166334549
1.6094379124341005,1.4986193891600537
2.8903717578961645,3.404485399717752
0.0,0.5962893558817252
0.0,0.26606559742357666
1.0986122886681098,0.3877136700469075
3.610917912644224,2.0307322530485563
4.143134726391533,3.7947708764905865
0.0,0.16497662220679749
0.0,0.6737162676487178
1.0986122886681098,1.0030004305864346
0.0,0.06915438619730596
4.672828834461906,5.009389263878245
1.791759469228055,1.890681929257689
4.060443010546419,4.1221279172772585
0.6931471805599453,2.4697982581366245
6.173786103901937,4.7208316080742
3.4011973816621555,3.726274606330759
0.0,1.1898770113100212
4.820281565605037,4.192002060298603
1.0986122886681098,1.402651262178393
0.0,0.22358852818144956
6.049733455231958,6.241220008209531
0.0,1.367926383898313
1.6094379124341005,2.8101211871312697
0.0,1.497072953097596
0.0,0.318908557055425
5.0238805208462765,5.196018333624275
1.791759469228055,2.0539582175102296
0.0,0.2600653013845243
0.6931471805599453,0.61346158312906
3.295836866004329,4.206918053225595
0.0,0.15484965136302387
2.5649493574615367,2.1088371886657153
0.0,0.20128242569665655
0.0,0.5984269004728215
0.0,1.119248242278705
5.771441123130016,5.951316425324555
0.0,0.42299538806125275
1.3862943611198906,1.2797567548174578
3.80666248977032,3.76739672647662
1.6094379124341005,1.9400984191372672
1.0986122886681098,2.5978068865860418
2.3978952727983707,2.256198083525407
3.1354942159291497,3.8462747761117537
0.0,0.22526500804052146
0.6931471805599453,1.5589033384513749
0.0,0.1613379683458216
5.278114659230517,5.69428824494
0.0,0.19384535841071582
1.3862943611198906,1.5128706382870027
0.0,0.6156794993216103
3.555348061489413,1.7436994299239372
1.9459101490553128,2.0066367060480492
3.4657359027997265,3.795107861795849
1.3862943611198906,1.822911985952695
2.19722457733622,1.4799664213406214
0.0,0.839033565260009
1.3862943611198906,0.7000729297953893
3.218875824868201,4.044611966274486
2.19722457733622,2.891289727369086
2.8903717578961645,3.2955023020043033
0.0,0.3562122630732381
2.079441541679836,2.9952784366932805
4.7535901911063645,4.299634357083773
0.0,0.25063355618388383
0.0,0.28604338329305606
3.091042453358316,2.8373526927100237
2.772588722239781,3.2943677072406072
4.663439094112067,3.4866377769785677
0.0,0.19178637013941258
3.871201010907891,2.450320702585768
4.962844630259907,5.304508803388079
1.791759469228055,2.093499336707578
2.19722457733622,2.3915874317646324
0.6931471805599453,0.21167592499686377
4.68213122712422,4.016533316466046
0.6931471805599453,0.20884044289167247
3.6635616461296463,3.130940599687618
2.079441541679836,2.8772427965098277
0.0,0.3002400280416375
1.3862943611198906,1.6309471022376072
0.0,0.21579013845630954
0.0,0.49838134286906816
0.0,0.5659526258412393
3.1354942159291497,4.888042008444538
1.791759469228055,2.9857628356407693
2.079441541679836,1.431662593902265
5.958424693029782,6.149813210824532
2.302585092994046,0.966011208931031
5.855071922202427,5.689977939607565
0.0,0.19649430908463153
0.0,0.1871559448274899
0.0,0.19015286914948273
2.772588722239781,2.5780382260844164
1.791759469228055,2.1840994579422426
0.0,0.22487953247948694
0.0,0.7551124006581896
1.6094379124341005,2.6479747654491432
3.044522437723423,2.5680259180999543
0.0,0.18602600171694275
0.0,0.16406423910075252
3.970291913552122,3.315827006671544
1.9459101490553128,2.773366447388588
1.791759469228055,1.4472775357898913
0.0,0.19346385641397099
0.6931471805599453,2.461305148324446
2.9444389791664403,2.2704338086306004
0.0,0.32141018103550917
3.367295829986474,2.4031066451577865
1.3862943611198906,0.6325004156979543
5.739792912179234,6.404135101186843
4.248495242049359,4.134560083428447
1.6094379124341005,2.2911134218598037
5.488937726156687,5.052021834399692
1.6094379124341005,2.3171188591399745
2.833213344056216,3.160316020353603
7.554334823725748,7.414897050858914
0.0,0.5630192420208783
5.14166355650266,4.40047964197974
4.007333185232471,3.9770009959711916
1.9459101490553128,2.6802552462716958
0.0,0.9146172076031874
1.3862943611198906,1.6690286218391064
7.269616749608169,6.942514798461189
1.791759469228055,1.9503029752352035
1.0986122886681098,1.5436432728166543
0.6931471805599453,0.39517076718331673
1.0986122886681098,1.4653067431220734
0.0,0.16114557758839854
6.124683390894205,5.7035664739960605
2.6390573296152584,2.926340432277232
3.8501476017100575,4.322046238391728
7.422373700986824,7.330577988973683
4.912654885736052,6.584383162120652
4.7535901911063645,5.761247503232661
0.6931471805599453,0.1843062636161005
0.0,0.1947764673747802
2.5649493574615367,2.9283789731481464
0.0,0.17982210622111572
1.3862943611198906,1.9160057738722802
4.23410650459726,4.343697882620488
3.218875824868201,4.091753152716014
1.3862943611198906,0.4419398856363524
6.115892125483034,6.936780256602062
6.77078942390898,5.530111107628964
1.791759469228055,2.458354658939719
2.3978952727983707,2.105172193218137
0.0,0.19872557971908855
4.770684624465665,3.324574540384894
0.0,0.19607553645835252
2.70805020110221,2.5202027282745725
6.035481432524756,6.191549843458545
7.697121317282625,6.588835694697188
4.174387269895637,3.9058060536050796
5.389071729816501,4.9264932193414825
4.59511985013459,3.7463070856981435
9.169976605786628,8.101478368803736
7.307872780763706,7.065704900755369
4.663439094112067,5.0680335996518675
6.228511003591184,5.647064221335352
0.0,0.605224067065756
0.0,0.3572815328539346
0.0,0.4161128215862685
1.0986122886681098,1.9953756541881846
3.49650756146648,4.20197386732415
4.584967478670572,2.8594302794506277
0.0,0.2007476337613787
0.0,0.23652536317282016
2.5649493574615367,2.0512858555604025
1.3862943611198906,0.9537879624552913
0.6931471805599453,0.6490245855416636
5.459585514144159,5.565628910094927
0.0,0.3029581008380806
4.143134726391533,4.10508997627906
2.9444389791664403,2.787406921986376
3.9318256327243257,3.4211907771704033
0.0,0.6762355189960738
0.0,1.572877199850718
1.0986122886681098,0.3202670709792961
3.9889840465642745,3.747226071156086
7.907651594711089,7.871649541777479
6.641182169740591,4.865316040866564
1.0986122886681098,0.936413699690513
3.80666248977032,4.44665380275398
7.748028524432376,8.411365938307796
4.442651256490317,4.713812425320986
2.4849066497880004,2.467405564677654
0.6931471805599453,0.8619398368453667
0.0,0.19405652237903692
5.916202062607435,4.778276128403771
2.833213344056216,1.8811994580523828
0.0,0.18518095650141872
2.19722457733622,2.5272033176931052
2.70805020110221,3.1528010868039242
0.0,0.3025580710672626
2.70805020110221,3.852717117846034
0.0,0.27480648750088515
4.356708826689592,4.84917921510963
3.9889840465642745,3.834929829859176
0.0,1.8575719501377739
1.0986122886681098,0.23104679067057535
4.709530201312334,4.1639972020538245
2.3978952727983707,2.510355151732444
0.0,2.13114138356088
0.0,0.3140436667712007
0.6931471805599453,0.4901873078057933
0.0,0.31178752741662547
6.171700597410915,5.858626504742132
5.53338948872752,5.07036113483908
4.812184355372417,3.571257364994773
0.0,0.6265425802803068
5.068904202220232,5.424376293617277
5.2832037287379885,4.582643183222643
4.110873864173311,3.2193031892212316
0.6931471805599453,0.4638204108774566
3.951243718581428,4.373614248887793
5.7745515455444085,5.673178331592118
1.0986122886681098,0.9550833710256836
2.19722457733622,2.0246603884492944
0.6931471805599453,2.0414725414912582
4.02535169073515,4.303186907121821
0.0,0.15444705563938416
1.6094379124341005,2.882180122426526
2.772588722239781,3.38200095940306
4.382026634673881,4.215922501805005
1.0986122886681098,2.5791570456994557
0.0,1.3298794263319522
0.6931471805599453,0.36746640999875907
0.0,0.6868503523093238
6.20455776256869,4.586824499206763
0.0,2.130156893575395
0.6931471805599453,0.3055102236551421
4.330733340286331,3.789637523944773
1.9459101490553128,2.8738350529944174
0.0,0.7728078097074158
2.5649493574615367,2.6961720600318717
0.6931471805599453,0.49872604851803765
4.859812404361672,4.90273149108892
3.295836866004329,3.9724482583552736
3.1354942159291497,2.899338186453444
2.079441541679836,2.396851567553158
0.0,0.16549742075467264
1.3862943611198906,0.2707962014862009
2.4849066497880004,2.383980980618189
3.6375861597263857,1.7168539496256716
0.6931471805599453,0.34649560291653514
5.476463551931511,5.222097075463824
4.382026634673881,4.842292598349224
1.6094379124341005,0.35687047728466914
0.0,0.5666463016403471
2.4849066497880004,2.548149552075218
1.0986122886681098,0.24766880624981996
0.0,0.9162198085500644
2.19722457733622,2.1471506670671894
2.3978952727983707,3.169346464267907
0.0,1.185299435927679
2.302585092994046,1.6500609865400926
0.0,2.1524679903714734
2.302585092994046,1.9686966439173237
2.6390573296152584,2.4477993665139177
5.926926025970411,6.049041058660906
0.0,0.4326690323051627
2.5649493574615367,2.474061971637319
0.6931471805599453,0.9300081171458295
2.5649493574615367,2.8097207283412597
0.6931471805599453,2.1798172250650025
0.0,0.1734244720642966
1.3862943611198906,1.6963769152643118
2.3978952727983707,2.950370589528436
7.781973234434385,6.880867143224377
1.3862943611198906,2.564094678790011
2.4849066497880004,2.630842393279049
5.1647859739235145,4.772402213000364
5.272999558563747,4.92089761167719
1.791759469228055,1.1197321636588589
0.0,0.19650839299058154
2.772588722239781,3.8229895923183426
1.791759469228055,3.5088066252626238
3.258096538021482,3.9875773918029203
3.332204510175204,3.00153258068559
2.772588722239781,2.4460724351458643
0.6931471805599453,0.18141589918719886
3.951243718581428,3.0060289361270693
1.0986122886681098,1.8419503036546465
3.295836866004329,3.2081513054180584
3.6635616461296463,3.226583878649215
0.0,1.3968678032543353
3.871201010907891,4.279166765991193
0.0,0.32703052802001537
0.0,0.5036254316797338
0.6931471805599453,1.5273752006225578
0.0,0.20241496297687192
0.6931471805599453,0.8114925512353806
7.747596838692885,7.300693414665945
1.3862943611198906,1.6773242881709969
1.9459101490553128,1.2675339889003638
0.0,0.8657683140965583
1.3862943611198906,1.445739525622754
2.995732273553991,2.7361432879364016
3.044522437723423,3.253562023333999
5.056245805348308,6.160232139672847
0.0,0.2653952873518074
5.513428746164983,5.461318948785512
1.3862943611198906,3.187112349926894
4.700480365792417,5.099621340107174
1.3862943611198906,0.9284704047266373
0.0,0.2557475898448865
1.791759469228055,2.832614338399864
3.610917912644224,4.300908242445626
0.6931471805599453,0.23727453018975486
0.0,0.3066661182128584
2.302585092994046,2.742494892990317
0.0,0.7238907262771532
4.262679877041316,4.881344077658017
4.430816798843313,4.350155122134782
5.455321115357702,5.995294063222931
2.70805020110221,3.3401148652570187
0.6931471805599453,0.3380581175081985
0.0,0.8732944674882037
5.1647859739235145,5.2673403568951445
0.0,1.1514931352290854
0.0,0.3659300860324777
3.218875824868201,3.452431475739141
1.9459101490553128,2.2806565409539754
1.0986122886681098,1.0068574176349727
2.4849066497880004,2.241282818145128
5.613128106388071,5.915986737411739
0.0,0.5256745593688642
0.6931471805599453,0.6344143426476683
0.0,0.18413306627174197
0.0,0.2360359327149928
0.0,0.3346306619736637
0.0,0.14852399521911064
3.091042453358316,2.6290527643263233
2.079441541679836,2.687714005396262
0.0,0.6198648733650418
0.0,0.15729090837690382
3.737669618283368,3.0480980056686175
0.0,0.3982263718464128
4.672828834461906,3.8151096708324426
3.784189633918261,3.814757090867321
2.833213344056216,2.345911763978751
1.9459101490553128,2.151189444660819
0.0,0.29997558463474217
4.007333185232471,3.9212224348162983
1.9459101490553128,1.6304141645045775
0.0,0.9560825877192726
0.6931471805599453,1.6466886884074208
1.6094379124341005,1.9279183502961532
1.0986122886681098,1.6448465995956267
0.0,0.1875081290430152
0.6931471805599453,1.6163525122895073
2.19722457733622,1.3116606206316712
0.6931471805599453,2.1987527659441994
2.3978952727983707,2.387640532464813
5.0369526024136295,4.772198636594646
0.0,0.7997148376882527
0.0,0.26208137245176155
0.6931471805599453,2.1888533429062766
1.0986122886681098,1.0525367652390125
0.0,0.6899602262057319
2.302585092994046,2.1803460740315015
2.772588722239781,2.859695339342784
2.5649493574615367,2.506782042318404
2.833213344056216,2.1236599119103956
2.4849066497880004,1.7338838079702965
3.4339872044851463,3.2533403990021763
3.58351893845611,3.723075681242341
6.1092475827643655,6.594084077252633
5.66988092298052,5.871825041476624
0.0,0.35297522783905694
2.772588722239781,2.5933081757068552
0.0,0.16566938114256666
1.9459101490553128,2.812077593578191
1.791759469228055,1.7113268486112378
1.0986122886681098,1.2509577965644856
0.0,0.19430590514602294
0.6931471805599453,2.1519113986877207
3.713572066704308,4.048570116269777
0.0,0.6874233168909897
8.439880088313567,8.434173837192306
3.8501476017100575,5.212615886408414
4.07753744390572,4.709406618782536
0.6931471805599453,0.46262272735444393
1.9459101490553128,2.7309645481730676
2.4849066497880004,2.124149922578508
7.080867896690782,6.2422150100530915
5.429345628954441,5.20380174006466
0.0,0.3965206413637945
0.0,0.5778028631696573
0.6931471805599453,0.3048710847216222
0.0,0.2458678603163962
0.0,1.027918133154393
0.0,0.23022078271208016
6.084499413075172,5.734135527612505
0.6931471805599453,0.755054169144324
0.0,0.21317749100423508
2.4849066497880004,3.10849325184882
1.0986122886681098,1.817509570003176
0.0,0.1513340167118746
2.70805020110221,3.341740297565726
0.0,0.1992669300413492
7.606387389772652,7.388991114656542
1.791759469228055,0.9515464675612286
0.0,0.18007698126175498
0.0,1.6420496504278494
3.8918202981106265,3.0590663733426164
3.6375861597263857,4.622055061903323
1.3862943611198906,2.3108474159180052
9.169976605786628,6.837762433492412
0.0,0.21985140299031508
0.0,0.23200457613842213
1.6094379124341005,1.4549212753143863
4.663439094112067,5.1811449311582605
1.6094379124341005,2.15546078132372
1.0986122886681098,1.520003560672341
2.772588722239781,3.343044635591678
0.0,0.2551068233895074
6.077642243349034,6.432385370403924
6.635946555686647,6.0501151691476505
0.6931471805599453,1.6419281342005931
2.302585092994046,1.4295514953487332
9.169976605786628,7.05168470253727
4.04305126783455,3.586585127258802
0.0,0.19074238667085686
3.713572066704308,2.9133982491576407
2.4849066497880004,2.270362493012516
2.19722457733622,2.3532989716985715
2.3978952727983707,2.5885943667669578
0.0,0.23416298085513057
0.6931471805599453,0.2577336346866294
2.19722457733622,1.7187936910321857
5.123963979403259,4.380767574148608
2.772588722239781,2.900301119514911
0.0,0.6114517296250384
0.0,0.19888406619100873
0.0,1.7791715777408457
5.501258210544727,5.136097758286583
3.295836866004329,2.8283075015477843
0.0,0.15370971453842075
0.0,2.63698446467881
0.0,0.3013756211003765
0.0,0.1522686574559906
2.4849066497880004,2.218326568742392
4.430816798843313,4.371678153835343
0.6931471805599453,1.7417441232986168
0.0,0.20234458146045403
0.6931471805599453,0.4917317990906813
2.4849066497880004,4.160622662082342
2.8903717578961645,3.531975609422421
1.0986122886681098,1.6916341191407873
0.0,0.5861306106572279
6.956545443151569,6.601249426663534
3.7612001156935615,5.204177564935648
1.6094379124341005,0.4899729084905451
3.1354942159291497,3.2696723621275874
6.461468176353717,5.334605754506079
4.23410650459726,4.275132584115215
4.882801922586371,4.603799984771385
0.6931471805599453,0.6202419471848291
2.833213344056216,3.366024929143711
0.0,0.19417074612934915
6.595780513961311,7.20574790748147
0.0,0.2015921440761199
4.174387269895637,3.8990305267130574
0.6931471805599453,0.3424911467713767
2.19722457733622,2.7647411804313555
1.791759469228055,3.0968384734223213
2.079441541679836,2.2869566940566917
1.6094379124341005,2.2922909203689468
3.1354942159291497,2.279054164102472
0.6931471805599453,2.225270002484751
0.0,0.18978318127695862
0.0,0.1435518991011004
0.0,0.459802015224241
1.0986122886681098,0.50500796722084
6.894670039433482,6.4154558194843405
1.3862943611198906,0.9707949676615558
2.8903717578961645,2.8555528239284844
0.0,0.6400924499608592
0.0,1.5479888432320092
5.961005339623274,3.712398071471456
5.7745515455444085,6.101855814466705
1.6094379124341005,1.1898768678009568
4.248495242049359,3.0573248518268232
8.658692753689937,8.643489563396919
0.0,1.0692838978924826
0.0,0.3530690703245743
1.6094379124341005,1.7544306964308944
3.912023005428146,4.007171137783745
0.0,0.21725279256074537
4.762173934797756,4.68780212843581
0.6931471805599453,1.808529108462563
0.0,0.2418128192795984
0.0,0.4143407053870127
0.0,0.680623297093986
5.680172609017068,5.428372019800801
1.0986122886681098,0.333940882970646
0.6931471805599453,1.7150559337432467
0.0,0.24185773503818028
0.0,0.3240706591664739
4.02535169073515,3.6991607091619767
3.737669618283368,3.0240805124172048
2.70805020110221,2.4905348071089786
0.6931471805599453,0.1975261514541945
0.0,0.4863940921544516
1.3862943611198906,1.9984494017381178
3.1780538303479458,3.6190527185011376
3.4339872044851463,3.150972615956874
1.0986122886681098,0.9903769257814845
0.0,0.6266029014440775
0.0,0.4925547347586855
4.23410650459726,3.812571818131051
0.0,0.22846510442940302
2.302585092994046,3.282510420951652
0.6931471805599453,1.8090382116823303
0.0,0.35620683388339586
1.791759469228055,2.6035200422062657
0.0,0.33323260441807234
0.0,0.1548548991068066
0.0,0.28333873563259315
3.8501476017100575,4.115148772057552
4.624972813284271,4.4579576447038205
0.6931471805599453,1.4426104901952133
1.791759469228055,1.7399582798079094
3.332204510175204,3.481996572791117
0.0,0.11023665735888344
4.605170185988092,4.765868090570904
0.6931471805599453,2.2873317108994673
0.0,0.1630908606815069
0.0,0.18767360499170846
5.4510384535657,5.837968898078795
5.703782474656201,6.030841945012119
5.594711379601839,4.6243237487281315
0.6931471805599453,1.2714177583404864
0.6931471805599453,1.5444120098060787
4.663439094112067,4.501458156417837
0.0,0.1744275684969725
0.0,0.2758146453113537
1.0986122886681098,1.2335271778615855
2.079441541679836,1.3641185255451647
2.6390573296152584,3.4760836827652772
1.0986122886681098,1.5531899356923822
2.833213344056216,4.132142770319273
5.973809611869261,5.977586446621032
0.0,1.6802691023712613
0.6931471805599453,0.4226293294655788
0.6931471805599453,0.3580932732285619
3.58351893845611,3.275695562123087
0.6931471805599453,0.1998507725024492
4.174387269895637,4.214590937100301
3.367295829986474,3.1003037106353806
6.729824070489475,5.185551545663268
0.0,0.29258253995471406
0.6931471805599453,1.7699408960194876
4.3694478524670215,3.6317034178503955
3.8501476017100575,3.87903002570676
1.6094379124341005,0.35253990419677406
0.0,0.37014161375388654
2.9444389791664403,3.2807340078877947
0.6931471805599453,0.2496347877404807
2.833213344056216,2.8364402178257
4.204692619390966,4.314557080032412
7.431299675155903,6.911575595211832
0.6931471805599453,1.4510306616371955
2.4849066497880004,1.950729424966859
7.167809184316444,4.083684370516877
7.126087273299125,7.219207972341102
6.486160788944089,5.15028853788945
2.833213344056216,2.4674054647290973
0.0,1.1413100586925868
0.6931471805599453,0.6826916926690682
2.772588722239781,2.852186881967987
3.8501476017100575,3.5806242297776425
1.0986122886681098,1.452313004809771
0.6931471805599453,0.9482284027771389
0.0,0.6792710317189324
2.4849066497880004,3.724389121127831
0.0,0.16633162190560893
0.0,1.6716676309842815
6.413458957167357,5.339029307009405
2.5649493574615367,3.2656307079387625
0.0,0.7349586838297889
0.0,0.30815871691468677
5.7430031878094825,6.081768783304845
3.218875824868201,1.7792488582905648
0.6931471805599453,1.5613466547886479
3.1354942159291497,3.7701563198504493
0.6931471805599453,2.6040838612370067
1.3862943611198906,2.412442290467391
0.0,0.6123883450874069
1.9459101490553128,1.3984370755638864
0.0,0.501350250910032
3.332204510175204,2.117223519692304
1.0986122886681098,0.23262621325084845
7.089243155027514,6.5835391606792255
1.0986122886681098,1.371610489251867
3.912023005428146,4.658776580834381
1.3862943611198906,2.239227755972412
1.0986122886681098,1.5436432728166543
0.0,0.751423708756974
3.6635616461296463,2.6597850168281583
4.127134385045092,4.7510674304061675
3.49650756146648,2.6636733150415157
2.3978952727983707,2.5391200877027202
8.442685139241176,8.1690105752055
2.6390573296152584,1.8113648516296528
0.0,0.21226668440121235
3.5263605246161616,3.3736959546841074
0.6931471805599453,0.8298296872035761
6.169610732491456,5.907751320119043
5.198497031265826,5.200232086585997
6.042632833682381,5.544240708772378
1.6094379124341005,1.9516791156756863
1.791759469228055,1.6192963225486883
0.0,0.2507587708780343
0.0,0.6404878879336113
2.3978952727983707,2.7461644267723946
3.970291913552122,4.265650586560303
4.543294782270004,4.328967198049593
1.0986122886681098,0.9600729786875287
0.0,0.3607321335819952
5.236441962829949,4.068566364886546
3.8918202981106265,4.486819978079009
2.302585092994046,2.1828835077075674
3.1780538303479458,3.4745568397087667
4.406719247264253,2.7857678043188514
5.262690188904886,5.276261048152553
2.772588722239781,1.6917848568011074
0.6931471805599453,0.36666115682221667
0.0,0.22672923889229357
6.765038976780541,7.047560026270738
2.70805020110221,2.184679357787488
2.772588722239781,2.7084582315172248
5.3230099791384085,4.973835802015091
0.0,0.19345366892499927
1.3862943611198906,2.756418223578627
2.995732273553991,3.3747948482850596
0.0,0.967723983460382
0.0,1.1879146202934283
4.060443010546419,4.600565820583041
1.6094379124341005,1.0292615378142562
0.0,0.21855493037478682
1.0986122886681098,2.1303354406978463
0.0,0.20840524196455407
5.627621113690637,6.233387060711317
1.0986122886681098,1.4580609298756377
4.875197323201151,4.2269360564302225
1.3862943611198906,1.9501895783073575
0.0,0.24906808568071004
9.06577692078483,9.061031199484827
2.079441541679836,3.0439814571264354
0.0,0.2707012338491319
3.912023005428146,3.774280326436832
1.9459101490553128,2.013403612191847
0.0,0.4007454867486852
3.4011973816621555,3.9199326717343768
6.536691597591305,6.1955087718048585
0.0,0.37625205342054086
5.3612921657094255,4.67766336992492
0.0,0.21349333419439115
0.0,0.3035827377929805
0.0,0.2223259108525017
3.4011973816621555,1.5855618882614781
0.0,1.2336363916533528
0.0,0.2491547216049418
3.688879454113936,3.7139817811468174
0.0,0.8504709941474776
5.062595033026967,4.446472785572898
1.3862943611198906,1.5449862604878868
0.6931471805599453,0.8271719666860123
0.6931471805599453,1.3474367645108383
2.70805020110221,3.587041448961062
0.0,0.5569546094491366
5.117993812416755,5.307673707819059
0.0,0.16312795990164733
0.0,0.17971754438702647
7.711101251840158,7.578166419434213
0.0,0.14554722799576103
7.130098510125578,7.335446464840533
0.0,0.49306200449329507
0.0,0.15517185829850833
0.0,0.39514664177530767
3.49650756146648,4.0635881572329104
0.6931471805599453,1.432316334821798
0.0,0.39778306655835327
0.0,0.26782546975022314
0.0,0.1452010478180482
2.19722457733622,2.347935951724733
3.258096538021482,2.972939449888096
1.0986122886681098,0.5271927121169467
0.0,0.22062266530588248
2.079441541679836,1.5396443729184797
2.833213344056216,3.0551947761746514
0.0,0.6250635419346114
9.169976605786628,8.904541632355317
7.954723334497908,8.192203950289025
0.0,0.37298616251597294
0.6931471805599453,1.8914112983865947
9.169976605786628,9.008839917721405
0.0,0.1868171800583246
1.3862943611198906,2.2567768454696586
4.219507705176107,4.729453748698101
2.4849066497880004,1.7674405555605308
2.8903717578961645,4.169478293707198
1.6094379124341005,2.4223032854389346
2.079441541679836,1.5073425326223286
2.8903717578961645,2.2939329209649792
2.5649493574615367,1.7333370112657147
4.976733742420574,4.942872140396024
3.49650756146648,3.2581056213765396
0.6931471805599453,0.6035088725892229
7.186901020411631,6.5657296067272775
5.030437921392435,5.268215896144065
1.791759469228055,2.1216155648658077
4.890349128221754,4.507747829335416
0.0,1.7531933809632692
1.3862943611198906,2.027574858738938
3.9889840465642745,4.06369192225532
0.0,0.19290459605382027
7.43543801981455,7.352200824334904
1.3862943611198906,1.663154571170073
1.6094379124341005,0.5433134952715079
0.0,0.2346822631250153
0.0,0.599226899535974
0.0,1.1113847343911332
0.0,0.2181273058237501
7.398174092970465,6.696486446914827
5.802118375377063,4.53468944157664
8.866017398810255,8.731887699537246
5.613128106388071,3.4276624267702207
0.0,0.3722433012966052
3.258096538021482,2.5936034398827106
0.0,0.32650351385480925
2.995732273553991,2.8279437770213782
0.0,0.21435128315439322
2.5649493574615367,2.9627306755910467
2.4849066497880004,2.4548599738138823
0.0,0.19201614577449969
4.219507705176107,3.572797065649225
4.0943445622221,4.218405852314525
3.332204510175204,2.768196934186117
0.6931471805599453,1.7625865561325387
2.079441541679836,1.4360441466887115
0.0,1.1226680495235408
3.367295829986474,3.3714842854111176
0.0,0.22614951472257955
0.0,0.7495408611192811
0.0,0.24992473056164177
1.0986122886681098,0.7647400712507948
2.70805020110221,2.0846060145870258
0.0,0.7400474308885118
1.0986122886681098,0.640812215352742
1.791759469228055,3.39420022151428
7.519149957669823,6.832326259320496
2.772588722239781,2.8880682838933094
5.6937321388027,5.556093333972029
3.1354942159291497,2.1109787860146416
0.0,0.283251435448889
0.0,1.8526882876371804
2.8903717578961645,3.144126272529079
1.6094379124341005,1.5527503233644042
9.0320506762956,8.43759224392183
0.0,0.19401292900710568
2.302585092994046,2.477358977915859
2.302585092994046,2.3471466141463684
4.997212273764115,4.715312273959271
1.791759469228055,2.223501330703407
4.882801922586371,4.969746359400674
0.6931471805599453,0.3118372163546574
2.3978952727983707,2.3455449381777
5.552959584921617,6.353509935165247
0.6931471805599453,0.10301854321463644
4.867534450455582,3.9719435583383538
1.6094379124341005,2.7230399344904543
1.791759469228055,0.391046060236165
0.0,0.2765262471548981
4.564348191467836,4.915653420447829
0.0,0.8710829389666188
2.079441541679836,2.6190843977992597
2.3978952727983707,3.0134677532260654
2.3978952727983707,2.4557567102956814
0.0,0.19821054895592605
6.324358962381311,4.315403737109692
0.0,0.07368582213402664
6.39024066706535,6.3007246015965785
2.079441541679836,0.33975361444232854
0.0,0.1958871158077929
0.0,0.21422999002369425
0.0,0.169976732903794
0.0,0.7207683552151742
5.225746673713202,5.4570679913591755
0.0,0.18213225720225037
4.060443010546419,2.6462856312228316
1.3862943611198906,0.709261012127264
0.0,0.12986530805575636
4.442651256490317,4.927756918426764
0.0,0.5443803844208546
4.5217885770490405,4.831713278533678
2.6390573296152584,3.3918552735444036
6.194405391104672,6.2880378790698375
0.0,0.3720634555680854
0.0,0.4849838662881619
0.0,1.5447212484194073
3.4657359027997265,3.716824342342192
3.091042453358316,3.022232767011805
0.0,0.19747346926881457
1.3862943611198906,2.4879810210785065
5.981414211254481,5.767904470776405
0.0,0.47160407114518077
4.6443908991413725,4.080170111386134
0.0,0.2739945897472
2.079441541679836,2.663963269383145
2.3978952727983707,2.2172440843092716
0.0,0.20704464224114952
3.044522437723423,3.3012687526740154
0.0,1.6089024063968733
3.044522437723423,3.7818319422246542
2.302585092994046,2.2482115565095984
1.791759469228055,2.562181078459766
2.5649493574615367,2.806778107536228
9.169976605786628,8.55755391768859
3.58351893845611,3.7861249158731374
1.3862943611198906,2.121728934335821
5.780743515792329,4.969098077885857
7.094234845924755,7.10453583993047
3.295836866004329,3.27413060568585
0.0,0.43622719399228527
5.996452088619021,6.587855145175219
2.302585092994046,2.525034882577675
4.418840607796598,4.194971595636317
4.543294782270004,4.0794034407241435
7.05444965813294,5.748279269929126
0.0,0.6689407312037339
0.0,0.7851632610374328
2.772588722239781,3.183045152208826
0.0,0.22123752065507415
2.19722457733622,1.9159391037332285
2.5649493574615367,2.9116186524676326
2.9444389791664403,3.5044474671847636
1.3862943611198906,0.4990571698104672
3.555348061489413,4.467533102867119
2.9444389791664403,3.4296829656025927
0.0,0.45055060299114247
0.6931471805599453,2.213401933681972
1.791759469228055,1.972215275652781
3.1354942159291497,3.6433126123968584
0.0,0.3241462064863918
3.784189633918261,3.077019360684082
0.0,0.4274125081747528
0.0,1.6564741574773225
0.6931471805599453,1.4183831214013463
2.079441541679836,2.0880335570178743
1.6094379124341005,1.448300334497549
1.3862943611198906,2.1329329156379004
3.332204510175204,3.1630471344408404
3.044522437723423,3.39268083041598
2.4849066497880004,3.141681337798453
4.143134726391533,3.6453015065584804
1.791759469228055,1.632741037903338
2.833213344056216,2.7852073095140715
0.6931471805599453,0.48932872283375417
2.079441541679836,2.699126629338678
0.0,0.15183517702816243
4.158883083359672,3.78077360276105
0.0,0.4141189598670213
2.079441541679836,0.5336170353477607
0.0,0.15762758467734125
1.3862943611198906,1.8205783457437854
0.0,0.21705523303413654
0.0,1.7782756353963387
1.6094379124341005,2.071442430924817
3.8918202981106265,3.567492688167794
0.0,0.4920507699447171
1.0986122886681098,1.43845295295908
3.8501476017100575,3.033680652077217
2.302585092994046,2.6273024779156624
1.3862943611198906,0.35398292313896385
4.07753744390572,4.3713749234481565
0.6931471805599453,1.5311318821762405
0.0,0.4126352376063996
0.6931471805599453,0.22983527356054687
0.6931471805599453,1.2653041244649168
0.0,1.020435497349459
0.0,0.404971489258599
1.3862943611198906,1.6982555809297224
2.079441541679836,1.9148469964513195
5.123963979403259,5.820617971245492
1.6094379124341005,2.118569808135426
0.0,0.7268959804266527
0.0,2.3397336142116747
1.0986122886681098,1.9684560991871642
4.934473933130692,4.381518472362117
0.6931471805599453,0.27292886879122036
1.3862943611198906,2.823757536406647
2.9444389791664403,2.3068450846550963
1.3862943611198906,0.17185581761002952
0.0,0.16922007922748036
2.9444389791664403,1.9144070636586816
0.6931471805599453,0.5840530193129632
2.5649493574615367,2.5661661789974795
5.638354669333745,6.068788044385011
1.0986122886681098,0.830019520843299
0.0,0.1588463649728715
3.6635616461296463,3.808089087163803
2.8903717578961645,1.9777735000962913
0.6931471805599453,0.5403891806033453
1.6094379124341005,1.8531952383106927
3.80666248977032,3.306825288079937
5.225746673713202,5.326443511678307
0.6931471805599453,1.2793352874406303
3.258096538021482,3.1046052911306816
0.0,0.5516813082513681
0.0,0.26158498788085716
1.6094379124341005,1.926072322295677
7.938802248154481,7.172590159946525
0.6931471805599453,1.8874886137351077
5.214935757608986,4.805079801954633
0.0,0.34955760856648754
0.0,0.6277971003871622
0.6931471805599453,0.7495408611192811
2.4849066497880004,2.148064743906611
2.3978952727983707,2.47754454572476
2.70805020110221,2.495377791948495
6.180016653652572,5.69665448813846
1.0986122886681098,0.7658908454639957
0.0,2.038029496895027
0.0,0.5891173772744394
0.0,0.21845457139144497
0.6931471805599453,1.7842524889163285
0.6931471805599453,1.7449088262261025
1.6094379124341005,2.7607762911877205
0.0,2.00280683314984
1.3862943611198906,0.3178320818941364
0.0,1.0553297931077041
6.385194398997726,6.515561369004591
0.0,0.16231593633660152
0.6931471805599453,0.757090782596909
1.0986122886681098,2.040405407183067
1.6094379124341005,1.8529267808630339
5.3981627015177525,5.3277403718927925
3.9318256327243257,3.470251964425181
4.983606621708336,5.200868931063159
0.0,0.2280437836001802
3.218875824868201,2.5231021460072527
0.0,0.1875269043092862
0.0,0.22268450504387344
5.075173815233827,4.964788490391612
6.028278520230698,5.207780318189506
3.610917912644224,3.437399499480366
0.0,0.2329422550872545
9.060447282401563,8.775801014845854
1.3862943611198906,1.618400242628738
1.6094379124341005,0.3246368215286132
3.044522437723423,3.289131062677519
3.688879454113936,3.517543237718309
0.0,0.20506556973430695
4.653960350157523,4.402813357692709
6.584791392385716,6.127068605435281
0.0,0.8890097847787061
1.6094379124341005,1.8651348366631915
1.0986122886681098,0.8068984537898869
6.274762021241939,6.382287066181086
0.0,0.19124928335387037
3.091042453358316,3.3830187334189836
5.365976015021851,4.522932540119343
2.3978952727983707,2.2219235087429032
2.079441541679836,1.4395162484861987
3.8918202981106265,3.8494796291691227
1.6094379124341005,0.6739482733837594
0.0,0.4648286650003697
2.70805020110221,2.6431485872115754
4.584967478670572,4.268566699417415
6.508769136971682,6.438050459745664
0.0,0.457447372688843
0.6931471805599453,2.322908921348903
2.4849066497880004,2.1242523033104495
1.0986122886681098,0.2481393312948948
5.303304908059076,5.676969989014156
0.0,0.5166406528467838
5.241747015059643,4.009548019225467
2.19722457733622,1.8863689208415977
6.030685260261263,5.709516084332691
1.791759469228055,3.1994547443318075
4.663439094112067,3.1129884372424
1.791759469228055,2.9633857890862396
4.543294782270004,4.161523019613987
0.0,0.5667386111959776
0.6931471805599453,0.40750402269700864
0.6931471805599453,1.4275801872867648
0.6931471805599453,0.49544181044600183
3.044522437723423,2.4645169517242946
5.0369526024136295,4.010075130241882
0.6931471805599453,2.4047857376990533
4.454347296253507,4.703886501321228
1.6094379124341005,2.9286548511289014
1.6094379124341005,2.7746855764026237
1.3862943611198906,1.3802401605227406
4.74493212836325,4.623840050668108
4.276666119016055,3.866072146772771
3.332204510175204,3.2415851421381596
4.584967478670572,4.123502997020696
1.0986122886681098,1.7514750533754238
0.0,0.17946754923128738
0.0,0.5352373497075099
3.044522437723423,1.786895719988453
2.079441541679836,1.9272754793121225
4.890349128221754,5.111618531583975
2.079441541679836,1.568639976218534
8.289539484624141,8.495119398542046
0.6931471805599453,0.4100160053146557
0.0,0.18018078476827878
0.6931471805599453,0.6117137013653207
0.0,0.2635349796160456
0.0,2.6596572803638154
0.0,0.16777843473519172
0.0,0.22191276920456662
0.6931471805599453,1.3985493299432648
0.6931471805599453,1.2709118866300084
0.0,0.1580760239767711
0.6931471805599453,0.6215408196797038
5.58724865840025,4.790352259237537
3.610917912644224,3.5058566704431016
3.828641396489095,4.464392475885649
2.4849066497880004,2.354994993410034
6.184148890937483,5.417768423256644
6.519147287940395,5.949330144751729
6.0112671744041615,5.296460141626314
1.3862943611198906,0.5131042864435738
4.532599493153256,5.491303813614642
3.9889840465642745,3.4203279822082022
1.3862943611198906,2.2393082607703536
1.791759469228055,1.8847893340872002
1.9459101490553128,1.930178659373412
0.6931471805599453,0.7379024243515371
2.4849066497880004,3.480444813529974
2.19722457733622,1.0158305163750838
0.0,0.25746802400439034
4.867534450455582,4.3906397434345825
0.6931471805599453,0.175858136562055
0.0,0.5095026847974372
0.0,0.19840415893317018
0.0,0.9533710862900838
0.0,1.62834792128593
2.8903717578961645,3.3736412560395643
7.301822342137932,7.40133223504571
1.0986122886681098,0.6216252303310181
0.0,0.18245451963529846
0.0,1.205059279630569
1.9459101490553128,1.841296379994319
5.2832037287379885,5.555639576973534
0.0,0.34153690703753925
0.0,0.2707168986168523
0.0,0.2505779617126972
4.584967478670572,3.7999078163659203
2.4849066497880004,3.0712215179531426
0.0,2.30663338688174
0.0,0.2591574186196369
2.8903717578961645,3.1059563218217803
3.8501476017100575,4.130535315120951
0.0,0.36560628477333873
3.9318256327243257,1.9015813915173545
0.6931471805599453,0.23963936289428733
1.791759469228055,1.6375129451990669
0.6931471805599453,1.7627337872789475
7.10085190894405,6.532066409355386
0.6931471805599453,0.37801600997570783
0.0,0.5685356100265667
7.553810852008231,7.434497672340034
0.0,0.2932421718953811
2.19722457733622,2.2118573099030363
1.6094379124341005,1.8712180130200213
4.997212273764115,4.5924654207976685
0.6931471805599453,1.94808134338788
5.552959584921617,4.166376291427133
1.6094379124341005,1.748161543911765
4.836281906951478,3.872462686544878
2.5649493574615367,2.794062173564396
2.70805020110221,2.70699072711941
4.343805421853684,4.432442127637421
1.791759469228055,2.4704579328698046
0.0,0.19455325539724685
3.367295829986474,2.1930946441240904
1.791759469228055,0.9646424921073974
9.169976605786628,8.771193444567679
1.791759469228055,1.3084213987400937
7.525639975041535,8.374479776760253
8.043984431221553,7.1441023251786
1.3862943611198906,2.1580936547810423
1.0986122886681098,1.0888493283884169
0.0,1.6259400041527952
3.737669618283368,3.326016142670219
2.3978952727983707,0.3933523653186345
3.8918202981106265,4.81084092947155
5.513428746164983,2.8832650259900214
0.0,0.19731219021426785
1.3862943611198906,1.2113358465235986
5.976350909297934,5.422179007778336
4.465908118654584,3.7844891028666865
3.367295829986474,4.647135862446397
1.9459101490553128,3.2231205091553474
2.079441541679836,1.6561014979343158
3.7612001156935615,5.4792569275756025
0.0,0.2480671047451201
2.079441541679836,2.3637899306648196
1.6094379124341005,2.46239834348139
4.356708826689592,3.049583590777729
1.6094379124341005,2.3506816648117073
0.0,0.922597112452279
4.356708826689592,3.616275827476275
0.0,0.420438881415828
8.173575486634153,5.758443401778984
0.6931471805599453,1.6985796837679943
1.6094379124341005,1.987177822987252
3.295836866004329,3.1662315870048063
1.0986122886681098,1.8776961053157764
2.995732273553991,3.0242041022393695
3.044522437723423,2.591210544367676
1.3862943611198906,0.9205061943676452
0.6931471805599453,1.0291981423270071
0.6931471805599453,0.36305631249317405
0.0,0.7388707404723327
5.030437921392435,3.6490816340191485
4.204692619390966,4.885591016638338
0.0,0.6825553969037514
0.0,0.6556057572917855
0.0,0.19219717531198555
3.1354942159291497,4.01974800397801
3.218875824868201,3.085151738317529
2.3978952727983707,3.1903403449753505
1.6094379124341005,0.31700332633480593
0.6931471805599453,0.43010665406157766
0.0,0.15674258689430623
1.3862943611198906,1.8701901133748986
0.0,0.2276788010879202
2.995732273553991,3.665990161020161
0.6931471805599453,1.7777431265457577
0.0,0.37219250539883036
1.3862943611198906,2.2384461006554948
0.0,1.0751987288238283
1.0986122886681098,2.056251178639503
0.0,0.5360965391234699
0.6931471805599453,0.45124175815739626
2.6390573296152584,3.0510864714244383
0.0,0.4673461052422134
1.6094379124341005,0.35866325983876424
5.303304908059076,5.15148403281075
3.1780538303479458,3.8312754977207666
4.143134726391533,4.550085439346004
3.4657359027997265,3.397756345794409
0.0,0.19069151279708452
2.079441541679836,2.0945862346160875
4.990432586778736,4.077346622311748
0.0,0.2134928734690087
0.0,0.5806951698919283
0.0,0.17059554017936474
1.3862943611198906,1.3829694978578533
2.079441541679836,1.3670261920211046
2.302585092994046,2.9136343386880217
0.0,0.5012272988660826
1.6094379124341005,1.5749649955902527
0.0,0.2984562409078189
6.902742737158593,5.169694990391611
4.691347882229144,4.004916119553067
2.70805020110221,5.3131658630107355
4.248495242049359,5.062255933743636
1.3862943611198906,0.928216503694337
5.786897381366708,5.828993281203202
0.0,0.20326989904222004
0.0,0.22158086235432925
3.828641396489095,3.8900396691800054
4.852030263919617,4.940745186978524
1.3862943611198906,2.7275412474151612
1.791759469228055,0.6102897202811807
2.3978952727983707,0.21170690806483192
8.15162164696975,7.919549138512063
0.6931471805599453,1.437380710356989
1.3862943611198906,2.1338654544495292
1.3862943611198906,0.5391352131718852
2.772588722239781,2.846461341283719
0.0,0.1996659029549552
2.19722457733622,2.6211599827962564
9.169976605786628,8.46056630388266
8.458716261657262,5.094324399940753
1.3862943611198906,1.005854415062044
0.0,0.3292913938197379
3.80666248977032,3.003146777979689
5.961005339623274,5.515630098778457
0.0,0.19550494652848124
4.8283137373023015,5.4928197784397454
2.833213344056216,2.931315128083395
2.8903717578961645,2.576142832687676
6.877296071497429,6.926814986048818
0.0,1.6286010850470862
0.6931471805599453,1.8714817546300824
0.6931471805599453,1.5532982546002108
0.0,1.044767736325352
7.886832998955056,8.039476305692052
0.0,1.0184295385489772
3.218875824868201,3.3546873746082646
5.049856007249537,4.828229898810147
1.3862943611198906,1.382179198771126
5.3981627015177525,5.910646186581269
4.07753744390572,4.635522870427186
2.5649493574615367,2.2877040497923513
0.0,0.33907364415241725
4.248495242049359,4.455421557801274
3.295836866004329,3.8745233430026302
0.6931471805599453,0.2775100600545363
0.0,0.3567197825477439
5.384495062789089,5.921615528461183
6.961296045910167,6.5208518223881455
2.5649493574615367,2.1994391235745177
2.995732273553991,3.024669957142782
1.791759469228055,2.5369081117186987
0.0,0.2000520575535452
0.0,0.19420957084819213
9.09952053687094,6.789998482965306
4.912654885736052,4.447871321170435
0.0,1.2391996642364091
0.0,0.6230609226360303
0.0,0.2854400609842958
1.6094379124341005,1.8309590798155453
6.115892125483034,6.333345697703302
3.367295829986474,3.996628489541613
2.302585092994046,2.420631186497416
2.772588722239781,2.9867452597606143
4.204692619390966,4.431341815716676
4.248495242049359,3.6570622637239913
2.6390573296152584,2.46018317958211
2.70805020110221,2.321341196271693
1.9459101490553128,2.125154680681352
1.0986122886681098,2.238401926464669
1.3862943611198906,1.1032258382238662
3.367295829986474,3.569102883363259
0.0,0.20078506509663774
0.6931471805599453,1.8536494391076566
1.791759469228055,2.0202192005247115
0.0,0.6259401445530802
0.0,0.1922385622734071
2.302585092994046,2.692907919741541
4.532599493153256,3.777070423549382
3.091042453358316,2.2704616949199563
6.159095388491933,5.515747884258835
2.079441541679836,1.6264144056737393
3.80666248977032,3.4527940991416575
1.791759469228055,1.7840771234675235
4.5217885770490405,2.869746551107379
6.907755278982137,7.102392276378727
0.0,1.0516493123455544
2.5649493574615367,3.1970758966359965
0.0,0.18587868068118196
2.5649493574615367,2.6991564649581936
2.8903717578961645,2.56227452286118
0.6931471805599453,1.4994023929499267
1.0986122886681098,2.1657148808906315
1.0986122886681098,1.7388492624457013
1.0986122886681098,0.2783864353883673
1.0986122886681098,0.31695859984092334
2.079441541679836,1.6704694787182612
0.0,0.23793901161636027
0.0,0.44597282917943265
4.68213122712422,5.1875901073978214
0.0,0.16080773631359457
4.934473933130692,5.130459483812692
0.0,0.21018042855552008
2.4849066497880004,1.0271584242475111
3.4011973816621555,3.176218895410666
0.0,0.7501785592017547
1.9459101490553128,2.54422598928197
2.6390573296152584,3.071034313839207
2.5649493574615367,2.1848908012111234
1.0986122886681098,0.4018801519347328
0.0,0.4425070068632996
0.6931471805599453,0.39134361692027375
2.4849066497880004,2.6492240566106693
0.0,0.1545394775744381
3.912023005428146,4.6513907021057985
0.0,1.9824252015211938
0.0,0.2539173594157954
0.6931471805599453,0.2730095158162095
2.3978952727983707,2.07531202646785
4.110873864173311,3.21787798893353
3.044522437723423,3.0964012261962073
2.772588722239781,3.030089537801885
0.0,0.6183853163283978
0.0,0.8667314871891647
1.791759469228055,2.806832170627247
0.0,0.18165112604989797
7.113956109566034,6.767277416521928
0.6931471805599453,0.5415726314807342
0.6931471805599453,0.3988442020982527
0.0,0.6880268036421653
1.3862943611198906,1.7237427661973428
7.537430036586509,7.823741039753049
1.0986122886681098,2.058970894905853
0.6931471805599453,1.2357710524610248
5.075173815233827,4.690163910119267
1.0986122886681098,2.2386160855183084
3.4011973816621555,3.165409500956961
2.8903717578961645,1.7476364384992478
1.791759469228055,1.1571281589531015
0.6931471805599453,0.49481586609345296
0.0,0.18731594212137118
5.968707559985366,5.605070658367866
0.0,0.2665129655807125
5.056245805348308,5.062622134065741
0.6931471805599453,1.4650011765360764
2.079441541679836,1.7606367289318714
3.1780538303479458,3.764875749298215
4.04305126783455,4.5925651461149855
0.6931471805599453,0.17924453459860934
2.19722457733622,3.4399195267576235
1.6094379124341005,1.1618901876910732
0.0,0.1689490324255596
2.079441541679836,2.5429162064461566
1.791759469228055,2.465128422517601
2.3978952727983707,2.524364313044897
4.59511985013459,4.952506538238468
0.0,0.37332068634805143
5.752572638825633,4.95198631905786
5.541263545158426,5.638803758014554
5.407171771460119,5.139991405463937
0.0,0.13058837554556282
2.079441541679836,1.7987241643809189
5.768320995793772,6.383466723107936
1.0986122886681098,1.2860116209298333
0.0,0.7740554832638031
1.791759469228055,2.2933818718207526
6.684611727667927,6.3278322233528135
8.57828829077605,8.215841051825183
0.0,1.7027427943970592
0.0,0.2696456814725632
0.6931471805599453,1.4479865663941214
3.1780538303479458,3.548641640551358
5.19295685089021,4.906529244068051
0.0,0.5729410737764945
6.192362489474872,6.533911297832787
0.6931471805599453,1.7719529982494848
4.59511985013459,4.620989474526884
3.9318256327243257,3.652899340993756
2.6390573296152584,3.3428101652322337
5.14166355650266,5.569578513200699
6.928537818164665,6.000992459510601
6.198478716492308,4.841498024710302
4.30406509320417,4.970514647122849
0.0,0.5813074262563387
2.302585092994046,2.2977294482958053
4.394449154672439,3.5304178151363748
3.6375861597263857,3.3657478006146553
0.6931471805599453,5.021919557273604
0.0,0.33407634082535426
2.70805020110221,2.922519549891147
4.343805421853684,4.6725673366667895
3.1354942159291497,3.2109986696506243
0.0,0.473212966881036
1.0986122886681098,0.13743527401703473
1.3862943611198906,2.662679401655216
1.0986122886681098,0.26521904430508736
4.700480365792417,5.142133868142101
1.0986122886681098,0.7313999492184685
0.0,0.35719465155424057
4.624972813284271,4.8013946700917085
2.4849066497880004,2.5804417645880986
1.3862943611198906,0.9637366392533635
3.367295829986474,2.9363385684790577
1.791759469228055,2.306255901963854
0.6931471805599453,0.21953826504123397
2.079441541679836,2.5085461311829422
4.605170185988092,3.082679450237099
0.6931471805599453,0.20452302533216069
1.6094379124341005,0.8749857135159591
0.0,0.2644206917481446
0.0,0.3502549985918085
6.883462586413092,8.114023377291607
2.5649493574615367,2.3820940695214126
0.0,1.0201608734828904
1.0986122886681098,2.2726665684015797
1.0986122886681098,1.3084860421987277
4.564348191467836,5.6991328472978795
6.455198563340122,6.841415574830319
8.061486866871327,6.617375951377829
0.0,0.4927172458207104
0.0,0.21445928956705698
1.0986122886681098,1.6403203840008544
5.087596335232384,3.4781061750075533
0.0,0.19529663147940665
0.6931471805599453,0.5442453320503463
3.9889840465642745,4.199422136634135
1.0986122886681098,0.8133675308112256
0.0,0.22093339358056469
6.9865664594064265,7.388279387224357
4.290459441148391,5.646344831778537
4.23410650459726,3.7246697703097205
0.0,0.287732252118922
3.4011973816621555,2.447484709953186
4.07753744390572,4.193500818968517
3.091042453358316,3.434482741811195
2.70805020110221,2.946214620923341
0.0,0.2961627848988905
6.699500340161678,6.90266452810715
1.791759469228055,2.5993200761130195
2.302585092994046,2.3673222863336094
5.82600010738045,6.398701065368445
1.3862943611198906,1.6634113290802768
1.9459101490553128,2.602449199571313
3.80666248977032,3.906622686778278
4.543294782270004,4.817906438305462
6.56244409369372,6.3529422265491196
9.169976605786628,5.151756866461763
2.302585092994046,2.2586102632900333
1.6094379124341005,1.7915910435356952
6.736966958001855,6.246582218796203
0.0,0.19910757791901113
6.9865664594064265,7.2938260745727845
2.8903717578961645,3.082233245532734
2.6390573296152584,3.5028399362641904
1.0986122886681098,0.40203905284084746
2.079441541679836,1.6790674754359434
4.174387269895637,6.225809682387556
3.871201010907891,3.496629065801894
2.4849066497880004,2.32176396083877
0.0,0.3403726695780575
0.0,1.8153267307542262
3.871201010907891,3.2760732501242296
2.70805020110221,2.15444434008139
0.0,0.19753465438568965
0.0,0.2352711692107676
0.0,0.24030756121728905
0.0,0.3442816238274232
2.079441541679836,2.738796890492511
0.0,0.3453307040598209
0.6931471805599453,0.7405681068435791
0.0,1.5633277888975856
0.0,0.19256791080944957
0.0,0.17626583562646078
1.0986122886681098,0.38016806681130705
0.0,0.5617715926180151
0.0,0.25064385169993547
4.02535169073515,3.682764746986498
1.3862943611198906,1.4880547141806573
0.0,0.9850504796665727
1.3862943611198906,2.3505121352298723
3.58351893845611,2.8694344601720845
0.0,1.2140323137726676
0.6931471805599453,1.709790187003911
2.19722457733622,0.817901723574891
0.6931471805599453,1.6837480124562147
2.4849066497880004,2.528236317510294
2.302585092994046,2.0164971691296594
5.075173815233827,4.460418536851833
2.3978952727983707,0.7655536109098261
0.0,1.2599725735058085
4.882801922586371,5.132019530893016
0.0,0.3398869394417286
4.795790545596741,3.5622823377322175
5.993961427306569,5.838893262730751
5.308267697401205,4.102071914704378
2.5649493574615367,3.2115631863776777
4.6443908991413725,4.44101979454341
4.356708826689592,4.377338108812068
0.6931471805599453,0.2807445876952131
0.0,0.2910421655976765
1.6094379124341005,1.661450664423763
7.167809184316444,7.558509012499348
0.0,0.32656796446043346
2.833213344056216,3.6446524751004103
4.955827057601261,4.33224284830631
0.0,0.2009086786785735
0.0,0.23580740237733055
0.6931471805599453,2.4279764098476826
2.079441541679836,2.3601424542878293
4.02535169073515,3.598615430510231
1.6094379124341005,1.715726087496455
0.0,0.1413773146293009
3.258096538021482,3.6145356271677023
0.0,2.3395291172752777
5.755742213586912,4.702491273253412
3.332204510175204,2.3702177336757657
0.6931471805599453,2.573603042160911
2.4849066497880004,2.616935593788895
3.688879454113936,3.099660193912422
1.6094379124341005,1.8333237692349755
1.9459101490553128,2.881958742708003
1.3862943611198906,1.7102984256752296
1.791759469228055,1.1652146441399462
9.169976605786628,8.601197322041912
2.3978952727983707,2.2060523980453524
1.0986122886681098,4.392602420124316
2.772588722239781,2.808904314188955
4.219507705176107,4.107666192075357
0.0,0.2522414883561738
1.3862943611198906,2.9269717327959075
0.6931471805599453,0.36748267918051425
0.0,0.7454751043169096
1.0986122886681098,0.7510856066680024
2.302585092994046,1.9542403495600873
1.791759469228055,1.8809019047880868
1.0986122886681098,1.5602322241287778
1.0986122886681098,2.277858561867264
6.077642243349034,5.727832107644141
2.3978952727983707,1.7916957423337343
0.0,0.19642787911772688
0.6931471805599453,0.3248467818846119
0.6931471805599453,1.4385869503560098
4.060443010546419,3.635514960218733
4.543294782270004,4.47650340556932
1.3862943611198906,1.7645778004652528
8.68406264365127,8.576723188899484
1.0986122886681098,0.5698393080280039
0.0,0.23261920573333403
0.6931471805599453,0.6819588973882595
1.0986122886681098,1.0740157902079308
7.975908360165538,7.909526693375775
0.0,0.2586971270633968
4.691347882229144,4.769033215636669
9.169976605786628,8.88005072706503
5.855071922202427,6.07736043914909
2.079441541679836,3.181082921008201
6.98933526597456,6.599151977075634
0.6931471805599453,0.3079906839909843
2.19722457733622,1.8290543832789843
2.772588722239781,2.5225575864742633
1.0986122886681098,1.9057131361575628
2.6390573296152584,2.1179310829366726
5.117993812416755,5.286990661239808
1.0986122886681098,0.879733130931693
4.174387269895637,5.003810576991494
5.062595033026967,4.752112524104262
4.356708826689592,3.9065370630184453
0.0,0.31289075566232055
0.0,0.4352006607314985
0.0,0.21057524805555472
0.0,1.4830457396390226
3.218875824868201,1.7116256993111938
0.0,0.17658441294758
2.9444389791664403,5.3823500658307655
0.6931471805599453,0.3415496661249156
0.0,0.16711725079125064
0.0,0.22729461369944565
1.3862943611198906,1.7285768783356419
0.0,0.38990693852960456
0.0,0.2896690177228488
0.0,0.5409287926510963
6.495265555937008,7.089616916076632
1.3862943611198906,1.8230218452694442
0.0,0.791399800503347
0.6931471805599453,0.7335882570748519
3.610917912644224,2.728927979044536
0.0,0.3888590065420305
6.699500340161678,6.222498070799778
0.0,1.249603052464252
6.511745329644728,6.976070988298637
3.49650756146648,3.4683138362972303
5.351858133476067,4.331075249229002
0.0,0.1857102288578134
1.791759469228055,2.383846330542503
1.3862943611198906,2.6924828747238436
2.079441541679836,3.9719872775402307
1.6094379124341005,1.7399324972243462
6.907755278982137,6.768381952706384
0.0,0.1964100067858894
2.3978952727983707,2.1356907118223165
0.6931471805599453,2.298354540325832
3.8918202981106265,4.016289022290383
3.1354942159291497,4.411230917060838
0.0,1.4090863850064288
1.6094379124341005,1.8025463193103826
3.091042453358316,3.1362326060606605
2.19722457733622,4.291534616707695
1.0986122886681098,1.4889604509042376
0.0,0.23110871504541783
0.6931471805599453,1.0763873146612433
6.22455842927536,6.755896110725419
4.454347296253507,4.34832352383506
2.6390573296152584,2.4982178621522704
0.0,0.042794996222313406
0.0,0.2121198775180202
1.3862943611198906,0.8272595973630015
0.0,2.2943726324656732
0.0,0.19201073729475882
1.0986122886681098,0.29088178856539715
6.269096283706261,6.3079757344310945
5.3706380281276624,5.335514239611614
2.19722457733622,1.51168403334576
1.791759469228055,1.3147222540485592
3.912023005428146,2.5180339574854025
3.4657359027997265,3.6879604788821045
8.231642179973411,7.817624814727934
0.0,0.5999337627944427
0.6931471805599453,0.18719640105665403
1.3862943611198906,1.5408122276895506
2.19722457733622,2.037346278765627
2.4849066497880004,2.437776707436121
6.795705775173514,5.933015442122052
0.0,0.20336239603499845
0.6931471805599453,0.5340222718331716
5.942799375126701,5.710400830688627
0.0,0.4624624466221321
3.871201010907891,4.882353356734726
4.23410650459726,3.3129206797426174
0.6931471805599453,0.9603095014140879
2.3978952727983707,1.7777777290472687
1.0986122886681098,2.298810990658449
2.302585092994046,3.3161819141002815
0.0,0.212891008861248
4.219507705176107,3.5508481414823128
1.6094379124341005,2.30319697997762
0.0,0.19748172041136772
1.0986122886681098,0.37931200174222773
2.772588722239781,2.9929937706939898
9.169976605786628,8.866572576933855
4.382026634673881,4.599379783057634
3.044522437723423,3.7926090135251904
0.0,0.42624713901375433
2.302585092994046,1.6305967695132007
6.55250788703459,6.601999543360206
0.0,0.19044996278382298
4.653960350157523,3.262506249632957
2.70805020110221,2.2419135700693444
0.6931471805599453,0.7046935896573511
3.58351893845611,2.9977062324601125
1.0986122886681098,0.9311440704567069
0.0,0.21743174770244977
5.556828061699537,6.099060256450917
0.0,1.7059175472548505
0.0,1.9156297920342256
2.3978952727983707,2.35233101989267
8.128290171607052,8.073562398921622
3.332204510175204,2.4619207646662056
0.0,0.19436577660467358
2.079441541679836,2.616590472868569
3.5263605246161616,3.1408351840153457
3.912023005428146,3.2432687329126706
2.4849066497880004,3.321780076114427
4.875197323201151,4.84506394344452
1.9459101490553128,2.77407755851349
2.302585092994046,4.124534574396326
0.6931471805599453,1.5148479494877398
1.6094379124341005,2.320794654666904
0.0,0.3434177775908354
0.6931471805599453,0.27198180858164167
0.6931471805599453,0.36065685008053056
3.58351893845611,3.0336652694054855
4.574710978503383,4.685397862105733
3.6375861597263857,4.082720304364732
4.672828834461906,3.864643746446759
3.6375861597263857,6.185446440809877
7.231287004327616,7.095512424785213
0.0,0.17319520828641713
0.6931471805599453,0.5097144279439804
0.6931471805599453,0.6889029693724777
0.0,0.22154354853084396
0.0,0.6665740814916232
5.971261839790462,6.068563194585019
0.0,0.17954094223242065
4.204692619390966,4.8405440195125164
3.044522437723423,2.4604582333274503
0.6931471805599453,0.1764027974263195
0.0,0.19326904336366943
8.018954683155718,8.341140631841672
0.0,1.1302321675473208
4.110873864173311,4.337784951518725
1.791759469228055,2.724381947512223
4.060443010546419,4.599829754097463
3.9318256327243257,4.049279153204899
0.0,0.14422434956360017
0.0,0.2228793106643001
0.6931471805599453,1.4784413846110414
0.0,0.3026653045842088
1.6094379124341005,2.1559445777676753
2.302585092994046,2.6099972571154333
0.0,0.41145022115293745
4.969813299576001,5.104737471836687
3.367295829986474,3.3770638656766865
0.0,0.4367865323061942
4.276666119016055,4.81471937500891
7.066466970136958,6.987178430626701
0.0,0.4011119308489288
3.9889840465642745,3.8976955175863317
4.07753744390572,6.200395467114126
4.51085950651685,4.100584016930192
1.0986122886681098,0.2848643254990944
7.247080584585756,7.08071321429418
6.467698726104354,6.446638847691784
6.0473721790462776,5.553682610670935
5.799092654460526,5.576149036985755
0.0,0.2636047209119273
0.6931471805599453,0.32619301076438717
0.0,0.22708915970019622
2.19722457733622,2.72664012188576
0.6931471805599453,0.5809651396396319
4.770684624465665,4.59701055725558
8.060855752934316,7.413046464879402
7.255591274253665,7.787756472211837
1.0986122886681098,0.36047167292526167
0.0,0.16590708784886668
0.6931471805599453,0.3728292783264698
2.5649493574615367,1.2589772084199984
4.736198448394496,4.5770508659605005
2.3978952727983707,2.0451384942477264
2.302585092994046,2.3388644217851957
2.079441541679836,2.0255827793244383
6.586171654854675,6.418227564155353
4.330733340286331,4.555697426455519
0.0,0.2381065511592255
1.3862943611198906,2.2541317339325584
2.6390573296152584,1.3643489905120871
0.0,0.1861767527440855
0.0,0.34385504049873367
0.0,0.6128160312571792
6.889591308354466,6.445343359030011
0.0,0.8496957855028568
6.738152494595957,6.602794735504511
1.0986122886681098,0.7058210182010505
4.477336814478207,5.08738538884701
0.6931471805599453,0.21867330121090742
0.6931471805599453,2.3450953825111207
3.091042453358316,3.222259658255808
0.0,0.1782397058588271
1.791759469228055,2.4121499921949616
2.772588722239781,2.1819470246854493
0.0,0.4943384966425699
0.6931471805599453,1.6885538156141007
5.68697535633982,4.658082911322861
2.302585092994046,2.2091451398611066
2.302585092994046,1.0590418347560056
0.0,0.12611187532149298
0.0,0.3120853100605873
0.0,0.1714220910033766
3.332204510175204,2.9632995060251237
1.0986122886681098,1.6751231736039742
0.0,0.17759040063724674
3.7612001156935615,3.1217327356295343
0.0,0.34061472097417844
0.0,0.45566538744488755
2.3978952727983707,2.0953854506724667
2.772588722239781,2.636368262509101
0.0,0.14623419051787143
3.737669618283368,3.5565417991501587
2.4849066497880004,2.691762184969932
0.0,0.41662198526111366
3.4657359027997265,4.303248190318768
4.219507705176107,3.9149969256784756
0.6931471805599453,1.9499362507144458
3.80666248977032,2.8466428397641543
1.3862943611198906,1.7145739991632816
2.9444389791664403,2.8742634906641116
3.784189633918261,3.5360059036933347
0.0,0.3075938199295906
3.4011973816621555,2.8892494048000446
0.6931471805599453,0.4012965743732892
7.651595573857601,7.108717097834127
7.262628600974241,6.6552448504479225
5.209486152841421,3.6391511445256546
0.6931471805599453,1.2963238203003484
1.9459101490553128,2.347146771352199
1.0986122886681098,1.7052546991907298
5.717027701406222,5.724312485100288
2.8903717578961645,2.5083602158031506
0.0,0.3370623780756886
2.079441541679836,1.5746511126272071
3.044522437723423,3.9162798877452594
0.6931471805599453,1.2683813122447236
0.0,0.21701897593262193
0.6931471805599453,0.2395482462822123
1.791759469228055,2.098013263023775
2.302585092994046,2.4060466952006583
1.0986122886681098,1.8892112292924796
2.8903717578961645,2.419350319367144
8.911934336161426,8.825653741435806
5.41610040220442,4.8042672962703685
0.0,0.6777625496212992
0.6931471805599453,0.34461003241605603
3.091042453358316,1.7374811728123116
0.0,0.19801664465043614
0.0,0.1892972262722061
7.027314514039777,5.815152457356378
4.248495242049359,4.827585861607152
1.791759469228055,1.4247759036876526
0.0,0.19432691172573735
2.302585092994046,2.5869116513501975
0.0,0.45494751818689777
0.6931471805599453,1.8711111773534304
4.02535169073515,3.789875672124825
2.3978952727983707,2.1885906080798345
5.676753802268282,7.490319228387684
8.700847193443972,5.053578933782535
2.6390573296152584,2.4799913384442553
4.343805421853684,4.501969392644564
0.0,0.28428918446842244
1.0986122886681098,0.7125471872106285
4.68213122712422,3.874026610895831
1.3862943611198906,1.9950086747532079
4.143134726391533,3.993937687820845
6.163314804034641,6.390001977594391
6.516193076042964,7.343542176156392
0.0,0.25828829759513766
4.68213122712422,4.688044196592921
0.0,1.5452848829616057
1.6094379124341005,0.7005945619798417
2.772588722239781,2.3915726584696966
7.57455848420248,7.455329363417092
0.0,0.280723190233964
1.0986122886681098,2.7091395357347112
0.6931471805599453,0.7642987095230347
3.688879454113936,2.0738654058405337
0.0,0.19969051123086937
0.0,0.180889355133453
4.0943445622221,3.5883293117039354
2.6390573296152584,1.994664583471682
0.6931471805599453,1.4734757152932396
4.02535169073515,4.091410577832514
2.6390573296152584,2.580226722641773
7.938088726896952,8.82267821141432
7.480992162869525,8.470838407574703
4.74493212836325,4.50141853273011
4.844187086458591,4.8686455595859846
1.0986122886681098,1.7031880640915187
1.791759469228055,1.8154935284793474
0.0,0.23383454383709734
0.0,2.4438823010288724
2.079441541679836,1.707651784000156
0.6931471805599453,0.7642630822437625
5.43372200355424,6.0809454996331365
0.6931471805599453,0.2510386001156517
0.0,0.18294445944957408
0.0,0.35448911658002186
0.0,0.42359776733525456
1.3862943611198906,1.6916865673673631
1.0986122886681098,0.22257396354185716
0.6931471805599453,0.5435201782559715
2.4849066497880004,3.1589234375370756
3.610917912644224,2.7847773928414683
3.49650756146648,3.02633632975815
0.6931471805599453,0.7883946985938425
0.0,0.22601809672018136
1.6094379124341005,2.3143854073007484
4.219507705176107,4.653585201822704
5.834810737062605,5.349514564638029
0.6931471805599453,0.14428463370556618
0.0,1.4379937619404388
5.777652323222656,5.9895154550832626
3.332204510175204,3.1672179919055807
0.0,0.4756639774932723
6.878326468291325,5.935739482221696
4.844187086458591,4.343686455659552
1.3862943611198906,2.1339363505919904
1.3862943611198906,1.9383823539240599
0.0,0.18487551327793386
4.04305126783455,4.222107147013952
2.079441541679836,5.032031542377089
2.4849066497880004,0.40864328022404006
0.6931471805599453,0.24756756098023952
1.3862943611198906,0.5683239603601841
2.8903717578961645,2.3962366250126403
4.23410650459726,4.284760589044477
0.0,0.17410389761892264
0.0,0.6484572524643807
1.3862943611198906,1.7868942343865342
9.169976605786628,8.742034459726694
1.9459101490553128,1.4059369864047175
2.9444389791664403,1.1835137651903476
1.3862943611198906,0.8814964967158568
4.574710978503383,5.053524553339398
3.5263605246161616,3.581803402750837
0.0,0.08201776544700223
5.560681631015528,5.9053454001010905
0.0,0.18755541241371984
2.772588722239781,3.266566313022537
0.0,0.3742805514648508
0.0,1.2779629137496478
0.0,0.1164920046371262
2.3978952727983707,3.128531050914055
0.6931471805599453,0.2712573967148891
0.6931471805599453,0.27180779742357997
0.6931471805599453,0.3673981803624385
4.736198448394496,4.475781412164571
3.5263605246161616,4.0811767383349
0.0,2.241984448329773
2.6390573296152584,2.002596016343234
0.0,0.9318578372867135
0.6931471805599453,0.38886015708491045
4.51085950651685,3.3731969147202503
3.4657359027997265,2.9399359100537916
4.653960350157523,5.477949352760981
4.584967478670572,3.553702703079256
0.0,0.23290006484295375
1.6094379124341005,3.2022227254816245
1.3862943611198906,0.23231186170098067
5.921578419643816,4.5757374351062445
4.343805421853684,5.051522688917684
3.1354942159291497,1.9616055933752399
4.574710978503383,4.69336516379301
0.0,1.1512619770412507
0.6931471805599453,0.9493744763722485
2.5649493574615367,2.619133474359118
2.70805020110221,3.0557284345288287
8.696510239189893,8.193577784954574
0.6931471805599453,0.1876049147113209
6.018593214496234,5.3297247262160825
0.6931471805599453,1.9789333382097043
0.0,0.19147336378008675
2.70805020110221,3.166855544664952
4.762173934797756,5.187074202748326
0.0,0.20749516668320134
0.0,1.056088673106897
3.091042453358316,2.4625516295989462
0.0,1.0500930675957438
2.5649493574615367,2.859767115404858
6.732210706467206,6.356919438350926
0.0,0.24449225628011043
0.6931471805599453,0.448682175848286
3.80666248977032,2.241838688424201
3.951243718581428,3.8083849523007145
2.5649493574615367,0.7030682074914549
9.169976605786628,7.840735293599787
1.6094379124341005,2.2142419975077248
1.3862943611198906,1.7394137633887345
0.0,0.29844182972962086
0.0,0.22094721303613657
1.791759469228055,2.719974989003141
7.569927655242652,6.654816311698706
0.0,0.2169732340556473
0.0,0.4826358077500469
0.0,0.8047623357451701
7.910957382845589,7.933533603584206
2.302585092994046,2.916647071439297
3.044522437723423,2.981346355133178
4.795790545596741,4.6223202099082235
0.0,0.6284398085981195
4.74493212836325,3.600142065785953
6.285998094508865,6.296282432117789
3.737669618283368,3.874348298003808
0.0,0.3273221145136976
0.0,0.3928274556283061
3.091042453358316,3.325734172698978
0.0,0.2879512146490543
0.0,0.13547560544711712
0.6931471805599453,0.24094136930369475
7.53689712956617,7.191467338867076
0.0,0.15292752058450013
0.0,0.19011591262352967
0.0,0.34592155769228955
0.0,0.6633657259354151
2.6390573296152584,1.675750804244685
0.0,0.16627036216878988
6.954638864880987,5.956153652896201
0.0,0.17859619259622775
3.258096538021482,2.780646544320562
0.0,0.331020925112958
1.3862943611198906,1.8313582673297297
0.0,1.1363513925997968
1.6094379124341005,1.305195307190354
3.4339872044851463,3.499544610909142
2.302585092994046,2.516053721119506
0.0,1.2238669553704529
2.4849066497880004,0.9741264848058621
5.293304824724492,5.235376129563451
1.0986122886681098,0.31819939519655144
4.465908118654584,4.861247824964568
9.169976605786628,7.503960008079911
1.3862943611198906,1.7382745633811447
1.3862943611198906,2.1051469660221143
0.0,0.24563183051821913
2.772588722239781,2.9407095749123777
0.0,1.4875695688587
1.6094379124341005,0.4700718708125616
1.6094379124341005,1.8929701366265828
4.553876891600541,3.065213271224878
5.472270673671475,5.449268071303881
0.0,0.18074120426106266
0.0,0.21004633874514256
0.0,0.45600697004044005
0.0,0.41158766176471695
3.58351893845611,3.064714958219782
5.7745515455444085,4.313185454854418
0.6931471805599453,0.23483180481045204
5.342334251964811,5.363538723848896
4.844187086458591,3.2429422852565373
0.0,0.180040771080382
1.0986122886681098,2.335819831362282
1.791759469228055,1.8286043862537695
0.0,0.6101327432064579
0.0,0.21253876011996667
2.9444389791664403,1.6847905193744
2.70805020110221,2.596753761409207
0.6931471805599453,1.760539438309593
0.0,0.2141875213373915
0.0,0.7067636365634699
0.0,0.2951744078125697
0.0,1.3065957610081111
0.0,1.1479778614801093
0.6931471805599453,1.3615850855174798
0.0,0.06598194118763673
3.6635616461296463,3.593187867666124
0.0,2.1997163794527568
0.0,0.26643980686314334
6.522092798170152,5.95726632990906
3.1780538303479458,3.034162837160742
3.951243718581428,3.7277098694926174
0.6931471805599453,1.7040857453026481
2.3978952727983707,2.9437277302797704
1.6094379124341005,2.7921099058056518
0.0,0.13371422473579497
5.849324779946859,5.221116072043378
3.713572066704308,2.9854121892813823
0.0,0.23942704835705653
2.6390573296152584,1.7928319317219055
7.452402451223638,6.831586509349896
0.0,0.1988427677767134
3.258096538021482,3.5238610849004743
1.6094379124341005,2.14959192861307
5.3612921657094255,4.708785864301539
1.0986122886681098,2.2764025402910475
3.332204510175204,2.695979801010384
3.970291913552122,5.225823191698017
1.3862943611198906,0.24280164188767506
0.0,0.9693388936592658
0.0,0.21502441879000564
0.0,0.2014691710583325
0.0,0.1827840404441641
2.70805020110221,2.890905765260972
2.302585092994046,1.806331440149579
0.0,0.21863122835683077
4.795790545596741,4.649688604116601
0.0,0.21312574525908062
3.218875824868201,3.4637520112728546
0.0,0.19222236782209096
0.0,0.48579617750875725
4.5217885770490405,3.398109194197429
0.6931471805599453,0.899939105301038
1.791759469228055,2.258845725047752
0.0,0.2345299334695978
2.70805020110221,2.2813352963650226
0.0,0.2591927632288385
2.6390573296152584,0.5281868667928836
2.302585092994046,2.1260579164917712
3.6635616461296463,2.60223832661699
7.400620577371135,6.448372255629241
3.49650756146648,3.6985247642933703
1.0986122886681098,1.3428284047952472
0.0,1.6006815269774668
0.6931471805599453,1.8444156153432423
4.770684624465665,5.390984189573782
6.586171654854675,6.526241746404898
0.0,0.21512366106234096
8.258422462458876,8.220430480460273
5.049856007249537,4.61812321677937
0.6931471805599453,0.5892047067114428
0.6931471805599453,0.23789625599003225
1.6094379124341005,1.5294739170889338
4.382026634673881,4.6125691584680375
3.912023005428146,3.3358908860050422
4.204692619390966,4.686458021330964
6.322565239927284,6.009145655161015
2.833213344056216,2.892683593161994
0.0,0.28695122703145937
3.871201010907891,4.187360562089352
0.0,2.070426823637862
3.218875824868201,3.2513153108080544
2.772588722239781,3.1957357593863884
1.6094379124341005,0.1962194517691016
2.70805020110221,2.6989576545123177
4.174387269895637,1.9607313281768277
2.70805020110221,2.427971883553773
3.367295829986474,2.9874466752778495
0.6931471805599453,0.6194592351650393
3.713572066704308,3.9183887070104637
0.0,0.5996415398548914
5.220355825078324,5.326489651385698
1.0986122886681098,0.29401602148698625
1.6094379124341005,2.2853547935366207
2.079441541679836,2.137110366243769
0.0,0.7986764489339061
0.0,0.6696759316357371
8.108021221376747,7.414705740175813
0.0,0.466425907152474
7.303843225277705,5.255542973937564
0.0,2.153293590547698
0.0,0.22384913599570633
1.0986122886681098,2.3442324457005435
4.219507705176107,3.5523396580096316
0.0,0.34953835551204093
7.126087273299125,6.868332637666647
0.0,0.24063425314814976
9.169976605786628,8.774450023833479
5.501258210544727,4.788030589469065
1.791759469228055,2.328498837365327
1.0986122886681098,0.8708675682657062
6.9167150203536085,6.426827720799404
3.610917912644224,3.8076857262528536
3.1780538303479458,2.953197326180693
1.791759469228055,2.417645489635508
1.0986122886681098,1.9852967912981054
0.6931471805599453,0.4817403776883828
3.912023005428146,4.7386058954821655
0.0,0.6928532082299977
5.799092654460526,5.888465315910242
5.968707559985366,7.701422561222216
0.0,0.2138266961525177
3.713572066704308,3.5199769696036425
0.0,0.5505222807769622
3.1354942159291497,1.8324154188713513
0.0,0.20424752399229532
3.4657359027997265,3.2913238543292738
0.0,0.9064354743740762
0.0,1.0614003118014002
5.159055299214529,4.219394826381746
3.332204510175204,1.2901552693565013
6.401917196727186,6.452407562198665
4.3694478524670215,3.7134767778745013
5.1298987149230735,5.20178317949771
2.9444389791664403,2.495323693208281
3.713572066704308,4.279501615419036
1.6094379124341005,1.2259569244492796
4.605170185988092,3.893138837219053
4.127134385045092,4.143664067842618
5.955837369464831,6.19518424519028
0.0,0.4395358625076324
2.3978952727983707,3.2551804954849786
5.583496308781699,4.317326216752476
0.0,0.4497598140690549
2.9444389791664403,2.1577073302176957
5.891644211825772,4.523954573861536
5.730099782973574,5.992248894306938
0.0,0.19966389079487498
0.0,0.049051326748062674
6.968850378341948,6.666793405539462
0.0,0.4867827897412928
0.0,0.32117952550220774
2.079441541679836,3.0607227986782917
1.9459101490553128,2.4388540437790445
1.6094379124341005,1.3539329381447789
0.0,0.1748702894669605
0.0,0.21104703360406124
2.19722457733622,1.3212444020966796
2.4849066497880004,2.245761986429044
8.546169299652755,7.171496725403703
3.4657359027997265,3.9760361899667416
4.158883083359672,4.072389587734655
0.0,0.5268049636789432
4.499809670330265,4.222715547098132
4.418840607796598,3.4237347984048396
0.0,0.462489306360542
3.5263605246161616,3.803918017615803
7.047517221357296,6.511958892141493
1.3862943611198906,1.500371876797791
3.6635616461296463,2.8357975281633148
0.0,0.4909566179267145
2.995732273553991,3.649799128950722
2.3978952727983707,3.1057795971398128
0.0,0.365998576485973
1.3862943611198906,0.3779364063649463
1.0986122886681098,1.0280001593910217
0.6931471805599453,1.5028796440009762
6.068425588244111,6.053798678330554
1.791759469228055,1.671868238061688
0.0,0.725364169823983
2.772588722239781,1.7545108093022
5.905361848054571,4.1480879125527474
5.41164605185504,5.066139769407902
5.579729825986222,5.151891161314251
4.406719247264253,3.3107497234150984
7.504942068396171,7.350480300425408
0.0,0.5548901779908402
1.3862943611198906,2.7730592163580616
0.0,0.34634150432082134
5.3981627015177525,4.203624406693158
2.772588722239781,2.998204361124076
3.784189633918261,2.4619511260775604
5.541263545158426,6.5472573357441295
7.018401799069201,6.811853879350573
0.0,1.0720059016960983
4.060443010546419,3.94855339191539
0.0,1.1024149095579785
3.49650756146648,2.640097230459738
0.0,0.1930701377205689
1.6094379124341005,2.2905646726008317
3.091042453358316,3.6500538534787856
3.218875824868201,2.2983851292102306
0.6931471805599453,0.3331736587866608
0.0,0.27615172940918636
2.302585092994046,2.881526971343558
5.10594547390058,5.478044765464656
4.31748811353631,4.789027951635479
9.169976605786628,8.554370592750365
0.6931471805599453,0.6369494872795721
0.6931471805599453,0.575564026710499
0.0,0.5069662559198644
4.532599493153256,4.094745864509882
0.0,0.19497702139992304
0.0,0.19351419494188726
7.768110378525988,7.658111021354115
0.0,0.9647387355432518
0.0,0.2740516306471743
0.0,0.34953835551204093
2.079441541679836,2.3423875324187917
0.0,0.17950493736953374
0.0,0.2502108887673567
2.079441541679836,0.7908116073753383
0.0,0.12886326565622563
0.0,2.2769599245525693
0.0,0.3394673626546246
0.6931471805599453,1.5610805215587513
1.0986122886681098,0.6091651946580046
0.6931471805599453,0.3090283982463043
9.169976605786628,8.573515840572128
0.0,0.24529787459146865
0.0,3.176376432164076
0.0,0.12779648926186904
0.0,0.5271355753361902
0.6931471805599453,0.36076688063805595
0.0,0.24277031692662393
0.0,0.18793966993474334
0.6931471805599453,0.8949639581290336
2.3978952727983707,2.2043848502601042
1.3862943611198906,0.13455696819877608
0.0,0.12644236287849253
2.079441541679836,2.3307170685238696
4.8283137373023015,4.796824508464192
8.178358165605836,7.009642575291418
3.044522437723423,3.384259902999971
0.0,0.26967253249385414
4.02535169073515,4.934479895847957
4.343805421853684,4.186263811280969
0.0,0.1966379978936494
6.309918278226516,5.9120047371699345
0.6931471805599453,0.15913972959498102
3.091042453358316,3.4661356521940045
0.0,0.1644653009100614
2.5649493574615367,1.8712966128340143
3.4657359027997265,4.041256642639672
0.0,0.20933281584087818
0.0,0.21707927906567553
1.0986122886681098,2.7302284216919928
0.6931471805599453,2.4798407106683285
4.718498871295094,4.749215837330803
2.70805020110221,3.344901961536212
1.0986122886681098,1.414705476998434
1.791759469228055,1.8766257804264537
3.80666248977032,4.167087742202736
0.6931471805599453,1.0532356267361491
0.0,0.8618409326485595
0.6931471805599453,1.5217854869142486
2.5649493574615367,2.7882971289167746
0.6931471805599453,2.5564002065902836
1.9459101490553128,1.5406730555886659
0.0,0.20123742664324493
0.6931471805599453,0.1813502033668769
0.0,0.21929232095410217
0.0,0.19668777181654942
2.70805020110221,3.5470841014974397
0.0,0.3078877359248444
6.025865973825314,5.829088102906101
0.0,0.59721409364342
4.8283137373023015,4.4130005624430035
1.0986122886681098,2.6703974048545405
4.465908118654584,4.586276901070886
5.572154032177765,5.527531571814266
3.218875824868201,2.972352466687839
4.248495242049359,3.678634654421214
3.218875824868201,3.013479549511483
1.0986122886681098,2.7274801127859787
0.0,0.33961790949313186
0.0,0.1708791480487207
0.0,0.21986607342502554
6.57507584059962,4.384263122715803
3.784189633918261,3.5387360122035445
0.0,1.9432201871578152
0.0,0.31409541724053347
0.6931471805599453,0.5447556352225732
3.688879454113936,3.9441242715760287
2.302585092994046,2.341913215960616
0.6931471805599453,0.17977826020629867
0.0,0.35827505356088163
0.0,0.23455152369438567
4.07753744390572,4.13723523441193
0.0,0.24914751616918607
2.4849066497880004,2.2352280245650906
4.04305126783455,4.725498896268255
3.332204510175204,3.498182953940041
3.258096538021482,3.4820342471556955
0.0,0.8571165081213518
0.0,0.18029106183149823
0.0,0.24029297716477901
0.0,0.2745300249529118
5.765191102784844,5.448039162444279
6.084499413075172,6.135257806254044
4.795790545596741,3.985953473197149
2.302585092994046,2.4049547344871813
7.305188215393037,7.563607452310046
3.49650756146648,2.434583089571841
0.0,0.21267432109436446
0.0,0.24043042226663194
0.6931471805599453,0.44167768997888146
2.4849066497880004,3.1813953537244113
0.0,0.20631888720741767
3.713572066704308,3.532801400290342
5.303304908059076,5.143669282189587
0.0,0.19752263411763316
0.0,0.4293652739936728
1.6094379124341005,2.277356655917336
3.555348061489413,5.399806754700401
0.0,0.24843648591116166
6.025865973825314,5.617869971508082
0.0,0.268232175897969
5.926926025970411,5.586644027800898
1.791759469228055,2.7738325346883634
2.6390573296152584,2.8782063118571903
0.6931471805599453,1.4067071406846017
4.060443010546419,4.584185999686165
5.3706380281276624,5.431571918544887
3.044522437723423,2.7596864801581598
2.19722457733622,2.829814514616712
1.3862943611198906,1.7795781965390645
0.6931471805599453,1.7047531289376179
4.727387818712341,4.509927050509625
2.3978952727983707,1.1365323921772843
1.0986122886681098,2.21441749296982
0.0,0.4194214833319947
0.6931471805599453,0.3276803749157783
0.0,0.833588970222797
1.0986122886681098,2.009252686391006
8.458504195067558,7.045403924699861
1.3862943611198906,2.486813334927348
5.634789603169249,5.8209864614593805
0.0,0.1980590600049128
0.0,0.13707049135026356
1.3862943611198906,1.825891767999947
2.302585092994046,2.1701248271471774
0.0,0.6784421801201331
2.19722457733622,1.9487071143230295
0.0,0.21143975732376916
4.465908118654584,3.811132160645524
0.0,0.5794484477523638
0.0,0.19353369073983126
2.772588722239781,1.4638951848285093
3.8501476017100575,3.2156344130797745
2.302585092994046,2.9814527879692916
1.6094379124341005,2.76551704345021
1.3862943611198906,0.6675328289563001
3.044522437723423,2.6113847780168635
1.0986122886681098,1.189729584976414
1.0986122886681098,0.20878331335349062
0.0,0.2142305198022088
4.0943445622221,3.46556938331667
3.295836866004329,2.992020671737531
1.0986122886681098,1.3927355162709458
1.791759469228055,2.0117165388962643
1.791759469228055,1.145564489927558
0.0,0.3660421877088256
2.833213344056216,2.572292309036689
4.74493212836325,4.233453354304668
3.6635616461296463,3.285450838062575
0.0,0.5689072703036986
0.0,1.2616542815776757
4.605170185988092,3.1941024168892476
0.0,2.38953313245811
5.746203190540153,5.6632828638784165
0.0,0.19401610955696716
6.946013991099227,7.2145885525753695
0.0,0.7484905241044523
0.0,0.17097395939958226
3.367295829986474,2.5496388520513773
1.9459101490553128,2.200994097242368
1.3862943611198906,2.785771476099968
6.093569770045136,5.8035832710775335
8.621733370690162,7.918945052392106
1.791759469228055,2.2163806237188726
0.0,0.22447326679328922
3.4011973816621555,3.455962683729564
0.6931471805599453,0.48036976024312733
0.6931471805599453,0.20828578771415743
0.6931471805599453,1.0799932929479088
4.23410650459726,4.254970180071078
0.0,0.1077938176439316
0.0,0.23835519363064103
1.0986122886681098,0.8349019647842186
4.709530201312334,4.1270963309544415
0.0,0.19993235336100823
4.564348191467836,4.208192049859174
1.3862943611198906,1.8076817828904554
0.6931471805599453,0.1573466778764588
0.6931471805599453,0.22289634469339137
3.8918202981106265,4.207608735495614
4.343805421853684,2.718256844918149
1.6094379124341005,1.6123144059164074
0.0,0.17760654233570758
0.0,0.18836491163289829
0.0,0.34175444521100445
0.0,0.15047666965847195
3.258096538021482,3.743811968995249
0.0,0.20031817061059284
0.0,0.7139686387061351
2.6390573296152584,1.5181272706093718
2.9444389791664403,2.8349976723888366
0.0,1.0231886503625371
3.1354942159291497,3.3326289544331646
5.497168225293202,4.798983170636999
4.770684624465665,3.9155708803987705
0.0,0.17753910779910045
0.6931471805599453,1.254978695321252
1.6094379124341005,1.6283289394066336
5.849324779946859,5.633543743509025
0.0,0.9435127604935335
6.421622267806518,6.43203472164599
0.0,0.8568261438161486
0.0,0.23757770471313003
1.0986122886681098,1.5170088963462494
0.0,0.2980964841369228
0.0,0.8752496184361903
2.5649493574615367,3.3036549657581227
1.3862943611198906,2.175561859476946
0.0,0.2702315796402731
0.0,0.2200799263638446
0.0,1.3200064284128221
0.0,0.4538542473791117
8.025516386489008,7.9035153512231275
0.0,0.24298092069800525
0.6931471805599453,0.4501911924757947
0.0,0.5110706085019991
1.6094379124341005,1.7276631375697449
4.48863636973214,5.642891883866119
3.5263605246161616,4.094233908034916
0.0,0.1531527408027016
0.0,0.2716976411439071
5.752572638825633,4.480875805695857
3.737669618283368,3.8478985916469175
0.0,0.20007466411454922
2.302585092994046,1.8641663441301248
2.772588722239781,2.768427652089387
4.74493212836325,4.954774088226396
3.610917912644224,3.20932185799289
0.0,0.3033349845821216
5.5909869805108565,6.183253146374699
0.6931471805599453,1.8640479946916242
1.0986122886681098,0.42608333153262795
2.5649493574615367,2.6650057187622966
0.0,0.19484190658861464
1.0986122886681098,0.4310149838383632
3.8918202981106265,3.7179194785498284
6.895682697747868,8.101941379701497
2.772588722239781,3.534003756136366
1.6094379124341005,1.9062029834101235
0.0,0.891044291393492
3.258096538021482,3.7606238519360398
0.0,0.2204877533656613
1.3862943611198906,0.4448058414332144
1.3862943611198906,0.5662128919934319
0.6931471805599453,0.9212347165567417
0.0,1.378723938216736
4.6443908991413725,4.455753475067087
6.827629234502852,6.117033168621983
2.19722457733622,3.3311817687036105
4.976733742420574,4.634455214544994
2.079441541679836,3.2205211854952496
0.6931471805599453,1.5940556013621765
4.574710978503383,5.0942362211680425
1.0986122886681098,1.9453982137328307
3.295836866004329,3.4499300979415315
0.6931471805599453,1.197702489021937
4.867534450455582,5.017319194739008
0.0,0.5673519242311209
0.6931471805599453,2.947722608171644
4.127134385045092,4.547001400696104
0.0,0.3054069783750559
1.9459101490553128,0.6270130408210867
0.0,0.42344043122709674
4.23410650459726,3.8644787220465395
0.0,0.5794484477523638
0.0,0.21357843091017606
0.0,0.20438618913528572
3.49650756146648,2.944676465704681
0.6931471805599453,0.19065474264382873
1.791759469228055,2.5616672789491344
0.0,0.19779809032404724
0.0,0.266072816704297
0.6931471805599453,0.45667600737961794
0.6931471805599453,0.6692951414163226
4.262679877041316,4.660996767670219
0.0,0.19641825113614797
7.267525427828172,7.499749260772145
4.30406509320417,4.061989113594487
0.0,0.2933523177905694
2.70805020110221,2.903913990864317
0.0,1.6551004898213417
0.0,0.26431521460244156
4.07753744390572,4.210448952862307
0.0,0.32511577224450694
0.0,0.2735534804465939
0.6931471805599453,0.5691753808412771
0.0,0.23585407395439895
0.0,0.18280016918593933
2.4849066497880004,2.7529124094579793
0.0,0.20214336703786193
2.6390573296152584,1.6999103994060205
4.836281906951478,4.815165158758417
3.610917912644224,2.8101013907998142
3.091042453358316,2.072868995995057
9.169976605786628,7.583576034761281
0.6931471805599453,0.2782757936370798
3.951243718581428,4.281092241362974
2.6390573296152584,3.561608836349583
0.0,0.17683035205118336
0.0,0.47000977818578843
3.555348061489413,3.0825836534993463
0.0,0.21122068904911875
0.0,0.2757180453536728
0.0,0.19993235336100823
0.0,0.27815075237407366
2.9444389791664403,2.477066136937077
7.389563953677635,6.5354604122776125
0.6931471805599453,2.1449726072658786
4.882801922586371,5.339627367658275
6.269096283706261,5.760446654117803
5.062595033026967,4.467586354020762
2.3978952727983707,1.0597296281877204
5.5093883366279774,5.890061295788188
0.0,0.18928834523351434
7.463936604468925,5.409756389673623
3.218875824868201,3.496419408757563
6.144185634125646,6.030675982205117
6.678342114654332,6.946821535457694
7.704811922932594,7.3723779209550235
1.0986122886681098,1.5570559700842357
3.49650756146648,5.670801599924775
0.0,0.21395295444358345
0.0,0.28751053379080954
0.0,0.5425003618657195
0.0,0.42364690971878816
2.70805020110221,3.4889967129789325
2.19722457733622,0.8088949278422805
1.6094379124341005,1.9270975015584684
5.529429087511423,4.618237269056071
5.891644211825772,6.46794340224629
2.772588722239781,2.205454761520059
0.0,0.4228559218071782
3.4011973816621555,3.2580587606970073
1.9459101490553128,3.004887940258284
0.0,0.2015028571682013
3.218875824868201,3.2381276235100116
4.8283137373023015,4.540347331704078
0.6931471805599453,0.21042087647498975
0.0,0.4777688886423136
6.118097198041348,6.146584734659102
2.6390573296152584,2.5641612087102486
4.875197323201151,4.8677419728561135
2.302585092994046,3.4806194241771444
1.791759469228055,2.244622692443112
5.525452939131784,4.027699018609454
0.6931471805599453,0.17604502732594454
2.19722457733622,2.025478462572451
0.0,0.5280131237177429
3.9889840465642745,2.582917108525278
2.995732273553991,2.9227720946487645
0.0,1.2083212775881607
2.302585092994046,1.4889862607853022
0.6931471805599453,1.475310557737491
2.70805020110221,3.137046614067028
1.9459101490553128,2.5277902949047037
0.0,0.1266598106140393
0.0,0.7072987947975246
0.0,0.17825489505662837
0.6931471805599453,0.3398824135507568
0.6931471805599453,0.9632846393926582
2.70805020110221,2.3678378828791846
0.0,0.2960377662118566
0.0,0.1460240588542475
2.772588722239781,3.801967523501348
0.0,1.998755394418961
0.0,0.20173156086248478
9.169976605786628,6.664492111669921
2.772588722239781,3.153477773267485
7.076653815443951,7.116883443929365
0.0,0.1857338708170635
4.574710978503383,4.053284807012419
2.70805020110221,2.3471422194679747
2.5649493574615367,3.0541927546028167
5.298317366548036,4.4603166496147395
3.8918202981106265,3.3421178681458796
5.0238805208462765,5.202012037609443
4.574710978503383,3.6013323994291233
2.079441541679836,1.7720125568218552
3.49650756146648,3.406636948182532
1.3862943611198906,2.5431575627968206
0.0,0.21106815350935146
0.0,2.2064351829147157
0.0,0.1872947838949018
6.230481447578482,6.000754896004852
9.169976605786628,7.232460686210539
6.249975242259483,6.497658078690693
0.0,0.17981522212108386
1.3862943611198906,2.110415743984899
0.0,0.3414464465377821
0.6931471805599453,0.20936215264127997
5.0369526024136295,4.6571799989477904
2.19722457733622,0.2591925507948292
2.5649493574615367,2.2620432130672548
0.6931471805599453,0.27787606308601287
1.0986122886681098,2.478690886776968
5.365976015021851,5.634784984024051
0.0,0.20001125789753776
0.6931471805599453,1.5653262326290764
0.6931471805599453,0.3370171150608082
7.2875606403097235,7.3283334377091975
0.6931471805599453,0.8258676298894484
2.4849066497880004,2.8142758070615583
1.6094379124341005,0.784087585568248
2.19722457733622,1.0107479104336667
2.079441541679836,2.230494689956272
4.532599493153256,4.787546991073216
3.091042453358316,2.8825233067076783
6.311734809152915,6.202891088384629
6.013715156042802,5.553749820617924
2.6390573296152584,3.399764108690915
3.1780538303479458,2.464921901087227
3.4657359027997265,3.737984405935121
5.308267697401205,5.168571650624671
3.8918202981106265,4.303356637192651
0.0,0.17755870113135877
1.9459101490553128,1.4142838769373436
0.0,0.455349721342033
6.2166061010848646,6.874501750890031
2.70805020110221,3.73212799605104
0.0,0.1873444391546261
0.0,0.21513316687963938
0.0,1.760903166996316
0.0,0.7741973811471199
3.367295829986474,2.3722756999873766
0.0,0.43851990836965393
2.4849066497880004,2.6585988400315026
2.70805020110221,2.8913497528631122
3.091042453358316,4.321420728507726
3.951243718581428,4.348562968029601
2.3978952727983707,2.2671884713284123
0.0,0.5205211731522078
0.0,0.7039899719044769
2.079441541679836,2.043299150744984
4.983606621708336,4.626351407893228
3.367295829986474,2.604325570806296
6.300785794663244,7.1599915139443935
0.6931471805599453,0.4603665607502508
3.6375861597263857,2.1825802814332684
3.044522437723423,2.798719763728473
1.3862943611198906,1.690009796652678
0.0,0.23949830167765768
6.190315405853148,5.870041874034589
2.19722457733622,3.0783703524693906
2.302585092994046,2.7244416563045277
2.302585092994046,1.8652795268764304
2.19722457733622,2.5024805964096557
5.043425116919247,5.23839776431942
0.0,0.6482067011068301
4.962844630259907,4.235113184510243
0.0,0.18345283085933442
0.6931471805599453,0.6456202534491734
5.697093486505405,5.493773119939405
6.670766320845874,4.345519315568907
0.0,0.7050750642054086
1.6094379124341005,2.059007391694895
9.169976605786628,7.090787032714766
2.302585092994046,3.1206993641257657
2.5649493574615367,1.767302412049155
3.367295829986474,3.040890178631995
1.0986122886681098,0.22789974502578533
0.0,0.8778779069548595
0.0,0.4461712772890736
0.0,0.314603401203763
0.0,0.25607942770376146
0.0,0.5908994799936773
4.934473933130692,5.064101592923884
0.6931471805599453,0.39587536354915104
0.6931471805599453,1.3484020453111427
0.0,0.19029105053306677
0.0,0.6168321388053135
5.3706380281276624,4.430065332306455
2.079441541679836,3.205795405486075
4.174387269895637,3.3366953861844904
2.302585092994046,2.0902522715055216
3.713572066704308,3.87709132910595
3.218875824868201,2.813327915745813
0.6931471805599453,1.6962525970634776
1.3862943611198906,1.614561860333922
1.0986122886681098,0.29832345803703664
4.948759890378168,5.189809260122895
0.6931471805599453,0.38238419043045646
4.204692619390966,3.802107204578227
7.302496423727326,6.876767656749761
3.1354942159291497,4.59174210195373
5.209486152841421,6.921766345282173
0.0,1.8454922765956079
0.6931471805599453,1.5200630454519015
0.0,0.24493225131762542
0.0,0.21595418079572515
0.0,0.19061393801904375
0.0,0.3441554526105878
1.6094379124341005,2.195521816290827
1.0986122886681098,0.3656498373053199
0.6931471805599453,2.0611043624676513
2.8903717578961645,2.6121707439083153
1.3862943611198906,1.964905290214135
0.0,1.226044281456007
4.23410650459726,6.017241025117159
0.0,1.0408505370103251
3.4339872044851463,3.3036378935038577
2.079441541679836,1.4061844679715811
0.6931471805599453,2.464565124899901
2.70805020110221,2.0481809270384153
0.0,0.34350684807367404
1.3862943611198906,0.5240675906253605
2.772588722239781,2.5624324371366467
0.6931471805599453,0.25134425775511215
3.555348061489413,3.9974460625001154
5.049856007249537,4.169024746823064
2.6390573296152584,2.758241176164213
0.0,0.9698695005863216
8.53346016388011,4.322710208806434
1.6094379124341005,2.266833687120467
3.9318256327243257,3.8181171127765685
2.6390573296152584,2.3272317640725566
0.0,0.4789389174221833
2.5649493574615367,2.737441064544474
2.70805020110221,3.016801735336278
1.0986122886681098,1.1701900869375352
2.772588722239781,2.261939449536723
2.079441541679836,2.9866295601379105
0.0,0.4407066846861445
0.6931471805599453,2.016257897470286
4.941642422609304,5.116494726861399
0.0,0.21980921508525822
0.6931471805599453,0.3516263601145288
0.6931471805599453,0.7934663582594869
1.0986122886681098,0.3057133439812296
4.477336814478207,4.645812923393282
1.791759469228055,0.5128322211660691
0.0,0.6309147732328695
4.574710978503383,4.918632903210503
3.367295829986474,3.852936711712912
4.61512051684126,5.240445897087323
3.091042453358316,2.537812903961425
3.6375861597263857,3.908246775165923
4.691347882229144,4.2828647439234215
3.8918202981106265,4.0100924362034505
0.6931471805599453,0.7207233005893655
3.295836866004329,4.132410609338226
2.6390573296152584,3.2424315147845464
2.5649493574615367,2.8053442501823014
2.833213344056216,2.2785006088265605
0.6931471805599453,0.9525647221500017
5.814130531825066,5.4562706701167905
6.532334292222349,6.3322296631489365
5.332718793265369,4.814453559020317
0.0,0.41304091426847106
0.0,0.18175392144805833
0.6931471805599453,0.7094060753190254
0.0,0.19313300982632947
1.6094379124341005,1.44595966555782
0.0,0.17429651303517824
3.80666248977032,3.1028158221648776
1.0986122886681098,1.6214261670621635
0.0,0.2820718489171187
0.0,1.2298155109270212
2.3978952727983707,2.2587947925895016
0.0,0.22759406058743595
0.0,0.2636047209119273
3.4339872044851463,3.3811817997200553
2.6390573296152584,3.0821023061974113
0.0,0.306269408886963
1.3862943611198906,1.7422874151813665
0.0,0.21778613017879012
9.169976605786628,6.298527484879122
1.3862943611198906,0.7988294531083351
4.406719247264253,4.824076189998671
0.0,0.135365872096435
2.6390573296152584,2.443091407872647
0.0,0.20616340653589615
0.0,0.26480950698628003
0.6931471805599453,5.406545284048647
0.6931471805599453,0.21912900904108046
3.1780538303479458,2.4380297213069664
6.595780513961311,7.536096138384829
2.5649493574615367,2.7111911819506074
2.19722457733622,3.9330047282802623
3.4011973816621555,2.769539494370834
2.079441541679836,2.4376006674721813
0.0,0.21724736856737045
3.1354942159291497,1.2137350988132143
0.0,4.585380025120104
5.1647859739235145,6.338648864118718
0.0,0.2150881769248076
1.3862943611198906,0.45157444033110605
0.0,0.23210486337083977
6.1224928095143865,6.497490192590355
4.07753744390572,3.2661729939981585
0.6931471805599453,0.6557873287312082
0.0,0.3952403372504993
0.0,0.9495371904127253
6.884486652042782,5.228230201676207
4.04305126783455,4.532357140326932
0.6931471805599453,0.5314086979602392
3.258096538021482,3.302738392396752
4.0943445622221,4.289313405131927
0.0,0.4074333296973764
2.5649493574615367,2.771182359304798
4.709530201312334,4.208850033299031
7.934513463882263,8.012006364002735
0.6931471805599453,0.8303758558318356
0.0,0.21591226174299874
4.23410650459726,4.1258549056001
2.833213344056216,2.7716015960927995
3.912023005428146,4.499647182797542
3.367295829986474,3.5777579677619533
1.9459101490553128,1.2006807386858216
0.0,0.31380863183710356
7.659171367666058,7.429825835562085
3.4011973816621555,4.139532219645983
0.0,0.2593224592670963
0.6931471805599453,0.33454613603428307
1.3862943611198906,0.40978452161359136
2.079441541679836,3.098767494440248
1.0986122886681098,1.997929794121506
4.663439094112067,4.27127278224783
0.0,0.5902533078530571
3.8501476017100575,4.193864996895149
3.4657359027997265,3.2869363345115645
0.0,0.7210802500906883
2.5649493574615367,2.914164149271519
0.0,0.1915331586324387
4.060443010546419,3.848335799960225
1.0986122886681098,0.3409042777583067
3.4657359027997265,3.7002174559902783
0.0,0.5041850680741172
0.0,0.42119798834412175
0.0,0.3387097996820338
2.19722457733622,1.4250955289999823
2.70805020110221,2.677742658991177
3.951243718581428,3.437910421168474
5.438079308923196,4.9567119026827156
0.0,0.5552362226719054
3.044522437723423,2.9472637567849844
4.382026634673881,4.085377153932596
0.6931471805599453,2.047434761038848
0.0,0.22020884050989206
4.574710978503383,3.8376065668539656
0.0,0.23325627102067606
0.0,0.7470070650706934
0.0,0.19362049532526984
0.0,0.197208416088595
0.0,0.39876520476837235
5.676753802268282,4.705449120226972
4.0943445622221,3.29191762959765
3.58351893845611,4.0345205223991565
3.367295829986474,3.046600350976707
0.0,0.4116393413160481
0.6931471805599453,0.479797751334343
0.0,1.8356155230090947
0.0,2.0372792443341505
2.19722457733622,1.9166810223204318
0.0,0.21435645948854476
4.143134726391533,4.359325160877895
0.0,0.8244894744476184
3.4011973816621555,3.6752756870372183
0.0,0.25172428897897103
4.23410650459726,4.358295925622463
2.079441541679836,1.6656832707759597
1.9459101490553128,2.424223548012988
3.367295829986474,3.270858703553257
0.0,0.10310225405363016
0.0,0.24941123712082983
0.0,0.27463120809281477
0.0,0.7804380356726124
3.258096538021482,2.373778054014474
0.0,0.989987680726595
0.0,0.2717576837989585
3.1780538303479458,3.6248815009409836
3.5263605246161616,2.4962640093945647
6.79794041297493,6.383379963644932
6.131226489483141,5.192020783507798
9.169976605786628,8.566539189142858
3.49650756146648,3.3526400671605283
4.584967478670572,4.298447715031735
2.079441541679836,2.850209402293607
0.6931471805599453,0.9236090642419758
0.0,0.16309923548153918
5.298317366548036,5.884925663354732
0.0,0.18123808999095747
2.19722457733622,2.3086961164562982
0.6931471805599453,1.4839627122776264
3.7612001156935615,4.388671056357066
0.0,0.4889175019285316
4.02535169073515,3.3491115595443475
1.0986122886681098,2.0524313018262266
2.5649493574615367,2.5742722761662358
0.0,0.22798585207605623
4.8283137373023015,4.978128984286038
0.0,2.8669312224532577
0.0,0.08226542607171787
3.970291913552122,4.015486199690924
0.0,0.9197848216227128
0.0,0.1733614047351668
0.0,0.054378367221745
2.9444389791664403,1.4182791064912488
0.0,0.5556371204223088
1.0986122886681098,0.7442173739154531
0.0,0.852665439742509
2.833213344056216,2.2498751014155993
8.44741429680832,8.628224488708227
4.990432586778736,5.0792796089715715
0.0,1.3449506188499787
3.1780538303479458,3.486111401639511
3.4339872044851463,3.1522947583492167
0.0,0.33748768220440345
0.0,0.1727215033991825
6.218600119691729,6.161377476905768
2.3978952727983707,2.239739293824719
6.29156913955832,7.567596371961819
3.218875824868201,3.85787486762125
0.0,0.19675743216150884
0.0,0.43450906968980874
0.0,0.36320257650527726
4.543294782270004,4.445398754946373
0.0,0.7233963117062266
1.6094379124341005,0.5591449541566162
1.3862943611198906,0.2194896684821426
8.881558488638976,5.295067542914117
5.262690188904886,5.531331291093021
1.3862943611198906,2.6778783011663942
0.0,0.2093993477787667
0.0,0.3317347815651795
0.6931471805599453,0.716776474133923
0.6931471805599453,2.9460250433644903
0.0,0.17674074460803255
7.906915488678587,7.697688196697675
1.0986122886681098,1.06546720761447
2.079441541679836,2.0849040081630172
1.6094379124341005,2.252214668000485
2.3978952727983707,2.4836071292547164
0.6931471805599453,0.41459850403848947
4.110873864173311,3.637981519992607
0.0,0.40575715024126896
0.6931471805599453,1.5389275616706082
5.332718793265369,4.35470594412018
0.0,0.20855739426715236
5.236441962829949,4.934786010061139
3.258096538021482,1.8135309564949849
0.0,0.48332181213440345
3.1354942159291497,2.124998199826983
6.498282149476434,6.2293883891872
3.912023005428146,5.453565846955533
0.0,0.21983080341852165
6.244166900663736,4.858596747798084
5.560681631015528,5.248126686880509
6.416732282512326,6.688637867779504
2.772588722239781,2.3859739910308484
0.0,0.9512883961706673
5.41164605185504,5.414538097816872
1.791759469228055,1.6325405524296568
2.079441541679836,2.1422118015511242
1.9459101490553128,3.1227039402615517
2.19722457733622,2.1760858972916868
1.0986122886681098,0.5465692447128219
3.555348061489413,3.5512213721093766
0.0,0.3681235167465708
0.0,0.15644750391050782
3.610917912644224,3.127578001560842
1.3862943611198906,1.3959014252749005
3.7612001156935615,3.181063231761936
1.3862943611198906,1.2910073610465893
0.0,0.6299853653211487
4.110873864173311,4.27873849016506
0.6931471805599453,0.8681028475176785
6.102558594613569,6.00165476218031
5.0238805208462765,5.571701805520564
2.079441541679836,0.9905262188787953
1.9459101490553128,1.9893793720950168
0.0,0.15491862637454976
1.6094379124341005,0.33901733829009373
0.0,0.1464911870598926
1.0986122886681098,1.1459923246935093
3.367295829986474,3.368971118053461
0.0,0.1616017214333064
3.58351893845611,3.338954972844514
0.0,0.2163545503053324
0.0,0.1860062161288114
1.0986122886681098,1.864164120532682
1.9459101490553128,2.48602714288966
1.0986122886681098,2.7513968647289624
2.079441541679836,2.250257353875771
4.04305126783455,3.696081604274171
0.6931471805599453,0.24605254541535926
1.3862943611198906,0.5315423881316409
1.3862943611198906,0.2778067653756231
0.0,0.5136775207008178
0.0,0.5319667246141982
0.0,0.21096327658639033
1.791759469228055,1.8893882912177242
0.0,0.38144829794147117
8.375860015299594,8.112544932935942
1.0986122886681098,1.2806292743984313
0.6931471805599453,0.24992115998041228
0.0,0.9793460033088037
0.0,1.056276940890188
2.9444389791664403,3.10141538227268
0.0,0.35273327028185275
0.0,0.25334113277338843
0.0,0.18261022107983926
0.0,0.30749788205568895
1.0986122886681098,2.1603891682278413
2.302585092994046,1.300529687855825
0.0,0.1853437233745268
2.772588722239781,2.2811069757792852
3.367295829986474,3.9745496639728892
0.0,0.25960872491119386
1.3862943611198906,1.74926207890577
0.0,0.19788750616056627
3.555348061489413,2.7204583369932136
5.655991810819852,4.86825103110165
0.0,0.19200143900493802
0.0,0.16296184045108864
1.0986122886681098,1.7656844256874866
1.3862943611198906,1.606923578987404
6.419994928147142,5.881537055964274
1.3862943611198906,2.882616269691926
2.4849066497880004,0.49574050469081504
1.3862943611198906,1.2647066366885087
0.0,0.14942471149832504
6.326149473155099,6.292089752704836
1.3862943611198906,0.9155195605168441
0.0,0.1916962069411963
3.044522437723423,3.327365465123174
0.0,1.8807048825965957
2.772588722239781,2.481088103451477
2.70805020110221,3.23569920485524
5.641907070938114,5.207732350453423
1.3862943611198906,2.573523217579672
0.0,0.09664202996168958
9.169976605786628,7.665128792147553
0.0,0.7404518532570578
2.19722457733622,1.4376739641254566
3.1354942159291497,3.177516675093278
0.0,2.1263087321993437
0.0,1.613102156381158
4.04305126783455,4.258891574383456
0.0,0.1918923023890333
1.6094379124341005,2.3526631682564125
0.6931471805599453,0.2510989554085095
2.9444389791664403,2.38836552030278
0.0,1.6980703872333271
0.6931471805599453,0.934988100616597
0.0,0.2856505131393294
2.70805020110221,2.9280199296856706
4.3694478524670215,3.951216731260541
0.0,0.674556165971655
3.555348061489413,3.37422351369258
1.0986122886681098,2.043061741618383
0.6931471805599453,1.2157253664313838
0.6931471805599453,1.9100907618404557
1.791759469228055,1.9083177517702257
1.0986122886681098,2.21320064566803
0.0,0.5571988860671013
3.1780538303479458,2.7429880060961054
1.791759469228055,2.33045536417368
7.042286171939743,6.073586158777359
1.0986122886681098,2.3360902978235014
5.840641657373398,7.059947209379183
4.663439094112067,4.148010457022163
3.555348061489413,4.030838243312426
5.717027701406222,4.440565959714825
5.846438775057725,5.639762149284948
1.6094379124341005,1.122238685254109
3.8501476017100575,4.093495584916526
0.0,0.5478505911052258
9.076237387452702,8.55682723494357
0.0,0.25342478780290645
0.0,0.2800438204377282
0.0,1.212725823487769
1.3862943611198906,1.8413505249420614
3.58351893845611,3.7563844638548236
0.6931471805599453,1.3005513963986115
0.0,0.19737593888707372
5.153291594497779,4.513392202946576
0.0,0.26554553437092887
0.0,0.1767578277263475
1.0986122886681098,0.49508245659821987
1.6094379124341005,1.9983439362158035
0.6931471805599453,0.4454111638209877
6.306275286948016,5.740145814330422
2.70805020110221,2.950449843969445
4.844187086458591,5.233459956698247
5.093750200806762,5.25827814558462
1.0986122886681098,0.5936267913805333
1.0986122886681098,1.858580905721898
1.6094379124341005,1.6076756296591106
4.418840607796598,6.21059710355839
7.374001859350161,7.541223683953866
0.0,0.23390799851519944
0.0,0.5451834403942935
0.0,0.4421733078064219
1.0986122886681098,2.378396818174122
0.0,0.23844315522720508
0.0,0.740856387967821
7.868636894184167,8.328956467919285
2.6390573296152584,2.33994702430342
0.0,0.28907826977890605
3.80666248977032,3.727002284003053
2.3978952727983707,3.1998848978751733
7.518607216815252,8.099365605915791
1.3862943611198906,1.7646163143683777
5.030437921392435,3.9561076525186833
3.1780538303479458,3.4966120853702143
2.4849066497880004,2.8251443581225457
0.6931471805599453,1.0656101152599031
0.0,0.6498599323657551
3.737669618283368,3.05243515843559
3.1780538303479458,1.2453246013611399
2.9444389791664403,2.7153785341105827
4.68213122712422,4.247302895700673
7.888709524182015,6.982180340510288
0.0,0.2545391973493603
0.0,0.3156355164289347
3.4339872044851463,4.98872255784512
3.1780538303479458,3.8319772459982415
1.0986122886681098,1.426039064745852
1.6094379124341005,2.540287256970368
0.6931471805599453,1.0762771566852487
4.574710978503383,4.7242154344275225
0.6931471805599453,0.507217850596728
3.091042453358316,3.2877616317748455
4.23410650459726,3.325044034287851
1.0986122886681098,1.0762391096422823
3.7612001156935615,4.557506423118583
1.0986122886681098,0.2804174057250014
6.190315405853148,6.174525449299249
2.19722457733622,2.345415723692595
0.0,0.24358853277522727
0.0,0.1935171306681429
0.0,0.21373720866158893
7.107425474110705,6.9879702867327245
0.0,0.19598249929036538
4.219507705176107,3.7858390955560086
2.833213344056216,3.5740528481449436
2.6390573296152584,1.9819258722616757
1.3862943611198906,2.4931191680103493
6.0867747269123065,6.038218128385164
1.0986122886681098,1.864605272524197
0.0,0.3400510794429338
1.0986122886681098,1.5561593904909314
2.5649493574615367,2.946389699239134
3.218875824868201,3.245088199003162
7.500529485395295,5.977158499725237
5.575949103146316,5.576758711502553
1.9459101490553128,2.3436930687485464
0.0,0.18290811459177445
0.0,0.17627050672282896
0.0,0.16572228284524015
5.666426688112432,4.805015775494619
4.882801922586371,4.018662158904244
4.23410650459726,4.012715704726346
3.80666248977032,4.2068572268865605
2.5649493574615367,2.2768333924571755
5.746203190540153,7.927955288085687
0.6931471805599453,1.621852020937916
0.0,0.15633042211853754
0.0,0.26059930440431
7.068172000388042,6.713155249101569
5.003946305945459,4.380504096507044
3.610917912644224,3.715378595278673
1.6094379124341005,0.8789089024845805
4.394449154672439,3.5810874938644153
0.0,0.6268915143675627
3.091042453358316,4.6460679498655315
1.0986122886681098,1.6810644480579968
1.0986122886681098,0.46059535788022443
0.6931471805599453,0.9143005399874278
2.19722457733622,2.12446421494392
0.0,0.4642505567529601
5.0369526024136295,3.850670205941574
3.4657359027997265,3.610340643777612
0.0,1.9323299713387654
0.0,0.3292730579908929
4.532599493153256,4.711805778806433
4.02535169073515,4.370151466155628
0.0,0.15984531814936095
0.6931471805599453,1.43412433914023
1.0986122886681098,0.1168634673175208
2.3978952727983707,2.617240803855549
0.0,0.1720365390859422
5.948034989180646,6.194310589432381
0.0,0.2377715115312391
0.0,0.1949900153442164
0.0,1.0628561430159387
0.0,0.27137494986834165
2.079441541679836,3.5546198514131495
0.6931471805599453,0.9679435589549772
0.0,0.37158561773592585
0.0,0.32356404711278264
0.0,0.16582056583362428
0.0,0.24218414785372996
0.0,0.22298983901061667
0.6931471805599453,0.32495548801675206
7.408530566894626,7.069336776344482
0.6931471805599453,0.3177829413835962
5.402677381872279,5.457474331711745
4.584967478670572,4.025502179396851
1.9459101490553128,1.8943499819726013
2.3978952727983707,2.427593684557863
0.0,0.16681349456493125
0.0,1.0599710400411155
5.613128106388071,6.192992517606979
7.620214770574455,7.088662657400242
3.6635616461296463,3.888177941752533
0.0,0.21821298875603648
3.044522437723423,1.495470237243152
6.86484777797086,7.1725721134666
4.276666119016055,2.842128344727813
2.19722457733622,2.9292944304464767
0.0,0.2249352537324756
2.6390573296152584,3.0972669778219837
1.9459101490553128,2.0012963156213868
1.6094379124341005,2.269979165172477
0.0,0.09643792215851543
7.60887062919126,6.990877806019323
7.004881989712859,5.38045942795864
7.80954132465341,7.05065919429953
2.3978952727983707,2.9662801494201188
4.04305126783455,3.4191622782422666
6.023447592961033,6.515765103874716
4.204692619390966,1.4477551208562491
1.9459101490553128,2.188426417957088
0.6931471805599453,0.5061611822575228
0.0,0.987614739158395
3.6635616461296463,3.5124142679551587
3.295836866004329,2.7351180546125513
3.871201010907891,4.41373050965861
0.0,0.6237936195794151
1.3862943611198906,0.7796615791158732
0.6931471805599453,2.12610041860115
5.849324779946859,4.721174301045475
0.0,0.34047044697855916
9.013838751608397,7.535620887917662
0.0,0.5547773729680057
0.6931471805599453,0.7770561142042532
2.302585092994046,1.8168194555275572
0.6931471805599453,0.9962520103109624
6.90975328164481,6.768710850170277
0.6931471805599453,2.333511596016099
1.9459101490553128,0.9303593716520872
1.6094379124341005,2.667709500974063
0.0,0.1802942836951471
3.713572066704308,3.9855986361155398
2.772588722239781,2.500714630411201
6.008813185442595,6.058338025297202
8.855805992536562,8.139356246598592
0.0,0.18623301697279682
1.6094379124341005,2.7155347987757037
4.290459441148391,4.261001602218853
2.079441541679836,2.782666873553741
4.770684624465665,3.977308780645348
5.1647859739235145,6.286653513029905
0.0,0.4847714016728405
1.6094379124341005,2.674512880720429
9.169976605786628,8.314191899968638
0.0,0.12389976178346909
8.244071270295786,7.758427976560623
1.3862943611198906,1.1407476468893527
2.995732273553991,3.0605710110658464
1.0986122886681098,1.765582305957124
3.6375861597263857,3.7139217911011357
4.574710978503383,4.698664365611182
1.6094379124341005,1.9025225406979147
5.332718793265369,4.955146170688292
5.298317366548036,4.9532423820226255
0.6931471805599453,0.8579385923201577
2.833213344056216,3.0277873882965154
4.68213122712422,3.9407722621522514
0.0,0.366541263022106
4.6443908991413725,4.277851513799425
0.6931471805599453,0.9589811305865932
1.3862943611198906,1.809722556760954
1.6094379124341005,2.376926768796282
0.0,0.6032688740475632
1.0986122886681098,0.3643370038995537
0.0,0.2044757584546591
0.6931471805599453,0.5792176750295709
6.253828811575473,5.810737425606449
0.6931471805599453,2.1941391065173836
1.6094379124341005,1.7032702256343433
0.0,0.3046826388197723
9.169976605786628,8.013966754352229
1.3862943611198906,0.946600229980154
4.31748811353631,4.430640996535204
0.0,0.34342194176790763
7.3938782901077555,7.017684930741103
3.332204510175204,2.6513291483680956
0.0,2.4205406071169335
0.0,1.6290654831207059
0.0,0.21686445990610478
0.6931471805599453,1.8675824108632424
4.330733340286331,5.395523041025955
1.3862943611198906,0.42063049143737224
4.454347296253507,3.383153288180302
0.0,0.1991228007757866
4.007333185232471,2.99555072119513
0.6931471805599453,0.3337410293151186
4.934473933130692,5.435081039577179
1.0986122886681098,0.24174091702011063
0.0,0.18725784179363836
0.0,0.14903586892329712
0.0,0.2139662635893225
1.9459101490553128,2.0346284995899744
0.0,0.5134912836172894
4.143134726391533,4.385732023161301
0.0,0.5322007278420776
4.31748811353631,2.988479442731391
1.791759469228055,2.3384823125446723
5.187385805840755,4.581052713868356
1.6094379124341005,1.5044209244012114
0.0,0.2845979086101957
2.19722457733622,1.9960699564622828
5.068904202220232,4.3591608497753755
5.247024072160486,5.6060260917949245
0.0,0.9164398302847852
2.079441541679836,2.0784151591006506
1.6094379124341005,3.154793953547922
0.0,0.19993235336100823
0.0,0.3091558410476734
2.6390573296152584,1.8429830218600636
6.77078942390898,6.701367288664046
0.0,0.14791771723513614
0.0,0.14986966988971828
3.5263605246161616,3.3174791080389037
6.100318952020064,7.906263269364143
0.0,0.1506543206562584
0.0,0.18565414981489448
2.302585092994046,2.7252650237351386
3.1354942159291497,1.9352100414670126
8.448271745949816,8.538442634383138
3.6375861597263857,3.71112234564789
0.0,0.19983901133140514
0.0,0.2744454571966083
2.9444389791664403,2.274124361923615
4.969813299576001,6.253516976574859
0.6931471805599453,1.8902440662112774
0.0,0.9933786682181458
0.0,0.18507574783573866
1.0986122886681098,1.83411065134536
0.0,0.540385100768759
2.302585092994046,2.4590895223190063
1.6094379124341005,2.6819431845172224
2.6390573296152584,2.9095767983650354
5.468060141135132,5.710445193575515
0.0,0.6701028051418458
3.258096538021482,3.2826225518350807
0.0,0.16262895373521427
2.4849066497880004,2.0604592759494027
2.19722457733622,2.4999141839723276
4.990432586778736,5.173365165402292
7.110696122978827,8.078454718659655
0.6931471805599453,1.6303353670851106
3.367295829986474,3.2588912690182212
5.823045895483019,5.804245981218696
3.8918202981106265,4.349787157760602
0.0,0.21269815463573905
4.442651256490317,3.6257136538797763
5.3471075307174685,4.675028864411546
1.0986122886681098,1.5003024636069024
3.9889840465642745,4.669797640522811
1.0986122886681098,1.7592330239343656
4.762173934797756,5.9298484499371416
1.0986122886681098,1.5709703117302989
3.8501476017100575,3.1402462566460114
1.6094379124341005,0.6533740589261416
7.602401335665818,7.807169310009053
0.6931471805599453,0.4835090818851839
0.6931471805599453,0.1858909701344442
4.248495242049359,4.39807234607239
0.0,0.3400145747817527
9.169976605786628,8.802457115180767
6.983789965258135,6.586966006448236
1.791759469228055,2.8582229824872196
3.1354942159291497,2.7057766886580064
6.804614520062624,6.566437225695834
4.07753744390572,4.000407301409953
2.3978952727983707,3.194554808434155
0.0,0.16502410462915917
2.70805020110221,2.267035132275157
3.871201010907891,3.8941444978196063
0.0,0.26593921550701216
3.688879454113936,3.687304201492223
0.0,0.9980267874443839
0.6931471805599453,0.3942284595875449
0.0,0.675132388209294
5.231108616854587,5.394008721116541
0.0,0.20456742485228144
0.0,0.1763754746542309
0.0,0.7172774151566692
7.436617265234227,7.416584533450738
0.0,0.3158507066409702
8.575462099540212,5.295227925114829
3.7612001156935615,3.8755291797370317
5.010635294096256,2.8318122212171994
5.056245805348308,5.069008068122428
4.77912349311153,3.940536419088602
3.367295829986474,3.616825100530213
1.3862943611198906,0.498191423349989
0.0,0.17744654964812218
6.263398262591624,7.06190107622359
0.6931471805599453,0.22627725272529278
0.0,0.6765730799891212
1.6094379124341005,3.319357302972276
0.0,0.6785915442649813
0.0,0.1892238149535923
0.6931471805599453,1.7869703568365864
0.0,0.37794922451585294
1.3862943611198906,2.5651411409418214
0.0,0.17489493270062004
1.0986122886681098,2.238395855184772
4.836281906951478,4.9223375833838405
5.993961427306569,5.670835861047195
0.0,0.22962545674895335
6.082218910376446,6.089519749513262
2.772588722239781,2.5206521753599294
0.6931471805599453,0.3830276702468963
0.0,0.21685109413921688
3.713572066704308,3.3220681775556926
2.70805020110221,2.565319680589452
0.0,0.31839568995325085
2.772588722239781,3.7156349291597404
0.0,0.21796971803719983
1.6094379124341005,2.227963458324709
9.169976605786628,6.227657385684846
4.143134726391533,4.706727105305239
0.0,0.19647714514242898
5.575949103146316,6.301933149129795
2.079441541679836,1.727727573203519
0.0,0.15595469108234136
1.0986122886681098,2.874735398000223
3.1354942159291497,3.2001977932872983
0.0,0.7035862607738609
5.556828061699537,4.407428710766494
0.6931471805599453,2.031707825101302
1.0986122886681098,2.422379513209203
3.1354942159291497,2.7524868394444666
3.258096538021482,3.026989433341498
6.481577129276431,5.766842924042657
1.3862943611198906,0.9012061712050395
0.0,0.19913603311837202
2.079441541679836,2.787636611401456
0.0,1.3336050263925074
5.673323267171493,4.879783861313929
0.0,0.17586014384132825
1.0986122886681098,2.0830945221807746
0.6931471805599453,0.2007434295176303
5.560681631015528,5.99949550353093
0.0,0.19993235336100823
4.007333185232471,3.068248472300856
0.6931471805599453,1.4325532967789718
4.343805421853684,4.195826780338884
1.0986122886681098,0.32741671578071385
1.3862943611198906,0.6442432068100232
0.6931471805599453,0.3651619418221409
0.6931471805599453,1.897556166518066
4.04305126783455,3.698274570478757
0.0,1.393621632251813
0.6931471805599453,0.4391485380838072
1.3862943611198906,1.4692450266289596
2.302585092994046,2.431457443159481
1.6094379124341005,2.292010894813162
0.0,0.8969512012430914
4.624972813284271,3.935522320218291
0.6931471805599453,0.2579786756775792
0.0,2.6324599736616614
1.9459101490553128,2.6062148584433658
2.302585092994046,2.728208520200988
4.007333185232471,3.460656897765366
6.257667587882639,6.126829561550232
2.6390573296152584,2.405110476349523
0.0,0.31895054836602993
0.6931471805599453,0.3594267710476266
0.0,0.1818102363690477
0.6931471805599453,0.8689322095750216
7.180069874302796,7.4003631339531895
4.30406509320417,4.056292159029137
0.0,0.21035560772394077
6.16541785423142,5.777088352192681
3.258096538021482,3.503154851037739
1.6094379124341005,1.234600670056655
1.9459101490553128,1.928518705810202
6.171700597410915,6.531822067689261
1.3862943611198906,1.7021577220516695
1.0986122886681098,2.3307241451965806
3.295836866004329,3.3508194676412124
0.6931471805599453,0.2973384107825465
0.0,0.29485104384110855
7.116394144093465,7.038710170012205
0.0,0.5397701557044892
0.6931471805599453,0.22355431927333466
3.5263605246161616,3.405937689668536
1.6094379124341005,1.8863309585896595
2.6390573296152584,2.5833621621987533
1.6094379124341005,2.1884761328912785
2.079441541679836,2.793030290651117
0.0,0.3802442423917306
1.9459101490553128,0.7881302864234578
1.3862943611198906,2.10862281375617
0.0,0.7908895997825585
1.6094379124341005,2.1584497544991765
5.583496308781699,5.5430732482974205
5.525452939131784,5.697403034552028
0.6931471805599453,1.0044151153326715
0.6931471805599453,1.215979684274264
2.3978952727983707,1.872748058436933
1.0986122886681098,0.26013767335612437
6.759255270663693,5.963584618000411
3.367295829986474,3.334919066436148
0.6931471805599453,1.506475002024714
0.0,0.3079362329597804
1.3862943611198906,2.600192859431099
5.556828061699537,5.511117255544296
0.0,0.22429312324924694
2.995732273553991,3.031956039456097
5.14166355650266,4.75054560061329
2.772588722239781,1.0965383205151158
0.0,1.0563944101332987
2.302585092994046,2.6398499825280006
0.0,0.9496739742501659
0.0,2.963553951023198
2.70805020110221,2.4001876488898666
0.0,0.1348033990306924
0.0,0.20672469862792903
1.9459101490553128,1.5400083727220562
1.0986122886681098,1.8007926100403848
3.295836866004329,2.0572792807852673
0.0,0.16099361289386052
5.135798437050262,5.4952112735570156
2.19722457733622,3.1859249630745943
0.6931471805599453,0.37121321579252686
3.4657359027997265,3.7920305662988145
0.0,0.16688743336098602
0.0,0.5796489344719137
6.602587892189336,5.496126344213761
1.0986122886681098,2.0666545101873566
0.0,0.18543460153971014
0.0,0.31600615335171306
3.044522437723423,3.407100400646466
1.791759469228055,3.5104773059520684
0.0,0.46031851256489714
0.6931471805599453,2.1086045472803447
2.5649493574615367,1.7445493983493219
3.8918202981106265,4.084320154534853
1.0986122886681098,1.437281787450234
0.0,2.322653460162581
3.58351893845611,3.921888389819452
2.772588722239781,2.3665665382120986
0.0,0.18700501715623058
1.9459101490553128,2.4089531700206637
0.0,0.3313345703072066
1.0986122886681098,0.8705523246618757
4.532599493153256,4.587379508387534
5.087596335232384,4.241975391952214
6.813444599510896,5.50660245368053
0.6931471805599453,0.6312170870628111
1.3862943611198906,1.9957087895275611
2.079441541679836,1.3425249664820442
0.0,0.3601902657464014
1.3862943611198906,1.6867733335050616
2.4849066497880004,2.1957539732542037
7.045776576879511,7.573806042570981
3.737669618283368,4.02043829429189
0.0,0.6255709113517507
4.3694478524670215,4.986474420670623
5.375278407684165,5.819486270647269
0.0,1.5095576031621398
1.0986122886681098,2.3579408961532935
0.0,0.24995878108650701
2.5649493574615367,2.5925537544204738
4.3694478524670215,4.318770216288331
0.6931471805599453,2.134717907240708
1.0986122886681098,1.1039929742427117
1.0986122886681098,1.7585767208420362
1.6094379124341005,3.3987318654573593
1.791759469228055,2.8173418299258044
7.597897950521784,7.304505124482736
0.0,0.28200700006206486
1.3862943611198906,0.8382787079022598
1.0986122886681098,1.8959477840480732
3.091042453358316,4.4122918057068174
1.9459101490553128,2.3344049777085782
1.6094379124341005,1.7929795456878965
7.906915488678587,7.914120432349482
0.0,3.452895620177141
2.302585092994046,1.7692066397157646
0.0,0.11330624950472935
2.70805020110221,2.666142501320042
2.302585092994046,1.9948657216527441
3.4657359027997265,2.7078974412861476
4.624972813284271,4.069872718711563
4.007333185232471,3.902943439981692
0.0,0.28124911171705863
3.9889840465642745,4.605037875300787
0.0,0.6139635961590831
3.737669618283368,3.513873510121311
1.0986122886681098,1.4867120761091168
0.0,0.3720620827452833
0.0,0.19192757408126915
3.258096538021482,3.173922597703415
2.4849066497880004,2.500722861818951
0.0,0.19993235336100823
2.995732273553991,2.9542111953822436
0.0,0.2403785807386104
1.791759469228055,0.7486750403831591
5.153291594497779,5.028385115352
8.77770959579525,6.636496137576709
0.0,1.2652520186774974
0.0,0.1998728143113282
0.0,0.35762339692175277
0.0,1.1657287217270251
0.6931471805599453,1.527793285171384
0.6931471805599453,1.7018908858482285
2.9444389791664403,3.001606365366333
0.0,0.23416215646002142
2.079441541679836,2.2174285132687626
2.8903717578961645,2.9985252326544964
0.0,0.4957931351037041
1.9459101490553128,0.317466516669652
1.0986122886681098,0.45978642362745153
0.0,0.6161292397133701
0.0,0.16715822859412946
1.6094379124341005,0.4165266961358532
2.70805020110221,2.3308178884333413
0.0,0.9073175046761559
0.0,0.22781300924684383
4.499809670330265,4.176502004162638
0.6931471805599453,1.6644961934989468
0.0,0.2627108786713566
3.044522437723423,1.6292162236495555
1.3862943611198906,0.8680289380646163
0.0,0.2971741163366489
4.477336814478207,3.1704344514100784
0.0,0.30268866325282745
9.169976605786628,8.798789986214334
3.218875824868201,1.879460986084117
1.0986122886681098,1.566465356821807
0.0,0.30054414527173
3.970291913552122,4.573159444569435
0.6931471805599453,2.065336080694209
1.6094379124341005,1.5338308130854736
3.332204510175204,2.515573093718191
5.921578419643816,5.758862428225238
0.0,0.2859312376056387
0.0,0.36395243554421775
1.6094379124341005,2.4343821778860035
0.6931471805599453,0.4011970118689128
1.0986122886681098,1.6226643350247638
0.0,0.22461672340804562
0.0,2.3705641127814743
4.276666119016055,4.429787140808076
0.6931471805599453,0.7777882591733616
0.0,0.257317122888371
3.4339872044851463,3.2208546556279356
6.8966943316227125,7.288933890861262
3.9318256327243257,4.151585662965113
6.333279628139691,6.626785375262186
5.926926025970411,6.253650674442482
2.19722457733622,1.6313537116433183
0.0,0.1923539241556751
3.58351893845611,3.0995319457834043
0.0,0.3745405142419874
0.6931471805599453,1.6877880673435322
0.0,0.9837341333804934
0.0,0.2867469918112767
5.733341276897746,6.439917041199365
1.0986122886681098,1.5410443007529169
0.0,0.2041582430396754
0.0,0.6641256685041013
0.0,0.32630269197351025
6.7580945044277305,5.960436270432983
0.6931471805599453,0.3424112796417553
0.0,0.12125488267912353
1.0986122886681098,1.8026091124669459
2.772588722239781,3.3092164978275496
0.0,1.647418125803389
5.187385805840755,5.64737147765521
2.5649493574615367,2.7308320720087824
2.302585092994046,0.35816634193341224
2.5649493574615367,2.484383539431684
0.0,0.8384475538871521
5.081404364984463,4.639556113407864
3.871201010907891,4.23854154195228
1.791759469228055,2.9133066993807626
3.7612001156935615,3.796703856581136
4.31748811353631,5.511801316553679
0.6931471805599453,1.1681593451820806
8.32093496888341,7.813452042447009
1.3862943611198906,0.20923889588171488
2.302585092994046,2.8943293488319504
0.0,0.8409077487620664
4.30406509320417,3.708047775357972
0.6931471805599453,1.427788542962043
0.0,0.6093311249303447
0.0,0.20273129914363075
2.9444389791664403,2.721312383954031
3.218875824868201,3.0974926742496556
0.0,0.2939071336736428
1.6094379124341005,1.4598439550282534
0.0,0.20029519395393258
0.6931471805599453,2.4761007801586845
3.951243718581428,4.046114893125333
1.791759469228055,1.2165587542403171
1.6094379124341005,1.941721657659018
8.126222529458525,7.662505427072568
0.0,0.3116746181741833
1.3862943611198906,1.7976772563841603
0.0,0.24921769058898727
5.204006687076795,5.881950731343827
3.828641396489095,3.939121878820371
0.6931471805599453,0.5720336422957044
3.8918202981106265,4.4103017337852695
2.833213344056216,2.5207652735078225
1.6094379124341005,1.6005742850179034
1.6094379124341005,1.8568909005222771
1.3862943611198906,0.19603061922892615
7.020190708311925,6.45918527666199
4.709530201312334,4.434464175940665
3.9318256327243257,4.088478045908915
7.7501841622578365,7.786010617517162
2.302585092994046,2.360515629073579
2.772588722239781,3.65983258878145
2.833213344056216,2.0178358553905085
0.6931471805599453,1.9643045239475405
7.425357887027151,6.811876700897952
0.6931471805599453,0.22447002132192467
3.80666248977032,3.2494405595743943
1.0986122886681098,1.945792754009736
0.6931471805599453,0.26461834995376354
0.0,0.39936512969107646
0.6931471805599453,0.2660251675066785
1.3862943611198906,0.44988350223703416
0.6931471805599453,0.2639440442265474
1.6094379124341005,0.4939041258312268
0.6931471805599453,0.3975523531478715
4.248495242049359,3.3217445686162166
0.0,0.6535755143105507
1.0986122886681098,1.3177660692838131
3.49650756146648,3.6387383543651346
1.6094379124341005,0.5167163536503319
2.302585092994046,1.6818570491986375
1.0986122886681098,0.4182350673196635
4.290459441148391,4.4073966795535995
0.6931471805599453,1.290552168888519
1.0986122886681098,1.7169578533720113
4.158883083359672,3.810265402544241
8.570165076182343,5.472571960814107
7.018401799069201,6.149218575835151
0.0,0.3358956305117971
0.0,0.16272221694391872
2.3978952727983707,1.785739155089196
9.169976605786628,4.343120249349129
1.791759469228055,3.336830941414974
2.19722457733622,2.3717517890912356
1.6094379124341005,2.488250172294106
5.968707559985366,6.038929355764947
1.791759469228055,2.3059343453902184
0.0,2.584924389545985
2.302585092994046,2.7708902470141217
1.791759469228055,1.8743044087467293
0.0,0.24645383680148106
3.4011973816621555,3.9180332473620787
1.0986122886681098,1.2528011313327456
0.0,0.19413691519086446
0.0,0.4220108473290983
2.302585092994046,0.47832336839688316
1.6094379124341005,2.3275762240587095
0.0,0.15801471831634273
4.143134726391533,4.385687794390359
1.6094379124341005,2.5313309156560364
2.079441541679836,1.8497523173106114
3.688879454113936,3.409866540561618
3.1780538303479458,3.1215555714828187
2.8903717578961645,3.2894940653101736
4.962844630259907,5.0941240341567084
2.302585092994046,2.120518574067476
8.449128460502108,7.606170873096987
0.0,0.1999605043903021
1.3862943611198906,2.989357750840517
3.610917912644224,2.6683208126412974
7.407924322559599,6.578084041481055
0.0,1.95373007900089
3.332204510175204,3.4643018030706076
0.0,0.6380058578740837
0.6931471805599453,1.728453599825403
1.3862943611198906,0.6958565278126981
2.302585092994046,2.575713912808891
7.554334823725748,7.122058406336437
2.4849066497880004,2.1113626599234174
1.6094379124341005,2.795874495638544
0.0,1.1174443537852763
0.6931471805599453,0.36404583115992384
8.575650760987806,8.44606681118664
5.700443573390687,5.456940215297705
2.079441541679836,2.831300354175264
1.3862943611198906,0.3419411619361631
3.367295829986474,3.3773181149243414
4.718498871295094,4.534803709079058
7.655864017616056,6.110129474072453
2.833213344056216,2.8725037141542082
0.6931471805599453,1.6528548555755729
0.0,0.7133185755750786
1.6094379124341005,2.1203740936276425
3.091042453358316,3.670265184819679
0.0,0.23528527806659305
1.6094379124341005,2.7223934188184287
1.0986122886681098,1.4251503266386347
0.6931471805599453,0.5083192439189942
0.0,0.14357091729509244
4.07753744390572,4.014336561317797
5.356586274672012,5.868144846769535
5.0369526024136295,5.893623760728094
0.0,0.5850009461810864
0.0,1.062279394421552
2.833213344056216,2.3609491729542373
5.438079308923196,5.999609046732716
0.6931471805599453,0.2991946905217006
5.87493073085203,6.963352438552566
5.762051382780177,5.7649553145262615
3.970291913552122,4.2015791994881635
2.5649493574615367,2.9018044556087728
6.333279628139691,6.139088740004536
0.6931471805599453,1.1092607975796125
0.0,2.669790621428346
