quantity_sold_ground_truth,quantity_sold_predicted
3.218875824868201,2.948973801765124
0.0,0.2006645893140522
1.791759469228055,2.7204194507596697
3.4657359027997265,3.589545181655528
0.0,0.34141017603709034
6.156978985585555,5.253671760263933
3.1354942159291497,3.4231592266614848
0.0,0.222142575205519
0.0,0.18297506542555148
3.5263605246161616,3.4605532485270123
0.6931471805599453,1.9104581352668906
3.1780538303479458,3.3695202980197774
0.6931471805599453,1.7971789150401536
0.0,0.33019109358507026
3.58351893845611,3.597813237827152
0.0,0.2038317803753828
7.106606137727303,6.708403393464231
1.6094379124341005,0.19122792942019837
3.7612001156935615,3.3975929205379085
0.0,0.3077245991474017
0.0,0.24909604007518296
2.302585092994046,1.0110014882891463
6.92951677076365,6.843525966572138
2.5649493574615367,2.7500034304778396
9.169976605786628,8.646932578155926
9.169976605786628,6.851994133700577
0.0,0.199207920017039
0.6931471805599453,0.3598556639985383
0.0,0.20112657981396742
0.0,0.8989469677705512
0.0,0.23813142116598895
4.110873864173311,4.089687351450789
0.6931471805599453,1.3741513305065678
0.0,0.2753974341255226
3.332204510175204,3.7380528138715152
2.079441541679836,1.12940413461473
3.9318256327243257,4.3223140477437
2.5649493574615367,3.7566790556540566
4.07753744390572,4.5872334697924835
0.6931471805599453,1.0965858016228707
0.0,0.45855843134647095
0.6931471805599453,0.14516945267542877
1.791759469228055,1.306728840265134
4.727387818712341,4.05957058738448
7.538494999413465,6.8470272147853
2.6390573296152584,1.7831588026850738
1.3862943611198906,0.4288695227847022
1.3862943611198906,0.27415264560877084
0.0,1.5580420387095857
0.0,0.27837688625516593
0.0,0.18493377392931942
6.16541785423142,6.404129239420154
6.8001700683022,7.0554854439985135
0.0,0.14131503301230497
9.169976605786628,7.551494749260804
4.394449154672439,4.866555979085154
5.062595033026967,4.778601320460483
0.0,0.576368196321744
1.3862943611198906,2.5221923270289444
2.19722457733622,1.7331031102474292
5.7745515455444085,4.951796452454525
1.0986122886681098,2.0355982987417507
0.0,0.1991696517413195
0.0,0.32939194541718836
0.0,0.18873356202281863
3.4011973816621555,2.7606558988653886
7.797291273547472,7.603076959049903
0.0,1.5683605200770678
4.3694478524670215,3.731432638560264
0.0,0.30824537402294694
5.356586274672012,5.530214465403772
5.484796933490655,5.120554361866481
4.882801922586371,4.685768741518709
3.332204510175204,3.255662873875708
1.9459101490553128,1.6461491909553763
3.218875824868201,3.314983720110204
0.6931471805599453,0.6557772674588562
0.0,0.18548670851844087
1.9459101490553128,3.321028764380359
2.302585092994046,2.093999424801256
0.6931471805599453,0.668859755017273
6.943122422819428,6.7593824813662025
5.3230099791384085,5.987087392959831
0.6931471805599453,0.7094824511642416
0.6931471805599453,1.0438846578481022
5.068904202220232,4.874261429824584
5.950642552587727,6.110723161199449
5.327876168789581,4.508448312417206
2.8903717578961645,2.044939552422888
0.0,0.20501907756238447
1.791759469228055,1.4087166137728042
2.19722457733622,1.558638216676872
9.169976605786628,9.221891110099204
2.9444389791664403,2.6156770801804963
0.0,0.19144210361466826
0.0,3.4381251550731107
4.74493212836325,3.409708604172955
2.6390573296152584,3.308976394232323
2.833213344056216,2.386122814154991
3.4657359027997265,2.9636639093401773
2.3978952727983707,3.035714021127922
1.9459101490553128,1.1683611050883027
3.5263605246161616,3.4320085261973734
2.4849066497880004,0.5925792775272896
6.2166061010848646,5.795078711669397
0.0,0.1759266136444195
3.871201010907891,4.368593491311748
1.3862943611198906,1.5068173573943255
3.912023005428146,4.520217441271123
0.6931471805599453,0.38731245348642407
2.079441541679836,1.0896917683813359
4.3694478524670215,4.490181559689863
0.0,0.20683118050803004
4.74493212836325,4.787916176198057
2.3978952727983707,0.23803789837689934
1.791759469228055,1.9512527555285766
0.6931471805599453,1.27757989627684
1.6094379124341005,1.2557891896880902
3.555348061489413,3.7743831723608188
0.0,0.2500787554501418
0.0,0.32659879097925654
6.137727054086234,6.673517698080507
1.3862943611198906,2.471846851043032
2.5649493574615367,3.5141643636448614
2.8903717578961645,2.806154157786381
0.6931471805599453,0.37873287882412054
0.0,0.17462108465767162
5.075173815233827,5.648316608970624
0.0,0.1794829010575884
0.6931471805599453,2.2808389178499913
2.772588722239781,2.0279555969832366
0.6931471805599453,0.44207604418599217
1.6094379124341005,1.0085396069650683
2.8903717578961645,3.542647077508823
0.0,0.369139434162492
0.0,0.21245049882190917
1.0986122886681098,0.3226677130212421
3.610917912644224,2.354555323439682
4.143134726391533,3.6798025409823905
0.0,0.1508369857652609
0.0,0.3979343127551407
1.0986122886681098,0.7917154265130232
0.0,0.06915438619730596
4.672828834461906,5.167149026584272
1.791759469228055,1.6555169717201932
4.060443010546419,4.042027538080535
0.6931471805599453,2.6999869373197254
6.173786103901937,4.336450542631187
3.4011973816621555,3.4164770330334453
0.0,1.2166669703969912
4.820281565605037,4.040403324411562
1.0986122886681098,1.343014228827439
0.0,0.22358852818144956
6.049733455231958,6.4189887531978895
0.0,1.2459695934729296
1.6094379124341005,2.633060947892215
0.0,1.4349422648251284
0.0,0.2571764829363713
5.0238805208462765,4.959681109626501
1.791759469228055,1.9766185999054915
0.0,0.24249455980620582
0.6931471805599453,0.3913057502987455
3.295836866004329,3.752543688613012
0.0,0.15484965136302387
2.5649493574615367,1.9567944936160035
0.0,0.20128242569665655
0.0,0.5305208610337363
0.0,1.0365520511297135
5.771441123130016,6.057533354261606
0.0,0.2982753205495439
1.3862943611198906,1.104004522819467
3.80666248977032,3.503596384719976
1.6094379124341005,1.8272396177371455
1.0986122886681098,3.0216556041815217
2.3978952727983707,2.061979076902089
3.1354942159291497,3.8487066557593503
0.0,0.20679904209886465
0.6931471805599453,1.488076841532389
0.0,0.1613379683458216
5.278114659230517,5.503364847120075
0.0,0.19384535841071582
1.3862943611198906,1.5762103920722184
0.0,0.48751572294539736
3.555348061489413,1.6729716945033763
1.9459101490553128,2.156333064281468
3.4657359027997265,3.8393138275265817
1.3862943611198906,2.033942282680398
2.19722457733622,1.3793641211870484
0.0,0.6837378736379075
1.3862943611198906,0.40733215113830634
3.218875824868201,3.5276798218754326
2.19722457733622,2.3865287318478754
2.8903717578961645,3.3019251151505205
0.0,0.2683245376331465
2.079441541679836,3.182020013914827
4.7535901911063645,4.472546396336857
0.0,0.25970725457165594
0.0,0.28604338329305606
3.091042453358316,2.965696541302115
2.772588722239781,3.411401199352246
4.663439094112067,3.5769532357606293
0.0,0.17265929126418075
3.871201010907891,2.114856902188273
4.962844630259907,5.0622228269912775
1.791759469228055,2.211775001131807
2.19722457733622,2.458981955249439
0.6931471805599453,0.1883391248562866
4.68213122712422,3.9836855970031184
0.6931471805599453,0.19582441942005316
3.6635616461296463,3.24391064911369
2.079441541679836,2.8906978711889644
0.0,0.23328120300732255
1.3862943611198906,1.425481294750787
0.0,0.21239415157573577
0.0,0.4533016059138559
0.0,0.46487024755777256
3.1354942159291497,4.4874558096358985
1.791759469228055,2.8575107644861726
2.079441541679836,1.419439084543683
5.958424693029782,6.282408178314627
2.302585092994046,0.6583259123978284
5.855071922202427,5.630536388397927
0.0,0.19649430908463153
0.0,0.1741914420501889
0.0,0.19015286914948273
2.772588722239781,2.5000764951802186
1.791759469228055,2.1038645015012194
0.0,0.19947106550947558
0.0,0.5466096683781105
1.6094379124341005,2.6664639018159626
3.044522437723423,3.020375891119654
0.0,0.18602600171694275
0.0,0.14305653435067464
3.970291913552122,3.5551115321995113
1.9459101490553128,2.517020891955632
1.791759469228055,1.3254187425808697
0.0,0.19346385641397099
0.6931471805599453,2.8492096644200133
2.9444389791664403,1.9931940235881762
0.0,0.2927485554930156
3.367295829986474,2.350571301244112
1.3862943611198906,0.5152344109804468
5.739792912179234,6.039130917479379
4.248495242049359,4.17664361707975
1.6094379124341005,2.235389981875123
5.488937726156687,5.693176947133649
1.6094379124341005,2.327875832089615
2.833213344056216,3.0148032175606923
7.554334823725748,7.7379837750345
0.0,0.36438173980383676
5.14166355650266,4.886256669010459
4.007333185232471,4.317098933112588
1.9459101490553128,3.03892539717757
0.0,0.4852520686980281
1.3862943611198906,1.8188365802840403
7.269616749608169,6.808638179362834
1.791759469228055,2.431266165898577
1.0986122886681098,1.6146933791316578
0.6931471805599453,0.32149456950096583
1.0986122886681098,1.37808151947218
0.0,0.16114557758839854
6.124683390894205,5.905156501677127
2.6390573296152584,2.8339420181807196
3.8501476017100575,4.020499798578549
7.422373700986824,7.231631727834691
4.912654885736052,6.293988914251122
4.7535901911063645,4.290670956728308
0.6931471805599453,0.18062944203316103
0.0,0.18147062490445476
2.5649493574615367,2.905212024872491
0.0,0.17982210622111572
1.3862943611198906,1.593723520267808
4.23410650459726,4.20676111950271
3.218875824868201,4.281954279511756
1.3862943611198906,0.42998692365571517
6.115892125483034,6.737859761483408
6.77078942390898,5.057286924164354
1.791759469228055,2.2685087621671927
2.3978952727983707,2.0673109720402194
0.0,0.19872557971908855
4.770684624465665,3.6027619159167106
0.0,0.19607553645835252
2.70805020110221,2.3973773577958224
6.035481432524756,6.44699511635117
7.697121317282625,7.266491664984678
4.174387269895637,4.111296416966191
5.389071729816501,5.17683960954807
4.59511985013459,4.103391367691386
9.169976605786628,9.077132652167933
7.307872780763706,6.975284351375965
4.663439094112067,5.464631891597935
6.228511003591184,5.714995805021994
0.0,0.5382945722811943
0.0,0.30944759515239917
0.0,0.36219016865078674
1.0986122886681098,1.6772602759607702
3.49650756146648,4.356510329347887
4.584967478670572,3.035271148176043
0.0,0.2007476337613787
0.0,0.22281308097763083
2.5649493574615367,2.033431777112884
1.3862943611198906,0.8695406936459154
0.6931471805599453,0.5822791908980617
5.459585514144159,5.638415989011993
0.0,0.3023318669217756
4.143134726391533,4.472585063810369
2.9444389791664403,2.5498490449642186
3.9318256327243257,4.155848944440545
0.0,0.47524530426472084
0.0,1.2306279262443904
1.0986122886681098,0.31267973717351927
3.9889840465642745,3.3287394602546434
7.907651594711089,7.9159431813162024
6.641182169740591,4.837672815136848
1.0986122886681098,0.8150738181580277
3.80666248977032,4.515411620356213
7.748028524432376,8.546666334618047
4.442651256490317,4.9025036586752915
2.4849066497880004,2.5911769022883395
0.6931471805599453,0.7702253051397321
0.0,0.19405652237903692
5.916202062607435,5.584268925037375
2.833213344056216,2.0153081379057283
0.0,0.18518095650141872
2.19722457733622,2.860320147933495
2.70805020110221,2.7627151186748593
0.0,0.2210951355297479
2.70805020110221,3.5408309810977485
0.0,0.26643301080558524
4.356708826689592,4.787049322433871
3.9889840465642745,3.9694452059373346
0.0,1.3815210495219763
1.0986122886681098,0.22794543407807483
4.709530201312334,4.29536001787194
2.3978952727983707,2.2268483622281434
0.0,2.316397672077668
0.0,0.30451752526196485
0.6931471805599453,0.3850172047876989
0.0,0.2649717146616405
6.171700597410915,6.432713399742822
5.53338948872752,4.168067213794867
4.812184355372417,3.3922804686440724
0.0,0.4159712503520448
5.068904202220232,5.2038285588297555
5.2832037287379885,4.6619522638541
4.110873864173311,3.6188215963940675
0.6931471805599453,0.36860237424017406
3.951243718581428,4.435265944061692
5.7745515455444085,6.024182727337979
1.0986122886681098,0.9399303170211587
2.19722457733622,1.782577935678243
0.6931471805599453,1.5230522671133893
4.02535169073515,3.9417514373142835
0.0,0.12030523781001014
1.6094379124341005,3.0347270800050135
2.772588722239781,3.4052303531129735
4.382026634673881,4.171111936117354
1.0986122886681098,2.556631160579725
0.0,1.4408182225405566
0.6931471805599453,0.25646184690578255
0.0,0.4706787460638246
6.20455776256869,4.6879398486563
0.0,2.230267996227717
0.6931471805599453,0.2999911684027464
4.330733340286331,3.806497123876452
1.9459101490553128,2.854552919814906
0.0,0.6216708654843442
2.5649493574615367,2.5753461301340055
0.6931471805599453,0.40827869796778593
4.859812404361672,4.636819723826128
3.295836866004329,3.756694413095203
3.1354942159291497,2.5234944518491815
2.079441541679836,2.2144662143051383
0.0,0.15623646005922256
1.3862943611198906,0.25593990614409734
2.4849066497880004,2.218609784739704
3.6375861597263857,1.6768418231759865
0.6931471805599453,0.2534263199595835
5.476463551931511,5.38227640751402
4.382026634673881,4.7267931576212385
1.6094379124341005,0.2660023570570871
0.0,0.41092770499335
2.4849066497880004,2.8317329665510584
1.0986122886681098,0.22643032291129878
0.0,0.5094763557608757
2.19722457733622,2.241244045619672
2.3978952727983707,2.9131936848846975
0.0,0.7413460308076224
2.302585092994046,1.527547621637903
0.0,2.2503646140892553
2.302585092994046,1.7681501370108625
2.6390573296152584,2.9554494952288697
5.926926025970411,5.975562281621549
0.0,0.3044172838221045
2.5649493574615367,2.5619484088732043
0.6931471805599453,0.9277519920767638
2.5649493574615367,2.8080215637972272
0.6931471805599453,1.991966675179655
0.0,0.1734244720642966
1.3862943611198906,1.5660839747240398
2.3978952727983707,2.989927565499129
7.781973234434385,7.2294259759592885
1.3862943611198906,2.585394661358868
2.4849066497880004,2.7329497629181287
5.1647859739235145,4.768883811262739
5.272999558563747,5.277131330437441
1.791759469228055,1.0573845196305558
0.0,0.19650839299058154
2.772588722239781,4.063294914931456
1.791759469228055,3.4071507731398185
3.258096538021482,4.232527381255496
3.332204510175204,3.4991649725087486
2.772588722239781,2.2221057006003124
0.6931471805599453,0.17259260796144674
3.951243718581428,2.5917998302999306
1.0986122886681098,2.0345536127472124
3.295836866004329,3.8899643702273488
3.6635616461296463,3.379949244736007
0.0,1.1083141010643618
3.871201010907891,4.659178349774845
0.0,0.31988580205216643
0.0,0.41040448531515117
0.6931471805599453,1.3881430689011791
0.0,0.18452107021924485
0.6931471805599453,0.6944012781336751
7.747596838692885,7.692034081376802
1.3862943611198906,1.555966540445257
1.9459101490553128,1.1246676960648776
0.0,0.6555099570332582
1.3862943611198906,1.3645763853617718
2.995732273553991,2.7828313114080596
3.044522437723423,3.397120609794416
5.056245805348308,5.527952837868937
0.0,0.24766157689783397
5.513428746164983,5.669163759783686
1.3862943611198906,3.3558563741453975
4.700480365792417,4.011930830458803
1.3862943611198906,0.7676335010747061
0.0,0.25111422102791636
1.791759469228055,3.0213602641480994
3.610917912644224,3.7273742070606444
0.6931471805599453,0.19527782879109448
0.0,0.25846933409778816
2.302585092994046,3.013802243021718
0.0,0.7405445461368458
4.262679877041316,5.17365897492161
4.430816798843313,4.550914995871826
5.455321115357702,6.248988538731994
2.70805020110221,3.3784277147665085
0.6931471805599453,0.27835311072262614
0.0,0.7114207754547782
5.1647859739235145,5.232651337997495
0.0,0.8697846147007473
0.0,0.28992901482148425
3.218875824868201,3.4331849800812795
1.9459101490553128,2.331419216111424
1.0986122886681098,0.8519116153787641
2.4849066497880004,2.7770332088724694
5.613128106388071,6.20899344796898
0.0,0.5620304925371817
0.6931471805599453,0.630709233940001
0.0,0.18413306627174197
0.0,0.2290757881203318
0.0,0.2758701336625481
0.0,0.14852399521911064
3.091042453358316,3.1533891142821835
2.079441541679836,3.076631017295894
0.0,0.533146551057621
0.0,0.14332374401112735
3.737669618283368,2.8975036361158995
0.0,0.3982263718464128
4.672828834461906,4.399900849714522
3.784189633918261,3.976535192113752
2.833213344056216,2.082938296716603
1.9459101490553128,2.234035899856724
0.0,0.28261210598896075
4.007333185232471,3.646558941027173
1.9459101490553128,1.4124234021257527
0.0,0.8147778399301205
0.6931471805599453,1.5887040909966144
1.6094379124341005,1.872051507863744
1.0986122886681098,1.4670334430716072
0.0,0.1875081290430152
0.6931471805599453,1.4519472160272655
2.19722457733622,1.2407169540174066
0.6931471805599453,1.8122406163714866
2.3978952727983707,2.2829535100604645
5.0369526024136295,4.959277420953747
0.0,0.7123124600875422
0.0,0.22798595359647328
0.6931471805599453,1.9378130277047154
1.0986122886681098,1.0193728348250188
0.0,0.4758603511533695
2.302585092994046,2.1403172090847815
2.772588722239781,3.2473102929052073
2.5649493574615367,2.35005201419409
2.833213344056216,1.7352784228504081
2.4849066497880004,1.6587167165097128
3.4339872044851463,3.1921459245563297
3.58351893845611,3.7683478821911525
6.1092475827643655,6.96142839964058
5.66988092298052,5.920526231996865
0.0,0.3410335961046462
2.772588722239781,1.92237509370731
0.0,0.16566938114256666
1.9459101490553128,2.693095447411529
1.791759469228055,1.6136348172385238
1.0986122886681098,1.1871404991836854
0.0,0.19430590514602294
0.6931471805599453,1.801510281248681
3.713572066704308,4.159934862966683
0.0,0.5691201105160547
8.439880088313567,9.026890388140743
3.8501476017100575,4.496135517249538
4.07753744390572,4.95022147640188
0.6931471805599453,0.44792424099665434
1.9459101490553128,2.720689055430282
2.4849066497880004,2.0120806575855745
7.080867896690782,5.084829025725776
5.429345628954441,5.523572040196461
0.0,0.2446901642033083
0.0,0.4895113075902523
0.6931471805599453,0.2903627850949577
0.0,0.20157300999254368
0.0,1.080728488331175
0.0,0.21968724380070645
6.084499413075172,5.934094667865241
0.6931471805599453,0.6253771612173158
0.0,0.18185613669071787
2.4849066497880004,3.2555723670232335
1.0986122886681098,1.732675044994146
0.0,0.1513340167118746
2.70805020110221,3.343055891932839
0.0,0.1992669300413492
7.606387389772652,8.72318018820156
1.791759469228055,0.9454725821134183
0.0,0.18007698126175498
0.0,1.5269416019060629
3.8918202981106265,3.5836748050485143
3.6375861597263857,4.724490549629135
1.3862943611198906,2.3320639180765026
9.169976605786628,6.264728493896068
0.0,0.20611179987194128
0.0,0.20977089052910583
1.6094379124341005,1.3934917772696924
4.663439094112067,5.073365725500362
1.6094379124341005,1.9375033624686753
1.0986122886681098,1.337380194620557
2.772588722239781,2.787835234766754
0.0,0.206526250365328
6.077642243349034,6.715110266450815
6.635946555686647,5.914857419408708
0.6931471805599453,1.155682151201632
2.302585092994046,1.3411768668409165
9.169976605786628,6.556519165382968
4.04305126783455,3.9225339597539137
0.0,0.19074238667085686
3.713572066704308,2.601993791328918
2.4849066497880004,2.405626408047725
2.19722457733622,2.233181577900957
2.3978952727983707,2.6318821478023824
0.0,0.20694505945134953
0.6931471805599453,0.2577336346866294
2.19722457733622,1.5357340718702885
5.123963979403259,4.469930793085295
2.772588722239781,2.93904481883252
0.0,0.4629338443199581
0.0,0.19888406619100873
0.0,1.8506858217609297
5.501258210544727,5.287078997125326
3.295836866004329,3.1657014506981325
0.0,0.11989570138474785
0.0,2.667013878869588
0.0,0.3013756211003765
0.0,0.1522686574559906
2.4849066497880004,2.224921405943389
4.430816798843313,4.648370370579584
0.6931471805599453,1.5331823949107057
0.0,0.18790912710948224
0.6931471805599453,0.4210018980610305
2.4849066497880004,3.9423370732531935
2.8903717578961645,3.792488159455518
1.0986122886681098,1.5872110281728986
0.0,0.46325518385536063
6.956545443151569,7.097721212747408
3.7612001156935615,4.502591075631706
1.6094379124341005,0.3455176124091083
3.1354942159291497,3.308610120252289
6.461468176353717,5.1977654548420125
4.23410650459726,4.385784660790679
4.882801922586371,4.844644759382007
0.6931471805599453,0.5276754336161523
2.833213344056216,3.4600010617997343
0.0,0.19417074612934915
6.595780513961311,7.490250361468152
0.0,0.2015921440761199
4.174387269895637,4.220918280952839
0.6931471805599453,0.3312185403962341
2.19722457733622,2.6518972924081368
1.791759469228055,2.9743492892596075
2.079441541679836,2.2738090474410595
1.6094379124341005,1.9852652158834736
3.1354942159291497,2.5855600483808434
0.6931471805599453,2.0859844074037985
0.0,0.18978318127695862
0.0,0.12389553146517855
0.0,0.3999437537698511
1.0986122886681098,0.38284940984126986
6.894670039433482,6.2728080861949955
1.3862943611198906,0.86288892380948
2.8903717578961645,2.8189954091486324
0.0,0.6029917619694605
0.0,1.1137535235446314
5.961005339623274,3.609513515623395
5.7745515455444085,6.365035483956416
1.6094379124341005,0.8630870012509902
4.248495242049359,3.2167432931787103
8.658692753689937,8.975001852803224
0.0,0.9834455870865462
0.0,0.2476661589976788
1.6094379124341005,1.6419416364034387
3.912023005428146,3.6603744044529676
0.0,0.20515295211716833
4.762173934797756,4.942696243626737
0.6931471805599453,1.9121853353052758
0.0,0.19605944610325554
0.0,0.38631561458314706
0.0,0.5368735194317581
5.680172609017068,5.289750668808355
1.0986122886681098,0.27083910080763596
0.6931471805599453,2.0165054433016953
0.0,0.22925142613594804
0.0,0.2975979558622619
4.02535169073515,3.6101866190041965
3.737669618283368,3.2031095118691364
2.70805020110221,2.7965588009916034
0.6931471805599453,0.1975261514541945
0.0,0.28088135166951783
1.3862943611198906,2.111037356425929
3.1780538303479458,3.280169348452533
3.4339872044851463,2.9596651951673283
1.0986122886681098,0.7653715386091104
0.0,0.5274402291439135
0.0,0.39739918133795493
4.23410650459726,3.8379811422422243
0.0,0.19118169871143556
2.302585092994046,3.6540121240052073
0.6931471805599453,1.6922422993439508
0.0,0.2691853379422192
1.791759469228055,2.8740579946103164
0.0,0.3150465163427406
0.0,0.1548548991068066
0.0,0.2774975800041437
3.8501476017100575,4.593289161694939
4.624972813284271,4.837877838222916
0.6931471805599453,1.168679860406508
1.791759469228055,1.637388133095236
3.332204510175204,3.1275560825109276
0.0,0.11023665735888344
4.605170185988092,5.218401713157192
0.6931471805599453,1.9559843981388993
0.0,0.1630908606815069
0.0,0.18767360499170846
5.4510384535657,5.676246279689722
5.703782474656201,5.828299131363806
5.594711379601839,4.752392686890181
0.6931471805599453,1.206049670825034
0.6931471805599453,1.3953651443540669
4.663439094112067,4.858412222019637
0.0,0.1744275684969725
0.0,0.23436299131853008
1.0986122886681098,1.16603392104172
2.079441541679836,1.184313629913221
2.6390573296152584,3.8130287049752494
1.0986122886681098,1.3776240080823576
2.833213344056216,3.638808656747472
5.973809611869261,6.373119724690591
0.0,1.5745111511671561
0.6931471805599453,0.3863003919859579
0.6931471805599453,0.35141361186247005
3.58351893845611,3.009426230845634
0.6931471805599453,0.1998507725024492
4.174387269895637,3.992823058299954
3.367295829986474,3.2496416501634857
6.729824070489475,5.855708208007246
0.0,0.262355360638893
0.6931471805599453,1.4786868406236495
4.3694478524670215,3.842396565759982
3.8501476017100575,3.691693191212684
1.6094379124341005,0.33098765876897096
0.0,0.2933711955516593
2.9444389791664403,3.4229152666153433
0.6931471805599453,0.22721185726425355
2.833213344056216,3.115830397469362
4.204692619390966,4.202547503032946
7.431299675155903,7.152738612359918
0.6931471805599453,1.3718226735310444
2.4849066497880004,1.8456317211379987
7.167809184316444,3.8745614815281026
7.126087273299125,7.781933085117814
6.486160788944089,5.284871116801654
2.833213344056216,2.1070640004017736
0.0,0.9049371442477873
0.6931471805599453,0.42977976698007725
2.772588722239781,3.325151521959292
3.8501476017100575,3.511654168986235
1.0986122886681098,1.4113940782120917
0.6931471805599453,0.8781066369302635
0.0,0.6044850685762002
2.4849066497880004,3.9708537060339926
0.0,0.15194243322623982
0.0,1.3349796500962066
6.413458957167357,5.0048068727551955
2.5649493574615367,3.4219697399208227
0.0,0.4667736347270552
0.0,0.23934983958769251
5.7430031878094825,6.287136725910379
3.218875824868201,1.7072876207309107
0.6931471805599453,1.3674812564250642
3.1354942159291497,4.374646212303583
0.6931471805599453,2.755643099251347
1.3862943611198906,2.2370952118887573
0.0,0.46320915228031195
1.9459101490553128,1.3198334352335932
0.0,0.40015760520695176
3.332204510175204,2.2036752332042306
1.0986122886681098,0.20875612190966067
7.089243155027514,5.91122097804385
1.0986122886681098,1.5002676790921734
3.912023005428146,4.049991168090927
1.3862943611198906,1.9159861058287866
1.0986122886681098,1.6146933791316578
0.0,0.45699762803792127
3.6635616461296463,2.562850260314824
4.127134385045092,4.539204823229664
3.49650756146648,2.642371832148014
2.3978952727983707,2.678778561746378
8.442685139241176,7.692242337065101
2.6390573296152584,1.5136710062721803
0.0,0.18747339051222658
3.5263605246161616,3.759415486400275
0.6931471805599453,0.7534686431384227
6.169610732491456,5.696265394265453
5.198497031265826,4.840005693849858
6.042632833682381,5.743158307973371
1.6094379124341005,1.5809561131044745
1.791759469228055,1.4750549271081168
0.0,0.22879692219324707
0.0,0.499852141713247
2.3978952727983707,2.444003666877863
3.970291913552122,4.998220666977128
4.543294782270004,4.064923575794051
1.0986122886681098,0.8047458417978395
0.0,0.34012940263200575
5.236441962829949,4.153986539633112
3.8918202981106265,4.485797951227394
2.302585092994046,2.255940409381254
3.1780538303479458,3.7241428257452993
4.406719247264253,2.5725306874885905
5.262690188904886,5.866132842956589
2.772588722239781,1.3588797714970784
0.6931471805599453,0.3066392156278995
0.0,0.22672923889229357
6.765038976780541,7.351083302582301
2.70805020110221,2.086254514693331
2.772588722239781,2.5075876470967517
5.3230099791384085,4.968749813525088
0.0,0.19345366892499927
1.3862943611198906,1.4833372238853941
2.995732273553991,3.3839153203388186
0.0,0.9671454554371783
0.0,1.220111297705156
4.060443010546419,4.42762073939115
1.6094379124341005,0.9271363936644905
0.0,0.21855493037478682
1.0986122886681098,1.9870835293783522
0.0,0.16158110223383304
5.627621113690637,6.436122879813449
1.0986122886681098,1.3846702739585648
4.875197323201151,4.35134124759961
1.3862943611198906,1.857107339157066
0.0,0.21367422602175667
9.06577692078483,9.252426621254413
2.079441541679836,3.6057602714915795
0.0,0.2430715623778487
3.912023005428146,4.204935215755456
1.9459101490553128,1.8369101679107134
0.0,0.28779481795530965
3.4011973816621555,3.471244256074417
6.536691597591305,6.1503960266079725
0.0,0.29880397042280976
5.3612921657094255,4.198672098528534
0.0,0.20471904305384508
0.0,0.3035827377929805
0.0,0.2129638559479326
3.4011973816621555,1.3867838179264158
0.0,0.7712755595186683
0.0,0.2288355546270689
3.688879454113936,4.212265044089853
0.0,0.6940529132156075
5.062595033026967,4.469347739024095
1.3862943611198906,1.366639369076402
0.6931471805599453,0.6559894122462685
0.6931471805599453,1.236692657684031
2.70805020110221,3.8413550130384047
0.0,0.4913067231516201
5.117993812416755,5.070748663075422
0.0,0.16312795990164733
0.0,0.16352458272618597
7.711101251840158,8.307251131319008
0.0,0.12925979703777815
7.130098510125578,7.71663406978256
0.0,0.4371853172745167
0.0,0.15517185829850833
0.0,0.37560580986416514
3.49650756146648,4.068789662672892
0.6931471805599453,1.263052255023385
0.0,0.3653536440122893
0.0,0.19966314617507153
0.0,0.1452010478180482
2.19722457733622,2.467015422851167
3.258096538021482,2.7058080705172274
1.0986122886681098,0.3933598805640371
0.0,0.2322417105050054
2.079441541679836,1.5360102551305037
2.833213344056216,3.3072363227336936
0.0,0.40623363911182475
9.169976605786628,9.204032683350476
7.954723334497908,8.19226490479574
0.0,0.3247267074301905
0.6931471805599453,1.9435809958246673
9.169976605786628,9.006674060342357
0.0,0.1868171800583246
1.3862943611198906,1.9467745962222365
4.219507705176107,4.813293566702132
2.4849066497880004,1.441586515347588
2.8903717578961645,4.111427661442245
1.6094379124341005,2.4031665491071834
2.079441541679836,1.4462296117674258
2.8903717578961645,2.195517750831718
2.5649493574615367,1.493889946118761
4.976733742420574,4.863514702994123
3.49650756146648,3.341632789034542
0.6931471805599453,0.46967437919425836
7.186901020411631,6.850762234049979
5.030437921392435,5.286741589453952
1.791759469228055,2.0661984581996373
4.890349128221754,4.290866818004314
0.0,1.767284832208011
1.3862943611198906,1.9765627740488438
3.9889840465642745,4.209624738332949
0.0,0.19290459605382027
7.43543801981455,7.6983936742895125
1.3862943611198906,1.4546004688028167
1.6094379124341005,0.3749311343681648
0.0,0.2255439332955326
0.0,0.5883536895138671
0.0,1.0041741023125212
0.0,0.20596945622357865
7.398174092970465,6.8452051413176065
5.802118375377063,4.468283560479261
8.866017398810255,8.875273632548021
5.613128106388071,3.22621122176963
0.0,0.3533379669587437
3.258096538021482,3.072354220447044
0.0,0.23152051919931146
2.995732273553991,2.73724383598226
0.0,0.18268337704982213
2.5649493574615367,2.865431394213265
2.4849066497880004,2.233020363608828
0.0,0.1822649345768469
4.219507705176107,3.8066112493818367
4.0943445622221,4.309991524485047
3.332204510175204,2.8842108852092285
0.6931471805599453,1.753483774779092
2.079441541679836,1.3211360970413117
0.0,1.0687776105276279
3.367295829986474,3.3856828720114795
0.0,0.21884914434023345
0.0,0.7468306171340202
0.0,0.22153985647281416
1.0986122886681098,0.6599129142696212
2.70805020110221,2.2723832606202836
0.0,0.6404259671538415
1.0986122886681098,0.5485449395227017
1.791759469228055,3.2052983012816743
7.519149957669823,7.302004217519292
2.772588722239781,2.5263090499057603
5.6937321388027,5.749863025174368
3.1354942159291497,2.044985304982433
0.0,0.21479946577171274
0.0,1.3004825438834058
2.8903717578961645,3.272080791115983
1.6094379124341005,1.3499293730814912
9.0320506762956,9.348684245641152
0.0,0.19401292900710568
2.302585092994046,2.4931518519034306
2.302585092994046,2.6121377192916366
4.997212273764115,4.108678153018622
1.791759469228055,2.0858463026382785
4.882801922586371,5.193125638120748
0.6931471805599453,0.2675397595718295
2.3978952727983707,2.039893409028845
5.552959584921617,5.21591076784398
0.6931471805599453,0.10301854321463644
4.867534450455582,3.879115227630426
1.6094379124341005,2.9411764610362314
1.791759469228055,0.3101617430275149
0.0,0.19480099138979443
4.564348191467836,4.48445873165659
0.0,0.7994940159041001
2.079441541679836,2.658319025779679
2.3978952727983707,2.808976912321588
2.3978952727983707,2.1613684500651953
0.0,0.19821054895592605
6.324358962381311,3.685835915161255
0.0,0.07368582213402664
6.39024066706535,6.7425669708329
2.079441541679836,0.2800143137697754
0.0,0.18233868864212505
0.0,0.20184572026120495
0.0,0.169976732903794
0.0,0.580998971021905
5.225746673713202,5.6253021631784215
0.0,0.18213225720225037
4.060443010546419,2.9044163554504365
1.3862943611198906,0.4523233057661186
0.0,0.12986530805575636
4.442651256490317,4.338702697521911
0.0,0.36795785604487374
4.5217885770490405,5.165598432605388
2.6390573296152584,3.3202270025999363
6.194405391104672,6.582390392283941
0.0,0.2929830227302634
0.0,0.278184022111154
0.0,1.3046560069599367
3.4657359027997265,3.848094291375094
3.091042453358316,3.132432690117898
0.0,0.19747346926881457
1.3862943611198906,2.3328901714697787
5.981414211254481,5.843856373622491
0.0,0.456080082764683
4.6443908991413725,4.331112298911828
0.0,0.17585744309583096
2.079441541679836,2.6157598819510044
2.3978952727983707,2.174468459423689
0.0,0.15997294231323672
3.044522437723423,3.168013121737764
0.0,1.1627524196925159
3.044522437723423,3.8402541914270625
2.302585092994046,2.2488446972318004
1.791759469228055,2.422126499456189
2.5649493574615367,3.1096875239205986
9.169976605786628,8.17986084576797
3.58351893845611,4.14644743469943
1.3862943611198906,2.1058781190731883
5.780743515792329,5.122136175503752
7.094234845924755,7.300000908406723
3.295836866004329,3.7218461417159157
0.0,0.3512642150887714
5.996452088619021,6.814217553108733
2.302585092994046,2.4571865641619315
4.418840607796598,3.872146922292222
4.543294782270004,4.055770042424655
7.05444965813294,5.603917602589581
0.0,0.6430066314583743
0.0,0.715086180034624
2.772588722239781,2.6821702721925624
0.0,0.21133436726141647
2.19722457733622,1.874419064655227
2.5649493574615367,2.5340153568474326
2.9444389791664403,3.367342241632432
1.3862943611198906,0.4593845806598564
3.555348061489413,4.934475083893132
2.9444389791664403,2.911761009370754
0.0,0.4379961618309617
0.6931471805599453,2.067638696953167
1.791759469228055,1.9821578162779092
3.1354942159291497,4.0377567830180805
0.0,0.28941093474945934
3.784189633918261,3.242095127693476
0.0,0.36089077264304803
0.0,1.587347938611615
0.6931471805599453,0.8448792878946023
2.079441541679836,2.02838978937582
1.6094379124341005,1.5153153284784704
1.3862943611198906,1.7604618157092893
3.332204510175204,3.269260741031762
3.044522437723423,3.581081031821911
2.4849066497880004,3.339089750675089
4.143134726391533,3.014338037364886
1.791759469228055,1.6910671244098847
2.833213344056216,3.1319187468585157
0.6931471805599453,0.3719571360603149
2.079441541679836,2.457541110601937
0.0,0.1128734691343237
4.158883083359672,3.8691335230557193
0.0,0.3844260712802901
2.079441541679836,0.45621651011472986
0.0,0.15762758467734125
1.3862943611198906,1.833773600879885
0.0,0.20316030939748003
0.0,1.763856317746591
1.6094379124341005,1.8874832895764047
3.8918202981106265,3.3375375275871866
0.0,0.29444838246364025
1.0986122886681098,1.2442657904973007
3.8501476017100575,3.2974757459112376
2.302585092994046,2.430203106921665
1.3862943611198906,0.3083842741107331
4.07753744390572,4.813182561088314
0.6931471805599453,1.3651766836602535
0.0,0.3425728133236199
0.6931471805599453,0.22280951617296105
0.6931471805599453,0.8680384083493156
0.0,0.9433511360976107
0.0,0.36129218445946953
1.3862943611198906,1.5031529743481795
2.079441541679836,1.60415259879836
5.123963979403259,5.787180872420808
1.6094379124341005,2.383035496087494
0.0,0.4554083519234042
0.0,2.0805770913101784
1.0986122886681098,2.37049459574746
4.934473933130692,4.471671780184542
0.6931471805599453,0.23164899355132937
1.3862943611198906,2.3801788372539763
2.9444389791664403,2.131034926798598
1.3862943611198906,0.17185581761002952
0.0,0.16922007922748036
2.9444389791664403,1.4836848005716006
0.6931471805599453,0.28701379609041106
2.5649493574615367,2.9042394022258757
5.638354669333745,6.4485443611387465
1.0986122886681098,0.5863847900212249
0.0,0.15073788763685847
3.6635616461296463,3.904674393155038
2.8903717578961645,2.0929574132528357
0.6931471805599453,0.3999324927459335
1.6094379124341005,1.6210138186413399
3.80666248977032,3.7384735762697914
5.225746673713202,4.87279370762449
0.6931471805599453,0.9954730696890915
3.258096538021482,3.3517468341740795
0.0,0.3517191446942421
0.0,0.20105803969795774
1.6094379124341005,1.9387740441834445
7.938802248154481,7.671502642953355
0.6931471805599453,1.2493176420332686
5.214935757608986,4.773957288759157
0.0,0.2407615062110041
0.0,0.5026973589107273
0.6931471805599453,0.7468306171340202
2.4849066497880004,2.263355929404923
2.3978952727983707,2.3885791325155217
2.70805020110221,2.503865941993557
6.180016653652572,5.920259906729237
1.0986122886681098,0.6379744442495927
0.0,1.9398721181021568
0.0,0.5072481975249381
0.0,0.17613532348457617
0.6931471805599453,1.7034334752638087
0.6931471805599453,1.6233843860048072
1.6094379124341005,2.857469570312196
0.0,1.9851139919198695
1.3862943611198906,0.2985978972436585
0.0,0.8236159068224989
6.385194398997726,6.969044980359336
0.0,0.11266039114404312
0.6931471805599453,0.508045127503956
1.0986122886681098,2.091563886394721
1.6094379124341005,1.842966709417872
5.3981627015177525,4.889268209467499
3.9318256327243257,3.7904409813917828
4.983606621708336,5.421830076213376
0.0,0.20754141462607759
3.218875824868201,2.563445601669586
0.0,0.1875269043092862
0.0,0.20950681195421766
5.075173815233827,5.529340475121351
6.028278520230698,5.504354260247846
3.610917912644224,3.4794233062318423
0.0,0.21740302890275084
9.060447282401563,8.990071181918209
1.3862943611198906,1.4302069318259925
1.6094379124341005,0.249542282826459
3.044522437723423,3.333531742522377
3.688879454113936,3.2341941912534926
0.0,0.19223828635392678
4.653960350157523,4.911119856951137
6.584791392385716,6.0380286740347815
0.0,0.5455176977055203
1.6094379124341005,1.6876968485932786
1.0986122886681098,0.6216306531014568
6.274762021241939,6.26731632692446
0.0,0.1720962491118606
3.091042453358316,3.707340316594961
5.365976015021851,4.137641206676949
2.3978952727983707,2.7201943435136378
2.079441541679836,1.2672376954887088
3.8918202981106265,3.9047285427973013
1.6094379124341005,0.5687076352051783
0.0,0.3976578903204091
2.70805020110221,2.527080809156322
4.584967478670572,4.254861496391134
6.508769136971682,6.598252100158923
0.0,0.457447372688843
0.6931471805599453,2.395540136486492
2.4849066497880004,1.8611693995482632
1.0986122886681098,0.23500119854552387
5.303304908059076,5.374486309818337
0.0,0.4801089547235696
5.241747015059643,4.058057984584723
2.19722457733622,1.8057213888867947
6.030685260261263,5.5436457789523175
1.791759469228055,2.9232076945172736
4.663439094112067,3.7048821092937554
1.791759469228055,2.878211864898424
4.543294782270004,4.269717627453618
0.0,0.48016830455819376
0.6931471805599453,0.25469042608495523
0.6931471805599453,1.1433511718929394
0.6931471805599453,0.49857404794766425
3.044522437723423,2.732038360090198
5.0369526024136295,4.267425422776524
0.6931471805599453,2.4654544400910603
4.454347296253507,4.279430076584626
1.6094379124341005,2.6373149637192874
1.6094379124341005,2.7992304274750714
1.3862943611198906,1.480681106526039
4.74493212836325,4.416771023478621
4.276666119016055,4.0172550472333315
3.332204510175204,3.1720945921811308
4.584967478670572,4.178755307801797
1.0986122886681098,1.3020946828476918
0.0,0.17072212465934314
0.0,0.4200165820792969
3.044522437723423,1.5206106970371216
2.079441541679836,1.7095843361581848
4.890349128221754,4.480985889553859
2.079441541679836,1.4580263887467693
8.289539484624141,8.547113374521047
0.6931471805599453,0.2942826240623281
0.0,0.18018078476827878
0.6931471805599453,0.47857784219840127
0.0,0.21340570108496013
0.0,2.947048694934074
0.0,0.16777843473519172
0.0,0.1706280556182944
0.6931471805599453,1.3892553713629434
0.6931471805599453,0.8622533863511921
0.0,0.1580760239767711
0.6931471805599453,0.583582160987513
5.58724865840025,5.045370457782875
3.610917912644224,4.01106541850276
3.828641396489095,4.1524229472800815
2.4849066497880004,2.20819917210213
6.184148890937483,5.3388944300204155
6.519147287940395,4.127435854172625
6.0112671744041615,5.125613871405707
1.3862943611198906,0.49355852060943806
4.532599493153256,5.51969548422305
3.9889840465642745,3.359983471268525
1.3862943611198906,1.858667367765281
1.791759469228055,1.9435324641969292
1.9459101490553128,1.9452720409927347
0.6931471805599453,0.6981426929458421
2.4849066497880004,3.179267787540182
2.19722457733622,0.9478716871540097
0.0,0.176830262822474
4.867534450455582,4.318596780240724
0.6931471805599453,0.15167570791561816
0.0,0.3222536928660311
0.0,0.19840415893317018
0.0,0.877238580053062
0.0,1.5390417446984093
2.8903717578961645,3.4776498889741707
7.301822342137932,7.511207569863654
1.0986122886681098,0.47232905741792097
0.0,0.18245451963529846
0.0,1.210396476286145
1.9459101490553128,1.5914158664001392
5.2832037287379885,5.475485768766614
0.0,0.34153690703753925
0.0,0.24022835776163498
0.0,0.22497365316584644
4.584967478670572,3.7806103270727665
2.4849066497880004,3.4015028521548487
0.0,2.1079874620354246
0.0,0.24856689836237103
2.8903717578961645,3.23510943833227
3.8501476017100575,4.441592519123915
0.0,0.315808074855277
3.9318256327243257,1.5499478730671559
0.6931471805599453,0.2265882376447604
1.791759469228055,1.499943591867457
0.6931471805599453,1.5294735485701056
7.10085190894405,6.827987117166458
0.6931471805599453,0.31318421856246087
0.0,0.4205187777807766
7.553810852008231,7.583438403638763
0.0,0.2932421718953811
2.19722457733622,2.030896483144918
1.6094379124341005,1.5519407318685188
4.997212273764115,4.828060923055135
0.6931471805599453,1.7529830969451528
5.552959584921617,3.521750833272123
1.6094379124341005,1.2559767826416308
4.836281906951478,4.228093039890908
2.5649493574615367,2.9037616387868495
2.70805020110221,2.971308612888218
4.343805421853684,4.418858058141726
1.791759469228055,2.437142831720991
0.0,0.19455325539724685
3.367295829986474,1.9524346567524276
1.791759469228055,0.9348062929488081
9.169976605786628,8.438146861269672
1.791759469228055,1.0363459807843016
7.525639975041535,8.250472691965873
8.043984431221553,7.474075000424954
1.3862943611198906,1.876516011996417
1.0986122886681098,1.0287670309473425
0.0,1.7235207784386275
3.737669618283368,3.20351429297401
2.3978952727983707,0.3523123017538697
3.8918202981106265,4.350956660105095
5.513428746164983,2.904192090171459
0.0,0.18075430858676794
1.3862943611198906,1.2687078353208152
5.976350909297934,5.381626339608601
4.465908118654584,3.4009998640313213
3.367295829986474,4.6674934108519865
1.9459101490553128,2.835718972838641
2.079441541679836,1.624149514291666
3.7612001156935615,5.2280917483524245
0.0,0.23935345427491686
2.079441541679836,2.422435561347297
1.6094379124341005,2.229569584144894
4.356708826689592,3.502890506165862
1.6094379124341005,2.0219559135373495
0.0,0.7024779997643853
4.356708826689592,3.652500802466416
0.0,0.3281110717706999
8.173575486634153,4.198561027854837
0.6931471805599453,1.5025473720590776
1.6094379124341005,1.7087218156745863
3.295836866004329,3.2293712944895017
1.0986122886681098,1.7321136073036658
2.995732273553991,3.0451424957343436
3.044522437723423,2.644729299708642
1.3862943611198906,0.6698503773426908
0.6931471805599453,0.991402795014801
0.6931471805599453,0.26115046604369196
0.0,0.6912095312760655
5.030437921392435,3.2872564134135795
4.204692619390966,4.087968214176439
0.0,0.6958739130734508
0.0,0.43281108780261374
0.0,0.18862285783069715
3.1354942159291497,4.027006259690697
3.218875824868201,3.381847168413864
2.3978952727983707,2.81575013163757
1.6094379124341005,0.28307170486804917
0.6931471805599453,0.3330880970910789
0.0,0.15674258689430623
1.3862943611198906,1.547630233960085
0.0,0.20437649621767276
2.995732273553991,3.7015557890083666
0.6931471805599453,1.7501062758229753
0.0,0.2713098389600195
1.3862943611198906,2.018765071171439
0.0,0.9117408420722453
1.0986122886681098,1.8846935707240597
0.0,0.3511057637371625
0.6931471805599453,0.4261053131572651
2.6390573296152584,3.3426498480033295
0.0,0.435572051060313
1.6094379124341005,0.3321780700080141
5.303304908059076,5.262346763928401
3.1780538303479458,3.608804346262998
4.143134726391533,4.788432495848292
3.4657359027997265,3.4108521280453985
0.0,0.19069151279708452
2.079441541679836,2.0983381934676273
4.990432586778736,4.222289425167029
0.0,0.2134928734690087
0.0,0.4874242196447435
0.0,0.17059554017936474
1.3862943611198906,1.620024624144159
2.079441541679836,1.3244077236043281
2.302585092994046,2.9301259627599516
0.0,0.3771062656420644
1.6094379124341005,1.4187509574215926
0.0,0.2158986205677395
6.902742737158593,2.036300310522706
4.691347882229144,4.075360184818172
2.70805020110221,5.291314562481016
4.248495242049359,5.340132040625442
1.3862943611198906,0.8359504398875411
5.786897381366708,5.791532798692405
0.0,0.17376749296805857
0.0,0.19753162693337337
3.828641396489095,3.9592798814213066
4.852030263919617,4.82586288661767
1.3862943611198906,2.9054521889225184
1.791759469228055,0.4711830500424612
2.3978952727983707,0.21170690806483192
8.15162164696975,7.839330617206341
0.6931471805599453,1.2758502840459327
1.3862943611198906,2.1844049382856885
1.3862943611198906,0.4661101602822003
2.772588722239781,2.5034453627021405
0.0,0.1996659029549552
2.19722457733622,2.394653091643635
9.169976605786628,8.658466971889922
8.458716261657262,3.9155888492202764
1.3862943611198906,0.903946449574898
0.0,0.2742316481341783
3.80666248977032,3.256778706676883
5.961005339623274,5.973085916962678
0.0,0.1589816705113045
4.8283137373023015,5.831618206349956
2.833213344056216,2.812134253290729
2.8903717578961645,2.4464360744765803
6.877296071497429,7.09841260673236
0.0,1.5532132745507643
0.6931471805599453,1.60374716504009
0.6931471805599453,1.3900059753105163
0.0,0.9972126889755786
7.886832998955056,8.275926164137829
0.0,0.9973220743010495
3.218875824868201,3.28057518241211
5.049856007249537,4.794696020048078
1.3862943611198906,1.0831914610450346
5.3981627015177525,5.8005995987843395
4.07753744390572,4.529539449571794
2.5649493574615367,1.907443812256478
0.0,0.2419640962551581
4.248495242049359,4.734735197165516
3.295836866004329,4.52623605181149
0.6931471805599453,0.21561123368846916
0.0,0.33350507838794785
5.384495062789089,5.961029270196747
6.961296045910167,6.269679798475107
2.5649493574615367,2.1969495478732033
2.995732273553991,3.2168625902922834
1.791759469228055,2.7086447406273693
0.0,0.2000520575535452
0.0,0.19420957084819213
9.09952053687094,5.280177303038995
4.912654885736052,4.567471602054662
0.0,0.8033884104213259
0.0,0.5915631139748427
0.0,0.24829703821742527
1.6094379124341005,1.8147625243913916
6.115892125483034,6.137291487632638
3.367295829986474,3.454629667110135
2.302585092994046,2.571673027144328
2.772588722239781,2.7887087114477214
4.204692619390966,4.391694631784417
4.248495242049359,4.106856938315143
2.6390573296152584,2.6774884015618805
2.70805020110221,2.3557551291664995
1.9459101490553128,2.2390786303796806
1.0986122886681098,2.3276500818114774
1.3862943611198906,0.9688062661003692
3.367295829986474,3.551653258060557
0.0,0.20078506509663774
0.6931471805599453,1.6175489854866254
1.791759469228055,1.76996563841276
0.0,0.564654274760778
0.0,0.1705975416101293
2.302585092994046,3.094112179476034
4.532599493153256,3.503054977648041
3.091042453358316,2.4380399523728364
6.159095388491933,4.281772278977379
2.079441541679836,1.3820131419031951
3.80666248977032,3.453168700298078
1.791759469228055,1.7741563744507427
4.5217885770490405,2.768555833445457
6.907755278982137,7.140217086310004
0.0,0.7206471748437413
2.5649493574615367,3.1682420732024963
0.0,0.18587868068118196
2.5649493574615367,2.4164140304191326
2.8903717578961645,2.6078394085408005
0.6931471805599453,1.5106947698480313
1.0986122886681098,1.9256357117805039
1.0986122886681098,1.5697854366150925
1.0986122886681098,0.25145918039965925
1.0986122886681098,0.26271860445624007
2.079441541679836,1.3501380314382978
0.0,0.2052616454470506
0.0,0.4130391745199238
4.68213122712422,5.195027485933629
0.0,0.16080773631359457
4.934473933130692,5.0071716363137995
0.0,0.2003136593203275
2.4849066497880004,1.0801259661204756
3.4011973816621555,3.087514419920918
0.0,0.5638875311961071
1.9459101490553128,2.592414394166697
2.6390573296152584,3.262913532846493
2.5649493574615367,2.532478677419421
1.0986122886681098,0.3880073307855878
0.0,0.42208874541871705
0.6931471805599453,0.37988497700233914
2.4849066497880004,2.8189081533258196
0.0,0.1545394775744381
3.912023005428146,4.482832750208122
0.0,1.9609944388879126
0.0,0.1943383484171514
0.6931471805599453,0.24690212989435162
2.3978952727983707,2.1666826300803748
4.110873864173311,3.468504254694883
3.044522437723423,2.85102256412843
2.772588722239781,2.8830721064053417
0.0,0.4236668582231826
0.0,0.6159716891173346
1.791759469228055,2.8318102754725234
0.0,0.16169951244372321
7.113956109566034,6.914531121784482
0.6931471805599453,0.42338341687863196
0.6931471805599453,0.38649250300515686
0.0,0.6665831732149823
1.3862943611198906,1.4977258904265074
7.537430036586509,8.052325327419592
1.0986122886681098,1.5396021659238766
0.6931471805599453,1.0358865138134763
5.075173815233827,5.130388206303279
1.0986122886681098,2.0142776251890067
3.4011973816621555,2.678522394298458
2.8903717578961645,1.8087032957992677
1.791759469228055,1.0709276704624282
0.6931471805599453,0.46826931968612223
0.0,0.18731594212137118
5.968707559985366,5.610004297533692
0.0,0.2665129655807125
5.056245805348308,5.39361182452204
0.6931471805599453,1.2349321953418613
2.079441541679836,1.6005262067073731
3.1780538303479458,3.9302124046774365
4.04305126783455,4.396419735691032
0.6931471805599453,0.17924453459860934
2.19722457733622,2.9217363640354415
1.6094379124341005,1.1175932790333567
0.0,0.15406161841421517
2.079441541679836,2.3300051782996904
1.791759469228055,2.469008516880107
2.3978952727983707,2.5306611877223704
4.59511985013459,4.929299628870848
0.0,0.33920059945658604
5.752572638825633,5.191340666666555
5.541263545158426,5.662571210107915
5.407171771460119,5.346017164184278
0.0,0.13058837554556282
2.079441541679836,1.7354232819007247
5.768320995793772,6.2819454297440345
1.0986122886681098,1.120718993020008
0.0,0.6430636205615169
1.791759469228055,1.8700379671072123
6.684611727667927,6.0086633240352105
8.57828829077605,8.336232650336106
0.0,1.542547001780784
0.0,0.24836973452593786
0.6931471805599453,1.5675385879024661
3.1780538303479458,3.4888341256736792
5.19295685089021,5.152111981921974
0.0,0.4433019333074775
6.192362489474872,6.455645833283255
0.6931471805599453,1.5162780878129847
4.59511985013459,4.940375348608382
3.9318256327243257,3.565697709368689
2.6390573296152584,3.3726206263684277
5.14166355650266,5.362597458540164
6.928537818164665,6.244401535206133
6.198478716492308,4.9457295532755055
4.30406509320417,4.8642434658800875
0.0,0.516440564294698
2.302585092994046,2.3767229419574303
4.394449154672439,3.5152264247936427
3.6375861597263857,3.2523060575872997
0.6931471805599453,4.68305505635874
0.0,0.3253630997312507
2.70805020110221,2.833840384727396
4.343805421853684,4.296064382421789
3.1354942159291497,3.0704326121493066
0.0,0.2211481866018325
1.0986122886681098,0.13743527401703473
1.3862943611198906,2.6410182786203484
1.0986122886681098,0.2449555180817958
4.700480365792417,4.984267015268096
1.0986122886681098,0.6351115417887025
0.0,0.3008383693740705
4.624972813284271,4.480694888272759
2.4849066497880004,2.2863257388474554
1.3862943611198906,0.8566082530583997
3.367295829986474,3.1243000679146262
1.791759469228055,2.036050411762975
0.6931471805599453,0.21953826504123397
2.079441541679836,2.192492490496751
4.605170185988092,4.305661074304059
0.6931471805599453,0.19282248286149425
1.6094379124341005,0.8509983377360579
0.0,0.24128842061634345
0.0,0.2406983925120543
6.883462586413092,7.8919065804133
2.5649493574615367,2.3407441693692506
0.0,0.8607391878372305
1.0986122886681098,1.906733199383616
1.0986122886681098,1.4485020294679516
4.564348191467836,5.2643641984224105
6.455198563340122,6.839755274735281
8.061486866871327,6.790718871143665
0.0,0.4026794779982779
0.0,0.20252752861795853
1.0986122886681098,1.5183847305636724
5.087596335232384,2.9586657863784005
0.0,0.19529663147940665
0.6931471805599453,0.4723609061103059
3.9889840465642745,4.134198167942916
1.0986122886681098,0.7810202648322571
0.0,0.22398727461559942
6.9865664594064265,7.564158724568292
4.290459441148391,5.581051850191163
4.23410650459726,4.055134000533871
0.0,0.28625989396882445
3.4011973816621555,2.294396806348653
4.07753744390572,3.9317538435408794
3.091042453358316,3.696353360932029
2.70805020110221,2.860282782211508
0.0,0.23065664470704597
6.699500340161678,7.136516315336197
1.791759469228055,2.5118103809581265
2.302585092994046,2.3489332177316635
5.82600010738045,6.47357987227413
1.3862943611198906,1.4648688453388745
1.9459101490553128,2.567060357939875
3.80666248977032,3.6861592540567036
4.543294782270004,4.539277475280694
6.56244409369372,6.713393200452713
9.169976605786628,4.086102374104638
2.302585092994046,1.8797997575150587
1.6094379124341005,1.610219686491181
6.736966958001855,6.012229248760334
0.0,0.19910757791901113
6.9865664594064265,7.044012167081107
2.8903717578961645,2.8672977432323186
2.6390573296152584,3.451246383764963
1.0986122886681098,0.39736459498622423
2.079441541679836,1.327820011779457
4.174387269895637,5.499087996863073
3.871201010907891,3.2063783776507946
2.4849066497880004,2.27349961660827
0.0,0.2693491424779203
0.0,2.035601603801851
3.871201010907891,3.246971636627512
2.70805020110221,1.8904548047122134
0.0,0.19753465438568965
0.0,0.20777688870150612
0.0,0.2074049061805145
0.0,0.26599444595363286
2.079441541679836,2.509074220438815
0.0,0.3323936017767281
0.6931471805599453,0.7439150885096653
0.0,1.492010973670771
0.0,0.1850114773168069
0.0,0.17626583562646078
1.0986122886681098,0.3173546463412656
0.0,0.5408006673198912
0.0,0.23645177800949058
4.02535169073515,3.688611790104432
1.3862943611198906,1.3181415945044013
0.0,1.0267510785635952
1.3862943611198906,2.268865112824802
3.58351893845611,3.2359961103264685
0.0,1.1066250155645911
0.6931471805599453,1.982771082418232
2.19722457733622,0.7238368891429222
0.6931471805599453,1.484818528265237
2.4849066497880004,2.8599292036109385
2.302585092994046,2.1087518861518735
5.075173815233827,4.783125513869846
2.3978952727983707,0.693128453444668
0.0,1.1425215850932204
4.882801922586371,4.650856125677999
0.0,0.2376988568203157
4.795790545596741,3.054655812399904
5.993961427306569,5.970513821943561
5.308267697401205,4.33524330583712
2.5649493574615367,3.2013693221658417
4.6443908991413725,4.738404597033577
4.356708826689592,4.225894277990992
0.6931471805599453,0.2149331176343893
0.0,0.27391623488113015
1.6094379124341005,1.4054386588722656
7.167809184316444,7.776175386323232
0.0,0.29834485249503206
2.833213344056216,3.9864232478192236
4.955827057601261,4.560127567820523
0.0,0.2009086786785735
0.0,0.21660629783503574
0.6931471805599453,2.102536478691739
2.079441541679836,1.8010371409361352
4.02535169073515,3.877827683206445
1.6094379124341005,1.5663897232749258
0.0,0.1413773146293009
3.258096538021482,3.5901362393231
0.0,1.2683399281371754
5.755742213586912,4.425805771375795
3.332204510175204,2.847141542494609
0.6931471805599453,2.383296122331525
2.4849066497880004,2.720209983634498
3.688879454113936,2.9054946106064805
1.6094379124341005,1.871196388977477
1.9459101490553128,2.756767085313886
1.3862943611198906,1.4688295335188735
1.791759469228055,1.044927040476573
9.169976605786628,8.675431846088538
2.3978952727983707,2.0941254956705353
1.0986122886681098,4.402242085329426
2.772588722239781,2.945410380555029
4.219507705176107,3.592447435247423
0.0,0.23198144313505856
1.3862943611198906,3.4782414659620358
0.6931471805599453,0.3072258399704375
0.0,0.5420424525103626
1.0986122886681098,0.7338725360339854
2.302585092994046,1.8311332625642052
1.791759469228055,2.0012852687469405
1.0986122886681098,1.5443721320215769
1.0986122886681098,2.3702554957037645
6.077642243349034,5.667729372244497
2.3978952727983707,2.0279744654068073
0.0,0.19642787911772688
0.6931471805599453,0.30476817995836347
0.6931471805599453,1.3065761128557905
4.060443010546419,2.7828772177611083
4.543294782270004,4.111446403696389
1.3862943611198906,1.6848450796220478
8.68406264365127,8.75161195238324
1.0986122886681098,0.49265368099291973
0.0,0.1879199104972791
0.6931471805599453,0.5197929896895446
1.0986122886681098,1.0367347531063327
7.975908360165538,8.431089628683468
0.0,0.24403311680097392
4.691347882229144,4.632203362282635
9.169976605786628,8.7704024397664
5.855071922202427,6.4009328079396814
2.079441541679836,3.388392463232756
6.98933526597456,6.461216602171502
0.6931471805599453,0.2450848147212939
2.19722457733622,1.7937681225430577
2.772588722239781,2.2136499560703236
1.0986122886681098,1.8835118098544772
2.6390573296152584,1.472408634435064
5.117993812416755,5.344177069649128
1.0986122886681098,0.8766968143734221
4.174387269895637,4.9539316788722125
5.062595033026967,4.714606329477324
4.356708826689592,4.056497910839588
0.0,0.2220122989046454
0.0,0.34401852721784676
0.0,0.17683931138500678
0.0,1.2407605571446312
3.218875824868201,1.3062181765288292
0.0,0.15178085438023156
2.9444389791664403,5.773665493380742
0.6931471805599453,0.2877666653004225
0.0,0.16711725079125064
0.0,0.19991747937801063
1.3862943611198906,1.5070308108526436
0.0,0.2246564323511292
0.0,0.2802741757906576
0.0,0.4953505318422997
6.495265555937008,6.666680909082885
1.3862943611198906,1.679109610552552
0.0,0.6835725070087719
0.6931471805599453,0.6888042008726883
3.610917912644224,3.1932883093830844
0.0,0.37799416379953155
6.699500340161678,6.378808643996857
0.0,1.1141145517612794
6.511745329644728,6.625711071137397
3.49650756146648,3.3518875974291875
5.351858133476067,4.481207537579739
0.0,0.1857102288578134
1.791759469228055,2.5000652014635616
1.3862943611198906,2.9473859183458124
2.079441541679836,3.336840323708777
1.6094379124341005,2.017243356531547
6.907755278982137,6.697538033059999
0.0,0.1964100067858894
2.3978952727983707,2.3909025550941285
0.6931471805599453,2.2503265540271196
3.8918202981106265,4.027456523930035
3.1354942159291497,4.155244539974724
0.0,1.100372035988121
1.6094379124341005,1.6115194253038434
3.091042453358316,2.9150369160743876
2.19722457733622,3.4760927510041055
1.0986122886681098,1.2453246002426883
0.0,0.21050139524154252
0.6931471805599453,0.8225466361867197
6.22455842927536,6.7939209064034465
4.454347296253507,4.513404216418376
2.6390573296152584,2.0785735048550547
0.0,0.02972765194797403
0.0,0.20735187284520928
1.3862943611198906,0.7391866177346159
0.0,1.822931447239615
0.0,0.19201073729475882
1.0986122886681098,0.2557473508540211
6.269096283706261,6.272735171393521
5.3706380281276624,5.698093984294541
2.19722457733622,1.6095094765450768
1.791759469228055,1.1243061648122286
3.912023005428146,1.7893635390862144
3.4657359027997265,3.9023825660680425
8.231642179973411,7.506406193506569
0.0,0.46877041066670827
0.6931471805599453,0.18719640105665403
1.3862943611198906,1.7085240024368433
2.19722457733622,1.8616692154061438
2.4849066497880004,2.4815644357639064
6.795705775173514,6.226753005186105
0.0,0.1765799461656903
0.6931471805599453,0.4636677431746111
5.942799375126701,5.459635377559575
0.0,0.4263959700367617
3.871201010907891,4.049343887375145
4.23410650459726,3.8245517652456127
0.6931471805599453,0.7947165783916215
2.3978952727983707,1.86278955736046
1.0986122886681098,2.2319909083188656
2.302585092994046,3.5693646524086335
0.0,0.19870104385967644
4.219507705176107,3.8284970425601266
1.6094379124341005,2.0829371623283963
0.0,0.16156008388522425
1.0986122886681098,0.3607172193751989
2.772588722239781,3.541962511867461
9.169976605786628,8.789160880294443
4.382026634673881,4.789903430620551
3.044522437723423,3.94155660677957
0.0,0.3661725635384059
2.302585092994046,1.2183820651576391
6.55250788703459,6.968249425633337
0.0,0.19044996278382298
4.653960350157523,3.668775967974346
2.70805020110221,1.8410159103933676
0.6931471805599453,0.6438488761226928
3.58351893845611,3.333421067959953
1.0986122886681098,0.9494429662983368
0.0,0.2082907129168603
5.556828061699537,5.907967256702756
0.0,2.015668908031419
0.0,1.9392502702172805
2.3978952727983707,2.2703055404560817
8.128290171607052,7.592648195127381
3.332204510175204,2.8218596779416263
0.0,0.19436577660467358
2.079441541679836,2.1030564237606035
3.5263605246161616,3.221695937852756
3.912023005428146,2.7607824270253074
2.4849066497880004,3.003978599059428
4.875197323201151,4.775479348912385
1.9459101490553128,2.5465075991437973
2.302585092994046,2.7569886244047503
0.6931471805599453,1.1657753925050531
1.6094379124341005,2.727391027272683
0.0,0.27318374062427925
0.6931471805599453,0.24767583334316348
0.6931471805599453,0.3453074644572628
3.58351893845611,3.252172482802114
4.574710978503383,4.666418710928207
3.6375861597263857,4.42491509951302
4.672828834461906,3.884457783557339
3.6375861597263857,6.358062166647502
7.231287004327616,6.861180531352008
0.0,0.17319520828641713
0.6931471805599453,0.5583948774742803
0.6931471805599453,0.5420440016641127
0.0,0.20761963033712086
0.0,0.6544947111260677
5.971261839790462,6.15287352407026
0.0,0.1656826955564411
4.204692619390966,5.157855459019517
3.044522437723423,2.3969900773293653
0.6931471805599453,0.1764027974263195
0.0,0.19326904336366943
8.018954683155718,8.363227828231423
0.0,0.6844044920225855
4.110873864173311,4.308215637656159
1.791759469228055,2.3179273075474964
4.060443010546419,4.10599635482216
3.9318256327243257,3.948936994233525
0.0,0.14422434956360017
0.0,0.21699660455635794
0.6931471805599453,1.2132143035534872
0.0,0.26589554208538
1.6094379124341005,2.198837765124056
2.302585092994046,2.3329728513438748
0.0,0.3539398102321235
4.969813299576001,5.121836957540678
3.367295829986474,3.7983474087830644
0.0,0.31128179005902923
4.276666119016055,4.550659735801351
7.066466970136958,7.257288006809196
0.0,0.36666125104431996
3.9889840465642745,3.6735017743743237
4.07753744390572,5.800940478342049
4.51085950651685,3.897365461463143
1.0986122886681098,0.24839469981894016
7.247080584585756,7.079389348805127
6.467698726104354,5.269110270642709
6.0473721790462776,5.510619416817435
5.799092654460526,4.395663425969734
0.0,0.23687332664074134
0.6931471805599453,0.30577399725480625
0.0,0.21466395303265715
2.19722457733622,2.2031329430748743
0.6931471805599453,0.5280680071470988
4.770684624465665,4.87254519249224
8.060855752934316,8.294925374086208
7.255591274253665,7.772226670577672
1.0986122886681098,0.3156691066674457
0.0,0.16590708784886668
0.6931471805599453,0.32064237006313295
2.5649493574615367,1.0677304463026072
4.736198448394496,4.850037265686093
2.3978952727983707,2.0627236683251864
2.302585092994046,2.222302101429332
2.079441541679836,1.6678314285427498
6.586171654854675,6.475698724338836
4.330733340286331,4.736724949745447
0.0,0.23058102707284386
1.3862943611198906,2.2062627454714185
2.6390573296152584,1.5897296816114175
0.0,0.17516627284036237
0.0,0.26598521117058627
0.0,0.6175340760753808
6.889591308354466,6.5467315345405925
0.0,0.42033915678544015
6.738152494595957,6.380528558148727
1.0986122886681098,0.5295064005428299
4.477336814478207,5.551696941964982
0.6931471805599453,0.2024123578773224
0.6931471805599453,2.518434539742337
3.091042453358316,3.2980936312128772
0.0,0.1782397058588271
1.791759469228055,2.3731159123862633
2.772588722239781,1.9237232197000613
0.0,0.3258068492548699
0.6931471805599453,1.5266049664467187
5.68697535633982,4.65962118890732
2.302585092994046,2.2823258061182545
2.302585092994046,0.9186329797516896
0.0,0.11440740503578584
0.0,0.2437367141236904
0.0,0.1714220910033766
3.332204510175204,3.1495542398438516
1.0986122886681098,1.5113871917845945
0.0,0.17759040063724674
3.7612001156935615,3.431152948139748
0.0,0.3282445412076265
0.0,0.35601202121193937
2.3978952727983707,1.5552478759730064
2.772588722239781,2.8722642562188994
0.0,0.11004043387188142
3.737669618283368,3.262403458427391
2.4849066497880004,2.6884299098670046
0.0,0.30168714398030505
3.4657359027997265,4.033670904477549
4.219507705176107,3.185955445615329
0.6931471805599453,1.870113917579146
3.80666248977032,3.06487583253411
1.3862943611198906,1.604259217084298
2.9444389791664403,3.3822447278495846
3.784189633918261,3.446683763338076
0.0,0.23983355893818617
3.4011973816621555,2.7377076963815576
0.6931471805599453,0.33051827155403907
7.651595573857601,7.42179719993413
7.262628600974241,5.4346941354443965
5.209486152841421,3.8859120995710024
0.6931471805599453,0.9699649379134305
1.9459101490553128,2.153510534789064
1.0986122886681098,1.5503902305188406
5.717027701406222,6.266213946477702
2.8903717578961645,2.3964227522149297
0.0,0.1895980649826682
2.079441541679836,1.3461722648141274
3.044522437723423,3.7744123030597483
0.6931471805599453,1.255593266545005
0.0,0.2082444166739951
0.6931471805599453,0.1814262823442284
1.791759469228055,1.9132782431317092
2.302585092994046,1.8854764674469133
1.0986122886681098,2.1874811065383906
2.8903717578961645,2.392077701340937
8.911934336161426,8.9507329891968
5.41610040220442,4.987643183934066
0.0,0.5415868446385194
0.6931471805599453,0.336429769865891
3.091042453358316,1.7738173506965034
0.0,0.19801664465043614
0.0,0.1892972262722061
7.027314514039777,6.139119495079402
4.248495242049359,4.267950966226624
1.791759469228055,1.3170667135934215
0.0,0.19432691172573735
2.302585092994046,2.648316044889243
0.0,0.397027839317328
0.6931471805599453,1.5782430347690113
4.02535169073515,4.104793280862762
2.3978952727983707,2.2058617444405204
5.676753802268282,7.497733650442581
8.700847193443972,4.846297230513101
2.6390573296152584,2.7971628060972655
4.343805421853684,4.564124870621157
0.0,0.22640520169472483
1.0986122886681098,0.5912435830318454
4.68213122712422,4.115574451861134
1.3862943611198906,2.25057336922728
4.143134726391533,3.9798127415215454
6.163314804034641,6.326030033457618
6.516193076042964,7.363091110850709
0.0,0.24516473707794983
4.68213122712422,5.374906043320289
0.0,1.264109101435146
1.6094379124341005,0.651785486993543
2.772588722239781,2.391941583886701
7.57455848420248,7.767529127851558
0.0,0.224155582676941
1.0986122886681098,2.8823028041603336
0.6931471805599453,0.7337082661190939
3.688879454113936,1.8351020882308327
0.0,0.19969051123086937
0.0,0.17151803690870557
4.0943445622221,3.7455823820334646
2.6390573296152584,2.0450872355705294
0.6931471805599453,1.5375394073385527
4.02535169073515,4.332188930462953
2.6390573296152584,2.3370923402992707
7.938088726896952,8.596656238176646
7.480992162869525,7.829619555851595
4.74493212836325,5.171737134870816
4.844187086458591,5.004475454614455
1.0986122886681098,1.4977782290569335
1.791759469228055,1.725785807843983
0.0,0.2302660074921553
0.0,2.170851704670491
2.079441541679836,1.5031764696256407
0.6931471805599453,0.5811560587238216
5.43372200355424,5.8950339433847665
0.6931471805599453,0.2342211968514802
0.0,0.18294445944957408
0.0,0.2340684374898753
0.0,0.4203045888383207
1.3862943611198906,1.4457601452900244
1.0986122886681098,0.19592454761828498
0.6931471805599453,0.46887532250372094
2.4849066497880004,3.2508473641263396
3.610917912644224,2.928073487574793
3.49650756146648,2.6546063666716497
0.6931471805599453,0.595119751912765
0.0,0.20888482381647092
1.6094379124341005,2.2556339867446487
4.219507705176107,4.653354144373681
5.834810737062605,4.31410361042442
0.6931471805599453,0.03703191871886654
0.0,1.3863457627363398
5.777652323222656,5.9892556468665195
3.332204510175204,3.718823297936121
0.0,0.42799187780838205
6.878326468291325,6.315142850548196
4.844187086458591,4.108045588357439
1.3862943611198906,1.9325656085219947
1.3862943611198906,1.2935661168701158
0.0,0.18487551327793386
4.04305126783455,4.392635853588833
2.079441541679836,5.257785773064337
2.4849066497880004,0.28023002889967097
0.6931471805599453,0.23528645589192881
1.3862943611198906,0.40913715510759235
2.8903717578961645,2.0088035606655055
4.23410650459726,4.454324631694885
0.0,0.17410389761892264
0.0,0.7657544687388694
1.3862943611198906,1.5589570515249902
9.169976605786628,8.211125550177487
1.9459101490553128,1.3590489923841431
2.9444389791664403,1.0221755353879043
1.3862943611198906,0.820355691482278
4.574710978503383,4.701166124871312
3.5263605246161616,4.067199162284896
0.0,0.08201776544700223
5.560681631015528,5.3188694205320655
0.0,0.18755541241371984
2.772588722239781,3.4320981879282018
0.0,0.3308527984468357
0.0,0.7634598065182595
0.0,0.10260463462754821
2.3978952727983707,3.33506470418287
0.6931471805599453,0.24114463484931956
0.6931471805599453,0.21957251462354815
0.6931471805599453,0.3401685722703846
4.736198448394496,4.471009546072179
3.5263605246161616,3.8209575199863988
0.0,2.3038741874171507
2.6390573296152584,1.678747356835557
0.0,0.8178647646898258
0.6931471805599453,0.31656822326624023
4.51085950651685,3.6958130188693996
3.4657359027997265,3.118707534962821
4.653960350157523,5.3899372498556115
4.584967478670572,3.0501797691316272
0.0,0.2036259871777489
1.6094379124341005,3.079703796545046
1.3862943611198906,0.21414137345330028
5.921578419643816,4.965481844791495
4.343805421853684,5.021861107108843
3.1354942159291497,1.792152540063633
4.574710978503383,4.827033176596206
0.0,1.0928666102397684
0.6931471805599453,0.8508293377662183
2.5649493574615367,2.4355196975677513
2.70805020110221,3.1649697173318794
8.696510239189893,8.526116278821354
0.6931471805599453,0.1730693072912541
6.018593214496234,5.788848524546069
0.6931471805599453,1.7333561868491179
0.0,0.19147336378008675
2.70805020110221,3.56348181099971
4.762173934797756,4.966566505565564
0.0,0.19454937515631684
0.0,0.5692521108337006
3.091042453358316,2.4518605877736777
0.0,0.9077945045006354
2.5649493574615367,2.5433490000868004
6.732210706467206,6.3399044943585965
0.0,0.22470215279578282
0.6931471805599453,0.4216952392875409
3.80666248977032,2.5030507277899194
3.951243718581428,4.229882682120937
2.5649493574615367,0.4449174760768254
9.169976605786628,7.325764944083778
1.6094379124341005,2.0034692028868077
1.3862943611198906,1.4350770375651334
0.0,0.22857757362364398
0.0,0.2000514566573406
1.791759469228055,2.3998061623788196
7.569927655242652,5.968389449270781
0.0,0.16328687277659318
0.0,0.31054441137664973
0.0,0.6069737911665019
7.910957382845589,5.949343041941992
2.302585092994046,2.898296860896199
3.044522437723423,3.2593928653781603
4.795790545596741,4.5013993147749325
0.0,0.5454414187597854
4.74493212836325,3.92904625781237
6.285998094508865,6.357419250454083
3.737669618283368,4.113926740290258
0.0,0.3112875952537417
0.0,0.28553855785034826
3.091042453358316,3.6875394406065283
0.0,0.2725770368273422
0.0,0.13547560544711712
0.6931471805599453,0.22051370123982916
7.53689712956617,7.43635194429698
0.0,0.15292752058450013
0.0,0.19011591262352967
0.0,0.3273676184782855
0.0,0.655141073582358
2.6390573296152584,1.6386924589332708
0.0,0.16627036216878988
6.954638864880987,6.037723377879227
0.0,0.17859619259622775
3.258096538021482,2.8492485461653603
0.0,0.3172701551348652
1.3862943611198906,1.6698365771492674
0.0,0.9979822706469048
1.6094379124341005,1.0949052333992602
3.4339872044851463,3.630755854735344
2.302585092994046,2.532898099159534
0.0,1.098254013769631
2.4849066497880004,0.9697227332736006
5.293304824724492,4.881777677453639
1.0986122886681098,0.27416916519625245
4.465908118654584,5.19387978982442
9.169976605786628,7.912587383444958
1.3862943611198906,1.544514668970057
1.3862943611198906,1.6943594654414098
0.0,0.23123180822124764
2.772588722239781,3.2607534793819792
0.0,1.5314645977211079
1.6094379124341005,0.34034181407179953
1.6094379124341005,1.822306499044953
4.553876891600541,3.0657136969361813
5.472270673671475,5.4464317982248955
0.0,0.18074120426106266
0.0,0.14297186573763795
0.0,0.2798432708903728
0.0,0.3907289596463224
3.58351893845611,2.90321530355677
5.7745515455444085,4.259084636086842
0.6931471805599453,0.19106743042675883
5.342334251964811,5.361287867750759
4.844187086458591,3.528615881122466
0.0,0.180040771080382
1.0986122886681098,2.1374472322527454
1.791759469228055,1.903880326708035
0.0,0.501812405435682
0.0,0.21253876011996667
2.9444389791664403,1.738938904683014
2.70805020110221,2.13096338803852
0.6931471805599453,1.7963295051603325
0.0,0.1924653736528205
0.0,0.686315522337464
0.0,0.24726893370911193
0.0,1.1277548358641534
0.0,0.9273214912010838
0.6931471805599453,1.2008248882817314
0.0,0.05470967540084813
3.6635616461296463,4.09137045248826
0.0,2.002411970003113
0.0,0.22364565942517753
6.522092798170152,5.834916325389038
3.1780538303479458,3.3593240454880413
3.951243718581428,3.752281089538194
0.6931471805599453,1.6660098870329731
2.3978952727983707,2.8634036062673816
1.6094379124341005,2.7512953689091324
0.0,0.13371422473579497
5.849324779946859,5.043586560477437
3.713572066704308,3.045658464177009
0.0,0.21831606505857065
2.6390573296152584,1.5552336272864384
7.452402451223638,7.091766244412289
0.0,0.1988427677767134
3.258096538021482,3.217193588453517
1.6094379124341005,2.088874011194375
5.3612921657094255,4.584796971142689
1.0986122886681098,2.2377795931765285
3.332204510175204,2.9752262677607817
3.970291913552122,4.59850232224365
1.3862943611198906,0.20644574275725713
0.0,0.9417665051670334
0.0,0.20321548934095998
0.0,0.2014691710583325
0.0,0.17379843837826192
2.70805020110221,3.385761604324634
2.302585092994046,1.3347535470570493
0.0,0.21154958443045763
4.795790545596741,5.072877348239175
0.0,0.1951889309987345
3.218875824868201,3.550676356994015
0.0,0.1736013765722562
0.0,0.42757888156600954
4.5217885770490405,3.4392991957485624
0.6931471805599453,0.7161205158816909
1.791759469228055,2.024086029449984
0.0,0.22091340911919263
2.70805020110221,2.4665501139669246
0.0,0.2591927632288385
2.6390573296152584,0.3875942116363684
2.302585092994046,2.006908513261991
3.6635616461296463,2.772388116305314
7.400620577371135,6.185815446403565
3.49650756146648,3.551014703186611
1.0986122886681098,1.3373034505033576
0.0,1.4917914001010582
0.6931471805599453,1.7538385876506606
4.770684624465665,5.786912539186608
6.586171654854675,6.998148050380487
0.0,0.18739102672138347
8.258422462458876,8.68281462532912
5.049856007249537,4.718505356788271
0.6931471805599453,0.3767495629367997
0.6931471805599453,0.20499366102201547
1.6094379124341005,1.4663479220045124
4.382026634673881,4.566666169402936
3.912023005428146,2.948498929241071
4.204692619390966,4.390953672503856
6.322565239927284,5.970768326638328
2.833213344056216,2.929607756177678
0.0,0.22472096006645664
3.871201010907891,4.4881614753098455
0.0,1.609380353706741
3.218875824868201,3.2793617710670775
2.772588722239781,3.66291507570707
1.6094379124341005,0.1962194517691016
2.70805020110221,2.375527760772936
4.174387269895637,1.944126827148736
2.70805020110221,2.816058841829165
3.367295829986474,3.1916141039827544
0.6931471805599453,0.6074388277701487
3.713572066704308,3.855426151221154
0.0,0.370761727625978
5.220355825078324,4.968685703706773
1.0986122886681098,0.2827553871123685
1.6094379124341005,2.2231159099024533
2.079441541679836,2.010672331994016
0.0,0.5794881833387053
0.0,0.51643142088655
8.108021221376747,7.570156874575574
0.0,0.4585652935241439
7.303843225277705,4.812295425517937
0.0,2.081467585428953
0.0,0.18899915967560083
1.0986122886681098,2.1987094008835553
4.219507705176107,3.2963018741446133
0.0,0.3094009695407067
7.126087273299125,7.149804007251139
0.0,0.17834055349128292
9.169976605786628,8.901315591176115
5.501258210544727,5.047511160912659
1.791759469228055,2.2097117400642103
1.0986122886681098,0.5782965812254444
6.9167150203536085,7.117112396506619
3.610917912644224,4.008804117819133
3.1780538303479458,3.004968859996451
1.791759469228055,2.164290073269369
1.0986122886681098,1.95978852147548
0.6931471805599453,0.43824337311143363
3.912023005428146,4.180066389726415
0.0,0.5287293015023887
5.799092654460526,6.290824502018726
5.968707559985366,7.189188045408089
0.0,0.21237027786043008
3.713572066704308,3.780931099490196
0.0,0.35865086552732256
3.1354942159291497,1.578007512098403
0.0,0.17644660500650292
3.4657359027997265,3.336761704128323
0.0,0.6156585553475633
0.0,0.7157540481904276
5.159055299214529,4.341179899409915
3.332204510175204,1.1085896517224598
6.401917196727186,6.365108266898631
4.3694478524670215,4.0954943122434955
5.1298987149230735,5.054842567841059
2.9444389791664403,2.5251915309113864
3.713572066704308,4.2208566132842025
1.6094379124341005,1.043019858488196
4.605170185988092,3.8417426870652913
4.127134385045092,4.248126234554884
5.955837369464831,6.708771348702195
0.0,0.39112538749538617
2.3978952727983707,3.2585033955824003
5.583496308781699,4.149300697586836
0.0,0.3772803642098111
2.9444389791664403,2.032691851829808
5.891644211825772,4.67355071591956
5.730099782973574,5.951890022311484
0.0,0.17112553337786016
0.0,0.049051326748062674
6.968850378341948,7.1191519535363605
0.0,0.3953046240052923
0.0,0.3138667313780797
2.079441541679836,2.892984307750506
1.9459101490553128,2.4199265437974304
1.6094379124341005,1.0052552001103692
0.0,0.1748702894669605
0.0,0.19830087142334205
2.19722457733622,1.1431925264673928
2.4849066497880004,2.2135875292078007
8.546169299652755,4.619060049494802
3.4657359027997265,4.003041281014425
4.158883083359672,4.215381293745284
0.0,0.4883172982415069
4.499809670330265,3.7968857484628287
4.418840607796598,3.8487733026910975
0.0,0.3904549846718793
3.5263605246161616,3.7822693583066287
7.047517221357296,7.063691980274306
1.3862943611198906,1.2177288777874393
3.6635616461296463,2.775493606797209
0.0,0.3648451817769017
2.995732273553991,3.8330202302055576
2.3978952727983707,2.6427518154996164
0.0,0.2468698815796458
1.3862943611198906,0.17669691950078897
1.0986122886681098,1.008156465869054
0.6931471805599453,1.2886430012724555
6.068425588244111,5.829106130925996
1.791759469228055,1.93895822564834
0.0,0.7470259046790653
2.772588722239781,1.824539628132479
5.905361848054571,4.1008186339583865
5.41164605185504,5.270639303690284
5.579729825986222,4.9197411415329455
4.406719247264253,3.4381099355011737
7.504942068396171,7.959158717520077
0.0,0.4596603141818926
1.3862943611198906,2.647632759572753
0.0,0.3230802984967616
5.3981627015177525,4.601537518429364
2.772588722239781,3.466314565742817
3.784189633918261,2.1773585033222655
5.541263545158426,6.772724984492758
7.018401799069201,6.911304832320598
0.0,0.9062437051328167
4.060443010546419,3.7190565063191747
0.0,1.0593065364825616
3.49650756146648,2.711534401752598
0.0,0.1930701377205689
1.6094379124341005,1.9306718405428878
3.091042453358316,3.3597114438564675
3.218875824868201,1.9177340721830876
0.6931471805599453,0.308036552967462
0.0,0.2240034527419509
2.302585092994046,2.266242903067861
5.10594547390058,5.417070935601207
4.31748811353631,5.033714723148535
9.169976605786628,8.219979208625606
0.6931471805599453,0.5388035874666316
0.6931471805599453,0.5171776608633861
0.0,0.3835891841659566
4.532599493153256,4.243999057824444
0.0,0.19497702139992304
0.0,0.19351419494188726
7.768110378525988,7.839631746156881
0.0,0.9827588430731449
0.0,0.25312029400290664
0.0,0.3094009695407067
2.079441541679836,3.112707780216993
0.0,0.17950493736953374
0.0,0.21130463762117044
2.079441541679836,0.5277709462088161
0.0,0.12886326565622563
0.0,1.6901339520504821
0.0,0.26506813077226055
0.6931471805599453,1.3785370606123715
1.0986122886681098,0.5787950109666158
0.6931471805599453,0.2642963815195063
9.169976605786628,8.299844846123996
0.0,0.23075302129821718
0.0,1.594799678392694
0.0,0.12779648926186904
0.0,0.4205035736401029
0.6931471805599453,0.31913060892919687
0.0,0.22868150112999694
0.0,0.18793966993474334
0.6931471805599453,0.7149120369657285
2.3978952727983707,1.9527248643942081
1.3862943611198906,0.13455696819877608
0.0,0.12644236287849253
2.079441541679836,2.5321634544900924
4.8283137373023015,4.7903480068385
8.178358165605836,7.157798876917826
3.044522437723423,3.8673812137154187
0.0,0.23294178471404875
4.02535169073515,4.320303836821082
4.343805421853684,4.271038141333739
0.0,0.1966379978936494
6.309918278226516,6.083603058642076
0.6931471805599453,0.15913972959498102
3.091042453358316,3.693071099575572
0.0,0.1644653009100614
2.5649493574615367,1.9591551569419992
3.4657359027997265,3.7822512980567087
0.0,0.20933281584087818
0.0,0.20370667695013372
1.0986122886681098,3.1007876796117224
0.6931471805599453,2.2094687123367756
4.718498871295094,4.897838528684075
2.70805020110221,2.8838082121593334
1.0986122886681098,1.2218056500800625
1.791759469228055,1.9780448579311927
3.80666248977032,3.9496090031516613
0.6931471805599453,0.9676587682918761
0.0,0.6323318268094199
0.6931471805599453,1.4670704989528345
2.5649493574615367,2.8398854612655797
0.6931471805599453,2.2790534991350744
1.9459101490553128,1.3016494004184507
0.0,0.18420393916428493
0.6931471805599453,0.1813502033668769
0.0,0.21320819335121738
0.0,0.17823314578819488
2.70805020110221,3.559264228369008
0.0,0.2541987726606788
6.025865973825314,5.92118770162922
0.0,0.5278854721219621
4.8283137373023015,4.406973246725585
1.0986122886681098,2.8322633788107017
4.465908118654584,4.5967318046403465
5.572154032177765,5.841330270675364
3.218875824868201,3.410299002040735
4.248495242049359,3.6054386105831573
3.218875824868201,3.076239583687749
1.0986122886681098,2.8152500229145843
0.0,0.32458213638434547
0.0,0.1708791480487207
0.0,0.18432925254892799
6.57507584059962,4.535415317245181
3.784189633918261,3.815315305879646
0.0,2.0456974969145048
0.0,0.31409541724053347
0.6931471805599453,0.4495886501173005
3.688879454113936,3.6663919894908084
2.302585092994046,2.0430537229070165
0.6931471805599453,0.17977826020629867
0.0,0.35567394567373406
0.0,0.19099679224555044
4.07753744390572,3.7847872913937404
0.0,0.24914751616918607
2.4849066497880004,2.027873246893497
4.04305126783455,4.556131040756903
3.332204510175204,3.557489910013152
3.258096538021482,3.7561606138269803
0.0,0.7776915864129723
0.0,0.18029106183149823
0.0,0.20586956290026315
0.0,0.23740416922686808
5.765191102784844,5.274715289050967
6.084499413075172,6.186811326108909
4.795790545596741,4.280856760105201
2.302585092994046,2.0264280680803246
7.305188215393037,7.649350513672688
3.49650756146648,2.43332355633945
0.0,0.20395073796151594
0.0,0.21743008932481672
0.6931471805599453,0.44167768997888146
2.4849066497880004,3.196034368527876
0.0,0.19445748883918998
3.713572066704308,3.5361648777844934
5.303304908059076,5.290344509272591
0.0,0.19752263411763316
0.0,0.36463691075151633
1.6094379124341005,2.535355471992753
3.555348061489413,3.321207431069562
0.0,0.2299952650385004
6.025865973825314,5.267197802687987
0.0,0.20877454151279118
5.926926025970411,5.638739770703238
1.791759469228055,3.0124625716252584
2.6390573296152584,3.0883898551557527
0.6931471805599453,1.3997132096849614
4.060443010546419,4.497604108673302
5.3706380281276624,5.289504698640242
3.044522437723423,3.0485586145714083
2.19722457733622,4.095287299880072
1.3862943611198906,1.5523547703430973
0.6931471805599453,1.5632833118171938
4.727387818712341,4.599403493086639
2.3978952727983707,1.07804331326771
1.0986122886681098,1.9785484328728302
0.0,0.27656219306257507
0.6931471805599453,0.314416263869975
0.0,0.6804945716477194
1.0986122886681098,2.0042660890530772
8.458504195067558,7.576548334059112
1.3862943611198906,2.403470307430137
5.634789603169249,5.826751626903772
0.0,0.1980590600049128
0.0,0.09639342485548108
1.3862943611198906,1.846007693454839
2.302585092994046,2.361357517486781
0.0,0.6195387807817255
2.19722457733622,1.8876633702168542
0.0,0.1956621673934519
4.465908118654584,4.574323618895325
0.0,0.4788169544128798
0.0,0.19353369073983126
2.772588722239781,1.7173592255440522
3.8501476017100575,3.8668207955729925
2.302585092994046,3.284435401469674
1.6094379124341005,2.4640214324730794
1.3862943611198906,0.633322629542837
3.044522437723423,2.8943793347341833
1.0986122886681098,1.1014227186842842
1.0986122886681098,0.19478433225272115
0.0,0.17759591370770517
4.0943445622221,4.002235905244167
3.295836866004329,3.0620476118665767
1.0986122886681098,1.0343865814578443
1.791759469228055,1.7665114179176107
1.791759469228055,0.6809079358166913
0.0,0.37536839958767465
2.833213344056216,2.7333888069555083
4.74493212836325,4.281421143176188
3.6635616461296463,3.309496566496459
0.0,0.559691383230281
0.0,0.9587177342459707
4.605170185988092,3.377324018605617
0.0,2.1814706082324395
5.746203190540153,6.241758152129684
0.0,0.17778868891156144
6.946013991099227,7.438354025094293
0.0,0.6444436947274722
0.0,0.17097395939958226
3.367295829986474,2.4761798754193447
1.9459101490553128,2.6122321992228894
1.3862943611198906,2.903641929615147
6.093569770045136,5.815822436903267
8.621733370690162,6.77691118270733
1.791759469228055,1.8517656261355602
0.0,0.20650692344238955
3.4011973816621555,3.3921277915250707
0.6931471805599453,0.4511380284412789
0.6931471805599453,0.20828578771415743
0.6931471805599453,1.0039745173049266
4.23410650459726,4.420724020874567
0.0,0.09835428244441917
0.0,0.23835519363064103
1.0986122886681098,0.8703964768978119
4.709530201312334,3.795267469917367
0.0,0.19993235336100823
4.564348191467836,4.220197241102555
1.3862943611198906,1.7210826913541988
0.6931471805599453,0.1573466778764588
0.6931471805599453,0.22289634469339137
3.8918202981106265,3.7986985610762485
4.343805421853684,2.980269207321093
1.6094379124341005,1.4988120981490891
0.0,0.17760654233570758
0.0,0.1732578518588954
0.0,0.2892504125343715
0.0,0.15047666965847195
3.258096538021482,3.974528295790483
0.0,0.18672585230886946
0.0,0.5036342069869217
2.6390573296152584,1.5474889728928163
2.9444389791664403,3.046980528535368
0.0,0.9919012900292145
3.1354942159291497,3.461454189744138
5.497168225293202,5.464446777015863
4.770684624465665,3.9175975896601503
0.0,0.17753910779910045
0.6931471805599453,1.0166402245650645
1.6094379124341005,1.565682088602326
5.849324779946859,5.612757072030211
0.0,0.8430381730447708
6.421622267806518,6.715959201570784
0.0,0.9193900526982188
0.0,0.18271402295717137
1.0986122886681098,0.9039084323131011
0.0,0.26471671196322677
0.0,0.49078376112808536
2.5649493574615367,3.3871072567675196
1.3862943611198906,2.015757092461253
0.0,0.1965178803032009
0.0,0.20688912414695962
0.0,1.0292735180903114
0.0,0.41264525625294185
8.025516386489008,8.08346459504605
0.0,0.23259783761219474
0.6931471805599453,0.4035022400691805
0.0,0.49019501045489045
1.6094379124341005,1.655675385641026
4.48863636973214,5.9597765953539295
3.5263605246161616,4.067217391149464
0.0,0.1531527408027016
0.0,0.24816882611843596
5.752572638825633,4.471058271247756
3.737669618283368,4.010932225259239
0.0,0.20007466411454922
2.302585092994046,2.098265963408294
2.772588722239781,2.8431839054558257
4.74493212836325,4.509906800488177
3.610917912644224,3.3453891475023356
0.0,0.2771007228905054
5.5909869805108565,6.2788309455807765
0.6931471805599453,1.9546416292229871
1.0986122886681098,0.30608162697481517
2.5649493574615367,2.381408245719949
0.0,0.19484190658861464
1.0986122886681098,0.3006498972102358
3.8918202981106265,3.5425539027127164
6.895682697747868,8.197839448158163
2.772588722239781,3.785802341213116
1.6094379124341005,1.9979522620521164
0.0,0.560222830251143
3.258096538021482,3.3676642812070905
0.0,0.19811511247522975
1.3862943611198906,0.3534849351929118
1.3862943611198906,0.3837159057168657
0.6931471805599453,0.9079178159282806
0.0,1.1280517589640568
4.6443908991413725,4.370351793586573
6.827629234502852,7.017941446707807
2.19722457733622,3.145250463503768
4.976733742420574,4.572569116522593
2.079441541679836,3.8551502063059746
0.6931471805599453,1.1974247105643865
4.574710978503383,5.128041700286109
1.0986122886681098,1.8001021873401302
3.295836866004329,3.325786801068933
0.6931471805599453,1.0806194078427038
4.867534450455582,5.1298790056915555
0.0,0.2671652739823277
0.6931471805599453,2.786207285595076
4.127134385045092,4.475853416264527
0.0,0.3034924061965856
1.9459101490553128,0.5055513829452314
0.0,0.3055526203130232
4.23410650459726,3.979163986356834
0.0,0.4788169544128798
0.0,0.19324567872405105
0.0,0.19591941580983513
3.49650756146648,2.107833785716686
0.6931471805599453,0.19065474264382873
1.791759469228055,2.3528056328550955
0.0,0.19779809032404724
0.0,0.25931506810978633
0.6931471805599453,0.43682311161691284
0.6931471805599453,0.5974333825701881
4.262679877041316,4.165305718168884
0.0,0.19641825113614797
7.267525427828172,7.562330290171151
4.30406509320417,3.9913572602512746
0.0,0.2257420666641259
2.70805020110221,2.6798834456059843
0.0,1.7830226628607495
0.0,0.1562377735732468
4.07753744390572,4.151140864308287
0.0,0.2554640711179655
0.0,0.20901483146063674
0.6931471805599453,0.49250978669886947
0.0,0.22368663697862504
0.0,0.17347620962302723
2.4849066497880004,3.089552838772719
0.0,0.19374009407547887
2.6390573296152584,1.637120485467148
4.836281906951478,5.111803183232157
3.610917912644224,3.350897711237065
3.091042453358316,2.0735094923355892
9.169976605786628,8.514172002100647
0.6931471805599453,0.2683550184084079
3.951243718581428,4.554551341866428
2.6390573296152584,3.559397704248956
0.0,0.17683035205118336
0.0,0.4347928869074549
3.555348061489413,3.168927467496835
0.0,0.21122068904911875
0.0,0.19174048518989711
0.0,0.19993235336100823
0.0,0.21881958019597178
2.9444389791664403,2.664947349726679
7.389563953677635,6.85818191984773
0.6931471805599453,2.175332342683041
4.882801922586371,4.6463373720581505
6.269096283706261,5.953850063879988
5.062595033026967,4.881356713084857
2.3978952727983707,0.9857685029391264
5.5093883366279774,5.628340648986696
0.0,0.18928834523351434
7.463936604468925,5.285207890683338
3.218875824868201,3.494577170433672
6.144185634125646,5.751480630262055
6.678342114654332,6.816792170935713
7.704811922932594,7.3007045694449095
1.0986122886681098,1.1278088647911533
3.49650756146648,5.497733083509312
0.0,0.21395295444358345
0.0,0.28111007300749075
0.0,0.5249215042046579
0.0,0.40606111096300856
2.70805020110221,3.8104113162002022
2.19722457733622,0.6461839351300943
1.6094379124341005,1.8255387672310477
5.529429087511423,4.594128513365748
5.891644211825772,6.201335169742917
2.772588722239781,2.046840744316897
0.0,0.36538726885465156
3.4011973816621555,3.8045104695462366
1.9459101490553128,3.121035495902098
0.0,0.18858227925853832
3.218875824868201,3.3049627900489815
4.8283137373023015,4.576980286387807
0.6931471805599453,0.21042087647498975
0.0,0.4777688886423136
6.118097198041348,6.2141306012841095
2.6390573296152584,1.9389224337369906
4.875197323201151,4.699451680840831
2.302585092994046,3.651806548947679
1.791759469228055,2.1954766264417414
5.525452939131784,3.437801462394383
0.6931471805599453,0.17604502732594454
2.19722457733622,1.8460120454435007
0.0,0.36379562949192606
3.9889840465642745,2.953233986808617
2.995732273553991,2.814951892453071
0.0,0.9316329876806771
2.302585092994046,1.5140840097937687
0.6931471805599453,1.3098212054677383
2.70805020110221,2.839566689758262
1.9459101490553128,2.4277428453182726
0.0,0.1266598106140393
0.0,0.6688262302420576
0.0,0.17825489505662837
0.6931471805599453,0.3398824135507568
0.6931471805599453,0.7550747407091766
2.70805020110221,2.309620360862123
0.0,0.293028296818522
0.0,0.1460240588542475
2.772588722239781,4.102384886197427
0.0,1.9959063292108492
0.0,0.187959826376368
9.169976605786628,5.289996134769592
2.772588722239781,3.4749429383561456
7.076653815443951,7.178949070833733
0.0,0.15614592192094812
4.574710978503383,4.806431174878708
2.70805020110221,2.2186485493339827
2.5649493574615367,3.0253869790774806
5.298317366548036,5.158568175466514
3.8918202981106265,3.38851218361528
5.0238805208462765,5.186288075268854
4.574710978503383,3.3702582526737173
2.079441541679836,1.8695765528042942
3.49650756146648,3.4642626651420447
1.3862943611198906,2.5176021483263056
0.0,0.1982527470356843
0.0,2.0695920806563426
0.0,0.1872947838949018
6.230481447578482,6.170911420017426
9.169976605786628,5.889883344805723
6.249975242259483,6.7842660055606325
0.0,0.16670110465292629
1.3862943611198906,1.6274491696461102
0.0,0.29143532057744587
0.6931471805599453,0.2040391773056561
5.0369526024136295,4.4964018135462815
2.19722457733622,0.24161156295434222
2.5649493574615367,2.3070516301532074
0.6931471805599453,0.23069649356106015
1.0986122886681098,2.323162478135605
5.365976015021851,6.041884312195773
0.0,0.192791221562241
0.6931471805599453,1.2158427420008602
0.6931471805599453,0.29741256857314585
7.2875606403097235,7.984461049818643
0.6931471805599453,0.8054593484090958
2.4849066497880004,3.19975384226469
1.6094379124341005,0.7550265224049195
2.19722457733622,0.9485972121141071
2.079441541679836,2.655705724088696
4.532599493153256,4.359433399479493
3.091042453358316,3.0859061665257865
6.311734809152915,6.131581664493537
6.013715156042802,5.525316227386673
2.6390573296152584,3.9781712439654062
3.1780538303479458,2.3561763726598177
3.4657359027997265,3.884297443240528
5.308267697401205,4.941648166020817
3.8918202981106265,3.9667177605914765
0.0,0.16675884320395004
1.9459101490553128,1.0918687360746315
0.0,0.41183051420981526
6.2166061010848646,6.848618518719006
2.70805020110221,3.8816532762018165
0.0,0.13754802678446432
0.0,0.21513316687963938
0.0,2.0467455578973173
0.0,0.666277721818361
3.367295829986474,2.17771551971072
0.0,0.35033954180625243
2.4849066497880004,2.3115916406754167
2.70805020110221,2.7049806511507404
3.091042453358316,4.680517293903514
3.951243718581428,4.2081836780094335
2.3978952727983707,2.1779069717966077
0.0,0.4902634773762846
0.0,0.5543386837882242
2.079441541679836,1.8637062670230136
4.983606621708336,4.681943590685712
3.367295829986474,3.001620160745711
6.300785794663244,7.532840428429604
0.6931471805599453,0.4603665607502508
3.6375861597263857,2.0406407627617327
3.044522437723423,3.1502195906758494
1.3862943611198906,1.0984704013008693
0.0,0.18892788591140802
6.190315405853148,5.721015055694496
2.19722457733622,3.1520570036793845
2.302585092994046,2.4959677770861557
2.302585092994046,1.5611762488306766
2.19722457733622,2.7375410350070184
5.043425116919247,5.383484781748086
0.0,0.6119496672912669
4.962844630259907,3.788911681319923
0.0,0.16713959021207592
0.6931471805599453,0.6046678201975614
5.697093486505405,5.5009444074740355
6.670766320845874,4.829050526401048
0.0,0.47881374204460736
1.6094379124341005,2.0342416323348087
9.169976605786628,6.365726455643086
2.302585092994046,3.4208965523832595
2.5649493574615367,1.7816691325893204
3.367295829986474,3.2929665947704976
1.0986122886681098,0.20631067839358364
0.0,0.8669581116756513
0.0,0.2313581103906237
0.0,0.2674476437432433
0.0,0.18302217029465148
0.0,0.5801926075338435
4.934473933130692,4.790803916992211
0.6931471805599453,0.37305967451156663
0.6931471805599453,0.9409784362082169
0.0,0.17657572827098605
0.0,0.5722061390415768
5.3706380281276624,4.516753056084706
2.079441541679836,3.3158535920152956
4.174387269895637,3.2909795369075967
2.302585092994046,1.9794056393868573
3.713572066704308,3.975513377082941
3.218875824868201,2.764323010367898
0.6931471805599453,1.4389935478673308
1.3862943611198906,1.6247475296635878
1.0986122886681098,0.27657533233555964
4.948759890378168,4.837226602306047
0.6931471805599453,0.27583575442732783
4.204692619390966,3.6486412258268635
7.302496423727326,7.324205813389658
3.1354942159291497,4.446227604370402
5.209486152841421,6.240652200906873
0.0,1.6612631011754366
0.6931471805599453,1.4224867444737797
0.0,0.23153350310859006
0.0,0.21595418079572515
0.0,0.1765448316167297
0.0,0.27188995208274647
1.6094379124341005,1.7753595716440997
1.0986122886681098,0.28873421375574126
0.6931471805599453,1.9595033182984407
2.8903717578961645,2.37935825929971
1.3862943611198906,1.6330954233562966
0.0,1.1775507532565692
4.23410650459726,5.213046031772179
0.0,0.9283829307078341
3.4339872044851463,3.266869688372866
2.079441541679836,1.516727384203873
0.6931471805599453,2.616390665836685
2.70805020110221,2.3083257143789657
0.0,0.34350684807367404
1.3862943611198906,0.49656462685355823
2.772588722239781,2.9885939668667922
0.6931471805599453,0.25134425775511215
3.555348061489413,3.470051963372367
5.049856007249537,4.853184658568554
2.6390573296152584,2.6907228982113405
0.0,0.8897932802993539
8.53346016388011,4.48980778239113
1.6094379124341005,2.0281875608811637
3.9318256327243257,4.1188094771848185
2.6390573296152584,2.2342277801651593
0.0,0.29774874232494647
2.5649493574615367,2.4224306047269213
2.70805020110221,3.037945278376635
1.0986122886681098,1.0021389305225443
2.772588722239781,2.065757056032808
2.079441541679836,2.9848318747895397
0.0,0.3916938582387411
0.6931471805599453,1.7721915230646883
4.941642422609304,4.244104899053184
0.0,0.20561140145187212
0.6931471805599453,0.3248602760834432
0.6931471805599453,0.5742672544647881
1.0986122886681098,0.2740950198439279
4.477336814478207,4.621194345747089
1.791759469228055,0.5213305226188375
0.0,0.486535733148424
4.574710978503383,5.291761560652731
3.367295829986474,3.869250181259678
4.61512051684126,5.130127552647712
3.091042453358316,2.100189248970203
3.6375861597263857,3.919576682512857
4.691347882229144,4.357088208725132
3.8918202981106265,4.212060207126253
0.6931471805599453,0.6202987707939399
3.295836866004329,3.549009695276388
2.6390573296152584,3.615835385647627
2.5649493574615367,3.4277180832429752
2.833213344056216,2.378114539063244
0.6931471805599453,0.8258422462749908
5.814130531825066,5.175801230054206
6.532334292222349,6.3533058126014055
5.332718793265369,4.3919225311431305
0.0,0.36871581352602056
0.0,0.18175392144805833
0.6931471805599453,0.6609810679954855
0.0,0.15969196042506392
1.6094379124341005,1.285419968600984
0.0,0.15982424315409138
3.80666248977032,3.178447776337064
1.0986122886681098,1.3360073668890788
0.0,0.24079577135860789
0.0,0.9343239982290025
2.3978952727983707,2.089684902867979
0.0,0.21819860656206672
0.0,0.23687332664074134
3.4339872044851463,3.2719852273795995
2.6390573296152584,2.847787177879909
0.0,0.2622070944859071
1.3862943611198906,1.4487086541844982
0.0,0.2010363527520189
9.169976605786628,4.44353189181926
1.3862943611198906,0.7511970190708686
4.406719247264253,4.7481643372488245
0.0,0.135365872096435
2.6390573296152584,2.530130283286324
0.0,0.1920382596745323
0.0,0.23396180633890373
0.6931471805599453,3.962218459093192
0.6931471805599453,0.22040930285143057
3.1780538303479458,2.702602749552011
6.595780513961311,5.8154459584163
2.5649493574615367,2.966472696362917
2.19722457733622,3.8060788715189404
3.4011973816621555,2.4747520630417554
2.079441541679836,2.7452554293550517
0.0,0.19910789835345563
3.1354942159291497,1.1649455837061928
0.0,3.2463771883688257
5.1647859739235145,5.900008160606094
0.0,0.20419181600047137
1.3862943611198906,0.3867183095481229
0.0,0.23189101512424706
6.1224928095143865,6.214978430585235
4.07753744390572,3.687735896814187
0.6931471805599453,0.4289374152245556
0.0,0.3344987855551599
0.0,0.828301199273005
6.884486652042782,5.682172498665592
4.04305126783455,4.76796072297321
0.6931471805599453,0.4134623417453722
3.258096538021482,3.968286430776493
4.0943445622221,3.7584333048155334
0.0,0.36275828726710363
2.5649493574615367,2.57475764853837
4.709530201312334,3.7843807615303136
7.934513463882263,8.33801917506964
0.6931471805599453,0.602504883776886
0.0,0.1927928886464985
4.23410650459726,3.8587886223280927
2.833213344056216,2.8785762777092585
3.912023005428146,4.170057335561639
3.367295829986474,3.7205340939626654
1.9459101490553128,0.936313594656199
0.0,0.25072639812789455
7.659171367666058,7.481152607521276
3.4011973816621555,3.8970306949954128
0.0,0.230793000476262
0.6931471805599453,0.32857805462405043
1.3862943611198906,0.32764601996779874
2.079441541679836,3.388749968677303
1.0986122886681098,2.0010175709406064
4.663439094112067,4.4686305308152
0.0,0.4290078835050931
3.8501476017100575,4.173757384439315
3.4657359027997265,3.3079555578714155
0.0,0.8772042721119618
2.5649493574615367,3.07655989994172
0.0,0.1915331586324387
4.060443010546419,3.8116931529745495
1.0986122886681098,0.3127126995737823
3.4657359027997265,3.6691402995584914
0.0,0.4822884234849834
0.0,0.41371650709996566
0.0,0.2915620137771236
2.19722457733622,1.6402136714125903
2.70805020110221,2.059623132227726
3.951243718581428,3.226477834013041
5.438079308923196,4.9392968059799784
0.0,0.36420154868520466
3.044522437723423,3.0664806949666543
4.382026634673881,4.1049429930344825
0.6931471805599453,1.9396312573153862
0.0,0.2133610841749706
4.574710978503383,3.987775379480754
0.0,0.2189748093226952
0.0,0.5053386431644127
0.0,0.19362049532526984
0.0,0.197208416088595
0.0,0.39350213820301144
5.676753802268282,4.83253418797369
4.0943445622221,3.8137126583049166
3.58351893845611,4.159193237349569
3.367295829986474,2.7869385016812442
0.0,0.35163250587573175
0.6931471805599453,0.386955932121382
0.0,1.6289523881084251
0.0,1.9904315039733325
2.19722457733622,1.6747964313723411
0.0,0.21435645948854476
4.143134726391533,4.979101668959942
0.0,0.6835503919450062
3.4011973816621555,3.9616302293876497
0.0,0.25172428897897103
4.23410650459726,4.502942010862952
2.079441541679836,1.6425455964914768
1.9459101490553128,2.6648434938441543
3.367295829986474,3.1697625705595467
0.0,0.10310225405363016
0.0,0.2280408642460429
0.0,0.31707541768324965
0.0,0.6994764465676647
3.258096538021482,2.2818433461663594
0.0,0.8822477494920701
0.0,0.25938015168889195
3.1780538303479458,3.138377615033265
3.5263605246161616,2.617175127861891
6.79794041297493,6.715674492066311
6.131226489483141,5.461628558682183
9.169976605786628,8.662646023384662
3.49650756146648,3.385231953098601
4.584967478670572,4.104901746254221
2.079441541679836,2.5184147969051422
0.6931471805599453,0.8996423986067443
0.0,0.16309923548153918
5.298317366548036,6.233995514655723
0.0,0.18123808999095747
2.19722457733622,2.0614447666559927
0.6931471805599453,1.3501770993795044
3.7612001156935615,3.686544953092254
0.0,0.4505762584638532
4.02535169073515,3.6709902643260066
1.0986122886681098,1.8116670792588054
2.5649493574615367,2.762007273762391
0.0,0.22525764104097543
4.8283137373023015,5.06260168391415
0.0,3.1411349033871505
0.0,0.06591070506180445
3.970291913552122,4.370742631149739
0.0,0.7195500147874733
0.0,0.1733614047351668
0.0,0.03554880873797835
2.9444389791664403,1.3735286128321647
0.0,0.46194925300252054
1.0986122886681098,0.5132553167265174
0.0,0.6643658696063717
2.833213344056216,2.167751085994281
8.44741429680832,8.84919661954136
4.990432586778736,5.408708650811916
0.0,1.051142993934562
3.1780538303479458,3.8440834085636832
3.4339872044851463,3.253813082153121
0.0,0.3326579495183106
0.0,0.1727215033991825
6.218600119691729,5.960290774159787
2.3978952727983707,1.8970281686388368
6.29156913955832,7.141321584880064
3.218875824868201,3.8103291710664338
0.0,0.19675743216150884
0.0,0.33227992639951753
0.0,0.2871479765921533
4.543294782270004,5.007334590672662
0.0,0.7080998874736328
1.6094379124341005,0.45041499374225297
1.3862943611198906,0.20916988340598092
8.881558488638976,4.660860637360204
5.262690188904886,5.62443480502493
1.3862943611198906,2.3445085258781573
0.0,0.196858733258444
0.0,0.27538695975165883
0.6931471805599453,0.6448702362822766
0.6931471805599453,2.655361252678818
0.0,0.17674074460803255
7.906915488678587,7.242966229004063
1.0986122886681098,1.1312900664581713
2.079441541679836,2.3351739874034103
1.6094379124341005,2.329912206553264
2.3978952727983707,2.351238274579364
0.6931471805599453,0.34764580819602936
4.110873864173311,3.391249946813813
0.0,0.3715894922426591
0.6931471805599453,1.558988427831508
5.332718793265369,4.88863420987616
0.0,0.19504093517720056
5.236441962829949,4.977058088255103
3.258096538021482,1.688402185475957
0.0,0.4448480917697332
3.1354942159291497,2.2299939708256984
6.498282149476434,6.474374118094104
3.912023005428146,4.551290681703556
0.0,0.21764263305498302
6.244166900663736,4.576570154695712
5.560681631015528,4.963477931645303
6.416732282512326,6.492512219080199
2.772588722239781,2.5900604520111803
0.0,0.9218557239626829
5.41164605185504,5.444495462442965
1.791759469228055,1.4210562721575946
2.079441541679836,2.04219135852623
1.9459101490553128,3.0345675227463267
2.19722457733622,2.0893757706706033
1.0986122886681098,0.5352121509872458
3.555348061489413,3.2954088634505436
0.0,0.3388881852888728
0.0,0.14382583956147726
3.610917912644224,3.185054045662857
1.3862943611198906,1.0299369691146472
3.7612001156935615,3.281285263439475
1.3862943611198906,1.5821346927461428
0.0,0.5765880699931544
4.110873864173311,4.27609209400507
0.6931471805599453,0.6633954624068485
6.102558594613569,5.7173442419231915
5.0238805208462765,5.435544866690222
2.079441541679836,0.8837372194340607
1.9459101490553128,1.8599309648099258
0.0,0.11006602263189152
1.6094379124341005,0.24391355404205814
0.0,0.1464911870598926
1.0986122886681098,1.059137373692712
3.367295829986474,3.1420419737549223
0.0,0.1616017214333064
3.58351893845611,3.2619438053546994
0.0,0.19203044967322652
0.0,0.17883920660147357
1.0986122886681098,1.6895213112110872
1.9459101490553128,2.3802021208921924
1.0986122886681098,2.9199571240770874
2.079441541679836,1.9108168572513202
4.04305126783455,3.771881008217552
0.6931471805599453,0.1945588393432528
1.3862943611198906,0.5728610598470933
1.3862943611198906,0.2586128236523182
0.0,0.41050030155005446
0.0,0.48097166970072586
0.0,0.18268027533443018
1.791759469228055,1.8053928938743808
0.0,0.30620049373654323
8.375860015299594,8.242804821533216
1.0986122886681098,1.3661550097349755
0.6931471805599453,0.21317420546843474
0.0,0.9841750667916556
0.0,1.1484404417354657
2.9444389791664403,3.627363605070168
0.0,0.31491182530137973
0.0,0.22664127728499975
0.0,0.18261022107983926
0.0,0.2435890786317578
1.0986122886681098,1.7401000166436085
2.302585092994046,1.4921973299308409
0.0,0.1853437233745268
2.772588722239781,2.2458725571529623
3.367295829986474,3.9928668151516735
0.0,0.23459880791534374
1.3862943611198906,1.6845105629153538
0.0,0.19788750616056627
3.555348061489413,2.536342274524133
5.655991810819852,4.972289920082809
0.0,0.19200143900493802
0.0,0.16296184045108864
1.0986122886681098,0.7155553157230528
1.3862943611198906,1.5211181791776656
6.419994928147142,6.0324296013907635
1.3862943611198906,2.5989270017301545
2.4849066497880004,0.39867209803519704
1.3862943611198906,1.0077331700833465
0.0,0.14942471149832504
6.326149473155099,6.031182583860053
1.3862943611198906,0.6340244986046377
0.0,0.1916962069411963
3.044522437723423,2.8405851477014257
0.0,1.6429331941978293
2.772588722239781,3.141375991339912
2.70805020110221,2.9039653693395597
5.641907070938114,4.8295583883651005
1.3862943611198906,2.539657174880356
0.0,0.09664202996168958
9.169976605786628,8.461234634999771
0.0,0.7064258103416381
2.19722457733622,1.531084181019169
3.1354942159291497,3.103397960962731
0.0,2.3468776077771456
0.0,1.5800939085893073
4.04305126783455,4.384675908324776
0.0,0.1918923023890333
1.6094379124341005,2.343086335335554
0.6931471805599453,0.2510989554085095
2.9444389791664403,2.6174547303572533
0.0,1.8792436628397962
0.6931471805599453,0.7649284942156519
0.0,0.25168451051973556
2.70805020110221,3.0666069603798194
4.3694478524670215,3.9540377275764618
0.0,0.5028267900766126
3.555348061489413,3.789257286826203
1.0986122886681098,2.035872468717545
0.6931471805599453,1.0753903522071815
0.6931471805599453,1.8720532456039953
1.791759469228055,1.5430270850243182
1.0986122886681098,1.93487867129541
0.0,0.6771501752448863
3.1780538303479458,3.0872009111617094
1.791759469228055,2.490272523635809
7.042286171939743,6.291771293048079
1.0986122886681098,2.173594244387267
5.840641657373398,7.792513466394933
4.663439094112067,3.9611413837430396
3.555348061489413,4.231156149624244
5.717027701406222,4.628829841864465
5.846438775057725,5.967030157402268
1.6094379124341005,1.0843702809368596
3.8501476017100575,3.9613523232596637
0.0,0.34828354492253755
9.076237387452702,8.085676464797775
0.0,0.23167689159345858
0.0,0.24312803141492412
0.0,0.7920766819707957
1.3862943611198906,1.5773543863181134
3.58351893845611,4.069664753516646
0.6931471805599453,1.264879490528193
0.0,0.19737593888707372
5.153291594497779,4.841619031780116
0.0,0.2287601359420596
0.0,0.15691334797369635
1.0986122886681098,0.4533187691968324
1.6094379124341005,1.966059687607037
0.6931471805599453,0.4228830024043637
6.306275286948016,5.848499669059939
2.70805020110221,2.887520446151978
4.844187086458591,5.121392262697694
5.093750200806762,5.14716630526655
1.0986122886681098,0.42448636510632765
1.0986122886681098,1.7868800580725002
1.6094379124341005,1.5265347532091431
4.418840607796598,5.17021612715581
7.374001859350161,7.69687974693247
0.0,0.23390799851519944
0.0,0.5251898568993837
0.0,0.2845390548459201
1.0986122886681098,2.2103793801863185
0.0,0.20700785824356036
0.0,0.740856387967821
7.868636894184167,8.568908391452899
2.6390573296152584,2.211651177618041
0.0,0.28160232724142625
3.80666248977032,3.866438814098739
2.3978952727983707,3.458350896133089
7.518607216815252,8.548476853941917
1.3862943611198906,1.5976614113944536
5.030437921392435,4.052926408211363
3.1780538303479458,3.6859241928888333
2.4849066497880004,2.8556709598255727
0.6931471805599453,0.8755503085441189
0.0,0.7104476468983708
3.737669618283368,3.6322493202815163
3.1780538303479458,0.7463985012606372
2.9444389791664403,3.1448686009059292
4.68213122712422,4.288156830417441
7.888709524182015,6.902857424523876
0.0,0.21876531411491415
0.0,0.2898816020881613
3.4339872044851463,4.863913442795329
3.1780538303479458,4.505883400300956
1.0986122886681098,1.39157367885941
1.6094379124341005,2.557161376941176
0.6931471805599453,1.032286195663594
4.574710978503383,4.835716414179499
0.6931471805599453,0.45171396667219177
3.091042453358316,3.3227029574520186
4.23410650459726,3.5270699940453034
1.0986122886681098,1.0074118442090847
3.7612001156935615,5.111806537844536
1.0986122886681098,0.2330179568837024
6.190315405853148,6.278676299535721
2.19722457733622,1.8918182789404117
0.0,0.24358853277522727
0.0,0.1935171306681429
0.0,0.18576102790463278
7.107425474110705,6.961005792736058
0.0,0.19598249929036538
4.219507705176107,4.536197105609052
2.833213344056216,3.4941446185968528
2.6390573296152584,1.8847153002189734
1.3862943611198906,2.18202374489677
6.0867747269123065,6.135636945852221
1.0986122886681098,1.6308049639665563
0.0,0.2544171042025878
1.0986122886681098,1.5308863913472504
2.5649493574615367,2.9214028109789445
3.218875824868201,3.24107178126623
7.500529485395295,4.77618106297449
5.575949103146316,5.568096908923301
1.9459101490553128,1.9355349775511215
0.0,0.18290811459177445
0.0,0.17627050672282896
0.0,0.16572228284524015
5.666426688112432,4.428799673711118
4.882801922586371,3.9835906524622153
4.23410650459726,3.9400240684614842
3.80666248977032,4.223837049689931
2.5649493574615367,1.9970338375948835
5.746203190540153,8.121169017947224
0.6931471805599453,1.5224925960909572
0.0,0.12026317379285244
0.0,0.256611172550572
7.068172000388042,7.155483981070798
5.003946305945459,4.1421658124210285
3.610917912644224,3.8618718833213674
1.6094379124341005,0.7410990566006072
4.394449154672439,3.4491968794669208
0.0,0.42460309368938304
3.091042453358316,3.5193292249764134
1.0986122886681098,1.523559585589985
1.0986122886681098,0.40295389218927236
0.6931471805599453,0.9013807866834914
2.19722457733622,2.0693494563985007
0.0,0.4196352519390373
5.0369526024136295,4.15271292413984
3.4657359027997265,3.584894856326138
0.0,1.8542565491433607
0.0,0.318667300099798
4.532599493153256,5.018053896013259
4.02535169073515,4.291672968167104
0.0,0.15984531814936095
0.6931471805599453,1.3271905755864455
1.0986122886681098,0.1030260471804349
2.3978952727983707,2.1521496259657114
0.0,0.1720365390859422
5.948034989180646,5.841131335932964
0.0,0.22788237860211596
0.0,0.1949900153442164
0.0,0.7941185756498925
0.0,0.25461047947717536
2.079441541679836,3.2025716771504165
0.6931471805599453,1.0155194975441273
0.0,0.2844560040036253
0.0,0.2633798494173438
0.0,0.16582056583362428
0.0,0.228774360451706
0.0,0.18035806963700704
0.6931471805599453,0.24373620474492444
7.408530566894626,6.983578974714362
0.6931471805599453,0.29306930076675536
5.402677381872279,5.144556502064821
4.584967478670572,4.1038535881334255
1.9459101490553128,1.8686221924230235
2.3978952727983707,2.522314194426268
0.0,0.16681349456493125
0.0,0.7411693370889684
5.613128106388071,5.922198061011468
7.620214770574455,7.354353450131834
3.6635616461296463,3.5658467213100478
0.0,0.216581096880138
3.044522437723423,1.4997011916796457
6.86484777797086,7.377307507965017
4.276666119016055,2.9606834437340717
2.19722457733622,3.1242955400385686
0.0,0.1924897588039656
2.6390573296152584,2.3535364487462225
1.9459101490553128,1.712714467484309
1.6094379124341005,2.158123343746549
0.0,0.09643792215851543
7.60887062919126,7.3072811205261665
7.004881989712859,4.5296682114602955
7.80954132465341,7.03661615606256
2.3978952727983707,2.7630411614544372
4.04305126783455,3.4386243761211728
6.023447592961033,6.515325570890347
4.204692619390966,1.3705779598575414
1.9459101490553128,2.2881554673739455
0.6931471805599453,0.3927601201284378
0.0,0.9541059503736644
3.6635616461296463,3.7346013171439614
3.295836866004329,2.500231237181092
3.871201010907891,4.139849341609286
0.0,0.31608179237285844
1.3862943611198906,0.7746270873130441
0.6931471805599453,2.2117477780587493
5.849324779946859,4.754927336967252
0.0,0.2168285344856895
9.013838751608397,7.928323921799072
0.0,0.3765052862266652
0.6931471805599453,0.643049834797189
2.302585092994046,1.4283654649403925
0.6931471805599453,0.7704128911686234
6.90975328164481,6.723795780348584
0.6931471805599453,1.9512280132749062
1.9459101490553128,0.6790172288726721
1.6094379124341005,2.839592893452952
0.0,0.1802942836951471
3.713572066704308,4.13824697659775
2.772588722239781,2.820219923313318
6.008813185442595,6.020395837504656
8.855805992536562,8.196372924378082
0.0,0.18623301697279682
1.6094379124341005,2.814010725804589
4.290459441148391,4.26181797086037
2.079441541679836,2.8444372363552386
4.770684624465665,3.9547136701182457
5.1647859739235145,5.889857778071533
0.0,0.47108886028166264
1.6094379124341005,2.635351893071475
9.169976605786628,8.406483119316551
0.0,0.10386621261959555
8.244071270295786,7.40455489796461
1.3862943611198906,1.0753670147597438
2.995732273553991,3.1390582231924644
1.0986122886681098,1.5078079735172931
3.6375861597263857,3.622726510898822
4.574710978503383,4.868088296687126
1.6094379124341005,1.915821598961343
5.332718793265369,4.419303401948092
5.298317366548036,4.84078636929742
0.6931471805599453,0.7200501197076441
2.833213344056216,3.1480358070628034
4.68213122712422,4.022428382680342
0.0,0.21141532604766627
4.6443908991413725,4.371776482081107
0.6931471805599453,0.8596739717077685
1.3862943611198906,1.6652077126419547
1.6094379124341005,2.1411604574646326
0.0,0.44949727639151804
1.0986122886681098,0.3643370038995537
0.0,0.19248054879483978
0.6931471805599453,0.5660169295774303
6.253828811575473,5.863284141283567
0.6931471805599453,2.0541230191677586
1.6094379124341005,1.6032999701784476
0.0,0.2904430386000713
9.169976605786628,7.1605874923041455
1.3862943611198906,0.7802099566792624
4.31748811353631,4.375005421052582
0.0,0.18631154957546173
7.3938782901077555,7.755438181449553
3.332204510175204,2.683772071558385
0.0,2.3295615098298743
0.0,1.6045351450370988
0.0,0.20577951246345552
0.6931471805599453,2.0427635783981755
4.330733340286331,5.852811494149182
1.3862943611198906,0.3693715385239313
4.454347296253507,3.9563616360621094
0.0,0.1991228007757866
4.007333185232471,3.277638630698933
0.6931471805599453,0.2668374940505027
4.934473933130692,5.220890613595204
1.0986122886681098,0.22401868131137997
0.0,0.17635561452655552
0.0,0.14903586892329712
0.0,0.18321259588564204
1.9459101490553128,2.2074918397030117
0.0,0.3384287264430797
4.143134726391533,4.281335331856885
0.0,0.44116957544100177
4.31748811353631,3.146169816021954
1.791759469228055,2.476106748746364
5.187385805840755,4.327325334693553
1.6094379124341005,1.4090241421224998
0.0,0.2984941684293046
2.19722457733622,1.986579303693343
5.068904202220232,5.067010600324049
5.247024072160486,5.636317141361387
0.0,0.8334559964726772
2.079441541679836,2.1115959604327297
1.6094379124341005,2.4336198166559946
0.0,0.19993235336100823
0.0,0.2687303580545181
2.6390573296152584,1.7985808575402045
6.77078942390898,7.042780549474675
0.0,0.13192062302863478
0.0,0.14986966988971828
3.5263605246161616,3.4143780875408325
6.100318952020064,8.632201218821713
0.0,0.1506543206562584
0.0,0.18565414981489448
2.302585092994046,2.9954602160249193
3.1354942159291497,2.071073107361084
8.448271745949816,9.013425600975122
3.6375861597263857,3.6396574634186103
0.0,0.19983901133140514
0.0,0.23039139113907622
2.9444389791664403,2.2351600462945287
4.969813299576001,5.604537067470686
0.6931471805599453,1.6697549479312133
0.0,0.8927677489184206
0.0,0.18507574783573866
1.0986122886681098,1.8904981677806831
0.0,0.33873571786340173
2.302585092994046,2.506313637600444
1.6094379124341005,3.2725965483796986
2.6390573296152584,2.685134440500246
5.468060141135132,5.8228974807527205
0.0,0.6720927217977501
3.258096538021482,3.387111552876492
0.0,0.16262895373521427
2.4849066497880004,1.6051145939861662
2.19722457733622,2.841685841456234
4.990432586778736,5.141376640195645
7.110696122978827,7.4639158050770416
0.6931471805599453,1.5248835082939536
3.367295829986474,3.47082743741026
5.823045895483019,6.00733515776631
3.8918202981106265,4.368591845334142
0.0,0.20426456426437103
4.442651256490317,3.6866940382909092
5.3471075307174685,4.44461336864843
1.0986122886681098,1.3587165078517058
3.9889840465642745,4.508543872439568
1.0986122886681098,1.452088877127548
4.762173934797756,5.9847144375482655
1.0986122886681098,1.4510620415465516
3.8501476017100575,2.9107903090093785
1.6094379124341005,0.39489201449726247
7.602401335665818,8.199269916825752
0.6931471805599453,0.4573381435254214
0.6931471805599453,0.1858909701344442
4.248495242049359,4.570632009034362
0.0,0.3302572057802049
9.169976605786628,8.279664268296203
6.983789965258135,6.699287029734501
1.791759469228055,2.405676348818695
3.1354942159291497,2.8165114918727037
6.804614520062624,6.875845948195892
4.07753744390572,4.026805648996164
2.3978952727983707,3.276718548629957
0.0,0.16502410462915917
2.70805020110221,2.1653176406521473
3.871201010907891,4.201491176323386
0.0,0.24469706156478002
3.688879454113936,3.165509623240536
0.0,0.8094419895136477
0.6931471805599453,0.38919081385098275
0.0,0.7316317205903405
5.231108616854587,5.409871894924989
0.0,0.19282248286149425
0.0,0.16698326484766068
0.0,0.4947004179915316
7.436617265234227,7.531360020887573
0.0,0.22158628421297466
8.575462099540212,5.0451237695881765
3.7612001156935615,4.5264428230481
5.010635294096256,3.72620373174105
5.056245805348308,4.992549606100946
4.77912349311153,4.158275820305761
3.367295829986474,3.219394085889639
1.3862943611198906,0.3297133633392654
0.0,0.16273598226625785
6.263398262591624,6.336125395338152
0.6931471805599453,0.21265793637296249
0.0,0.44846549978907313
1.6094379124341005,3.140199385575473
0.0,0.4684605353440363
0.0,0.1892238149535923
0.6931471805599453,1.663017918448697
0.0,0.25506819233946376
1.3862943611198906,2.229893303557699
0.0,0.15001707555460206
1.0986122886681098,1.8607972489628637
4.836281906951478,4.679775588970736
5.993961427306569,5.749144270294835
0.0,0.19597784084791334
6.082218910376446,6.042262339475699
2.772588722239781,2.6200842952860155
0.6931471805599453,0.3201795222866296
0.0,0.18126529565552252
3.713572066704308,3.2303850719503044
2.70805020110221,2.565757979701769
0.0,0.2717182270031361
2.772588722239781,3.4078210961167414
0.0,0.20655236866501767
1.6094379124341005,1.8619094707122836
9.169976605786628,4.752430036587377
4.143134726391533,4.975213533666873
0.0,0.18426690496751488
5.575949103146316,6.034641380009779
2.079441541679836,1.8581667870299559
0.0,0.15595469108234136
1.0986122886681098,2.7916964943169615
3.1354942159291497,3.719839093827175
0.0,0.4356397339930986
5.556828061699537,4.509890256280631
0.6931471805599453,2.0889054866321275
1.0986122886681098,2.337211698730028
3.1354942159291497,2.3746050311441094
3.258096538021482,3.3747744044487047
6.481577129276431,5.524394648997657
1.3862943611198906,0.8939594561972322
0.0,0.17657316749200105
2.079441541679836,2.790064127695844
0.0,1.3093427204882393
5.673323267171493,4.845493572707742
0.0,0.17586014384132825
1.0986122886681098,1.8302763081543916
0.6931471805599453,0.2007434295176303
5.560681631015528,5.556006207184519
0.0,0.19993235336100823
4.007333185232471,3.106187665213838
0.6931471805599453,1.3716805494643018
4.343805421853684,4.126099955008891
1.0986122886681098,0.32741671578071385
1.3862943611198906,0.4925330030147694
0.6931471805599453,0.3568459987842876
0.6931471805599453,1.7823874556397565
4.04305126783455,3.94645057815797
0.0,1.1153458675516463
0.6931471805599453,0.4153631635601295
1.3862943611198906,1.3324168309261937
2.302585092994046,2.908246034007193
1.6094379124341005,2.1982912915803428
0.0,0.8477956560352635
4.624972813284271,4.219569613412161
0.6931471805599453,0.23989449036383104
0.0,2.8219853935211945
1.9459101490553128,2.4533137654111368
2.302585092994046,2.610723858106018
4.007333185232471,3.307805005473067
6.257667587882639,5.7531222468920555
2.6390573296152584,2.450826418899734
0.0,0.29271916665658554
0.6931471805599453,0.3293361890670643
0.0,0.1818102363690477
0.6931471805599453,0.6329498677725719
7.180069874302796,7.697344252642541
4.30406509320417,4.410745192076752
0.0,0.18220663933943576
6.16541785423142,5.987393906577651
3.258096538021482,3.19842425113412
1.6094379124341005,1.2156923097498011
1.9459101490553128,1.6678860504806177
6.171700597410915,6.5506777863849965
1.3862943611198906,1.5306762022044058
1.0986122886681098,2.294953779310437
3.295836866004329,3.4330850809782176
0.6931471805599453,0.2635362362027524
0.0,0.29485104384110855
7.116394144093465,7.5995579238323625
0.0,0.34778563254334655
0.6931471805599453,0.22355431927333466
3.5263605246161616,4.209324551009237
1.6094379124341005,1.6718819128945845
2.6390573296152584,2.1087169718500385
1.6094379124341005,1.8512556612378777
2.079441541679836,2.8270020766775317
0.0,0.27995182537315666
1.9459101490553128,0.6203762129455507
1.3862943611198906,1.9399703249331026
0.0,0.7929612063594719
1.6094379124341005,2.136759027564238
5.583496308781699,5.787493829701309
5.525452939131784,5.829589343253049
0.6931471805599453,1.036263588461834
0.6931471805599453,0.963909647070964
2.3978952727983707,1.9915518082308712
1.0986122886681098,0.2314375717107102
6.759255270663693,6.098024269432127
3.367295829986474,3.5153010924990697
0.6931471805599453,1.2578115213536745
0.0,0.27961983226469367
1.3862943611198906,2.674666552289945
5.556828061699537,5.400718305587108
0.0,0.2125150674952251
2.995732273553991,2.828081036536627
5.14166355650266,4.871968048134
2.772588722239781,0.9302665792585727
0.0,1.0209284219097643
2.302585092994046,2.7962900101094
0.0,0.9297191482971578
0.0,2.595242024197415
2.70805020110221,2.2909874828764423
0.0,0.1348033990306924
0.0,0.16750774027871002
1.9459101490553128,1.5581297509363137
1.0986122886681098,1.3251205106735267
3.295836866004329,2.0327133519605205
0.0,0.16099361289386052
5.135798437050262,5.9103652422795
2.19722457733622,3.4461150085492482
0.6931471805599453,0.3195677371561467
3.4657359027997265,3.8281356000882165
0.0,0.16688743336098602
0.0,0.4407508508000395
6.602587892189336,5.677961590646747
1.0986122886681098,1.7520843610748265
0.0,0.18543460153971014
0.0,0.30080643293099857
3.044522437723423,3.3768119919192627
1.791759469228055,2.8860402228012916
0.0,0.2943026526540074
0.6931471805599453,1.7163493180306344
2.5649493574615367,1.4083169930403343
3.8918202981106265,4.389868339208049
1.0986122886681098,1.1412813936729127
0.0,2.343048104803002
3.58351893845611,3.959570729821059
2.772588722239781,2.166707133014259
0.0,0.17563214503950786
1.9459101490553128,1.992664952871277
0.0,0.2615778756045518
1.0986122886681098,0.7355913920721742
4.532599493153256,4.370782593943595
5.087596335232384,4.489654913408576
6.813444599510896,5.556412946738516
0.6931471805599453,0.4807305609291029
1.3862943611198906,1.885049848438427
2.079441541679836,1.0987776090436854
0.0,0.30285656505690367
1.3862943611198906,1.6589523251433098
2.4849066497880004,2.408725081924414
7.045776576879511,7.8470847031265265
3.737669618283368,4.42942739823603
0.0,0.6188979063761534
4.3694478524670215,4.926498333685603
5.375278407684165,6.113053928937105
0.0,1.4312997572415007
1.0986122886681098,2.7432057301104513
0.0,0.21294715158625166
2.5649493574615367,3.134632959339979
4.3694478524670215,4.365753982362697
0.6931471805599453,2.1644241628782153
1.0986122886681098,1.0675133722781711
1.0986122886681098,1.5901668646777531
1.6094379124341005,3.7362507937075535
1.791759469228055,2.513978533143216
7.597897950521784,7.387632450494747
0.0,0.27015353635354
1.3862943611198906,0.808252493466935
1.0986122886681098,1.714240370084136
3.091042453358316,3.675789055194434
1.9459101490553128,2.581404198756029
1.6094379124341005,1.6581778126528302
7.906915488678587,6.890918388474114
0.0,4.367749862323775
2.302585092994046,1.6143439234466528
0.0,0.11330624950472935
2.70805020110221,2.874018416179105
2.302585092994046,1.7638504311722618
3.4657359027997265,3.0145055494184185
4.624972813284271,3.987648839562493
4.007333185232471,3.806267058829532
0.0,0.2511616674564286
3.9889840465642745,4.381612549720611
0.0,0.5105492565739068
3.737669618283368,3.4100883186688966
1.0986122886681098,1.3272720416715147
0.0,0.3347253386622074
0.0,0.19192757408126915
3.258096538021482,3.4159521898080896
2.4849066497880004,2.518005630014934
0.0,0.19993235336100823
2.995732273553991,3.362618011490062
0.0,0.23208328989397428
1.791759469228055,0.643561456165597
5.153291594497779,4.5014598241399595
8.77770959579525,6.444648470505242
0.0,0.9838335858655352
0.0,0.1998728143113282
0.0,0.3273574541056161
0.0,1.0677268013488574
0.6931471805599453,1.3286865223817381
0.6931471805599453,1.3810878257830048
2.9444389791664403,3.0539094887346487
0.0,0.21638727923233234
2.079441541679836,2.171677531069107
2.8903717578961645,2.6654838489712755
0.0,0.47012156544831873
1.9459101490553128,0.22827944872890885
1.0986122886681098,0.4049518510338681
0.0,0.5266425469376409
0.0,0.16715822859412946
1.6094379124341005,0.3839741821583132
2.70805020110221,2.0754195050150015
0.0,0.8120552871031057
0.0,0.2047936440405314
4.499809670330265,3.883755716582723
0.6931471805599453,1.6107616190335916
0.0,0.23953250643797724
3.044522437723423,1.4520276695556302
1.3862943611198906,0.8067801332068024
0.0,0.29495358218586304
4.477336814478207,3.191285415348089
0.0,0.23278906079505518
9.169976605786628,8.737525469007732
3.218875824868201,1.68693134063219
1.0986122886681098,1.4700446770800137
0.0,0.2894850997964481
3.970291913552122,4.626667082035895
0.6931471805599453,1.876974948285306
1.6094379124341005,1.3416041677580455
3.332204510175204,2.680907576410137
5.921578419643816,6.378154878033948
0.0,0.2859312376056387
0.0,0.2819795425672349
1.6094379124341005,3.046407443885553
0.6931471805599453,0.4011970118689128
1.0986122886681098,1.5406408624438916
0.0,0.20745183387074068
0.0,1.984126188404729
4.276666119016055,4.739133277279518
0.6931471805599453,0.6768099094019473
0.0,0.22239690552996966
3.4339872044851463,3.3905607459384197
6.8966943316227125,7.463066840865196
3.9318256327243257,4.085755799133044
6.333279628139691,7.024688436413776
5.926926025970411,5.537951582188741
2.19722457733622,1.4941873412773643
0.0,0.1923539241556751
3.58351893845611,3.1946624166176645
0.0,0.32820066041297896
0.6931471805599453,1.3898124556032811
0.0,0.5134075071115587
0.0,0.21028615886008167
5.733341276897746,6.532837864419
1.0986122886681098,1.619354410055885
0.0,0.17840355698898874
0.0,0.6296534454005541
0.0,0.2994305455214956
6.7580945044277305,5.9612633410017315
0.6931471805599453,0.337141912529848
0.0,0.10564124553458695
1.0986122886681098,1.4551204610338029
2.772588722239781,2.694642726473324
0.0,1.4693165679337679
5.187385805840755,5.709915809758723
2.5649493574615367,2.060777562128489
2.302585092994046,0.31995165761670147
2.5649493574615367,2.6084630543266485
0.0,0.46851583039041733
5.081404364984463,4.846829722302603
3.871201010907891,4.196050881638264
1.791759469228055,2.6719305093722
3.7612001156935615,3.460459018407516
4.31748811353631,5.247146344159206
0.6931471805599453,1.0961598413267049
8.32093496888341,8.064962134313777
1.3862943611198906,0.20923889588171488
2.302585092994046,3.028656769220022
0.0,0.6443533584769648
4.30406509320417,3.8128744542034143
0.6931471805599453,1.2580399524259633
0.0,0.43311597237989674
0.0,0.20273129914363075
2.9444389791664403,2.5007133259446856
3.218875824868201,2.7157500193325808
0.0,0.2762531329833378
1.6094379124341005,1.3551470134301016
0.0,0.20029519395393258
0.6931471805599453,2.4399059276126316
3.951243718581428,4.0559271276833115
1.791759469228055,1.0776287180636264
1.6094379124341005,1.9235915118576994
8.126222529458525,7.984622358842619
0.0,0.22955303655172676
1.3862943611198906,1.6336795208085138
0.0,0.22514062016441777
5.204006687076795,5.871111416380508
3.828641396489095,3.5061671744973206
0.6931471805599453,0.4985593633103207
3.8918202981106265,4.2764178882471455
2.833213344056216,2.3504149242332435
1.6094379124341005,1.7644920463442777
1.6094379124341005,1.7747493077893506
1.3862943611198906,0.19603061922892615
7.020190708311925,6.282601006996681
4.709530201312334,4.7558650172892305
3.9318256327243257,4.100981277544437
7.7501841622578365,7.708710140339818
2.302585092994046,1.9248504951778511
2.772588722239781,3.718812270579096
2.833213344056216,1.920610375629865
0.6931471805599453,1.8202504897966125
7.425357887027151,7.114200050423866
0.6931471805599453,0.19962053245268793
3.80666248977032,3.058242069987438
1.0986122886681098,1.6274952173729176
0.6931471805599453,0.24865891301615
0.0,0.331448444371592
0.6931471805599453,0.24844472025551328
1.3862943611198906,0.39951532871098555
0.6931471805599453,0.2564094966750881
1.6094379124341005,0.47764770967612563
0.6931471805599453,0.3627206102012072
4.248495242049359,3.3641126946189304
0.0,0.6120516869483985
1.0986122886681098,1.33019962492689
3.49650756146648,3.6652087157533297
1.6094379124341005,0.48326013645159405
2.302585092994046,1.5327281580247125
1.0986122886681098,0.3943051169962287
4.290459441148391,4.38947997558686
0.6931471805599453,1.269249862821034
1.0986122886681098,1.632378760125717
4.158883083359672,3.818304016134281
8.570165076182343,3.8392798351063315
7.018401799069201,6.514045159612529
0.0,0.25166570510796454
0.0,0.14344524705946576
2.3978952727983707,1.627307004551304
9.169976605786628,4.430235852587913
1.791759469228055,3.1688608875352573
2.19722457733622,2.8534566776598793
1.6094379124341005,2.5484473136732873
5.968707559985366,5.766850667196372
1.791759469228055,1.8705499305213136
0.0,2.805011810600944
2.302585092994046,2.6170053686542967
1.791759469228055,2.0433770744674815
0.0,0.22645612103314802
3.4011973816621555,4.215953463103625
1.0986122886681098,1.1621925419256471
0.0,0.16218803188717704
0.0,0.3817357224756665
2.302585092994046,0.35979935509138844
1.6094379124341005,2.158161110582434
0.0,0.15801471831634273
4.143134726391533,4.77021042641914
1.6094379124341005,2.360143348820268
2.079441541679836,1.8473815935529332
3.688879454113936,3.102301413836273
3.1780538303479458,2.9430509164576075
2.8903717578961645,3.56035272006459
4.962844630259907,5.070722935635403
2.302585092994046,2.634759574268704
8.449128460502108,8.147830416798003
0.0,0.1999605043903021
1.3862943611198906,2.357341747838857
3.610917912644224,2.6704146921086704
7.407924322559599,5.8730580409524356
0.0,2.002434566915484
3.332204510175204,3.4493490957792674
0.0,0.5415176466989658
0.6931471805599453,1.7042126272303273
1.3862943611198906,0.4821286075891788
2.302585092994046,2.590969909549747
7.554334823725748,7.528457003805884
2.4849066497880004,2.1207379885959114
1.6094379124341005,3.238361270929279
0.0,0.8334396383425224
0.6931471805599453,0.35659830458423963
8.575650760987806,8.835989622693152
5.700443573390687,5.1918952454182135
2.079441541679836,2.8510004640728974
1.3862943611198906,0.2876374860012376
3.367295829986474,3.366985678895776
4.718498871295094,4.6864274699236335
7.655864017616056,5.629790686084973
2.833213344056216,2.4761911103775875
0.6931471805599453,1.3279403467618571
0.0,0.5799650928792247
1.6094379124341005,1.8994661260019037
3.091042453358316,3.448766163265461
0.0,0.23011188523222442
1.6094379124341005,2.337569874404999
1.0986122886681098,1.3773731486615035
0.6931471805599453,0.4984909529373842
0.0,0.14357091729509244
4.07753744390572,4.319063001973418
5.356586274672012,5.874413406869432
5.0369526024136295,5.331662794832216
0.0,0.5622968148147343
0.0,0.5445373974345157
2.833213344056216,2.1252945247987505
5.438079308923196,6.396987892375466
0.6931471805599453,0.24068894948799813
5.87493073085203,6.220066752341936
5.762051382780177,5.888640073323562
3.970291913552122,4.882353438765819
2.5649493574615367,3.170020254151558
6.333279628139691,6.141749248687484
0.6931471805599453,0.9900261837407991
0.0,2.550170148820623
