quantity_sold_ground_truth,quantity_sold_predicted
3.218875824868201,3.011080618173547
0.0,0.2006645893140522
1.791759469228055,3.1139213663924887
3.4657359027997265,3.684816710174522
0.0,0.3887268413263076
6.156978985585555,5.9652774154443104
3.1354942159291497,2.897294999442038
0.0,0.26189777117402024
0.0,0.19454756943157542
3.5263605246161616,3.7646622755450934
0.6931471805599453,2.3156052786922783
3.1780538303479458,3.963175149891702
0.6931471805599453,1.9898004665504694
0.0,0.37695747764777454
3.58351893845611,3.6012694845961555
0.0,0.21277200276955827
7.106606137727303,6.465799158931072
1.6094379124341005,0.19122792942019837
3.7612001156935615,3.470186619677761
0.0,0.3643370533303694
0.0,0.2729409338759432
2.302585092994046,1.1128376474664028
6.92951677076365,6.845948569194998
2.5649493574615367,2.6562491854575474
9.169976605786628,8.709630001390112
9.169976605786628,7.393260014831211
0.0,0.199207920017039
0.6931471805599453,0.4686905283170245
0.0,0.20112657981396742
0.0,0.9432022069819758
0.0,0.25672270099562355
4.110873864173311,3.7370264533556323
0.6931471805599453,1.5252980477796112
0.0,0.2752246345331001
3.332204510175204,3.3173128135098353
2.079441541679836,1.3516671290729891
3.9318256327243257,4.145032934126527
2.5649493574615367,4.330696261619927
4.07753744390572,4.0239915929855785
0.6931471805599453,1.0967053484990512
0.0,0.481215780085197
0.6931471805599453,0.14516945267542877
1.791759469228055,1.2162030657441234
4.727387818712341,4.27724294569546
7.538494999413465,6.983258257148524
2.6390573296152584,2.085041078583666
1.3862943611198906,0.4486374023473499
1.3862943611198906,0.2974824783688304
0.0,1.362970601809795
0.0,0.2879664698468836
0.0,0.18493377392931942
6.16541785423142,6.484341650727579
6.8001700683022,7.213088060665784
0.0,0.14131503301230497
9.169976605786628,8.06422087286791
4.394449154672439,4.72644029479862
5.062595033026967,5.0481464893094605
0.0,0.7943494414387694
1.3862943611198906,1.9852647360674907
2.19722457733622,1.844369238568041
5.7745515455444085,5.188079204487548
1.0986122886681098,2.2171939708575197
0.0,0.1991696517413195
0.0,0.3750992183466011
0.0,0.18873356202281863
3.4011973816621555,3.216133056334921
7.797291273547472,7.96705708498745
0.0,1.552189315602057
4.3694478524670215,4.49957554722211
0.0,0.30824537402294694
5.356586274672012,5.600405667230873
5.484796933490655,5.4199253860420455
4.882801922586371,5.001174893459956
3.332204510175204,3.1167268261147463
1.9459101490553128,1.7432632153344227
3.218875824868201,3.186570795755068
0.6931471805599453,0.6643879527835387
0.0,0.19790404454545224
1.9459101490553128,3.723183092197697
2.302585092994046,2.427794831101186
0.6931471805599453,0.6163353775021247
6.943122422819428,6.961504044581926
5.3230099791384085,6.010567643422027
0.6931471805599453,0.8490073064935775
0.6931471805599453,1.4147630097134913
5.068904202220232,4.8407554533309245
5.950642552587727,6.023212685909371
5.327876168789581,5.309322339211635
2.8903717578961645,1.887857101573044
0.0,0.2369440617975572
1.791759469228055,1.4452808331744884
2.19722457733622,1.6821086639944076
9.169976605786628,10.243348154880273
2.9444389791664403,2.5281786773544495
0.0,0.21851538983020163
0.0,3.647446513438682
4.74493212836325,3.0916719623029523
2.6390573296152584,3.3864128590080065
2.833213344056216,2.294008032825184
3.4657359027997265,2.7852076897337295
2.3978952727983707,2.4603973551406626
1.9459101490553128,1.347184304664856
3.5263605246161616,3.3244209457680225
2.4849066497880004,0.6369778427271143
6.2166061010848646,5.7614827112655655
0.0,0.1759266136444195
3.871201010907891,4.578375012275395
1.3862943611198906,1.6016977284372842
3.912023005428146,4.867597828636264
0.6931471805599453,0.4177250241227005
2.079441541679836,1.0754558980770896
4.3694478524670215,4.605307879493344
0.0,0.4474850877009699
4.74493212836325,4.84799940899309
2.3978952727983707,0.25151130456873805
1.791759469228055,1.8339209042029387
0.6931471805599453,1.2882778683372442
1.6094379124341005,1.2785465917555563
3.555348061489413,3.2375591858511386
0.0,0.26747469277597324
0.0,0.31681934951569646
6.137727054086234,7.005373494612928
1.3862943611198906,2.4641883262570623
2.5649493574615367,3.034791743334205
2.8903717578961645,2.6571255937817377
0.6931471805599453,0.45125895189821613
0.0,0.18231409696353754
5.075173815233827,5.48926603212644
0.0,0.20669337576437488
0.6931471805599453,2.253727244509133
2.772588722239781,2.1722192425773033
0.6931471805599453,0.5241235683029063
1.6094379124341005,1.5369135121192758
2.8903717578961645,3.2261319200776124
0.0,0.6116963967765852
0.0,0.23697262483738055
1.0986122886681098,0.3425471375363106
3.610917912644224,2.0984132957751314
4.143134726391533,3.8597139338411557
0.0,0.15734954212142235
0.0,0.6129447137702906
1.0986122886681098,0.9128030456864967
0.0,0.06915438619730596
4.672828834461906,5.29510638196689
1.791759469228055,1.755123066189037
4.060443010546419,4.233120942628561
0.6931471805599453,2.6664636425718045
6.173786103901937,4.625067275025702
3.4011973816621555,3.5071709577092998
0.0,1.138315291601685
4.820281565605037,3.9874917228360967
1.0986122886681098,1.322247042522403
0.0,0.22358852818144956
6.049733455231958,6.011003661963545
0.0,1.3202892650070692
1.6094379124341005,2.6428126446663893
0.0,1.5162528973393972
0.0,0.2925332450969815
5.0238805208462765,5.101068823072156
1.791759469228055,2.0212222209820667
0.0,0.25530102217113787
0.6931471805599453,0.5467022553836552
3.295836866004329,4.348015547729775
0.0,0.15484965136302387
2.5649493574615367,2.1032039129588003
0.0,0.20128242569665655
0.0,0.5856546608677697
0.0,1.1119871937070038
5.771441123130016,6.126303216975791
0.0,0.3606449454814731
1.3862943611198906,1.193208165246934
3.80666248977032,3.8572813864874402
1.6094379124341005,1.861494542953004
1.0986122886681098,2.864175631310052
2.3978952727983707,2.1930564665636
3.1354942159291497,3.659587409434292
0.0,0.22751692514034702
0.6931471805599453,1.4441260902348396
0.0,0.1613379683458216
5.278114659230517,5.410300261540441
0.0,0.19384535841071582
1.3862943611198906,1.4642790683634912
0.0,0.5566836162592231
3.555348061489413,1.7047011703607413
1.9459101490553128,2.071110249048982
3.4657359027997265,3.530252385390897
1.3862943611198906,1.8204288707842975
2.19722457733622,1.495103352875723
0.0,0.7972270930698478
1.3862943611198906,0.5438942396439016
3.218875824868201,3.829584523230551
2.19722457733622,2.6220631873048887
2.8903717578961645,3.314703305279706
0.0,0.36088458211093555
2.079441541679836,2.961738415546578
4.7535901911063645,4.536444844820426
0.0,0.2565842803861424
0.0,0.28604338329305606
3.091042453358316,2.969473607765606
2.772588722239781,3.3620711577963514
4.663439094112067,3.5821330313845983
0.0,0.18838008791461533
3.871201010907891,2.26320510238101
4.962844630259907,5.131980556568412
1.791759469228055,2.217378621768476
2.19722457733622,2.443517936350949
0.6931471805599453,0.20298205026779245
4.68213122712422,4.127364245830273
0.6931471805599453,0.20276518400804677
3.6635616461296463,3.148451941830094
2.079441541679836,2.9404701687532095
0.0,0.27968574612360575
1.3862943611198906,1.5006161658887216
0.0,0.21937568465597101
0.0,0.4501175419041925
0.0,0.5427816358514077
3.1354942159291497,4.787909811065045
1.791759469228055,3.0679731332059497
2.079441541679836,1.442451588145973
5.958424693029782,6.419283426648654
2.302585092994046,0.9264460690150803
5.855071922202427,5.449495026763236
0.0,0.19649430908463153
0.0,0.18196493620057214
0.0,0.19015286914948273
2.772588722239781,2.614058233128867
1.791759469228055,2.003355020421327
0.0,0.21401961934680397
0.0,0.6473816743893854
1.6094379124341005,2.561349016930046
3.044522437723423,2.6087148117469003
0.0,0.18602600171694275
0.0,0.1475347541000383
3.970291913552122,3.5122853130495457
1.9459101490553128,2.6214969440122196
1.791759469228055,1.4290828347056426
0.0,0.19346385641397099
0.6931471805599453,2.562684292120166
2.9444389791664403,2.125550201029363
0.0,0.2843047116892299
3.367295829986474,2.421309307730762
1.3862943611198906,0.5519910322142724
5.739792912179234,6.116335163609395
4.248495242049359,4.254349008989306
1.6094379124341005,2.1433817434703353
5.488937726156687,5.317831007473303
1.6094379124341005,2.421623958634856
2.833213344056216,2.762817979421737
7.554334823725748,7.779983148153147
0.0,0.49028007937192125
5.14166355650266,4.568627450173917
4.007333185232471,4.018812481658583
1.9459101490553128,2.7350266370358858
0.0,0.8152938791115096
1.3862943611198906,1.7201966844639098
7.269616749608169,6.5788502493382195
1.791759469228055,2.3003153358195294
1.0986122886681098,1.5291849687046546
0.6931471805599453,0.3850694505111207
1.0986122886681098,1.4347140404352527
0.0,0.16114557758839854
6.124683390894205,5.756025497195824
2.6390573296152584,2.796616402281349
3.8501476017100575,4.085460021889324
7.422373700986824,7.3895194318052875
4.912654885736052,6.1040578154034115
4.7535901911063645,5.198530667478221
0.6931471805599453,0.1841560651329995
0.0,0.1902903675456823
2.5649493574615367,2.765114270082199
0.0,0.17982210622111572
1.3862943611198906,1.8850305389730875
4.23410650459726,4.344282225262525
3.218875824868201,4.0035865856626005
1.3862943611198906,0.4387676265797336
6.115892125483034,6.709952368262035
6.77078942390898,5.612181601502491
1.791759469228055,2.240177441603148
2.3978952727983707,2.1014112931895363
0.0,0.19872557971908855
4.770684624465665,3.4841124014659792
0.0,0.19607553645835252
2.70805020110221,2.519537481123104
6.035481432524756,6.284549705914696
7.697121317282625,7.477244277258932
4.174387269895637,3.8217851558872304
5.389071729816501,5.268060199626509
4.59511985013459,3.8082120054745583
9.169976605786628,8.580097239179246
7.307872780763706,7.202445309606686
4.663439094112067,5.239463974205118
6.228511003591184,6.080290157756489
0.0,0.5894826103025751
0.0,0.3373529208866403
0.0,0.35416635349009795
1.0986122886681098,1.8685701350033985
3.49650756146648,4.082826738361485
4.584967478670572,2.591835648855588
0.0,0.2007476337613787
0.0,0.23304936300156467
2.5649493574615367,2.0187781099773754
1.3862943611198906,0.8852520481676076
0.6931471805599453,0.6328029143213825
5.459585514144159,5.664735405458382
0.0,0.30018955977638356
4.143134726391533,4.04342038051835
2.9444389791664403,2.535610255845506
3.9318256327243257,3.4800234702378416
0.0,0.6438208748468929
0.0,1.3103599682617553
1.0986122886681098,0.3164144536270333
3.9889840465642745,3.518618973573892
7.907651594711089,7.635687361183652
6.641182169740591,4.8968720659143905
1.0986122886681098,0.8424710267112899
3.80666248977032,4.549305020697877
7.748028524432376,8.504499390727917
4.442651256490317,4.754880436094686
2.4849066497880004,2.5984633611181573
0.6931471805599453,0.8260202533967012
0.0,0.19405652237903692
5.916202062607435,5.214653112537873
2.833213344056216,2.1237614481382567
0.0,0.18518095650141872
2.19722457733622,2.5473623828487053
2.70805020110221,2.7554121215941714
0.0,0.30339629670589463
2.70805020110221,3.506042807016411
0.0,0.2700999200213258
4.356708826689592,4.921776437445191
3.9889840465642745,3.7539682966010672
0.0,1.7261014414136193
1.0986122886681098,0.23104835169558724
4.709530201312334,4.114697744383194
2.3978952727983707,2.6086151053332958
0.0,2.005087210991739
0.0,0.31227169820696604
0.6931471805599453,0.4342444321845966
0.0,0.2983391446346703
6.171700597410915,6.24354045066986
5.53338948872752,5.181213218289822
4.812184355372417,3.2417877085720694
0.0,0.620732963091622
5.068904202220232,5.370291700107986
5.2832037287379885,4.841948824143859
4.110873864173311,3.295390349559746
0.6931471805599453,0.46062762530823187
3.951243718581428,4.367698837376113
5.7745515455444085,6.019643630799312
1.0986122886681098,0.9523765321989706
2.19722457733622,1.948178893069681
0.6931471805599453,1.7064853922726735
4.02535169073515,4.046444570321184
0.0,0.1442679153321021
1.6094379124341005,2.8369948758039247
2.772588722239781,3.2879542741246586
4.382026634673881,4.139560096457375
1.0986122886681098,2.6420547636288356
0.0,1.2622367540772574
0.6931471805599453,0.3236322908973537
0.0,0.6361408658789461
6.20455776256869,4.771665554887507
0.0,2.3406878619447764
0.6931471805599453,0.3031742661702208
4.330733340286331,3.795956996671262
1.9459101490553128,2.8098683635834085
0.0,0.7031259449603734
2.5649493574615367,2.360425906889191
0.6931471805599453,0.4264440658327286
4.859812404361672,4.679341651161679
3.295836866004329,3.946896838216602
3.1354942159291497,2.4393073945485386
2.079441541679836,2.294327642683919
0.0,0.16565999083909105
1.3862943611198906,0.2642118045004686
2.4849066497880004,2.34888623851059
3.6375861597263857,1.7209673296626768
0.6931471805599453,0.3405188250883301
5.476463551931511,5.209952812797587
4.382026634673881,4.694770270237366
1.6094379124341005,0.3179986464066389
0.0,0.55500776350914
2.4849066497880004,2.561387741308996
1.0986122886681098,0.2431093391341314
0.0,0.7791752341345246
2.19722457733622,2.210727669138224
2.3978952727983707,2.825547595373077
0.0,1.1518721170978015
2.302585092994046,1.5978962862884598
0.0,2.1660857493326495
2.302585092994046,1.9494591423792569
2.6390573296152584,2.8559338566039822
5.926926025970411,6.031284119144039
0.0,0.46993619411557025
2.5649493574615367,2.449204083090415
0.6931471805599453,0.9267449019355329
2.5649493574615367,2.655077265006568
0.6931471805599453,2.0758534021908663
0.0,0.1734244720642966
1.3862943611198906,1.3363511252814106
2.3978952727983707,3.013999402467833
7.781973234434385,7.155368049154914
1.3862943611198906,2.280073421567924
2.4849066497880004,2.5859065278533606
5.1647859739235145,4.516191960136282
5.272999558563747,5.069835051201879
1.791759469228055,1.0905679138899171
0.0,0.19650839299058154
2.772588722239781,3.9636949881084287
1.791759469228055,3.4663306683374167
3.258096538021482,3.9034408210213716
3.332204510175204,3.0619615614842424
2.772588722239781,2.311943397550665
0.6931471805599453,0.17648660487005735
3.951243718581428,2.955084995756581
1.0986122886681098,1.8065664005184607
3.295836866004329,3.821525129070902
3.6635616461296463,3.014779945642453
0.0,1.089676221112875
3.871201010907891,4.5079307323909
0.0,0.31870006673988743
0.0,0.4928100613502711
0.6931471805599453,1.4715177496891125
0.0,0.19229312178958213
0.6931471805599453,0.7499251354829026
7.747596838692885,7.652678998964347
1.3862943611198906,1.5655369790836329
1.9459101490553128,1.195655436328122
0.0,0.7277588339006955
1.3862943611198906,1.399901998975841
2.995732273553991,2.548030528233624
3.044522437723423,3.1091951088248746
5.056245805348308,6.225981227821658
0.0,0.2565611315671799
5.513428746164983,5.6851544380199615
1.3862943611198906,3.030342400618218
4.700480365792417,5.054779756930162
1.3862943611198906,0.8738513566657373
0.0,0.2516789495398015
1.791759469228055,2.7906677239442423
3.610917912644224,3.937778262464341
0.6931471805599453,0.22061067413036423
0.0,0.29655907347410876
2.302585092994046,2.830589840469989
0.0,0.7352191276323851
4.262679877041316,5.158256854208232
4.430816798843313,4.164783513260291
5.455321115357702,6.123377530111343
2.70805020110221,3.117188506923168
0.6931471805599453,0.3222772210331707
0.0,0.8635625578571945
5.1647859739235145,5.069266668373752
0.0,1.1389105004659636
0.0,0.33536128011893757
3.218875824868201,3.3920044095474613
1.9459101490553128,2.131375821167209
1.0986122886681098,0.9602993008881161
2.4849066497880004,2.2861390183712884
5.613128106388071,6.043360340499744
0.0,0.5304640058630954
0.6931471805599453,0.6720868647310968
0.0,0.18413306627174197
0.0,0.23563836438847657
0.0,0.32527254737294065
0.0,0.14852399521911064
3.091042453358316,2.5977073687715557
2.079441541679836,2.720636465773456
0.0,0.5768815922167561
0.0,0.15230364656430934
3.737669618283368,2.771553318981992
0.0,0.3982263718464128
4.672828834461906,3.993230910828243
3.784189633918261,3.912427829700903
2.833213344056216,2.1151334932534724
1.9459101490553128,2.075746516117474
0.0,0.2923354426600458
4.007333185232471,3.970468234098078
1.9459101490553128,1.5850059962194725
0.0,0.9132755690722333
0.6931471805599453,1.6795719639622781
1.6094379124341005,1.7616761214132748
1.0986122886681098,1.5375182170198982
0.0,0.1875081290430152
0.6931471805599453,1.583595233670388
2.19722457733622,1.259539201983686
0.6931471805599453,2.1257809872591102
2.3978952727983707,2.289066559493226
5.0369526024136295,4.861829371020548
0.0,0.7907241436830963
0.0,0.2512063687885622
0.6931471805599453,2.2442697785042967
1.0986122886681098,1.0061568378064243
0.0,0.587276976069108
2.302585092994046,2.2771524761213873
2.772588722239781,3.019858296276754
2.5649493574615367,2.475617240251092
2.833213344056216,1.9982962731851723
2.4849066497880004,1.6169850169601856
3.4339872044851463,3.100454669650791
3.58351893845611,3.7309813813209165
6.1092475827643655,6.846057205248512
5.66988092298052,5.790588125765829
0.0,0.34212730997267116
2.772588722239781,2.1631359693955248
0.0,0.16566938114256666
1.9459101490553128,2.568663264986673
1.791759469228055,1.635273359310845
1.0986122886681098,1.188721227436741
0.0,0.19430590514602294
0.6931471805599453,2.0088624054398605
3.713572066704308,4.152840622962629
0.0,0.6218082937075502
8.439880088313567,8.605771253316375
3.8501476017100575,4.726851193793987
4.07753744390572,4.566526877619257
0.6931471805599453,0.4568253642989681
1.9459101490553128,2.8038692472778486
2.4849066497880004,2.183066120159814
7.080867896690782,6.235320094975242
5.429345628954441,5.309515273745667
0.0,0.32458338312098006
0.0,0.5190195669713469
0.6931471805599453,0.2779699677395422
0.0,0.21819433187443216
0.0,0.9056740529130275
0.0,0.22673768584195156
6.084499413075172,5.721317178045721
0.6931471805599453,0.703538482447671
0.0,0.21166554403305105
2.4849066497880004,3.164631620969611
1.0986122886681098,1.8922357073148488
0.0,0.1513340167118746
2.70805020110221,3.3076470346022675
0.0,0.1992669300413492
7.606387389772652,8.469126695999462
1.791759469228055,0.9484169975361831
0.0,0.18007698126175498
0.0,1.706799121828452
3.8918202981106265,3.209928218065549
3.6375861597263857,4.357748408007461
1.3862943611198906,2.330054250187727
9.169976605786628,6.697325214928242
0.0,0.218695496366903
0.0,0.22488620215391503
1.6094379124341005,1.5975663592082001
4.663439094112067,5.0345691054494655
1.6094379124341005,2.2552054404202253
1.0986122886681098,1.4172469015062363
2.772588722239781,2.868512870592189
0.0,0.26425014301627764
6.077642243349034,6.220042586126176
6.635946555686647,6.115969191187514
0.6931471805599453,1.313449291677187
2.302585092994046,1.3079096931818712
9.169976605786628,7.198754323442875
4.04305126783455,3.6496248724885407
0.0,0.19074238667085686
3.713572066704308,2.739315063407603
2.4849066497880004,2.327784603924211
2.19722457733622,2.0381324238927117
2.3978952727983707,2.739397435794897
0.0,0.20783975501301433
0.6931471805599453,0.2577336346866294
2.19722457733622,1.736152352345448
5.123963979403259,4.278145581039454
2.772588722239781,2.72693313356056
0.0,0.5708623143815088
0.0,0.19888406619100873
0.0,1.9280789970937273
5.501258210544727,5.259833885210187
3.295836866004329,2.8302442638383107
0.0,0.14378221224979176
0.0,2.46337027088637
0.0,0.3013756211003765
0.0,0.1522686574559906
2.4849066497880004,2.1892723448220317
4.430816798843313,4.773705267661234
0.6931471805599453,1.6640601529696837
0.0,0.20126669019106588
0.6931471805599453,0.45314809247198906
2.4849066497880004,3.734469270390021
2.8903717578961645,3.8182275053822585
1.0986122886681098,1.6227680242710913
0.0,0.5354296709447371
6.956545443151569,6.996949214396366
3.7612001156935615,4.9375888917518855
1.6094379124341005,0.41672221452452746
3.1354942159291497,3.1659622051017537
6.461468176353717,5.422070307300936
4.23410650459726,4.159451067940152
4.882801922586371,5.040853019382865
0.6931471805599453,0.5748655109520675
2.833213344056216,3.042350606499788
0.0,0.19417074612934915
6.595780513961311,6.75460050027445
0.0,0.2015921440761199
4.174387269895637,3.7714499972355617
0.6931471805599453,0.3365800617124422
2.19722457733622,2.478064613004853
1.791759469228055,2.7537990218276738
2.079441541679836,2.256115345543145
1.6094379124341005,2.0926628405423893
3.1354942159291497,2.2054816322863755
0.6931471805599453,2.28190164309652
0.0,0.18978318127695862
0.0,0.1466986854111502
0.0,0.4207885010118377
1.0986122886681098,0.3955337052721736
6.894670039433482,6.7150379973345915
1.3862943611198906,0.9529495349853765
2.8903717578961645,2.746103329861525
0.0,0.6186240441080016
0.0,1.3581523998718363
5.961005339623274,3.7316605935578044
5.7745515455444085,6.258791572409419
1.6094379124341005,1.0718890355776536
4.248495242049359,3.5957853395730983
8.658692753689937,8.602959661343549
0.0,1.0112405560319988
0.0,0.3379861324274143
1.6094379124341005,1.5897224942541874
3.912023005428146,3.765948290810195
0.0,0.21229536312426844
4.762173934797756,5.03683419116349
0.6931471805599453,1.6758118156259967
0.0,0.23470966850211467
0.0,0.4004849669617527
0.0,0.608862043734457
5.680172609017068,5.417779511728995
1.0986122886681098,0.2921772313672173
0.6931471805599453,1.77474966765735
0.0,0.2275862365459424
0.0,0.3204279718117291
4.02535169073515,3.780879972999968
3.737669618283368,2.987370913811199
2.70805020110221,2.600416941188779
0.6931471805599453,0.1975261514541945
0.0,0.47324408321306327
1.3862943611198906,1.979593671265755
3.1780538303479458,3.382685131250733
3.4339872044851463,2.892355866014603
1.0986122886681098,0.8419754236625561
0.0,0.6198923814587981
0.0,0.41774341697485995
4.23410650459726,3.813465216812283
0.0,0.21615703240741502
2.302585092994046,3.2503190211820026
0.6931471805599453,1.8295971119394254
0.0,0.31435056150569557
1.791759469228055,2.828387425452906
0.0,0.33433722117806447
0.0,0.1548548991068066
0.0,0.2796973184502268
3.8501476017100575,4.306368124587277
4.624972813284271,4.219560273024641
0.6931471805599453,1.4688947716442098
1.791759469228055,1.776821207180423
3.332204510175204,3.2377795220728456
0.0,0.11023665735888344
4.605170185988092,5.026562867763974
0.6931471805599453,2.151074081890036
0.0,0.1630908606815069
0.0,0.18767360499170846
5.4510384535657,5.803437314988792
5.703782474656201,5.91983132335354
5.594711379601839,4.755462177680132
0.6931471805599453,1.2393095995779997
0.6931471805599453,1.4774482354800562
4.663439094112067,4.145143075959732
0.0,0.1744275684969725
0.0,0.2509448322401552
1.0986122886681098,1.2032687225601573
2.079441541679836,1.3383736271306348
2.6390573296152584,3.4154962710022194
1.0986122886681098,1.5252658026991917
2.833213344056216,3.9842107101256197
5.973809611869261,6.045723882170343
0.0,1.5410235290195464
0.6931471805599453,0.40256041938715614
0.6931471805599453,0.356079385197239
3.58351893845611,2.9711114748707192
0.6931471805599453,0.1998507725024492
4.174387269895637,4.103306272061119
3.367295829986474,2.9163855615143115
6.729824070489475,5.771092190246032
0.0,0.27139900811501594
0.6931471805599453,1.643780754136724
4.3694478524670215,3.394675906183341
3.8501476017100575,3.6420652394268482
1.6094379124341005,0.33949018088910865
0.0,0.3376105663188374
2.9444389791664403,3.2079404584511533
0.6931471805599453,0.2490088280360783
2.833213344056216,3.0385670894069055
4.204692619390966,3.8846411760379915
7.431299675155903,7.043388358609222
0.6931471805599453,1.5008086455896772
2.4849066497880004,1.7604196064548674
7.167809184316444,3.9733073933251974
7.126087273299125,7.605645843872977
6.486160788944089,5.110869555395883
2.833213344056216,2.482080411691394
0.0,0.9968141665410284
0.6931471805599453,0.6052451756981125
2.772588722239781,3.18773004596981
3.8501476017100575,3.56612826074309
1.0986122886681098,1.4593492551179685
0.6931471805599453,0.9255480887079183
0.0,0.6117435805035972
2.4849066497880004,3.88013738061175
0.0,0.16064845000937644
0.0,1.2558104127832546
6.413458957167357,5.337272189300009
2.5649493574615367,2.849840560672308
0.0,0.5925673005828336
0.0,0.32000061810924985
5.7430031878094825,6.1289330735661265
3.218875824868201,1.7976107686235476
0.6931471805599453,1.4712485710737004
3.1354942159291497,4.12108818391296
0.6931471805599453,2.746086951095639
1.3862943611198906,2.209319521066505
0.0,0.4867514227678803
1.9459101490553128,1.3046733815549802
0.0,0.4848531475045215
3.332204510175204,2.056593942871547
1.0986122886681098,0.221532995506443
7.089243155027514,6.4921515585477865
1.0986122886681098,1.4776219105866646
3.912023005428146,4.132062436882225
1.3862943611198906,2.125621219791588
1.0986122886681098,1.5291849687046546
0.0,0.6619228321959413
3.6635616461296463,2.6944593521183737
4.127134385045092,4.841546697079753
3.49650756146648,2.704036260540753
2.3978952727983707,2.3911636017766296
8.442685139241176,8.12345794449241
2.6390573296152584,1.7615327401000875
0.0,0.20503471581086322
3.5263605246161616,3.448226106227362
0.6931471805599453,0.7945601895022684
6.169610732491456,5.5009364786088115
5.198497031265826,5.118179276305868
6.042632833682381,5.831900826450725
1.6094379124341005,1.9611432408977945
1.791759469228055,1.6408948377299628
0.0,0.25582818230511917
0.0,0.5841030387594018
2.3978952727983707,2.8648734363169592
3.970291913552122,4.190532469448062
4.543294782270004,4.378050951166554
1.0986122886681098,0.8740423165618941
0.0,0.34611218934527904
5.236441962829949,4.096274576510344
3.8918202981106265,4.547892019542639
2.302585092994046,2.102991228359521
3.1780538303479458,3.4003966586147265
4.406719247264253,2.7978683980116643
5.262690188904886,5.464822638841531
2.772588722239781,1.5709288547530684
0.6931471805599453,0.34603303945812236
0.0,0.22672923889229357
6.765038976780541,7.238615484095072
2.70805020110221,2.02071793304751
2.772588722239781,2.4347540638776715
5.3230099791384085,5.014531603932025
0.0,0.19345366892499927
1.3862943611198906,3.483777164686372
2.995732273553991,3.1811497714129238
0.0,0.999539388330551
0.0,1.0409320967140534
4.060443010546419,4.630615467103845
1.6094379124341005,1.0577760955965243
0.0,0.21855493037478682
1.0986122886681098,2.1761617560812208
0.0,0.18235688701050956
5.627621113690637,6.201970225803652
1.0986122886681098,1.4176730924873324
4.875197323201151,4.513425583704812
1.3862943611198906,1.8675245127174993
0.0,0.23409036193554308
9.06577692078483,9.06394772054318
2.079441541679836,3.192140986374806
0.0,0.2592057813694534
3.912023005428146,3.7215985621988006
1.9459101490553128,1.898224145401545
0.0,0.37574542402643973
3.4011973816621555,3.740471410470115
6.536691597591305,6.1646638712887745
0.0,0.33723436597003476
5.3612921657094255,4.987128224707909
0.0,0.20891499651457
0.0,0.3035827377929805
0.0,0.23899724899858768
3.4011973816621555,1.483343498418331
0.0,0.8729044171835085
0.0,0.23741869395641008
3.688879454113936,3.6211511681670636
0.0,0.7594766024372541
5.062595033026967,4.246728434221669
1.3862943611198906,1.449643365287797
0.6931471805599453,0.7485632656156523
0.6931471805599453,1.2914888135463356
2.70805020110221,3.656316418960186
0.0,0.5210783407607189
5.117993812416755,5.333599581897023
0.0,0.16312795990164733
0.0,0.179347377372835
7.711101251840158,7.8941316956353385
0.0,0.1427759785916678
7.130098510125578,6.931283216806761
0.0,0.4780310398722947
0.0,0.15517185829850833
0.0,0.39073862739026444
3.49650756146648,4.054825775067472
0.6931471805599453,1.4584681782285536
0.0,0.3809777166014819
0.0,0.23520089215356996
0.0,0.1452010478180482
2.19722457733622,2.3992266914069162
3.258096538021482,2.8515165269946805
1.0986122886681098,0.585867203159361
0.0,0.221802948005866
2.079441541679836,1.5648153065250923
2.833213344056216,2.894491818927734
0.0,0.5712294992682212
9.169976605786628,8.833974857799697
7.954723334497908,8.646674457093923
0.0,0.367693641320767
0.6931471805599453,1.7987951315873736
9.169976605786628,8.996006957244191
0.0,0.1868171800583246
1.3862943611198906,2.2706570920280713
4.219507705176107,4.811621534845938
2.4849066497880004,1.5532725847518385
2.8903717578961645,3.9142373468600566
1.6094379124341005,2.4357819158532332
2.079441541679836,1.4888608368771066
2.8903717578961645,2.213935656465661
2.5649493574615367,1.6219908520015425
4.976733742420574,5.257790948656496
3.49650756146648,3.4706438199152965
0.6931471805599453,0.5456384104950017
7.186901020411631,7.283485886266444
5.030437921392435,5.157471544981729
1.791759469228055,2.0283525640660307
4.890349128221754,4.386194268576808
0.0,1.6840107513584783
1.3862943611198906,2.0185026887752713
3.9889840465642745,4.03473096576959
0.0,0.19290459605382027
7.43543801981455,7.626077258133619
1.3862943611198906,1.6131268159651357
1.6094379124341005,0.4519564545152537
0.0,0.23001938447519682
0.0,0.5989450193635123
0.0,1.0698397407986708
0.0,0.2141424291632387
7.398174092970465,6.670644320449241
5.802118375377063,5.019351304878905
8.866017398810255,8.636192646033697
5.613128106388071,3.4759992246308977
0.0,0.36193316521024393
3.258096538021482,2.6085651564931167
0.0,0.3096704518952572
2.995732273553991,2.6784531295612406
0.0,0.2025730714937047
2.5649493574615367,2.7466051332004207
2.4849066497880004,2.463396360539447
0.0,0.18890619555271884
4.219507705176107,3.589956462371199
4.0943445622221,4.104862181227535
3.332204510175204,2.776978741762216
0.6931471805599453,1.815401818888247
2.079441541679836,1.3949903733022766
0.0,1.1250026354313587
3.367295829986474,3.2681200963111063
0.0,0.222184919997848
0.0,0.7481802101005263
0.0,0.27177847354918255
1.0986122886681098,0.7187470470596634
2.70805020110221,2.0853336463666126
0.0,0.6862379656032079
1.0986122886681098,0.629233567976535
1.791759469228055,2.9850643020829932
7.519149957669823,7.434704446995695
2.772588722239781,2.6398542919983354
5.6937321388027,5.661937165211329
3.1354942159291497,2.261166671305101
0.0,0.27308269690576426
0.0,1.542874993057215
2.8903717578961645,3.2423005872699355
1.6094379124341005,1.4216970212611664
9.0320506762956,9.484788054422568
0.0,0.19401292900710568
2.302585092994046,2.347755496731679
2.302585092994046,2.3285394366334766
4.997212273764115,4.7949743102912805
1.791759469228055,2.16027115100075
4.882801922586371,5.300796971060656
0.6931471805599453,0.28506091169738146
2.3978952727983707,2.0976563867853124
5.552959584921617,6.313525157831563
0.6931471805599453,0.10301854321463644
4.867534450455582,4.208278469093509
1.6094379124341005,2.6475522243853806
1.791759469228055,0.3710518485155516
0.0,0.274403825335363
4.564348191467836,4.60372373880556
0.0,0.8499775758714142
2.079441541679836,2.5383756043224377
2.3978952727983707,2.8611953363566722
2.3978952727983707,2.325220947680594
0.0,0.19821054895592605
6.324358962381311,3.9884637141403965
0.0,0.07368582213402664
6.39024066706535,6.097046588234602
2.079441541679836,0.31479952081586804
0.0,0.193085818105044
0.0,0.2104912142446862
0.0,0.169976732903794
0.0,0.6129002693369978
5.225746673713202,5.354790103268452
0.0,0.18213225720225037
4.060443010546419,2.6164064719778435
1.3862943611198906,0.5483747304150072
0.0,0.12986530805575636
4.442651256490317,4.587385197189164
0.0,0.45048017660090667
4.5217885770490405,4.8433449499546155
2.6390573296152584,3.216588965249954
6.194405391104672,6.316834888285532
0.0,0.32995121211604406
0.0,0.34441419451788063
0.0,1.3957073989894087
3.4657359027997265,3.7564623227161733
3.091042453358316,3.067981083307634
0.0,0.19747346926881457
1.3862943611198906,2.291657938756617
5.981414211254481,5.88577128015696
0.0,0.46362142734111395
4.6443908991413725,4.0607387460633
0.0,0.23692406875616423
2.079441541679836,2.543335557834859
2.3978952727983707,2.036907744678632
0.0,0.18849141378715578
3.044522437723423,3.1698943562374775
0.0,1.4723032221178622
3.044522437723423,3.608545507543106
2.302585092994046,2.1887229326223285
1.791759469228055,2.497623681875757
2.5649493574615367,3.0962593324248964
9.169976605786628,8.490147629705472
3.58351893845611,3.682559080419137
1.3862943611198906,2.117822232107975
5.780743515792329,4.958442204849758
7.094234845924755,7.059362224220332
3.295836866004329,3.4741591612376315
0.0,0.4255922099506616
5.996452088619021,6.7006260725849005
2.302585092994046,2.3035086232140056
4.418840607796598,4.3072912922081645
4.543294782270004,3.7279460636322
7.05444965813294,5.982791931979591
0.0,0.6628155665674648
0.0,0.7476047142473752
2.772588722239781,2.881212494461386
0.0,0.21976142680483804
2.19722457733622,1.8712424942949895
2.5649493574615367,2.870472949481158
2.9444389791664403,3.0537157003985897
1.3862943611198906,0.47813779575741183
3.555348061489413,4.801552267045814
2.9444389791664403,3.411846655705912
0.0,0.4410132140605441
0.6931471805599453,2.121325640004443
1.791759469228055,2.002380071870886
3.1354942159291497,3.953437684049572
0.0,0.3195093453734825
3.784189633918261,3.0647218050797576
0.0,0.40866490776235775
0.0,1.649079003177662
0.6931471805599453,1.5591535855552052
2.079441541679836,2.0737499268050423
1.6094379124341005,1.5119666254685113
1.3862943611198906,1.9234404312840427
3.332204510175204,2.9625923759910617
3.044522437723423,2.9678657556032553
2.4849066497880004,2.9850746726151107
4.143134726391533,3.4188360618438836
1.791759469228055,1.6165486680085002
2.833213344056216,2.9544524088235393
0.6931471805599453,0.41517966531418354
2.079441541679836,2.6777866602914115
0.0,0.14299246627292564
4.158883083359672,3.7044494295300114
0.0,0.39487118565257173
2.079441541679836,0.4986283877048096
0.0,0.15762758467734125
1.3862943611198906,1.8577337765325423
0.0,0.2119845988023177
0.0,1.8016562461611139
1.6094379124341005,2.367012498081502
3.8918202981106265,3.5932977532869486
0.0,0.859069959831126
1.0986122886681098,1.2845765787592347
3.8501476017100575,3.3542576164880606
2.302585092994046,2.6109784490570913
1.3862943611198906,0.3201670384917384
4.07753744390572,4.4896869708416824
0.6931471805599453,1.4377487840942442
0.0,0.36772652771973663
0.6931471805599453,0.22606224715343803
0.6931471805599453,1.2121711416708412
0.0,1.0159417286311176
0.0,0.38430390913444845
1.3862943611198906,1.7230900552249013
2.079441541679836,1.8375384121467595
5.123963979403259,5.793771236529149
1.6094379124341005,2.1592298194402755
0.0,0.6733026250562101
0.0,2.116224532744245
1.0986122886681098,2.1058831352131233
4.934473933130692,4.678489551940004
0.6931471805599453,0.2536366269931838
1.3862943611198906,2.521959510027053
2.9444389791664403,2.3302995662033728
1.3862943611198906,0.17185581761002952
0.0,0.16922007922748036
2.9444389791664403,1.729477363412296
0.6931471805599453,0.5873727517464852
2.5649493574615367,2.806116055602909
5.638354669333745,5.8239776262862835
1.0986122886681098,0.7528082384300409
0.0,0.1601929480843763
3.6635616461296463,3.8775559563087256
2.8903717578961645,2.133710833260974
0.6931471805599453,0.4974208225754005
1.6094379124341005,1.8256644587798898
3.80666248977032,3.37970358102109
5.225746673713202,5.285604647068699
0.6931471805599453,1.4971590459749218
3.258096538021482,2.9725584992243013
0.0,0.5348643472013103
0.0,0.23337965596329321
1.6094379124341005,1.855162399929379
7.938802248154481,8.114383441238692
0.6931471805599453,1.765546571329553
5.214935757608986,4.629163264026208
0.0,0.3557091158638935
0.0,0.5689810493326762
0.6931471805599453,0.7481802101005263
2.4849066497880004,2.1110927362332803
2.3978952727983707,2.521087399227714
2.70805020110221,2.480428859351846
6.180016653652572,5.8483327705309875
1.0986122886681098,0.7094113693295916
0.0,2.0754164693003796
0.0,0.5715299298558992
0.0,0.20761004407936892
0.6931471805599453,1.809454947279481
0.6931471805599453,1.7729300918862163
1.6094379124341005,2.5567788535130513
0.0,1.8510794859750301
1.3862943611198906,0.3140516861608586
0.0,1.075232640538346
6.385194398997726,6.533830495863645
0.0,0.13826116349725875
0.6931471805599453,0.7148116576333319
1.0986122886681098,2.132511888739324
1.6094379124341005,1.8288598268450007
5.3981627015177525,5.0520311933508015
3.9318256327243257,3.508504644278023
4.983606621708336,5.265151339057678
0.0,0.21653882435405067
3.218875824868201,2.3952218920554027
0.0,0.1875269043092862
0.0,0.2169485249887996
5.075173815233827,5.002903043698316
6.028278520230698,4.934555053905904
3.610917912644224,3.4211223920501
0.0,0.2271718649094827
9.060447282401563,8.726091610140823
1.3862943611198906,1.6012835115851594
1.6094379124341005,0.290864833422725
3.044522437723423,3.1921062720528237
3.688879454113936,3.2504380514376936
0.0,0.1986403790563525
4.653960350157523,4.662079778557484
6.584791392385716,6.0103980971590145
0.0,0.6765129097427649
1.6094379124341005,1.8398176512120918
1.0986122886681098,0.6932956627819509
6.274762021241939,6.437319846651088
0.0,0.1878411680466196
3.091042453358316,3.3312966513813453
5.365976015021851,4.345007764496656
2.3978952727983707,2.369002998051589
2.079441541679836,1.3587128692978363
3.8918202981106265,3.468484488520717
1.6094379124341005,0.6036127855545703
0.0,0.3873558738853805
2.70805020110221,2.538825637450907
4.584967478670572,4.3059816829327
6.508769136971682,6.387900629685521
0.0,0.457447372688843
0.6931471805599453,2.2699890346264247
2.4849066497880004,2.0578276726234788
1.0986122886681098,0.24008046735823185
5.303304908059076,5.492998727054244
0.0,0.4938448182099072
5.241747015059643,3.8805139208332537
2.19722457733622,1.8506079300037923
6.030685260261263,5.810329601477121
1.791759469228055,2.876533412533402
4.663439094112067,3.310139646343926
1.791759469228055,2.6015945676237417
4.543294782270004,4.0908989735809405
0.0,0.5133382472659934
0.6931471805599453,0.33899213108432946
0.6931471805599453,1.3299596792177792
0.6931471805599453,0.5062018221133779
3.044522437723423,2.4285362905871715
5.0369526024136295,4.358025594930294
0.6931471805599453,2.4569448950411314
4.454347296253507,4.627259267571289
1.6094379124341005,2.5951515394641698
1.6094379124341005,2.42109890547063
1.3862943611198906,1.3904871002729169
4.74493212836325,4.69956748272377
4.276666119016055,3.8886793827036916
3.332204510175204,3.0553375624107293
4.584967478670572,4.024143983322783
1.0986122886681098,1.4961737745024644
0.0,0.17715953368642107
0.0,0.4743442155297583
3.044522437723423,1.6676159003311637
2.079441541679836,1.9086802377479122
4.890349128221754,4.952019710158007
2.079441541679836,1.3713707016481491
8.289539484624141,9.037427185246521
0.6931471805599453,0.38195418455344277
0.0,0.18018078476827878
0.6931471805599453,0.5955711018370142
0.0,0.24723896706680892
0.0,2.5953152950253178
0.0,0.16777843473519172
0.0,0.19563873095241907
0.6931471805599453,1.286590226824616
0.6931471805599453,1.3626341801954116
0.0,0.1580760239767711
0.6931471805599453,0.6202584150914365
5.58724865840025,5.021307722906321
3.610917912644224,3.675118385760609
3.828641396489095,4.387037278938826
2.4849066497880004,2.0172153848601155
6.184148890937483,5.473372364400036
6.519147287940395,5.169550076066078
6.0112671744041615,5.244648629627671
1.3862943611198906,0.5034303278457485
4.532599493153256,5.704955965500013
3.9889840465642745,3.1352483233086454
1.3862943611198906,2.0933681141489555
1.791759469228055,1.9336241770062454
1.9459101490553128,1.9220384988695371
0.6931471805599453,0.7271462226447469
2.4849066497880004,3.154214543194241
2.19722457733622,1.0048912301369182
0.0,0.21934152120329917
4.867534450455582,4.369281003587404
0.6931471805599453,0.16969102306872363
0.0,0.4505146006811594
0.0,0.19840415893317018
0.0,0.8325060910015432
0.0,1.578098749813218
2.8903717578961645,3.3288218357391406
7.301822342137932,7.0797863378197246
1.0986122886681098,0.535172817153602
0.0,0.18245451963529846
0.0,1.2030819334243052
1.9459101490553128,1.7130830684464526
5.2832037287379885,5.478035949513151
0.0,0.34153690703753925
0.0,0.2654002012029898
0.0,0.24111040752056065
4.584967478670572,3.9360996004389452
2.4849066497880004,2.9372576961946946
0.0,2.1332708501624316
0.0,0.2575776093132566
2.8903717578961645,3.171163407278272
3.8501476017100575,4.062283192744984
0.0,0.3281893738471886
3.9318256327243257,1.8973880967598369
0.6931471805599453,0.23295033030774825
1.791759469228055,1.5967397722230665
0.6931471805599453,1.7480594976348292
7.10085190894405,6.835478759695739
0.6931471805599453,0.34026379847376265
0.0,0.5291029989291316
7.553810852008231,7.541909800683629
0.0,0.2932421718953811
2.19722457733622,2.135574787724844
1.6094379124341005,1.7624946450859784
4.997212273764115,4.6727615784348595
0.6931471805599453,1.836420475735667
5.552959584921617,3.645614790304007
1.6094379124341005,1.5128858998749533
4.836281906951478,4.040290749496311
2.5649493574615367,2.765693175516825
2.70805020110221,2.8094202420435366
4.343805421853684,4.412078128574512
1.791759469228055,2.472995277689539
0.0,0.19455325539724685
3.367295829986474,2.016469753777523
1.791759469228055,0.9328671769049042
9.169976605786628,8.607188223229226
1.791759469228055,1.20925730597221
7.525639975041535,8.438276273956673
8.043984431221553,8.051116871740733
1.3862943611198906,2.382632479875518
1.0986122886681098,0.9826698681602644
0.0,1.5345035499031332
3.737669618283368,3.251728091343895
2.3978952727983707,0.37107520061110955
3.8918202981106265,4.651367115303396
5.513428746164983,3.1147555563070743
0.0,0.18975006016963766
1.3862943611198906,1.2135241671100707
5.976350909297934,5.327004266016164
4.465908118654584,3.8437661908600074
3.367295829986474,4.601209361546381
1.9459101490553128,2.733097173321027
2.079441541679836,1.6873110474432202
3.7612001156935615,5.768806530823032
0.0,0.2407068633112303
2.079441541679836,2.413141217304649
1.6094379124341005,2.543660328120161
4.356708826689592,3.474247376530314
1.6094379124341005,2.315658929264353
0.0,0.8872967715671465
4.356708826689592,3.4425625635903527
0.0,0.3844227201011284
8.173575486634153,5.417043236317417
0.6931471805599453,1.6720066627487187
1.6094379124341005,1.8718226208582784
3.295836866004329,3.0751385496683996
1.0986122886681098,1.6381670913038204
2.995732273553991,2.877413854646942
3.044522437723423,2.52987576686788
1.3862943611198906,0.8175415951645908
0.6931471805599453,0.9910100004287217
0.6931471805599453,0.3589840529448589
0.0,0.7148992351338261
5.030437921392435,3.492414452417077
4.204692619390966,4.489356264968001
0.0,0.6664345142559458
0.0,0.49538389525912535
0.0,0.19151857190588323
3.1354942159291497,3.8429404844534636
3.218875824868201,2.9677606060992607
2.3978952727983707,3.1401850773405577
1.6094379124341005,0.30652779357082927
0.6931471805599453,0.367264339711354
0.0,0.15674258689430623
1.3862943611198906,1.7793152100248912
0.0,0.21553182420017097
2.995732273553991,3.5048751507337372
0.6931471805599453,1.8068614927565882
0.0,0.36190246872070025
1.3862943611198906,2.739752216483068
0.0,1.0658541319361
1.0986122886681098,2.0140781699469064
0.0,0.4560276377317144
0.6931471805599453,0.42876402174143086
2.6390573296152584,2.9588277154366622
0.0,0.44042641732085175
1.6094379124341005,0.34412372449605766
5.303304908059076,5.3774646895679625
3.1780538303479458,3.748445745164772
4.143134726391533,4.767401037321571
3.4657359027997265,3.4584886799789336
0.0,0.19069151279708452
2.079441541679836,1.9459113028360153
4.990432586778736,4.158260409670613
0.0,0.2134928734690087
0.0,0.48942489866513705
0.0,0.17059554017936474
1.3862943611198906,1.4288932429736487
2.079441541679836,1.3498267697447435
2.302585092994046,2.7969824512155355
0.0,0.43974211033463007
1.6094379124341005,1.5448623865808924
0.0,0.29234988580606996
6.902742737158593,4.462189361002725
4.691347882229144,3.95384511101941
2.70805020110221,5.3915568105054685
4.248495242049359,4.864402320322438
1.3862943611198906,0.9041518128270573
5.786897381366708,5.784841509613354
0.0,0.18987586663019615
0.0,0.21043916837198845
3.828641396489095,3.866925771635058
4.852030263919617,4.773651797572245
1.3862943611198906,2.7961935811762104
1.791759469228055,0.6609227202641638
2.3978952727983707,0.21170690806483192
8.15162164696975,8.065844550924385
0.6931471805599453,1.4027059278490883
1.3862943611198906,2.1068939297620717
1.3862943611198906,0.5121581660831427
2.772588722239781,2.351332886655111
0.0,0.1996659029549552
2.19722457733622,2.525950498754311
9.169976605786628,7.938350695028333
8.458716261657262,4.610861886576483
1.3862943611198906,1.0135082457538878
0.0,0.29781261062472064
3.80666248977032,2.9571585470544037
5.961005339623274,5.509247360616079
0.0,0.1821197521780324
4.8283137373023015,5.4860296845190994
2.833213344056216,2.6058182212733794
2.8903717578961645,2.537780379467666
6.877296071497429,6.982521253778045
0.0,1.5684366088670172
0.6931471805599453,1.7955800267099333
0.6931471805599453,1.473901204040191
0.0,0.9809413897118254
7.886832998955056,8.06121442427621
0.0,1.0606612380719582
3.218875824868201,3.4252120953523906
5.049856007249537,5.001541686347699
1.3862943611198906,1.3045885346519854
5.3981627015177525,5.787375906048615
4.07753744390572,4.426062629673238
2.5649493574615367,1.9110208497914518
0.0,0.290088994522855
4.248495242049359,4.1856144798174055
3.295836866004329,4.149692881428814
0.6931471805599453,0.2557234704534558
0.0,0.3362908474046127
5.384495062789089,5.691201965691236
6.961296045910167,6.652283140743192
2.5649493574615367,2.01937214135598
2.995732273553991,3.0991761907243047
1.791759469228055,2.4295777893739072
0.0,0.2000520575535452
0.0,0.19420957084819213
9.09952053687094,6.323287538827644
4.912654885736052,4.541317780807181
0.0,1.0408867326044515
0.0,0.6168139225390304
0.0,0.2775297365796738
1.6094379124341005,1.8523681225990514
6.115892125483034,6.290517765117754
3.367295829986474,4.109794573893097
2.302585092994046,2.58212491707
2.772588722239781,2.8931349436227647
4.204692619390966,4.623051165553907
4.248495242049359,3.801418004630399
2.6390573296152584,2.24046698115151
2.70805020110221,2.35370532806586
1.9459101490553128,2.0836848844445153
1.0986122886681098,2.1241983659905674
1.3862943611198906,1.0893217267843063
3.367295829986474,3.6761862281387434
0.0,0.20078506509663774
0.6931471805599453,1.7495963059979158
1.791759469228055,1.8981578131506132
0.0,0.5985106723172621
0.0,0.18780998811011718
2.302585092994046,2.457635448191986
4.532599493153256,3.6802049725938555
3.091042453358316,2.2961186476992013
6.159095388491933,5.129185070438574
2.079441541679836,1.5213915070292778
3.80666248977032,3.3171767403598933
1.791759469228055,1.7713410357841621
4.5217885770490405,2.619823992188852
6.907755278982137,7.357815879059315
0.0,0.7697585851243057
2.5649493574615367,3.0179654320197242
0.0,0.18587868068118196
2.5649493574615367,2.5514197785991963
2.8903717578961645,2.725290125480016
0.6931471805599453,1.3824372812354413
1.0986122886681098,2.019884067397514
1.0986122886681098,1.7082836277026614
1.0986122886681098,0.2643106851679926
1.0986122886681098,0.3175742099458212
2.079441541679836,1.6136297173769836
0.0,0.22186657932109502
0.0,0.46421385281714234
4.68213122712422,5.273105064052575
0.0,0.16080773631359457
4.934473933130692,5.25215899834837
0.0,0.20525059769497603
2.4849066497880004,1.0544382173513436
3.4011973816621555,2.915853327459666
0.0,0.6481619291829454
1.9459101490553128,2.5919829282917224
2.6390573296152584,2.9763876562697993
2.5649493574615367,2.1205819247429725
1.0986122886681098,0.3633381983597683
0.0,0.4338914659861397
0.6931471805599453,0.3780587997910973
2.4849066497880004,2.7127524585910705
0.0,0.1545394775744381
3.912023005428146,4.05523489457563
0.0,2.0358393649474524
0.0,0.23277437346030572
0.6931471805599453,0.25953131367601934
2.3978952727983707,2.108678729608439
4.110873864173311,3.005549997413179
3.044522437723423,2.905684365250078
2.772588722239781,2.895724090503266
0.0,0.5007316081695525
0.0,0.7710531122313351
1.791759469228055,2.7018360277687665
0.0,0.16651560216615383
7.113956109566034,7.101945481940081
0.6931471805599453,0.5228880379762489
0.6931471805599453,0.40212606072412305
0.0,0.6281396189620044
1.3862943611198906,1.617723543732995
7.537430036586509,7.671040963603861
1.0986122886681098,2.0216657955994055
0.6931471805599453,1.2240202621310372
5.075173815233827,5.00656138074294
1.0986122886681098,1.8999516831648873
3.4011973816621555,2.698738717063223
2.8903717578961645,1.7600082942198187
1.791759469228055,1.0990557559912366
0.6931471805599453,0.4778515703278729
0.0,0.18731594212137118
5.968707559985366,5.602549678975452
0.0,0.2665129655807125
5.056245805348308,5.215523567163229
0.6931471805599453,1.3717481920575483
2.079441541679836,1.7853656566671614
3.1780538303479458,3.7719764211183175
4.04305126783455,4.545426303451698
0.6931471805599453,0.17924453459860934
2.19722457733622,2.487399290846771
1.6094379124341005,1.162057291298212
0.0,0.16918869152930194
2.079441541679836,2.5413788883947666
1.791759469228055,2.429381543672088
2.3978952727983707,2.4378121581283523
4.59511985013459,4.945643568789583
0.0,0.3512284367880242
5.752572638825633,5.261415847109635
5.541263545158426,5.5695658174637765
5.407171771460119,5.293961963528484
0.0,0.13058837554556282
2.079441541679836,1.7183409695142073
5.768320995793772,5.879717892431237
1.0986122886681098,1.2014381059340824
0.0,0.7456433428729169
1.791759469228055,2.1885971964637845
6.684611727667927,6.17462146757101
8.57828829077605,8.454760276546224
0.0,1.552604496292581
0.0,0.25397820228037615
0.6931471805599453,1.3024030250767347
3.1780538303479458,3.3627099645647416
5.19295685089021,5.21892285135462
0.0,0.477991499488536
6.192362489474872,6.739392124655348
0.6931471805599453,1.6949076497859454
4.59511985013459,4.813653453842032
3.9318256327243257,3.4837380979424477
2.6390573296152584,3.2663023264042
5.14166355650266,5.451884427491098
6.928537818164665,6.1046695877081305
6.198478716492308,4.743627948853578
4.30406509320417,4.928319373044103
0.0,0.5434255820622609
2.302585092994046,2.166513210380817
4.394449154672439,3.2973444971245387
3.6375861597263857,3.311278997437923
0.6931471805599453,4.8017986157167405
0.0,0.33026166501409016
2.70805020110221,2.7371489013752326
4.343805421853684,4.659002273800976
3.1354942159291497,2.96838489439103
0.0,0.3623027080407443
1.0986122886681098,0.13743527401703473
1.3862943611198906,2.650912362001131
1.0986122886681098,0.2670519786775731
4.700480365792417,4.999472680335338
1.0986122886681098,0.7294160015823402
0.0,0.35406958595369
4.624972813284271,4.735380262659636
2.4849066497880004,2.6353538066971423
1.3862943611198906,0.8673566538123547
3.367295829986474,2.6712678405536456
1.791759469228055,2.0552649439018564
0.6931471805599453,0.21953826504123397
2.079441541679836,2.692220060990088
4.605170185988092,2.9636104454353123
0.6931471805599453,0.2008063226873265
1.6094379124341005,0.838638354209373
0.0,0.25343118960420796
0.0,0.3026529411157534
6.883462586413092,8.418856669275911
2.5649493574615367,2.3739275228189416
0.0,0.9692364249572128
1.0986122886681098,2.128481781549215
1.0986122886681098,1.373101798851131
4.564348191467836,5.218902778737948
6.455198563340122,6.956983635568323
8.061486866871327,7.543090723574755
0.0,0.4414213682591706
0.0,0.2111484211490078
1.0986122886681098,1.7428836660476517
5.087596335232384,3.2794490503170346
0.0,0.19529663147940665
0.6931471805599453,0.5060788744487702
3.9889840465642745,4.268571634558299
1.0986122886681098,0.7844220229918303
0.0,0.21890083954575937
6.9865664594064265,7.468866885298922
4.290459441148391,5.7729782742280715
4.23410650459726,3.7084374162926004
0.0,0.28474460367783644
3.4011973816621555,2.417532371196306
4.07753744390572,4.602767978998598
3.091042453358316,3.3959879714581622
2.70805020110221,2.8443293658250743
0.0,0.2650358683175142
6.699500340161678,6.908564869942301
1.791759469228055,2.5364319854269755
2.302585092994046,2.3129827431448193
5.82600010738045,6.214946228476176
1.3862943611198906,1.635539372171128
1.9459101490553128,2.6194352778146244
3.80666248977032,3.8299475282633857
4.543294782270004,4.911745115510654
6.56244409369372,6.286190391100078
9.169976605786628,5.593141655020443
2.302585092994046,2.374851227903277
1.6094379124341005,1.800496718053143
6.736966958001855,6.316460148774829
0.0,0.19910757791901113
6.9865664594064265,7.609052204405476
2.8903717578961645,3.191747756215162
2.6390573296152584,3.3793672243068333
1.0986122886681098,0.3755461205428496
2.079441541679836,1.7403102224979046
4.174387269895637,6.2751368976330815
3.871201010907891,3.173421118514056
2.4849066497880004,2.2129860683962215
0.0,0.32933518350926244
0.0,1.8509693532308664
3.871201010907891,2.856014047038933
2.70805020110221,2.1766301115159536
0.0,0.19753465438568965
0.0,0.2166046041747236
0.0,0.21949917112945075
0.0,0.304667630629808
2.079441541679836,2.598827094702352
0.0,0.3358185736209166
0.6931471805599453,0.7461729644316801
0.0,1.35018768189944
0.0,0.18913618466113194
0.0,0.17626583562646078
1.0986122886681098,0.3467433727209774
0.0,0.5507846315129531
0.0,0.24583307134888857
4.02535169073515,3.5069453638153103
1.3862943611198906,1.4151356111082531
0.0,1.1043554499865251
1.3862943611198906,2.2476367479582873
3.58351893845611,2.988542119383946
0.0,1.176301003966688
0.6931471805599453,1.8547219511479405
2.19722457733622,0.7881137956345774
0.6931471805599453,1.6358219129800875
2.4849066497880004,2.6311898260685327
2.302585092994046,2.0696425263603766
5.075173815233827,4.61363175278677
2.3978952727983707,0.7461517283975296
0.0,1.2222547058739142
4.882801922586371,4.828960053959631
0.0,0.3235882781205162
4.795790545596741,2.953448717731203
5.993961427306569,5.944266451322951
5.308267697401205,4.0478218955384095
2.5649493574615367,3.2065960773215
4.6443908991413725,4.80758951627143
4.356708826689592,4.572084436204325
0.6931471805599453,0.22249448827013643
0.0,0.2858932836117918
1.6094379124341005,1.622555051142501
7.167809184316444,7.900786507830273
0.0,0.32220698932746156
2.833213344056216,3.7492683040570673
4.955827057601261,4.615509653862335
0.0,0.2009086786785735
0.0,0.25042120264219386
0.6931471805599453,2.403594005364494
2.079441541679836,1.978473265323478
4.02535169073515,3.626198880286225
1.6094379124341005,1.638898063261345
0.0,0.1413773146293009
3.258096538021482,3.389799008250699
0.0,2.8852834800074154
5.755742213586912,4.859440860175342
3.332204510175204,2.3431035171766013
0.6931471805599453,2.5342250157442514
2.4849066497880004,2.5687911624932362
3.688879454113936,2.825324737803583
1.6094379124341005,1.81990589348901
1.9459101490553128,2.890275254890586
1.3862943611198906,1.5813054460596432
1.791759469228055,1.275792516367104
9.169976605786628,9.154333292079711
2.3978952727983707,2.177795520693876
1.0986122886681098,4.642509569495903
2.772588722239781,2.9381586109434146
4.219507705176107,3.920400834652854
0.0,0.24946614689578742
1.3862943611198906,2.9922187692926383
0.6931471805599453,0.33218110078199203
0.0,0.7085185057745186
1.0986122886681098,0.7509376260659805
2.302585092994046,1.9383544714312675
1.791759469228055,1.9187945520428755
1.0986122886681098,1.4609749424831857
1.0986122886681098,2.4811851233965534
6.077642243349034,5.662325808779153
2.3978952727983707,1.856532966457246
0.0,0.19642787911772688
0.6931471805599453,0.3206719112487718
0.6931471805599453,1.44894408906005
4.060443010546419,2.8898167709366525
4.543294782270004,4.371075098976676
1.3862943611198906,1.6961916107553547
8.68406264365127,8.513909825443129
1.0986122886681098,0.5576696167568177
0.0,0.2179868315296273
0.6931471805599453,0.6192210336008483
1.0986122886681098,1.0555223158041525
7.975908360165538,7.931123793106009
0.0,0.24903259291088004
4.691347882229144,4.447305830337957
9.169976605786628,9.385294933847968
5.855071922202427,6.22013929971243
2.079441541679836,3.1562117820360576
6.98933526597456,6.480207576525791
0.6931471805599453,0.2826838333917573
2.19722457733622,1.8593287805342475
2.772588722239781,2.401610554583026
1.0986122886681098,1.872398963304092
2.6390573296152584,1.297852008423499
5.117993812416755,5.171291062365102
1.0986122886681098,0.8792891107315268
4.174387269895637,4.983052214149993
5.062595033026967,4.641004101521577
4.356708826689592,3.8530452708875753
0.0,0.30993339672157727
0.0,0.37924701337955863
0.0,0.1969531940538779
0.0,1.4092147859631294
3.218875824868201,1.6052136818845342
0.0,0.16558537777242915
2.9444389791664403,5.600762402881304
0.6931471805599453,0.30376895872614
0.0,0.16711725079125064
0.0,0.2169212252716441
1.3862943611198906,1.6838723818975343
0.0,0.3645210297931149
0.0,0.28202531553075244
0.0,0.49627004907968486
6.495265555937008,6.553844316069952
1.3862943611198906,1.7912286138665952
0.0,0.7441682233423544
0.6931471805599453,0.7555025272494633
3.610917912644224,2.917178672724821
0.0,0.3872076197364008
6.699500340161678,6.332584397553027
0.0,1.2283090651504884
6.511745329644728,7.853222363608062
3.49650756146648,3.244092082743306
5.351858133476067,4.3326636703231
0.0,0.1857102288578134
1.791759469228055,2.438330064488894
1.3862943611198906,2.8819843700585888
2.079441541679836,3.9758863488890674
1.6094379124341005,1.7439461684011857
6.907755278982137,6.827718766357771
0.0,0.1964100067858894
2.3978952727983707,2.011217766144163
0.6931471805599453,2.2398494718811364
3.8918202981106265,3.8205591004244646
3.1354942159291497,4.252973944989817
0.0,1.4356595428721892
1.6094379124341005,1.7749767054150323
3.091042453358316,3.1655271751423415
2.19722457733622,3.893372084932676
1.0986122886681098,1.3276736361037214
0.0,0.22470041615855504
0.6931471805599453,1.01025700357776
6.22455842927536,7.014157601952435
4.454347296253507,4.320083214594866
2.6390573296152584,2.1648362777008714
0.0,0.03929665319867149
0.0,0.21137659771810186
1.3862943611198906,0.7194131158303484
0.0,2.09514028792185
0.0,0.19201073729475882
1.0986122886681098,0.27004564990975016
6.269096283706261,6.148430469468737
5.3706380281276624,5.614080936794296
2.19722457733622,1.4951947883441068
1.791759469228055,1.330744110259638
3.912023005428146,2.7305238206296307
3.4657359027997265,3.3779775496416122
8.231642179973411,8.318269968930998
0.0,0.5450618898767812
0.6931471805599453,0.18719640105665403
1.3862943611198906,1.6193568586378444
2.19722457733622,2.160190861230194
2.4849066497880004,2.3819346681346927
6.795705775173514,5.7305774473209325
0.0,0.21327556100663023
0.6931471805599453,0.4851238688973129
5.942799375126701,5.787971177489932
0.0,0.43722336327354444
3.871201010907891,4.462104679217142
4.23410650459726,3.5532915325602588
0.6931471805599453,0.9453134208160963
2.3978952727983707,1.7636538216333473
1.0986122886681098,2.1568356990319972
2.302585092994046,3.534837569159226
0.0,0.22354264949327443
4.219507705176107,3.837199787642361
1.6094379124341005,2.028118616366379
0.0,0.1760716792083549
1.0986122886681098,0.3666371897122509
2.772588722239781,3.0938222700588516
9.169976605786628,8.978712389571811
4.382026634673881,4.6496667685888
3.044522437723423,3.730468060709795
0.0,0.3915778577865006
2.302585092994046,1.436679569311984
6.55250788703459,6.491959311100776
0.0,0.19044996278382298
4.653960350157523,3.222935576126433
2.70805020110221,2.0755640267734625
0.6931471805599453,0.6835676601924469
3.58351893845611,3.1721874884606254
1.0986122886681098,0.9962223007191214
0.0,0.2108679068942843
5.556828061699537,6.1295346959401265
0.0,1.8834127302276535
0.0,1.7316589262838296
2.3978952727983707,2.1401762101917403
8.128290171607052,8.098886509454259
3.332204510175204,2.342335032262135
0.0,0.19436577660467358
2.079441541679836,2.5721271391393423
3.5263605246161616,3.0603298267387236
3.912023005428146,2.932238322199224
2.4849066497880004,2.8950824458659667
4.875197323201151,4.9089679241502004
1.9459101490553128,2.6130360618250386
2.302585092994046,3.5763211352160544
0.6931471805599453,1.5148926123716018
1.6094379124341005,2.306148272038508
0.0,0.3167502481683319
0.6931471805599453,0.25632713495767917
0.6931471805599453,0.35201349445533076
3.58351893845611,3.0516116505684097
4.574710978503383,4.619656009800858
3.6375861597263857,4.139494660826518
4.672828834461906,3.775656640470188
3.6375861597263857,6.085736406111591
7.231287004327616,7.269291948189124
0.0,0.17319520828641713
0.6931471805599453,0.4946298451986632
0.6931471805599453,0.5755134284039076
0.0,0.2278920772573157
0.0,0.6570689054986715
5.971261839790462,6.054467427560122
0.0,0.16925608031797734
4.204692619390966,4.9736600583982336
3.044522437723423,2.49482606125415
0.6931471805599453,0.1764027974263195
0.0,0.19326904336366943
8.018954683155718,8.523990641783753
0.0,0.9808855810161882
4.110873864173311,4.219297862168033
1.791759469228055,2.5955954325357484
4.060443010546419,4.35325941689996
3.9318256327243257,3.780833218262742
0.0,0.14422434956360017
0.0,0.22331086708629408
0.6931471805599453,1.4470259166622845
0.0,0.3002261628519809
1.6094379124341005,2.1935335864476238
2.302585092994046,2.3379787358843562
0.0,0.41337719636508563
4.969813299576001,4.954918892282253
3.367295829986474,3.00549862311714
0.0,0.4182874106779312
4.276666119016055,4.507403162181435
7.066466970136958,7.354379776932766
0.0,0.3657548618930619
3.9889840465642745,3.724911072264757
4.07753744390572,6.51408078819699
4.51085950651685,4.064280138454055
1.0986122886681098,0.26308921499421006
7.247080584585756,7.187715014358407
6.467698726104354,6.123509641460104
6.0473721790462776,5.689344402642355
5.799092654460526,5.355293768856901
0.0,0.2573948693968282
0.6931471805599453,0.3132210192580543
0.0,0.22272246246979305
2.19722457733622,2.4595382310716194
0.6931471805599453,0.5444382482795878
4.770684624465665,4.791807624051616
8.060855752934316,8.082603380371108
7.255591274253665,8.09130084206905
1.0986122886681098,0.3295743685511198
0.0,0.16590708784886668
0.6931471805599453,0.3561805679627897
2.5649493574615367,1.2871584554868287
4.736198448394496,5.004623174645044
2.3978952727983707,2.1084285536797993
2.302585092994046,2.2844805907111216
2.079441541679836,1.8425205627771208
6.586171654854675,6.556961059401668
4.330733340286331,4.740010755065241
0.0,0.2340946570747645
1.3862943611198906,2.1823389774614674
2.6390573296152584,1.4046407043447446
0.0,0.17936875293283633
0.0,0.30489325666458955
0.0,0.6304259517264916
6.889591308354466,6.583617461618047
0.0,0.6726545980444391
6.738152494595957,5.988843900503593
1.0986122886681098,0.6053720034815412
4.477336814478207,4.8543905619701055
0.6931471805599453,0.2258523423481755
0.6931471805599453,2.3614533684467185
3.091042453358316,3.366004494008404
0.0,0.1782397058588271
1.791759469228055,2.333369421679347
2.772588722239781,2.136246898674177
0.0,0.4113452097426917
0.6931471805599453,1.6220472073250198
5.68697535633982,4.874821453240337
2.302585092994046,2.5004594691244737
2.302585092994046,1.0229665840368982
0.0,0.125838401822342
0.0,0.2846693522540323
0.0,0.1714220910033766
3.332204510175204,2.911033649469762
1.0986122886681098,1.616715878610175
0.0,0.17759040063724674
3.7612001156935615,3.137707734053544
0.0,0.3629778554743154
0.0,0.41660240776875046
2.3978952727983707,1.8184087794368098
2.772588722239781,2.5638753258872296
0.0,0.1213191453374551
3.737669618283368,3.346079708196505
2.4849066497880004,2.6734008794749564
0.0,0.3639884826751002
3.4657359027997265,3.9412634705174385
4.219507705176107,3.757256902265169
0.6931471805599453,1.862330630488267
3.80666248977032,2.8037899994616415
1.3862943611198906,1.7630064458071177
2.9444389791664403,3.225939127183232
3.784189633918261,3.4407550134276965
0.0,0.2954366275603611
3.4011973816621555,2.63565936148441
0.6931471805599453,0.36383468752754844
7.651595573857601,7.832489248103296
7.262628600974241,6.503612081189238
5.209486152841421,3.664386458527669
0.6931471805599453,1.1983669277490898
1.9459101490553128,2.358624321088539
1.0986122886681098,1.6546417200725176
5.717027701406222,6.0468301843907994
2.8903717578961645,2.507986315652024
0.0,0.2602172287682105
2.079441541679836,1.4877538007782958
3.044522437723423,3.6445740530342556
0.6931471805599453,1.2548186317143903
0.0,0.21269213393525435
0.6931471805599453,0.2407114599289092
1.791759469228055,1.9810051477677026
2.302585092994046,2.262929626895611
1.0986122886681098,2.2028552579450427
2.8903717578961645,2.4144038017325915
8.911934336161426,8.810255976677839
5.41610040220442,4.97034837961427
0.0,0.5948272718860358
0.6931471805599453,0.33892043762092033
3.091042453358316,1.9875754417848122
0.0,0.19801664465043614
0.0,0.1892972262722061
7.027314514039777,6.098615938084377
4.248495242049359,4.896110581734861
1.791759469228055,1.3886130620125277
0.0,0.19432691172573735
2.302585092994046,2.4290013064381255
0.0,0.4450345250885221
0.6931471805599453,1.743219705443416
4.02535169073515,3.704497529208381
2.3978952727983707,2.239456619766291
5.676753802268282,7.4663451920726684
8.700847193443972,5.374817352677106
2.6390573296152584,2.876820866639656
4.343805421853684,4.299282342775568
0.0,0.257017093647153
1.0986122886681098,0.6591061583545159
4.68213122712422,3.9957575420027007
1.3862943611198906,2.0938958956036644
4.143134726391533,4.150345174930015
6.163314804034641,6.35068650709688
6.516193076042964,7.385260077151709
0.0,0.2530853796921599
4.68213122712422,5.077538989330755
0.0,1.3406791184548383
1.6094379124341005,0.631292048614886
2.772588722239781,2.499170882420374
7.57455848420248,7.343942490997369
0.0,0.20795577281399555
1.0986122886681098,2.4451665539825216
0.6931471805599453,0.7667159650634988
3.688879454113936,2.1121987538299383
0.0,0.19969051123086937
0.0,0.17508156789462254
4.0943445622221,3.7968082602707147
2.6390573296152584,1.9964498527334225
0.6931471805599453,1.5018534953731253
4.02535169073515,4.1172328177272695
2.6390573296152584,2.3911871128113056
7.938088726896952,8.770891003550432
7.480992162869525,8.173426622753786
4.74493212836325,4.639741877449822
4.844187086458591,4.714459497122363
1.0986122886681098,1.5988614172884117
1.791759469228055,1.7705706045595022
0.0,0.23388305693074338
0.0,2.3721730200398916
2.079441541679836,1.700001066187053
0.6931471805599453,0.6398153526619699
5.43372200355424,5.578112836687188
0.6931471805599453,0.24054429857910173
0.0,0.18294445944957408
0.0,0.3005354033316866
0.0,0.3855520867154528
1.3862943611198906,1.6103865436029163
1.0986122886681098,0.2165134742236093
0.6931471805599453,0.496843266328451
2.4849066497880004,3.084913784084721
3.610917912644224,3.0110886776817036
3.49650756146648,2.6441612487852395
0.6931471805599453,0.7030278995315342
0.0,0.21857254981635346
1.6094379124341005,2.2875462387956826
4.219507705176107,4.982583478936509
5.834810737062605,5.115781767073191
0.6931471805599453,0.1241384987521502
0.0,1.4898678623224286
5.777652323222656,6.111412102637865
3.332204510175204,3.4482806594189137
0.0,0.45192478726498003
6.878326468291325,6.651102293595329
4.844187086458591,4.4402105198122115
1.3862943611198906,1.96628963674203
1.3862943611198906,1.7505123289265148
0.0,0.18487551327793386
4.04305126783455,4.156249363356007
2.079441541679836,5.463319211784584
2.4849066497880004,0.36202731444796177
0.6931471805599453,0.24218116801024336
1.3862943611198906,0.5100060598878182
2.8903717578961645,2.3540728676065235
4.23410650459726,4.435180787404996
0.0,0.17410389761892264
0.0,0.7039164354477648
1.3862943611198906,1.7022620561726387
9.169976605786628,8.571097395699308
1.9459101490553128,1.2967312521572416
2.9444389791664403,1.148449937525604
1.3862943611198906,0.8596864151617392
4.574710978503383,4.930435926565195
3.5263605246161616,3.6536218928690523
0.0,0.08201776544700223
5.560681631015528,5.512764404845722
0.0,0.18755541241371984
2.772588722239781,3.4280216576827534
0.0,0.3576339271026739
0.0,1.1290079413799659
0.0,0.1134608220301587
2.3978952727983707,3.208697260137334
0.6931471805599453,0.24640989175365466
0.6931471805599453,0.24091196499926723
0.6931471805599453,0.3547436129667552
4.736198448394496,4.5225908278294575
3.5263605246161616,4.275140130146609
0.0,2.208161829162523
2.6390573296152584,1.7939376292284501
0.0,0.8312217931331849
0.6931471805599453,0.3649927575282085
4.51085950651685,3.49052369396664
3.4657359027997265,3.0710848213337525
4.653960350157523,5.922665906742039
4.584967478670572,3.221262079806035
0.0,0.22137798923182642
1.6094379124341005,3.280453438804917
1.3862943611198906,0.22239679656501507
5.921578419643816,4.975174804540401
4.343805421853684,5.289034758624201
3.1354942159291497,1.9195879306787773
4.574710978503383,4.733528625120624
0.0,1.1388160729253725
0.6931471805599453,0.8646161106140129
2.5649493574615367,2.5485377431677434
2.70805020110221,2.929532573842976
8.696510239189893,8.451866095405421
0.6931471805599453,0.18496050672671763
6.018593214496234,5.368362449159231
0.6931471805599453,1.8929350139021353
0.0,0.19147336378008675
2.70805020110221,3.249702567734884
4.762173934797756,5.0732831923527835
0.0,0.2072113158241387
0.0,0.9076395599064532
3.091042453358316,2.374472878545758
0.0,1.0453250948780122
2.5649493574615367,2.8500434550204266
6.732210706467206,6.508762052132728
0.0,0.23907386286792115
0.6931471805599453,0.4277420538719313
3.80666248977032,2.3342487393398548
3.951243718581428,4.020766919061167
2.5649493574615367,0.604131814225564
9.169976605786628,7.72883121373748
1.6094379124341005,2.1624177913556055
1.3862943611198906,1.595054430776546
0.0,0.2840204847251642
0.0,0.20940219060016996
1.791759469228055,2.5998238808030334
7.569927655242652,6.377533751533398
0.0,0.2104110501050531
0.0,0.47354807185435005
0.0,0.7812384872668909
7.910957382845589,7.347130266639292
2.302585092994046,2.863164260628906
3.044522437723423,3.1032592915459714
4.795790545596741,4.450930808788376
0.0,0.5853970493896418
4.74493212836325,3.6655952818063726
6.285998094508865,6.4813603939810935
3.737669618283368,3.762409224135643
0.0,0.3158458790807987
0.0,0.3249356004602347
3.091042453358316,3.5533975576698382
0.0,0.2836826395371507
0.0,0.13547560544711712
0.6931471805599453,0.23650725024227431
7.53689712956617,7.592786324416824
0.0,0.15292752058450013
0.0,0.19011591262352967
0.0,0.3457749353864152
0.0,0.6418597095975161
2.6390573296152584,1.6577532675051052
0.0,0.16627036216878988
6.954638864880987,5.8932275159012475
0.0,0.17859619259622775
3.258096538021482,2.752120264349706
0.0,0.322734725173969
1.3862943611198906,1.6048063521493503
0.0,1.0648595685088311
1.6094379124341005,1.085593608190746
3.4339872044851463,3.356944383203198
2.302585092994046,2.6043757659578386
0.0,1.1373121090674974
2.4849066497880004,0.9641466391503033
5.293304824724492,5.146069314836722
1.0986122886681098,0.2998727582615367
4.465908118654584,4.786276816988221
9.169976605786628,8.154550949516448
1.3862943611198906,1.7454355699868775
1.3862943611198906,1.9852893156589007
0.0,0.23730127268370332
2.772588722239781,3.072065803777297
0.0,1.510194564828055
1.6094379124341005,0.37993952066884507
1.6094379124341005,1.9294884115957047
4.553876891600541,2.8306862010550042
5.472270673671475,5.478398778251804
0.0,0.18074120426106266
0.0,0.1871858586168558
0.0,0.4000932085345283
0.0,0.40233786548803663
3.58351893845611,2.82347953337771
5.7745515455444085,4.031272386264693
0.6931471805599453,0.2328036590571337
5.342334251964811,5.04783651147621
4.844187086458591,3.5150893001496293
0.0,0.180040771080382
1.0986122886681098,2.382471373891285
1.791759469228055,1.8586434616124519
0.0,0.6077077170635726
0.0,0.21253876011996667
2.9444389791664403,1.6788687304225118
2.70805020110221,2.441483823853922
0.6931471805599453,1.5773558588249803
0.0,0.2063618871195698
0.0,0.7165613850292787
0.0,0.27673769658818453
0.0,1.1788024598228357
0.0,0.9236112878422955
0.6931471805599453,1.2720864406148502
0.0,0.06547255589790216
3.6635616461296463,3.356239332932173
0.0,2.172379874520778
0.0,0.25938909123372816
6.522092798170152,5.6517759341735205
3.1780538303479458,2.97174141716578
3.951243718581428,3.5125379331112683
0.6931471805599453,1.8228211723534484
2.3978952727983707,2.8649805100268027
1.6094379124341005,2.395308594260183
0.0,0.13371422473579497
5.849324779946859,5.012708799575119
3.713572066704308,2.917741019332258
0.0,0.23553375107051736
2.6390573296152584,1.691994790058824
7.452402451223638,6.77006864138835
0.0,0.1988427677767134
3.258096538021482,3.3471997555507236
1.6094379124341005,2.0780243886281387
5.3612921657094255,4.929837629581619
1.0986122886681098,2.2365632071933086
3.332204510175204,2.674460510250699
3.970291913552122,4.812386183484113
1.3862943611198906,0.24033003087295027
0.0,0.9232378706606548
0.0,0.21122287000448375
0.0,0.2014691710583325
0.0,0.18075168523055196
2.70805020110221,3.000455073183914
2.302585092994046,1.7563345419164063
0.0,0.2147188041338725
4.795790545596741,4.493491035807877
0.0,0.2045392730972717
3.218875824868201,3.263954773970753
0.0,0.19338599945142723
0.0,0.4841383778390899
4.5217885770490405,3.5563475010072336
0.6931471805599453,0.8033108738040711
1.791759469228055,2.3940602936811306
0.0,0.22657086428505688
2.70805020110221,2.355024155042892
0.0,0.2591927632288385
2.6390573296152584,0.4592445083112071
2.302585092994046,2.0533372105494214
3.6635616461296463,2.665951721724128
7.400620577371135,6.389501949851336
3.49650756146648,3.5613925515284106
1.0986122886681098,1.4387013792054961
0.0,1.5546554544976756
0.6931471805599453,1.7769463798301155
4.770684624465665,5.752995281947244
6.586171654854675,7.123926668232309
0.0,0.2084880422348537
8.258422462458876,8.158561675039177
5.049856007249537,4.69949711331123
0.6931471805599453,0.4586993883397948
0.6931471805599453,0.22511896264949935
1.6094379124341005,1.4865923491440944
4.382026634673881,4.51843406740933
3.912023005428146,3.0433382993103195
4.204692619390966,4.424109440654877
6.322565239927284,5.84149511677071
2.833213344056216,3.369637083709432
0.0,0.2798321958911679
3.871201010907891,4.137594782308955
0.0,2.6064003666666795
3.218875824868201,3.169238317338991
2.772588722239781,3.1744726787640047
1.6094379124341005,0.1962194517691016
2.70805020110221,2.448160119037137
4.174387269895637,1.964312091896231
2.70805020110221,2.374306764427706
3.367295829986474,3.009404441630479
0.6931471805599453,0.6139653780666179
3.713572066704308,3.7654097967344193
0.0,0.4725622776192996
5.220355825078324,5.3056898976934095
1.0986122886681098,0.2907428749270157
1.6094379124341005,2.046100121657109
2.079441541679836,2.014061579205833
0.0,0.6907830839234619
0.0,0.6414785701486051
8.108021221376747,7.763285423250546
0.0,0.464605190136524
7.303843225277705,5.4388955945355875
0.0,1.9181864025572546
0.0,0.21047032487212483
1.0986122886681098,2.206079788819097
4.219507705176107,3.4930745390227673
0.0,0.358753703864535
7.126087273299125,7.1664185853633375
0.0,0.22928259817746172
9.169976605786628,8.800646092483541
5.501258210544727,4.62414636411898
1.791759469228055,2.3428474549341485
1.0986122886681098,0.864242755704686
6.9167150203536085,6.372241235842927
3.610917912644224,3.911717172533221
3.1780538303479458,2.736940289589132
1.791759469228055,2.392406892206476
1.0986122886681098,1.8478040254151873
0.6931471805599453,0.45649245645096154
3.912023005428146,4.56577833165587
0.0,0.5621070008296604
5.799092654460526,6.053121239076654
5.968707559985366,8.052487303397513
0.0,0.21387307328926503
3.713572066704308,3.7467270345869657
0.0,0.5231081030642782
3.1354942159291497,1.7668349136496715
0.0,0.20512471711862276
3.4657359027997265,3.14153041264176
0.0,0.7555008541347235
0.0,0.9763687163818706
5.159055299214529,4.226064474501865
3.332204510175204,1.1207642895537757
6.401917196727186,6.436592154739364
4.3694478524670215,3.9477960333157385
5.1298987149230735,5.336345202250759
2.9444389791664403,2.5760161784474405
3.713572066704308,3.97690481735362
1.6094379124341005,1.215960097098329
4.605170185988092,3.802857750072332
4.127134385045092,4.295731853447558
5.955837369464831,6.475943899908695
0.0,0.40888315960569066
2.3978952727983707,3.051701759987324
5.583496308781699,4.103297068249543
0.0,0.38049736073687845
2.9444389791664403,2.2628196402149885
5.891644211825772,4.696099397761154
5.730099782973574,5.783689966691395
0.0,0.1871791403217066
0.0,0.049051326748062674
6.968850378341948,6.939739906457377
0.0,0.4445042090340882
0.0,0.32290678036932513
2.079441541679836,2.7123407016400027
1.9459101490553128,2.398344580415372
1.6094379124341005,1.1735452539555322
0.0,0.1748702894669605
0.0,0.20743951167610936
2.19722457733622,1.382308831205464
2.4849066497880004,2.1580555667786103
8.546169299652755,5.60872851544289
3.4657359027997265,3.8540158167688
4.158883083359672,4.2641266341713635
0.0,0.5108369668115288
4.499809670330265,4.286690974945479
4.418840607796598,3.409612278581535
0.0,0.43939550695834945
3.5263605246161616,3.8325744616566064
7.047517221357296,6.946369712015283
1.3862943611198906,1.461903927596198
3.6635616461296463,2.8536668197610124
0.0,0.4743422912666565
2.995732273553991,3.5383028298832215
2.3978952727983707,2.627940917183945
0.0,0.2959132478489434
1.3862943611198906,0.3321465799509573
1.0986122886681098,1.0068392630441436
0.6931471805599453,1.3863572812245335
6.068425588244111,5.814487691295005
1.791759469228055,1.8108536662788939
0.0,0.7225915325878033
2.772588722239781,1.5893680239026378
5.905361848054571,4.187819359828758
5.41164605185504,4.9515928670391105
5.579729825986222,4.901321542530451
4.406719247264253,3.299731497552921
7.504942068396171,7.928865483003039
0.0,0.5195647390490784
1.3862943611198906,2.5206170271617614
0.0,0.334755607143104
5.3981627015177525,4.456283138723792
2.772588722239781,3.1935024064777378
3.784189633918261,2.309950164373531
5.541263545158426,6.57868939450907
7.018401799069201,7.011510354725881
0.0,0.9467802564388135
4.060443010546419,3.6439034368999716
0.0,1.0919397961141648
3.49650756146648,2.727663870239508
0.0,0.1930701377205689
1.6094379124341005,2.1593996022948287
3.091042453358316,3.4605284606795577
3.218875824868201,2.353995623734041
0.6931471805599453,0.32343406190895635
0.0,0.2830494241253493
2.302585092994046,3.04455077709501
5.10594547390058,5.481590359429652
4.31748811353631,5.13796709668642
9.169976605786628,8.675407395230202
0.6931471805599453,0.5820879659559927
0.6931471805599453,0.5538564397414621
0.0,0.46756000301319023
4.532599493153256,4.77406769978982
0.0,0.19497702139992304
0.0,0.19351419494188726
7.768110378525988,7.677719357188853
0.0,0.9446992258724741
0.0,0.2755443410098778
0.0,0.358753703864535
2.079441541679836,2.3745968393422667
0.0,0.17950493736953374
0.0,0.229551212682111
2.079441541679836,0.6933510302153951
0.0,0.12886326565622563
0.0,1.970960337450044
0.0,0.3008582196890322
0.6931471805599453,1.5092270431437955
1.0986122886681098,0.5914361777537654
0.6931471805599453,0.313602458570165
9.169976605786628,8.66749383542926
0.0,0.2439465991250494
0.0,4.173565502034677
0.0,0.12779648926186904
0.0,0.5151125095142884
0.6931471805599453,0.3593637865614953
0.0,0.23464168440992442
0.0,0.18793966993474334
0.6931471805599453,0.786947928346605
2.3978952727983707,2.0455872013221135
1.3862943611198906,0.13455696819877608
0.0,0.12644236287849253
2.079441541679836,2.2075742168361723
4.8283137373023015,4.186639827374695
8.178358165605836,7.559591716749822
3.044522437723423,3.3956238981154203
0.0,0.2636247414438058
4.02535169073515,5.228925751479591
4.343805421853684,3.8805944517600133
0.0,0.1966379978936494
6.309918278226516,6.073430208274526
0.6931471805599453,0.15913972959498102
3.091042453358316,3.613046412337247
0.0,0.1644653009100614
2.5649493574615367,1.927434463155219
3.4657359027997265,4.1048472700204375
0.0,0.20933281584087818
0.0,0.21083264931107817
1.0986122886681098,2.617214318192916
0.6931471805599453,2.289311864705348
4.718498871295094,4.9448186321349255
2.70805020110221,3.282658012996266
1.0986122886681098,1.3779711371866004
1.791759469228055,1.9405153284927035
3.80666248977032,3.9594416217026764
0.6931471805599453,1.0424587794494335
0.0,0.7770041323997784
0.6931471805599453,1.4014777934100293
2.5649493574615367,2.9440891709218096
0.6931471805599453,2.351390133531147
1.9459101490553128,1.4870101698016218
0.0,0.19707256889995076
0.6931471805599453,0.1813502033668769
0.0,0.21668842963216145
0.0,0.18303007330511575
2.70805020110221,3.299846033225529
0.0,0.28338156272590087
6.025865973825314,5.841414841930275
0.0,0.5495493968939397
4.8283137373023015,4.503063644782349
1.0986122886681098,2.783914964366819
4.465908118654584,4.5793402489379975
5.572154032177765,5.682158028944059
3.218875824868201,3.162461870737176
4.248495242049359,3.3539795000168087
3.218875824868201,2.8951364921315617
1.0986122886681098,2.585394488984277
0.0,0.3284025040800945
0.0,0.1708791480487207
0.0,0.20099533424198987
6.57507584059962,4.535829053748564
3.784189633918261,3.519441472019118
0.0,2.0853144625540074
0.0,0.31409541724053347
0.6931471805599453,0.5599904499568846
3.688879454113936,3.51221362254589
2.302585092994046,1.979530228170479
0.6931471805599453,0.17977826020629867
0.0,0.3541659271525232
0.0,0.2410458756565162
4.07753744390572,4.084753571309942
0.0,0.24914751616918607
2.4849066497880004,2.2412711159903425
4.04305126783455,4.316380945825376
3.332204510175204,3.4609352155816224
3.258096538021482,3.309025425326939
0.0,0.7464884308337905
0.0,0.18029106183149823
0.0,0.22288470435989016
0.0,0.2550122512390683
5.765191102784844,5.506859782048486
6.084499413075172,6.177517867698021
4.795790545596741,4.160207839812615
2.302585092994046,2.224866220058291
7.305188215393037,7.111389640411948
3.49650756146648,2.455492586268558
0.0,0.2102312073850823
0.0,0.2312118480888377
0.6931471805599453,0.44167768997888146
2.4849066497880004,3.23085439497844
0.0,0.20152456067930102
3.713572066704308,3.598636715564711
5.303304908059076,5.454006514941268
0.0,0.19752263411763316
0.0,0.4006992349187456
1.6094379124341005,2.335480793949475
3.555348061489413,3.764250938453618
0.0,0.26862449066290656
6.025865973825314,5.671667857046223
0.0,0.26454730488275513
5.926926025970411,5.297803380823776
1.791759469228055,3.12104257587514
2.6390573296152584,2.833970553779202
0.6931471805599453,1.3974883167788228
4.060443010546419,4.940506963055959
5.3706380281276624,5.63747751240992
3.044522437723423,2.6094390705196293
2.19722457733622,4.063304373293539
1.3862943611198906,1.8121952666073606
0.6931471805599453,1.6046593776243525
4.727387818712341,4.531937567717232
2.3978952727983707,1.0917317533418451
1.0986122886681098,2.1286226597202753
0.0,0.3370541984451156
0.6931471805599453,0.32220299450716183
0.0,1.0774068398552112
1.0986122886681098,2.0737811096519603
8.458504195067558,7.227767595880883
1.3862943611198906,2.373950208556122
5.634789603169249,5.902754956804439
0.0,0.1980590600049128
0.0,0.11960257945760894
1.3862943611198906,1.8072300012221474
2.302585092994046,2.179320114285724
0.0,0.6681907033370622
2.19722457733622,2.0411775196623285
0.0,0.2096585416662806
4.465908118654584,4.255904833750348
0.0,0.5619559746116625
0.0,0.19353369073983126
2.772588722239781,1.5035589110831047
3.8501476017100575,3.610573110879351
2.302585092994046,3.180922761001085
1.6094379124341005,2.4463125812307567
1.3862943611198906,0.6542556434623346
3.044522437723423,2.7498059701713866
1.0986122886681098,1.1926325907042528
1.0986122886681098,0.19796981744741762
0.0,0.20219664572444626
4.0943445622221,3.560990960186363
3.295836866004329,2.9386399428659584
1.0986122886681098,1.4392878360003316
1.791759469228055,2.0454770124974386
1.791759469228055,1.0127318382329118
0.0,0.35790528011455064
2.833213344056216,2.525472821711506
4.74493212836325,4.351478826150954
3.6635616461296463,3.2012462110926005
0.0,0.5488575976022312
0.0,1.2038997958649078
4.605170185988092,3.0777813884985323
0.0,2.4138846535810874
5.746203190540153,5.941150749564448
0.0,0.19160004119934199
6.946013991099227,8.210606276271692
0.0,0.6955187375270854
0.0,0.17097395939958226
3.367295829986474,2.621433738436486
1.9459101490553128,2.2428211009061836
1.3862943611198906,2.8026444138005164
6.093569770045136,5.744934174491957
8.621733370690162,7.9563249410486305
1.791759469228055,2.054626721538844
0.0,0.22716341217984337
3.4011973816621555,3.617314511030975
0.6931471805599453,0.4765694812935197
0.6931471805599453,0.20828578771415743
0.6931471805599453,1.0981365107336007
4.23410650459726,4.668736918595196
0.0,0.10491108439436625
0.0,0.23835519363064103
1.0986122886681098,0.8414354775550406
4.709530201312334,3.9117121794400096
0.0,0.19993235336100823
4.564348191467836,4.065287563657063
1.3862943611198906,1.801363518101358
0.6931471805599453,0.1573466778764588
0.6931471805599453,0.22289634469339137
3.8918202981106265,4.068166483040876
4.343805421853684,2.956318974801541
1.6094379124341005,1.5709899276417185
0.0,0.17760654233570758
0.0,0.19329400693747387
0.0,0.3171241021594735
0.0,0.15047666965847195
3.258096538021482,3.8547653600737264
0.0,0.19351507338202348
0.0,0.5759253122100604
2.6390573296152584,1.6182919365126431
2.9444389791664403,2.9092459638380572
0.0,1.020789540243513
3.1354942159291497,3.3243096662159055
5.497168225293202,5.5625566025707025
4.770684624465665,4.057920500979077
0.0,0.17753910779910045
0.6931471805599453,1.112010779939743
1.6094379124341005,1.5753896254637878
5.849324779946859,5.607931523340094
0.0,0.9356450408007864
6.421622267806518,6.345719181540042
0.0,0.8884814520281239
0.0,0.19416947557056377
1.0986122886681098,1.6767095522239563
0.0,0.2852712978061514
0.0,0.5645368486690717
2.5649493574615367,3.377767160044046
1.3862943611198906,2.2353912543216055
0.0,0.27841835392960235
0.0,0.2130082829319152
0.0,1.2337212722504427
0.0,0.43640268570830265
8.025516386489008,7.9422320902796235
0.0,0.23900566551608934
0.6931471805599453,0.4287075020379839
0.0,0.48007188474494417
1.6094379124341005,1.7086614622997987
4.48863636973214,5.732363742955143
3.5263605246161616,3.961251060611685
0.0,0.1531527408027016
0.0,0.25515362661344076
5.752572638825633,4.54846338950921
3.737669618283368,3.806018838972782
0.0,0.20007466411454922
2.302585092994046,1.8695993260776198
2.772588722239781,2.7198872928105624
4.74493212836325,4.627388153780653
3.610917912644224,3.272831425015511
0.0,0.2889527460696786
5.5909869805108565,6.305326872286686
0.6931471805599453,1.9193149079996479
1.0986122886681098,0.3259558365773767
2.5649493574615367,2.675636475263812
0.0,0.19484190658861464
1.0986122886681098,0.3510237751847946
3.8918202981106265,3.560413347541556
6.895682697747868,7.822820325233692
2.772588722239781,3.4592626431779334
1.6094379124341005,1.7868365374476987
0.0,0.7115095581431305
3.258096538021482,3.5334927874549993
0.0,0.2117922290085659
1.3862943611198906,0.4101479417625382
1.3862943611198906,0.4563300126350317
0.6931471805599453,0.9020008333191236
0.0,1.3348979318924488
4.6443908991413725,4.540262782206177
6.827629234502852,7.195525655519825
2.19722457733622,3.2962922843888043
4.976733742420574,4.615950719580415
2.079441541679836,3.4506745467322277
0.6931471805599453,1.4631038009820658
4.574710978503383,5.179661502961973
1.0986122886681098,1.893504534908885
3.295836866004329,3.234613887914502
0.6931471805599453,1.0563976937319306
4.867534450455582,4.8712083047723675
0.0,0.4028771552564584
0.6931471805599453,3.0851439544525388
4.127134385045092,4.319919283676407
0.0,0.31040512491355676
1.9459101490553128,0.5468784610716348
0.0,0.35405533231528763
4.23410650459726,3.9380662778830002
0.0,0.5619559746116625
0.0,0.20207827843149342
0.0,0.2014304884768515
3.49650756146648,2.553099845924993
0.6931471805599453,0.19065474264382873
1.791759469228055,2.322657027739011
0.0,0.19779809032404724
0.0,0.2618583155360046
0.6931471805599453,0.42450303447162996
0.6931471805599453,0.6171164651085009
4.262679877041316,4.268125224665406
0.0,0.19641825113614797
7.267525427828172,7.604218001973583
4.30406509320417,3.938920617069468
0.0,0.25098100177475025
2.70805020110221,2.65241375347637
0.0,1.752547705948544
0.0,0.3380738991576979
4.07753744390572,4.225464362820517
0.0,0.2989861369609973
0.0,0.24804890325374798
0.6931471805599453,0.5864393246798857
0.0,0.22879902673248184
0.0,0.17875939495281898
2.4849066497880004,2.8617584607831446
0.0,0.20028158195312445
2.6390573296152584,1.7251071487161571
4.836281906951478,4.962985300706314
3.610917912644224,2.834928295576106
3.091042453358316,2.1322698137293976
9.169976605786628,8.074060688975553
0.6931471805599453,0.2771667324816316
3.951243718581428,4.662611466243887
2.6390573296152584,3.57170876153249
0.0,0.17683035205118336
0.0,0.4497691495193269
3.555348061489413,3.0783552773497638
0.0,0.21122068904911875
0.0,0.29307939190747584
0.0,0.19993235336100823
0.0,0.26092081822765784
2.9444389791664403,2.4902576981370634
7.389563953677635,6.738112399473991
0.6931471805599453,2.065329179037466
4.882801922586371,5.121635997472554
6.269096283706261,5.749424323290599
5.062595033026967,4.575796458640889
2.3978952727983707,1.0820985464734072
5.5093883366279774,6.134935673829726
0.0,0.18928834523351434
7.463936604468925,5.618148442769766
3.218875824868201,3.0524568687121887
6.144185634125646,6.045171709182551
6.678342114654332,6.434349580192368
7.704811922932594,7.519380000738339
1.0986122886681098,1.2598809857690771
3.49650756146648,5.728888056142549
0.0,0.21395295444358345
0.0,0.2825165369629945
0.0,0.5909350275108126
0.0,0.4204302623998505
2.70805020110221,3.458973080883823
2.19722457733622,0.6874109197692103
1.6094379124341005,1.8506324800377838
5.529429087511423,4.419839116449293
5.891644211825772,6.582017868750834
2.772588722239781,2.0452563222620306
0.0,0.4020102820181931
3.4011973816621555,3.6729342762871204
1.9459101490553128,2.8154002144359236
0.0,0.19562009391082177
3.218875824868201,3.161435039074521
4.8283137373023015,4.598216975946625
0.6931471805599453,0.21042087647498975
0.0,0.4777688886423136
6.118097198041348,5.999015661293868
2.6390573296152584,2.3542876650487967
4.875197323201151,4.4943390625605115
2.302585092994046,3.5655541759830536
1.791759469228055,2.0788024148100503
5.525452939131784,4.342762007701358
0.6931471805599453,0.17604502732594454
2.19722457733622,1.8367843878859398
0.0,0.45079452636828626
3.9889840465642745,2.5590634357139597
2.995732273553991,2.608383652169181
0.0,1.0120213979857
2.302585092994046,1.317542494213821
0.6931471805599453,1.397677095437651
2.70805020110221,2.9416981940178117
1.9459101490553128,2.3706122241814547
0.0,0.1266598106140393
0.0,0.6913060043413372
0.0,0.17825489505662837
0.6931471805599453,0.3398824135507568
0.6931471805599453,0.7677026028837383
2.70805020110221,2.2429123137858937
0.0,0.2848741355479346
0.0,0.1460240588542475
2.772588722239781,3.5989464094177563
0.0,2.0959824400615954
0.0,0.192545106746488
9.169976605786628,6.562967149598896
2.772588722239781,3.2295896635191426
7.076653815443951,7.038044421678563
0.0,0.1821254773243088
4.574710978503383,4.393558219605813
2.70805020110221,2.2836211824095245
2.5649493574615367,2.881804529740934
5.298317366548036,4.5385919390238465
3.8918202981106265,3.4784544786071394
5.0238805208462765,5.182301961290091
4.574710978503383,3.053239825974848
2.079441541679836,1.6196073796885084
3.49650756146648,3.3129017753789087
1.3862943611198906,2.6857425590630317
0.0,0.207986574085991
0.0,1.9781130689485515
0.0,0.1872947838949018
6.230481447578482,6.063542721450413
9.169976605786628,6.352289179105835
6.249975242259483,6.524857992919724
0.0,0.17403441002347203
1.3862943611198906,2.005588621376901
0.0,0.3373314903001349
0.6931471805599453,0.20630683777455378
5.0369526024136295,4.589568437157207
2.19722457733622,0.2632647198540348
2.5649493574615367,2.257940442726951
0.6931471805599453,0.2544168183191483
1.0986122886681098,2.5783456848679775
5.365976015021851,5.760241865524168
0.0,0.19833296765876504
0.6931471805599453,1.419654180728273
0.6931471805599453,0.332100763182843
7.2875606403097235,7.729422928193467
0.6931471805599453,0.8157769215245096
2.4849066497880004,2.938468617269134
1.6094379124341005,0.773000483141596
2.19722457733622,1.0105235749128743
2.079441541679836,2.1686527023749314
4.532599493153256,4.782359142609028
3.091042453358316,2.834000589686929
6.311734809152915,6.31813053669014
6.013715156042802,5.608512086484474
2.6390573296152584,3.395184298138197
3.1780538303479458,2.4593709676430717
3.4657359027997265,3.647286120374108
5.308267697401205,5.063536192487042
3.8918202981106265,3.9874341558769113
0.0,0.17645969871114298
1.9459101490553128,1.3181027209734368
0.0,0.426740485542866
6.2166061010848646,6.572420701243516
2.70805020110221,3.440858974211827
0.0,0.16861671509292794
0.0,0.21513316687963938
0.0,1.8048994277072052
0.0,0.7602906249936622
3.367295829986474,2.2957796744455843
0.0,0.4051119910564697
2.4849066497880004,2.5790966987380197
2.70805020110221,2.86377969625311
3.091042453358316,4.657757170498106
3.951243718581428,4.115341399138214
2.3978952727983707,2.2831530369326813
0.0,0.49813349583499894
0.0,0.6544049181710679
2.079441541679836,2.0209909695143575
4.983606621708336,4.799750104815445
3.367295829986474,2.425685534816379
6.300785794663244,7.717684848434317
0.6931471805599453,0.4603665607502508
3.6375861597263857,2.3292238501757927
3.044522437723423,2.841384047114911
1.3862943611198906,1.285216230705769
0.0,0.22014089482617136
6.190315405853148,5.7777746783056605
2.19722457733622,3.127824357754862
2.302585092994046,2.35806427521181
2.302585092994046,1.7581314761924782
2.19722457733622,2.5112193211052416
5.043425116919247,5.142896254018685
0.0,0.5821853950508619
4.962844630259907,4.28863340247731
0.0,0.1821457021042579
0.6931471805599453,0.615113338213292
5.697093486505405,5.572422440247613
6.670766320845874,4.645867864343915
0.0,0.6071581736017259
1.6094379124341005,2.1299951177101484
9.169976605786628,6.480457250619502
2.302585092994046,3.224500127184184
2.5649493574615367,1.7408577401317842
3.367295829986474,3.1605570346144662
1.0986122886681098,0.22821199116881777
0.0,0.8661045033758401
0.0,0.3595859635474473
0.0,0.2894057692740865
0.0,0.2139226256735949
0.0,0.5855236611067063
4.934473933130692,4.930938831547856
0.6931471805599453,0.39986362993301133
0.6931471805599453,1.1307186800915923
0.0,0.18424795290070414
0.0,0.5979083707871677
5.3706380281276624,4.578369611705918
2.079441541679836,3.1223860564408623
4.174387269895637,3.1896500239900765
2.302585092994046,2.0759012349864916
3.713572066704308,3.8244285116844745
3.218875824868201,2.6639583014812898
0.6931471805599453,1.6303672586140914
1.3862943611198906,1.6105366162176116
1.0986122886681098,0.2838786518275735
4.948759890378168,4.9617810141241625
0.6931471805599453,0.3848578905057757
4.204692619390966,3.6368888322254054
7.302496423727326,7.216135128220292
3.1354942159291497,4.590131907226004
5.209486152841421,6.545489785832027
0.0,1.7941327182722302
0.6931471805599453,1.3943356670563123
0.0,0.23803537469111255
0.0,0.21595418079572515
0.0,0.18739397707219044
0.0,0.31930009527970155
1.6094379124341005,2.047871026396972
1.0986122886681098,0.33348254662561594
0.6931471805599453,1.9007454040835203
2.8903717578961645,2.5370379644648677
1.3862943611198906,1.9184017480791542
0.0,1.2251378240180573
4.23410650459726,6.19344535071411
0.0,0.964916920620924
3.4339872044851463,3.055752482338877
2.079441541679836,1.3011611871230824
0.6931471805599453,2.443131716097283
2.70805020110221,2.2963916722470357
0.0,0.34350684807367404
1.3862943611198906,0.5044914479150149
2.772588722239781,2.7060609521802004
0.6931471805599453,0.25134425775511215
3.555348061489413,3.7667131950669774
5.049856007249537,4.4028415889172035
2.6390573296152584,2.5427706210434664
0.0,0.9629102853328433
8.53346016388011,4.006997795254319
1.6094379124341005,2.1453380317201436
3.9318256327243257,3.914242163453363
2.6390573296152584,2.2575449800491945
0.0,0.3640294940348655
2.5649493574615367,2.426490308944252
2.70805020110221,2.790394372325093
1.0986122886681098,1.1617574529213688
2.772588722239781,2.0748764530567803
2.079441541679836,3.100672931810767
0.0,0.41047828263794073
0.6931471805599453,1.9652526003837307
4.941642422609304,4.86799050022351
0.0,0.21206112217936368
0.6931471805599453,0.3419775424140367
0.6931471805599453,0.6898847872935597
1.0986122886681098,0.2879816583227477
4.477336814478207,4.420365497102112
1.791759469228055,0.5633199854462678
0.0,0.528950400936248
4.574710978503383,4.832173679668279
3.367295829986474,4.010548289477711
4.61512051684126,5.366184108799881
3.091042453358316,2.423025172442807
3.6375861597263857,3.722168804321472
4.691347882229144,4.435446459580053
3.8918202981106265,4.056995035234054
0.6931471805599453,0.7047833530464944
3.295836866004329,3.8243235435416754
2.6390573296152584,3.3334470382282544
2.5649493574615367,2.965452681967244
2.833213344056216,2.1097924097931293
0.6931471805599453,0.9227164512878478
5.814130531825066,5.382697600840276
6.532334292222349,6.44043447352546
5.332718793265369,4.523115100967862
0.0,0.3611736272939793
0.0,0.18175392144805833
0.6931471805599453,0.6918089700711934
0.0,0.1710779410378386
1.6094379124341005,1.2328636355469966
0.0,0.16521902470154923
3.80666248977032,2.949129315134935
1.0986122886681098,1.4189773018521472
0.0,0.26828451370410467
0.0,1.0887895310231601
2.3978952727983707,2.198356533235999
0.0,0.22441469833690003
0.0,0.2573948693968282
3.4339872044851463,2.9848765656271667
2.6390573296152584,2.775922072954064
0.0,0.3088510185920345
1.3862943611198906,1.592288773279054
0.0,0.2081414404688967
9.169976605786628,5.324333960343513
1.3862943611198906,0.8213551489214167
4.406719247264253,4.761716690800311
0.0,0.135365872096435
2.6390573296152584,2.441584672528437
0.0,0.1994514460396103
0.0,0.2494455033544023
0.6931471805599453,5.854019072080247
0.6931471805599453,0.2159051057399963
3.1780538303479458,2.418523211642166
6.595780513961311,6.546353780677615
2.5649493574615367,2.6506374623380498
2.19722457733622,3.864659093538897
3.4011973816621555,2.5343641124622693
2.079441541679836,2.439799688779969
0.0,0.20848821236023066
3.1354942159291497,1.2248660353507486
0.0,3.491351120653861
5.1647859739235145,5.980947508794129
0.0,0.2128132103390586
1.3862943611198906,0.41323513867818346
0.0,0.22942593153610907
6.1224928095143865,6.812460913261753
4.07753744390572,3.3676857065373316
0.6931471805599453,0.4983249828783544
0.0,0.38541219941144605
0.0,0.873162945200206
6.884486652042782,5.279545413797162
4.04305126783455,4.690311846076672
0.6931471805599453,0.5059161160011185
3.258096538021482,3.4587237735604104
4.0943445622221,4.065642293681452
0.0,0.5138839590759188
2.5649493574615367,2.871282848482181
4.709530201312334,3.6443650130349705
7.934513463882263,8.173508631453295
0.6931471805599453,0.7143284307359336
0.0,0.2067860908775223
4.23410650459726,3.929673180471245
2.833213344056216,2.7743428095150944
3.912023005428146,4.42233651195524
3.367295829986474,3.671997168336004
1.9459101490553128,0.9903301063905485
0.0,0.2844608517190239
7.659171367666058,7.119544476177702
3.4011973816621555,4.060992830817588
0.0,0.2426366667154425
0.6931471805599453,0.32860380763834657
1.3862943611198906,0.40260530668416544
2.079441541679836,2.764192847664439
1.0986122886681098,2.0610101789089987
4.663439094112067,4.056479738423908
0.0,0.5152625219076569
3.8501476017100575,3.965300464171315
3.4657359027997265,3.519472025352831
0.0,0.7624523179203831
2.5649493574615367,2.994648701374855
0.0,0.1915331586324387
4.060443010546419,3.8691152282917822
1.0986122886681098,0.3228155526526535
3.4657359027997265,3.7204506797264556
0.0,0.5005293578745504
0.0,0.38670242564763385
0.0,0.33179967233187985
2.19722457733622,1.5689218646058452
2.70805020110221,2.5255289902029014
3.951243718581428,3.3835762351672893
5.438079308923196,5.013447295371005
0.0,0.521727511955539
3.044522437723423,2.7802547522863983
4.382026634673881,3.8231546300194115
0.6931471805599453,2.016226386555038
0.0,0.21539638771681924
4.574710978503383,3.7727442173634844
0.0,0.23108654733742093
0.0,0.6142864738439705
0.0,0.19362049532526984
0.0,0.197208416088595
0.0,0.3928220275681775
5.676753802268282,4.8560618903852335
4.0943445622221,3.3810784402459975
3.58351893845611,4.214570253827511
3.367295829986474,2.7878850301130718
0.0,0.39768505890058986
0.6931471805599453,0.43574396936034776
0.0,1.554829176256134
0.0,1.88345384129264
2.19722457733622,1.9398108619384624
0.0,0.21435645948854476
4.143134726391533,4.639158944842416
0.0,0.7700508727214843
3.4011973816621555,3.5339029215903683
0.0,0.25172428897897103
4.23410650459726,4.742632513948789
2.079441541679836,1.6043430304493658
1.9459101490553128,2.4542241995431895
3.367295829986474,3.1097102212372523
0.0,0.10310225405363016
0.0,0.24479907546013288
0.0,0.28189214633237863
0.0,0.7048079689736001
3.258096538021482,2.355529781940827
0.0,0.9406635415665179
0.0,0.27442771670759436
3.1780538303479458,3.375379561382341
3.5263605246161616,2.1809445116411132
6.79794041297493,6.749561236975037
6.131226489483141,5.221506124120737
9.169976605786628,8.62774082638268
3.49650756146648,3.4359257017079696
4.584967478670572,4.2496718431697404
2.079441541679836,2.625914627378849
0.6931471805599453,0.887840049678783
0.0,0.16309923548153918
5.298317366548036,5.878072007021345
0.0,0.18123808999095747
2.19722457733622,2.209019105633414
0.6931471805599453,1.418472036137513
3.7612001156935615,3.9593233976067266
0.0,0.47136350307617625
4.02535169073515,3.507948404294287
1.0986122886681098,2.1039234977136707
2.5649493574615367,2.6588608570667183
0.0,0.22208296927058774
4.8283137373023015,4.967890951556945
0.0,3.1460767367410187
0.0,0.07489859070987903
3.970291913552122,4.18696210535023
0.0,0.8469116633749327
0.0,0.1733614047351668
0.0,0.04615654647716838
2.9444389791664403,1.4974682167200217
0.0,0.4998919676111556
1.0986122886681098,0.6540613098651481
0.0,0.7496182612888636
2.833213344056216,2.1438149402539697
8.44741429680832,10.089265855756619
4.990432586778736,5.1319660713864295
0.0,1.2120275166791477
3.1780538303479458,3.5380126760579507
3.4339872044851463,3.059436962818821
0.0,0.3334325400659821
0.0,0.1727215033991825
6.218600119691729,6.1299321294331515
2.3978952727983707,2.282700737172227
6.29156913955832,7.6322617769430074
3.218875824868201,3.718622747414933
0.0,0.19675743216150884
0.0,0.336346522290402
0.0,0.3292255802848995
4.543294782270004,4.423754355492605
0.0,0.7030205819302432
1.6094379124341005,0.5654634215416188
1.3862943611198906,0.21364696189725596
8.881558488638976,5.164801145404408
5.262690188904886,5.637092681742748
1.3862943611198906,2.4300921215178866
0.0,0.20556646851450888
0.0,0.29902526225371845
0.6931471805599453,0.6680644035828814
0.6931471805599453,2.775798978780784
0.0,0.17674074460803255
7.906915488678587,7.60606434598709
1.0986122886681098,1.0254369513126715
2.079441541679836,2.093300978672434
1.6094379124341005,2.224844356057084
2.3978952727983707,2.52399116748769
0.6931471805599453,0.36789071381261196
4.110873864173311,3.6762391606065665
0.0,0.38050445500303803
0.6931471805599453,1.6187350685907562
5.332718793265369,4.484761529554676
0.0,0.19896418482342051
5.236441962829949,5.324183472752003
3.258096538021482,1.8146495486103902
0.0,0.45729086147205
3.1354942159291497,2.1626347407683313
6.498282149476434,6.088686934662616
3.912023005428146,4.893170516117234
0.0,0.21275578478622215
6.244166900663736,4.979423400333031
5.560681631015528,5.043926282261734
6.416732282512326,6.096345583885756
2.772588722239781,2.508980176680029
0.0,0.7931949821412263
5.41164605185504,5.100470030553578
1.791759469228055,1.571496195520847
2.079441541679836,2.2087502430228407
1.9459101490553128,3.1869260925692786
2.19722457733622,2.240593028834408
1.0986122886681098,0.5421816267374209
3.555348061489413,3.373374968476953
0.0,0.35247163460321806
0.0,0.15086514189588343
3.610917912644224,3.0692996491255204
1.3862943611198906,1.3844858140194747
3.7612001156935615,3.094188645324883
1.3862943611198906,1.3721671319631044
0.0,0.5995170578851305
4.110873864173311,4.236014648612797
0.6931471805599453,0.7560577158476891
6.102558594613569,5.740505778759055
5.0238805208462765,5.2598705719037495
2.079441541679836,0.9336445105840214
1.9459101490553128,1.83581653267581
0.0,0.1739964135163439
1.6094379124341005,0.28924876847259445
0.0,0.1464911870598926
1.0986122886681098,1.168632627013552
3.367295829986474,3.249499524309947
0.0,0.1616017214333064
3.58351893845611,3.2957638318874016
0.0,0.204719984565663
0.0,0.18306814971949653
1.0986122886681098,1.48307128130551
1.9459101490553128,2.34605976369824
1.0986122886681098,2.890213304748443
2.079441541679836,2.1209781549598685
4.04305126783455,3.660447185065047
0.6931471805599453,0.21394749131729232
1.3862943611198906,0.5405192283065757
1.3862943611198906,0.26362261007668125
0.0,0.5081358905741683
0.0,0.5036107846456386
0.0,0.19770774710081737
1.791759469228055,1.9696291982529475
0.0,0.35022894228056817
8.375860015299594,8.256645172084353
1.0986122886681098,1.3042189891313167
0.6931471805599453,0.23445126533623847
0.0,1.019076315001006
0.0,0.9971492046753918
2.9444389791664403,3.2505651667571964
0.0,0.34877737795320524
0.0,0.23318320683205296
0.0,0.18261022107983926
0.0,0.2800024094090595
1.0986122886681098,1.9318226928317652
2.302585092994046,1.3950886096133845
0.0,0.1853437233745268
2.772588722239781,2.256494055924904
3.367295829986474,4.052984334062331
0.0,0.2537021319980481
1.3862943611198906,1.6455339654551482
0.0,0.19788750616056627
3.555348061489413,2.6178181765696253
5.655991810819852,5.148685460993157
0.0,0.19200143900493802
0.0,0.16296184045108864
1.0986122886681098,1.7787112984629208
1.3862943611198906,1.5674345637057328
6.419994928147142,5.851231400277323
1.3862943611198906,2.8634849718897755
2.4849066497880004,0.44860156154055597
1.3862943611198906,1.0765467154733328
0.0,0.14942471149832504
6.326149473155099,6.2852587122514905
1.3862943611198906,0.6913639731379092
0.0,0.1916962069411963
3.044522437723423,3.156805312935384
0.0,2.5392028649012803
2.772588722239781,2.529051388807434
2.70805020110221,3.2269405681823957
5.641907070938114,5.170080474860365
1.3862943611198906,2.5242501531095023
0.0,0.09664202996168958
9.169976605786628,8.274716073329257
0.0,0.6944446291992649
2.19722457733622,1.6300005133931945
3.1354942159291497,2.937173002900691
0.0,2.4053585514065237
0.0,1.6089566476643768
4.04305126783455,4.300538769109492
0.0,0.1918923023890333
1.6094379124341005,2.3420432244849376
0.6931471805599453,0.2510989554085095
2.9444389791664403,2.469846003000907
0.0,1.8620634183583817
0.6931471805599453,0.9008006270608314
0.0,0.27426422076858636
2.70805020110221,2.9972855703145647
4.3694478524670215,3.881371450430937
0.0,0.5849001768626764
3.555348061489413,3.589257568658195
1.0986122886681098,2.0009576871232726
0.6931471805599453,1.0980206693131052
0.6931471805599453,1.8362158391214194
1.791759469228055,1.7988913616711368
1.0986122886681098,2.183863352907845
0.0,0.5592826720130619
3.1780538303479458,2.835712705221853
1.791759469228055,2.0903576824565833
7.042286171939743,6.2578647661212585
1.0986122886681098,2.1756208028149113
5.840641657373398,7.91936419531225
4.663439094112067,4.245928779307778
3.555348061489413,4.15158855701591
5.717027701406222,4.491802328728758
5.846438775057725,6.008606596210131
1.6094379124341005,1.1077677699414248
3.8501476017100575,3.9002038632670937
0.0,0.5325598312431772
9.076237387452702,8.473830231303856
0.0,0.2440661256597218
0.0,0.2587394228642229
0.0,1.8227843263607244
1.3862943611198906,1.8854570389079048
3.58351893845611,3.8508443861212123
0.6931471805599453,1.2855670008327558
0.0,0.19737593888707372
5.153291594497779,4.717563062258888
0.0,0.24466884738858144
0.0,0.18154768795855364
1.0986122886681098,0.4641428649700402
1.6094379124341005,1.937897745447208
0.6931471805599453,0.43197301817868133
6.306275286948016,5.825376595790932
2.70805020110221,2.941893122802008
4.844187086458591,5.139537294243503
5.093750200806762,5.017438921842963
1.0986122886681098,0.5404797813792775
1.0986122886681098,1.6773279998318795
1.6094379124341005,1.567625704336778
4.418840607796598,5.939562452044324
7.374001859350161,7.528303629077336
0.0,0.23390799851519944
0.0,0.5372383896852108
0.0,0.3546137012762869
1.0986122886681098,2.308443041844437
0.0,0.3008326208081244
0.0,0.740856387967821
7.868636894184167,8.00331571410773
2.6390573296152584,2.186796551603438
0.0,0.2865742981052462
3.80666248977032,3.6625165593330324
2.3978952727983707,3.2122628376194284
7.518607216815252,8.21356294044602
1.3862943611198906,1.7544529005871166
5.030437921392435,3.9444029419919917
3.1780538303479458,3.3821391595666355
2.4849066497880004,2.913889731542057
0.6931471805599453,1.0470256362659198
0.0,0.6946542921313598
3.737669618283368,3.384224313298466
3.1780538303479458,1.0523359537789128
2.9444389791664403,3.030034904747973
4.68213122712422,4.404806628209476
7.888709524182015,6.551488562460379
0.0,0.23843082950742905
0.0,0.30915006862714456
3.4339872044851463,5.021367999011736
3.1780538303479458,3.826914069298057
1.0986122886681098,1.3566498484874894
1.6094379124341005,2.2490482277267247
0.6931471805599453,1.0563757438819987
4.574710978503383,4.7357268540142154
0.6931471805599453,0.4837674663310412
3.091042453358316,3.324501087214878
4.23410650459726,3.1062925185787322
1.0986122886681098,1.028927572501561
3.7612001156935615,5.207878101793663
1.0986122886681098,0.25146126843140587
6.190315405853148,6.184548520889149
2.19722457733622,2.0776036288497775
0.0,0.24358853277522727
0.0,0.1935171306681429
0.0,0.2012787115841595
7.107425474110705,7.136657072173095
0.0,0.19598249929036538
4.219507705176107,3.8713763995324415
2.833213344056216,3.3894686315526465
2.6390573296152584,1.8803030618324428
1.3862943611198906,2.1245034120077273
6.0867747269123065,6.166732814724239
1.0986122886681098,1.9268017862501752
0.0,0.30210104811553024
1.0986122886681098,1.4980072019919675
2.5649493574615367,2.9450608426768157
3.218875824868201,3.236977256023327
7.500529485395295,5.983738127784637
5.575949103146316,5.363714952127072
1.9459101490553128,2.077051119566483
0.0,0.18290811459177445
0.0,0.17627050672282896
0.0,0.16572228284524015
5.666426688112432,4.81488648773364
4.882801922586371,4.186480024863214
4.23410650459726,3.953556007758039
3.80666248977032,4.530792441184646
2.5649493574615367,2.2168952147844965
5.746203190540153,7.379718808877014
0.6931471805599453,1.6064826492810367
0.0,0.14470590412107698
0.0,0.26211799472984015
7.068172000388042,6.885089949532145
5.003946305945459,4.1759796059101015
3.610917912644224,3.7887031295497335
1.6094379124341005,0.783569829065328
4.394449154672439,3.602585583759795
0.0,0.5830015452288462
3.091042453358316,4.028022038452451
1.0986122886681098,1.6722369555572136
1.0986122886681098,0.4155830183317685
0.6931471805599453,0.906921351749919
2.19722457733622,2.1441684381773887
0.0,0.4466550865880743
5.0369526024136295,3.6301294696298045
3.4657359027997265,3.8103574999459164
0.0,1.926442350289776
0.0,0.31510815186418806
4.532599493153256,4.855020317209062
4.02535169073515,4.21038929454893
0.0,0.15984531814936095
0.6931471805599453,1.3679448162653949
1.0986122886681098,0.11078061668248611
2.3978952727983707,2.3411562184389596
0.0,0.1720365390859422
5.948034989180646,5.983348914978645
0.0,0.23404819573658134
0.0,0.1949900153442164
0.0,1.0362960543419135
0.0,0.25716939145447604
2.079441541679836,3.3361169093508427
0.6931471805599453,0.9862494902841572
0.0,0.35580806977211776
0.0,0.3005862086647113
0.0,0.16582056583362428
0.0,0.23440464551200418
0.0,0.2241785666368994
0.6931471805599453,0.293687468094225
7.408530566894626,6.967032946268358
0.6931471805599453,0.2855849697679072
5.402677381872279,5.38126232926768
4.584967478670572,3.960337165302991
1.9459101490553128,1.884023714604787
2.3978952727983707,2.349540064053297
0.0,0.16681349456493125
0.0,0.8982439954587753
5.613128106388071,6.179044736849131
7.620214770574455,7.3367193310179335
3.6635616461296463,3.468608200645687
0.0,0.2157584351185405
3.044522437723423,1.604782828631543
6.86484777797086,6.992720160251
4.276666119016055,2.6685545966777715
2.19722457733622,3.077140617358255
0.0,0.21178418938515947
2.6390573296152584,2.582785962885757
1.9459101490553128,1.9352947975501147
1.6094379124341005,2.154285625473887
0.0,0.09643792215851543
7.60887062919126,7.02540389633183
7.004881989712859,4.6268115262507346
7.80954132465341,7.474023715313672
2.3978952727983707,2.7201044460466495
4.04305126783455,3.454487431112604
6.023447592961033,6.459999002779998
4.204692619390966,1.4755761997063457
1.9459101490553128,2.1611561938678236
0.6931471805599453,0.49024699878652095
0.0,0.9384369657600443
3.6635616461296463,3.214001460371938
3.295836866004329,2.6347363010767655
3.871201010907891,4.431608311053192
0.0,0.6291368407581508
1.3862943611198906,0.8207021993773389
0.6931471805599453,2.124314020979938
5.849324779946859,4.92274076937179
0.0,0.3210247700506345
9.013838751608397,8.045927646420498
0.0,0.46105626401287664
0.6931471805599453,0.7313827295844537
2.302585092994046,1.7370703682400506
0.6931471805599453,0.8773001230481237
6.90975328164481,6.659748628654176
0.6931471805599453,2.028392686486618
1.9459101490553128,1.1319382829198632
1.6094379124341005,2.671321032527677
0.0,0.1802942836951471
3.713572066704308,4.05804153976058
2.772588722239781,2.9061931168700257
6.008813185442595,5.79433541091396
8.855805992536562,8.467548414122142
0.0,0.18623301697279682
1.6094379124341005,2.7098021020892125
4.290459441148391,4.385666565798396
2.079441541679836,2.682057413138586
4.770684624465665,4.128201823997263
5.1647859739235145,5.997141049512888
0.0,0.4777177845140191
1.6094379124341005,2.5129051531706685
9.169976605786628,8.508277884311456
0.0,0.1267802226911496
8.244071270295786,7.48035669994315
1.3862943611198906,1.0480062958141148
2.995732273553991,3.02758811959038
1.0986122886681098,1.4971132871222819
3.6375861597263857,3.671822075877914
4.574710978503383,4.746188132737679
1.6094379124341005,1.8522845468613838
5.332718793265369,4.788344517802409
5.298317366548036,5.064636930548023
0.6931471805599453,0.7427823286260556
2.833213344056216,2.8397232034667317
4.68213122712422,3.855928806640855
0.0,0.3316682966628731
4.6443908991413725,4.267135522382532
0.6931471805599453,0.9281545989978616
1.3862943611198906,1.7809685576010905
1.6094379124341005,2.416832549578794
0.0,0.5283220881100393
1.0986122886681098,0.3643370038995537
0.0,0.1989497011263545
0.6931471805599453,0.5666971291539158
6.253828811575473,5.942839946945558
0.6931471805599453,2.1276812663731834
1.6094379124341005,1.6417282151501784
0.0,0.3002789345666011
9.169976605786628,8.238307021861456
1.3862943611198906,0.8833112014490879
4.31748811353631,4.382815082793319
0.0,0.28234888715427336
7.3938782901077555,7.426050234294225
3.332204510175204,2.668501167058616
0.0,2.1903047732985215
0.0,1.6748700795067595
0.0,0.2136981817324539
0.6931471805599453,2.07603085934849
4.330733340286331,5.5332288633877065
1.3862943611198906,0.4128076349717205
4.454347296253507,3.5551638834712853
0.0,0.1991228007757866
4.007333185232471,3.1516441808063917
0.6931471805599453,0.29124283194449124
4.934473933130692,5.348857071943876
1.0986122886681098,0.23103661401719117
0.0,0.18632422075892802
0.0,0.14903586892329712
0.0,0.19806227538297355
1.9459101490553128,1.9898141315983375
0.0,0.4248434703345902
4.143134726391533,4.236324873582254
0.0,0.5130252293202706
4.31748811353631,3.0656189802546745
1.791759469228055,2.5447795199264784
5.187385805840755,4.789244103299091
1.6094379124341005,1.5346485428562824
0.0,0.2799141689686893
2.19722457733622,2.1211375291677603
5.068904202220232,4.356985878135679
5.247024072160486,5.369193090276674
0.0,0.8942410231729476
2.079441541679836,2.132913184337327
1.6094379124341005,2.8158451743721145
0.0,0.19993235336100823
0.0,0.31816069973719113
2.6390573296152584,1.695227049427174
6.77078942390898,6.597876108330152
0.0,0.13791569474998594
0.0,0.14986966988971828
3.5263605246161616,3.345399811348427
6.100318952020064,8.16396618878938
0.0,0.1506543206562584
0.0,0.18565414981489448
2.302585092994046,2.643072068049228
3.1354942159291497,1.9625238679059858
8.448271745949816,9.360685381919405
3.6375861597263857,3.505293289436205
0.0,0.19983901133140514
0.0,0.2624482988175752
2.9444389791664403,2.316736558643087
4.969813299576001,6.129246726612512
0.6931471805599453,1.821585433144654
0.0,0.9576242403395202
0.0,0.18507574783573866
1.0986122886681098,1.812019262597563
0.0,0.5134140014450185
2.302585092994046,2.515482579418915
1.6094379124341005,2.7950118967181017
2.6390573296152584,2.82192712366544
5.468060141135132,5.770094877010629
0.0,0.631637518169508
3.258096538021482,3.1096210688124475
0.0,0.16262895373521427
2.4849066497880004,1.8708386343639154
2.19722457733622,2.470896259316886
4.990432586778736,5.300298663590532
7.110696122978827,7.485032060487538
0.6931471805599453,1.4875633246463866
3.367295829986474,3.1603691323233862
5.823045895483019,5.768186019283213
3.8918202981106265,4.530646129845049
0.0,0.20989377197748865
4.442651256490317,3.4239034433365094
5.3471075307174685,4.465549472805881
1.0986122886681098,1.438225839438012
3.9889840465642745,4.578971362268979
1.0986122886681098,1.6888938456875446
4.762173934797756,5.695813694655276
1.0986122886681098,1.504567454561692
3.8501476017100575,3.1016964086151724
1.6094379124341005,0.6504384156769256
7.602401335665818,8.587888241772102
0.6931471805599453,0.4755443877018178
0.6931471805599453,0.1858909701344442
4.248495242049359,4.654672746047046
0.0,0.33215332854427043
9.169976605786628,8.748292899038615
6.983789965258135,6.80125234669194
1.791759469228055,2.7707233189631086
3.1354942159291497,2.8471356543739255
6.804614520062624,6.754538001876452
4.07753744390572,3.7114572923932827
2.3978952727983707,3.042214043083188
0.0,0.16502410462915917
2.70805020110221,2.2028673314366882
3.871201010907891,4.180353114247893
0.0,0.2605843679401899
3.688879454113936,3.565215203077399
0.0,0.9183079305374864
0.6931471805599453,0.39229821765821493
0.0,0.7891511300780375
5.231108616854587,5.539268519211796
0.0,0.20193974295898653
0.0,0.1703815848159426
0.0,0.6533614806882626
7.436617265234227,7.477919702902558
0.0,0.2558213504775298
8.575462099540212,5.005591283432734
3.7612001156935615,4.209044868793955
5.010635294096256,2.8037208067231973
5.056245805348308,5.128337632017899
4.77912349311153,3.9502313039021755
3.367295829986474,3.481690852525102
1.3862943611198906,0.37402828084352274
0.0,0.1776337419014459
6.263398262591624,6.641232441911209
0.6931471805599453,0.21989825749378983
0.0,0.5480756854438086
1.6094379124341005,3.2244043342831232
0.0,0.5775207993808227
0.0,0.1892238149535923
0.6931471805599453,1.699170481271487
0.0,0.30154833327243097
1.3862943611198906,2.335443031928473
0.0,0.16576099407524555
1.0986122886681098,2.2084855908429764
4.836281906951478,4.960833019647452
5.993961427306569,5.719831559382858
0.0,0.23122118670079717
6.082218910376446,6.246993312602461
2.772588722239781,2.5968332162299474
0.6931471805599453,0.3571387477126118
0.0,0.20785795552723624
3.713572066704308,3.0982057776004366
2.70805020110221,2.5711110571743134
0.0,0.29246138372033004
2.772588722239781,3.779835557328301
0.0,0.21424746835958744
1.6094379124341005,2.0693810736454776
9.169976605786628,5.376583846046622
4.143134726391533,4.758727901568488
0.0,0.19229314946400944
5.575949103146316,6.080548315666152
2.079441541679836,1.672664278954547
0.0,0.15595469108234136
1.0986122886681098,2.99813653922515
3.1354942159291497,3.4792522432216417
0.0,0.7045298462719232
5.556828061699537,4.448899753704695
0.6931471805599453,1.8849582169649122
1.0986122886681098,2.4878488060715704
3.1354942159291497,2.434101772697182
3.258096538021482,2.9365679371436535
6.481577129276431,5.787929493275338
1.3862943611198906,0.9325889905072914
0.0,0.1938419730320219
2.079441541679836,2.7829573970552848
0.0,1.1462377356019389
5.673323267171493,4.760123204502719
0.0,0.17586014384132825
1.0986122886681098,1.9476762543370316
0.6931471805599453,0.2007434295176303
5.560681631015528,6.2453700638947005
0.0,0.19993235336100823
4.007333185232471,3.339343588969172
0.6931471805599453,1.4033164559640232
4.343805421853684,3.9964746686037502
1.0986122886681098,0.32741671578071385
1.3862943611198906,0.597150746519229
0.6931471805599453,0.36360702174703224
0.6931471805599453,1.8580208316214502
4.04305126783455,3.7114503275162014
0.0,1.237116568198285
0.6931471805599453,0.42531136663889796
1.3862943611198906,1.2031447466223464
2.302585092994046,2.5102606052746523
1.6094379124341005,2.19177075738438
0.0,0.9168988217997368
4.624972813284271,4.1697794830806965
0.6931471805599453,0.249180096566927
0.0,2.411114196670837
1.9459101490553128,2.326065277867027
2.302585092994046,2.437263899686392
4.007333185232471,3.1512994337628077
6.257667587882639,5.8376842064085315
2.6390573296152584,2.310958895759338
0.0,0.28579824386610214
0.6931471805599453,0.34804442581910117
0.0,0.1818102363690477
0.6931471805599453,0.8139009557088197
7.180069874302796,7.776138323400657
4.30406509320417,4.064427291730147
0.0,0.19595638791945366
6.16541785423142,5.933810627595424
3.258096538021482,3.3592331046703654
1.6094379124341005,1.2762056679344456
1.9459101490553128,1.9829843757171788
6.171700597410915,6.627737526724385
1.3862943611198906,1.5870395367847927
1.0986122886681098,2.1230001392392923
3.295836866004329,3.453888376315034
0.6931471805599453,0.28147760728013077
0.0,0.29485104384110855
7.116394144093465,7.0301780336085455
0.0,0.4559402981958777
0.6931471805599453,0.22355431927333466
3.5263605246161616,3.875959448451626
1.6094379124341005,1.7969825786169906
2.6390573296152584,2.4082848621045043
1.6094379124341005,1.826676962915802
2.079441541679836,2.7538460005855447
0.0,0.3636258059916577
1.9459101490553128,0.735256568872572
1.3862943611198906,1.9475170812947038
0.0,0.7399146272045022
1.6094379124341005,1.9734779429833003
5.583496308781699,5.655277320368221
5.525452939131784,5.932024096367149
0.6931471805599453,1.0391887179150203
0.6931471805599453,1.0983375699707432
2.3978952727983707,1.888232230183072
1.0986122886681098,0.2569202706636903
6.759255270663693,6.038601399742525
3.367295829986474,3.389534399412665
0.6931471805599453,1.5256627193626247
0.0,0.2939517579854787
1.3862943611198906,2.711691746684549
5.556828061699537,5.8514761285811625
0.0,0.23457087328651616
2.995732273553991,2.9413073658484246
5.14166355650266,4.5438110107112255
2.772588722239781,1.0771520067035525
0.0,1.0043887114390995
2.302585092994046,2.7835366031599804
0.0,1.0976956483101423
0.0,2.9091020113004444
2.70805020110221,2.4841631977589023
0.0,0.1348033990306924
0.0,0.20063630427564216
1.9459101490553128,1.6221149632279541
1.0986122886681098,1.6486583342832968
3.295836866004329,1.9173496015247191
0.0,0.16099361289386052
5.135798437050262,5.601637405649324
2.19722457733622,3.139233178832628
0.6931471805599453,0.3744355700015908
3.4657359027997265,3.6093249749949488
0.0,0.16688743336098602
0.0,0.4972234550172474
6.602587892189336,5.588081595058295
1.0986122886681098,1.904245991247134
0.0,0.18543460153971014
0.0,0.3065479464508803
3.044522437723423,3.415879883381897
1.791759469228055,3.239118635961551
0.0,0.39728793937880363
0.6931471805599453,1.9604936162706366
2.5649493574615367,1.7566858973563804
3.8918202981106265,4.186407025954073
1.0986122886681098,1.3613071823184786
0.0,2.2182744283416325
3.58351893845611,4.08622174534227
2.772588722239781,2.2136633141572575
0.0,0.1827712546145015
1.9459101490553128,2.283733404526095
0.0,0.31574252135170905
1.0986122886681098,0.8955840346880244
4.532599493153256,4.614819525926133
5.087596335232384,4.367840224090542
6.813444599510896,5.588435168016931
0.6931471805599453,0.563515166551135
1.3862943611198906,2.110704012084958
2.079441541679836,1.2452912886148613
0.0,0.33099336344598784
1.3862943611198906,1.6184475774875586
2.4849066497880004,2.1306633356909326
7.045776576879511,7.59135986022513
3.737669618283368,4.306048828159959
0.0,0.5425483710410458
4.3694478524670215,4.774881792378518
5.375278407684165,5.9341628974902045
0.0,1.4191233042237668
1.0986122886681098,2.3318532413114768
0.0,0.24299271664728278
2.5649493574615367,2.7126200295085328
4.3694478524670215,4.349331745459883
0.6931471805599453,2.1634000547125085
1.0986122886681098,1.095323913543138
1.0986122886681098,1.7053027397284097
1.6094379124341005,3.3802254071072966
1.791759469228055,2.634625061552804
7.597897950521784,7.1330807390944715
0.0,0.2763799375081732
1.3862943611198906,0.8168153135985066
1.0986122886681098,1.8386199834703556
3.091042453358316,3.905878000275858
1.9459101490553128,2.3443077451291785
1.6094379124341005,1.706287475494753
7.906915488678587,7.702713535057687
0.0,4.001704988928307
2.302585092994046,1.6882544754570616
0.0,0.11330624950472935
2.70805020110221,2.67099759978605
2.302585092994046,1.8091057134265243
3.4657359027997265,2.6706190533171794
4.624972813284271,4.221307621808679
4.007333185232471,3.731429217227034
0.0,0.2741594056358997
3.9889840465642745,4.580688574028703
0.0,0.62162256820524
3.737669618283368,3.862266479066878
1.0986122886681098,1.3858341622013504
0.0,0.3574677528974978
0.0,0.19192757408126915
3.258096538021482,3.177126010398138
2.4849066497880004,2.5305277280871925
0.0,0.19993235336100823
2.995732273553991,3.0528970329577705
0.0,0.23702330973995575
1.791759469228055,0.7319269399796098
5.153291594497779,5.369589461665121
8.77770959579525,6.644343936254881
0.0,1.1331528261236745
0.0,0.1998728143113282
0.0,0.34444868103652904
0.0,1.154768480568129
0.6931471805599453,1.4639588466171507
0.6931471805599453,1.5743254513745728
2.9444389791664403,3.031339225037732
0.0,0.22718520393537212
2.079441541679836,2.0789969800017625
2.8903717578961645,2.6247567028069967
0.0,0.4788656889096859
1.9459101490553128,0.2717622342819488
1.0986122886681098,0.4326926230632031
0.0,0.586581215112231
0.0,0.16715822859412946
1.6094379124341005,0.3998209898788438
2.70805020110221,2.1971515473915395
0.0,0.8211946381303264
0.0,0.2189781190063634
4.499809670330265,4.415594599017904
0.6931471805599453,1.6802345686601179
0.0,0.2591384086588521
3.044522437723423,1.5981174928772424
1.3862943611198906,0.7769802489343705
0.0,0.29666319619641696
4.477336814478207,3.1146439690362833
0.0,0.27492651636192333
9.169976605786628,9.488466260254022
3.218875824868201,1.781340590120372
1.0986122886681098,1.568351002469301
0.0,0.28253469479753185
3.970291913552122,4.530864043722259
0.6931471805599453,2.1391132765314724
1.6094379124341005,1.506576598515003
3.332204510175204,2.3571008228405694
5.921578419643816,5.879064757519847
0.0,0.2859312376056387
0.0,0.325997516257865
1.6094379124341005,2.5985672009107907
0.6931471805599453,0.4011970118689128
1.0986122886681098,1.6112112964939367
0.0,0.23613089396079048
0.0,2.435569280235628
4.276666119016055,4.663716608617789
0.6931471805599453,0.7706230018399717
0.0,0.24334787046743978
3.4339872044851463,2.867691028607792
6.8966943316227125,7.675537619019528
3.9318256327243257,4.092114932462351
6.333279628139691,6.908429294590768
5.926926025970411,6.268544156177258
2.19722457733622,1.5668605669444549
0.0,0.1923539241556751
3.58351893845611,3.193171598709419
0.0,0.42618009268567614
0.6931471805599453,1.5749121262014263
0.0,0.7853363536056971
0.0,0.25761975378112395
5.733341276897746,6.413010598472896
1.0986122886681098,1.6004369991522163
0.0,0.19944725816276412
0.0,0.6517680343320323
0.0,0.307558784734751
6.7580945044277305,6.1482453231986645
0.6931471805599453,0.3412612197890011
0.0,0.11404173137115275
1.0986122886681098,1.7421109268028938
2.772588722239781,3.018117221022912
0.0,1.5484175152538437
5.187385805840755,5.842590403078425
2.5649493574615367,2.6605136705611323
2.302585092994046,0.3620739917289836
2.5649493574615367,2.4681974329450753
0.0,0.6255465373439831
5.081404364984463,4.792025867636289
3.871201010907891,3.843485415261775
1.791759469228055,2.5368061979727434
3.7612001156935615,3.980435397154529
4.31748811353631,5.441972345375269
0.6931471805599453,1.2332170889130893
8.32093496888341,8.038293862498316
1.3862943611198906,0.20923889588171488
2.302585092994046,2.92104261377017
0.0,0.7664519011659604
4.30406509320417,3.8040820807527513
0.6931471805599453,1.337505608090561
0.0,0.516130025441404
0.0,0.20273129914363075
2.9444389791664403,2.6482280380808705
3.218875824868201,2.9921023664765833
0.0,0.2743299738316152
1.6094379124341005,1.3533756320573782
0.0,0.20029519395393258
0.6931471805599453,2.4645727828195203
3.951243718581428,4.155343241195787
1.791759469228055,1.1428410471539596
1.6094379124341005,1.7951778381574122
8.126222529458525,7.779933492937189
0.0,0.36302545594871627
1.3862943611198906,1.7488230853962725
0.0,0.2370237926336411
5.204006687076795,6.100839449288528
3.828641396489095,3.72653219921205
0.6931471805599453,0.5079014245469857
3.8918202981106265,4.155566581213593
2.833213344056216,2.373823915773215
1.6094379124341005,1.6609163822526667
1.6094379124341005,1.8339084748062329
1.3862943611198906,0.19603061922892615
7.020190708311925,6.77300355500253
4.709530201312334,4.554671970344461
3.9318256327243257,3.9688911549775225
7.7501841622578365,7.7716769941724495
2.302585092994046,2.180042727959642
2.772588722239781,3.4109381951271907
2.833213344056216,1.9878808887241683
0.6931471805599453,2.082550989888028
7.425357887027151,7.074144798208187
0.6931471805599453,0.21635213250702484
3.80666248977032,3.08891111029501
1.0986122886681098,1.7327094186789374
0.6931471805599453,0.2543950216000855
0.0,0.3884102547609611
0.6931471805599453,0.2624853679432084
1.3862943611198906,0.40827571309210176
0.6931471805599453,0.27340966934479044
1.6094379124341005,0.481636182107923
0.6931471805599453,0.37112781087623475
4.248495242049359,3.2515902769434777
0.0,0.5884121270642252
1.0986122886681098,1.389369143725524
3.49650756146648,3.5956560079308115
1.6094379124341005,0.5273093486965159
2.302585092994046,1.6341300128078098
1.0986122886681098,0.4078135639018549
4.290459441148391,4.326951454632328
0.6931471805599453,1.2867993649853742
1.0986122886681098,1.708784932606636
4.158883083359672,3.814035717892476
8.570165076182343,4.794620457818419
7.018401799069201,6.261612803603639
0.0,0.2972832209185641
0.0,0.15084536348540759
2.3978952727983707,1.7934516692138716
9.169976605786628,5.080642196899471
1.791759469228055,3.292523749649877
2.19722457733622,2.6246268499753005
1.6094379124341005,2.530659762587917
5.968707559985366,5.912995060156202
1.791759469228055,2.097400178121509
0.0,2.868984503263901
2.302585092994046,2.737869183092963
1.791759469228055,1.8947501080172855
0.0,0.24085384431401188
3.4011973816621555,4.141461408997182
1.0986122886681098,1.1324482855012106
0.0,0.1941255018150822
0.0,0.41132151366240993
2.302585092994046,0.3839144086714164
1.6094379124341005,2.132656751754961
0.0,0.15801471831634273
4.143134726391533,4.63060794289616
1.6094379124341005,2.4599566565315283
2.079441541679836,1.8200218226910863
3.688879454113936,3.2161285317767105
3.1780538303479458,3.049349109613261
2.8903717578961645,3.377363545174159
4.962844630259907,5.068495719778558
2.302585092994046,2.121415225684323
8.449128460502108,7.7870750307797225
0.0,0.1999605043903021
1.3862943611198906,2.714745710632718
3.610917912644224,2.571274082861458
7.407924322559599,6.245076599754198
0.0,1.838560106148008
3.332204510175204,3.525606281759533
0.0,0.5650199550709364
0.6931471805599453,1.6705280809278427
1.3862943611198906,0.6385327911724435
2.302585092994046,2.4999248682782835
7.554334823725748,7.04840995284904
2.4849066497880004,2.1966799237766845
1.6094379124341005,2.8250571599112457
0.0,0.966370485227633
0.6931471805599453,0.3589252806979182
8.575650760987806,8.393912318848093
5.700443573390687,5.255002403764239
2.079441541679836,2.6575335135880365
1.3862943611198906,0.3038613118463218
3.367295829986474,3.1232502697569124
4.718498871295094,4.6065276470738175
7.655864017616056,6.166508647193732
2.833213344056216,2.4978128582358625
0.6931471805599453,1.4367029649549592
0.0,0.6422015154027545
1.6094379124341005,2.0862928510792482
3.091042453358316,3.59474315554361
0.0,0.235489789711197
1.6094379124341005,2.3909362742419025
1.0986122886681098,1.4103725361016326
0.6931471805599453,0.5027731489489832
0.0,0.14357091729509244
4.07753744390572,4.0110316237507115
5.356586274672012,5.895159409989826
5.0369526024136295,5.800935788681013
0.0,0.5538439423169211
0.0,0.8538709121295923
2.833213344056216,2.289171297238272
5.438079308923196,6.2229580887503895
0.6931471805599453,0.26716669532691806
5.87493073085203,6.824684635614911
5.762051382780177,5.771258834515397
3.970291913552122,4.389587922770801
2.5649493574615367,2.824278646231505
6.333279628139691,6.2563242184723915
0.6931471805599453,1.0534467633062485
0.0,2.4154848000311935
