quantity_sold_ground_truth,quantity_sold_predicted
3.218875824868201,2.952924087353767
0.0,0.42304296718767676
1.791759469228055,2.7096796567532335
3.4657359027997265,3.6063497887628095
0.0,0.7496378320930978
6.156978985585555,5.24790532726091
3.1354942159291497,3.4157755612185423
0.0,0.10044400828685075
0.0,0.2918679194205022
3.5263605246161616,3.4146339798521574
0.6931471805599453,1.8593370037194086
3.1780538303479458,3.409570476901026
0.6931471805599453,1.517738157184615
0.0,0.17257952638526394
3.58351893845611,3.648802997425651
0.0,0.07600902420444788
7.106606137727303,6.7060320025620825
1.6094379124341005,0.0
3.7612001156935615,3.3959162065643165
0.0,0.40767624311918577
0.0,0.40570990053019196
2.302585092994046,1.053529103492774
6.92951677076365,6.814726646467884
2.5649493574615367,2.750203181716416
9.169976605786628,8.631628551950703
9.169976605786628,6.8587852004390255
0.0,0.0
0.6931471805599453,0.2169428846046414
0.0,0.13828134373116216
0.0,0.5953313178501184
0.0,0.060230477651336496
4.110873864173311,4.0257254007781365
0.6931471805599453,1.4336316981824853
0.0,0.07467260163854102
3.332204510175204,3.7131007529552655
2.079441541679836,0.9927915863424716
3.9318256327243257,4.314555029197738
2.5649493574615367,3.7502407627403618
4.07753744390572,4.542674490810603
0.6931471805599453,1.0913563460841158
0.0,0.34837055919976595
0.6931471805599453,0.0
1.791759469228055,1.3068914195803885
4.727387818712341,4.096674532501819
7.538494999413465,6.841016678441441
2.6390573296152584,1.747946655290283
1.3862943611198906,0.39467371517985445
1.3862943611198906,0.7092341568089194
0.0,1.535677620651163
0.0,0.1067343799502745
0.0,0.0
6.16541785423142,6.41219759284368
6.8001700683022,7.064057353503368
0.0,0.0
9.169976605786628,7.524470227668802
4.394449154672439,4.872257728032824
5.062595033026967,4.792272750497298
0.0,0.7177026880614814
1.3862943611198906,2.564129288949919
2.19722457733622,1.681093175861686
5.7745515455444085,4.962463295797858
1.0986122886681098,1.9628822465105351
0.0,0.0
0.0,0.5509748915922335
0.0,0.012623345666448798
3.4011973816621555,2.800102571128616
7.797291273547472,7.612380037290088
0.0,1.359740507510606
4.3694478524670215,3.730961047619033
0.0,0.5972531564093517
5.356586274672012,5.486679021549647
5.484796933490655,5.129577478642296
4.882801922586371,4.671784375487087
3.332204510175204,3.2543690950905972
1.9459101490553128,1.5771662950466678
3.218875824868201,3.3625995329584346
0.6931471805599453,0.41454742989989646
0.0,0.030242459247484785
1.9459101490553128,3.340924126421128
2.302585092994046,2.176684999781386
0.6931471805599453,0.6092901927783934
6.943122422819428,6.76507921501282
5.3230099791384085,6.008850846917499
0.6931471805599453,0.7122685657724701
0.6931471805599453,1.1636617808224141
5.068904202220232,4.817411607428804
5.950642552587727,6.113746916141834
5.327876168789581,4.535265366709596
2.8903717578961645,1.9656856050240206
0.0,0.07505898616857393
1.791759469228055,1.437532799863498
2.19722457733622,1.5031895076156514
9.169976605786628,9.222482559536111
2.9444389791664403,2.6652063908618047
0.0,0.07765037248707983
0.0,3.4209477131163726
4.74493212836325,3.391154799062647
2.6390573296152584,3.308588318536387
2.833213344056216,2.3590733354573445
3.4657359027997265,2.895473103046547
2.3978952727983707,3.0507013939678442
1.9459101490553128,1.5236090163976406
3.5263605246161616,3.4235329706339357
2.4849066497880004,0.9870749437885489
6.2166061010848646,5.842795816036666
0.0,0.0
3.871201010907891,4.330772132947796
1.3862943611198906,1.261362893305125
3.912023005428146,4.51603260566096
0.6931471805599453,0.6993646311738945
2.079441541679836,1.1256461201128836
4.3694478524670215,4.51238589981055
0.0,0.11204612880773443
4.74493212836325,4.787005744904591
2.3978952727983707,0.23777562296599056
1.791759469228055,1.8433930210396283
0.6931471805599453,1.3167978384333914
1.6094379124341005,1.1405855049908287
3.555348061489413,3.76492776575412
0.0,0.3329709864429233
0.0,0.3529126379294741
6.137727054086234,6.6646345973648815
1.3862943611198906,2.4312281497257735
2.5649493574615367,3.531935728683675
2.8903717578961645,2.8567103256511595
0.6931471805599453,0.8075245113891011
0.0,0.07935959901881631
5.075173815233827,5.633243087339411
0.0,0.10278123641355827
0.6931471805599453,2.308622823115624
2.772588722239781,2.015835525232819
0.6931471805599453,0.42926892515808
1.6094379124341005,1.1401900294616856
2.8903717578961645,3.5347216930310235
0.0,0.2468254506005427
0.0,0.08879068258070512
1.0986122886681098,0.5963391308231653
3.610917912644224,2.3177717294610996
4.143134726391533,3.688375810308944
0.0,0.07437548020669893
0.0,0.7015092645141999
1.0986122886681098,1.020816337116944
0.0,0.0
4.672828834461906,5.174942436936963
1.791759469228055,1.3352602326339502
4.060443010546419,4.069716741472868
0.6931471805599453,2.7227787116556152
6.173786103901937,4.392010863730666
3.4011973816621555,3.435935406066093
0.0,1.2334941976771259
4.820281565605037,3.9905839288083906
1.0986122886681098,1.233553020265123
0.0,0.05166927000346638
6.049733455231958,6.464426251478966
0.0,1.2404598357144947
1.6094379124341005,2.5353699940438807
0.0,1.3223346341656916
0.0,0.15604360440502188
5.0238805208462765,4.9734193129931015
1.791759469228055,1.856279793927358
0.0,0.21016832654475137
0.6931471805599453,0.8585793200708798
3.295836866004329,3.7452291565987634
0.0,0.023007299851369865
2.5649493574615367,1.9272401008178353
0.0,0.14903595115108204
0.0,0.6724047694113151
0.0,0.4083343680821626
5.771441123130016,6.072517757057008
0.0,0.5780507520180336
1.3862943611198906,0.9355038893850989
3.80666248977032,3.505060930783118
1.6094379124341005,1.8714381679763112
1.0986122886681098,2.98857435949533
2.3978952727983707,2.1057828395642626
3.1354942159291497,3.823543440730396
0.0,0.029057294516848933
0.6931471805599453,1.4436005130164309
0.0,0.0
5.278114659230517,5.50827617341426
0.0,0.0
1.3862943611198906,1.5947658956791557
0.0,0.23588832079330224
3.555348061489413,1.8001392421596396
1.9459101490553128,2.169872795941477
3.4657359027997265,3.7583925213383127
1.3862943611198906,2.0639551440684727
2.19722457733622,1.2889569912611396
0.0,0.8163741103089467
1.3862943611198906,0.7280326491245828
3.218875824868201,3.4852719235668004
2.19722457733622,2.39428884640301
2.8903717578961645,3.343896955498549
0.0,0.1884443308436865
2.079441541679836,3.204142914219217
4.7535901911063645,4.436304812265727
0.0,0.18308638145751271
0.0,0.0
3.091042453358316,2.9754203693561294
2.772588722239781,3.4538867752763327
4.663439094112067,3.6142571883385384
0.0,0.004116092810303418
3.871201010907891,2.1427557564143154
4.962844630259907,5.084259540102041
1.791759469228055,2.0331783181976775
2.19722457733622,2.448669318081647
0.6931471805599453,0.01881664589987687
4.68213122712422,4.0418106405028595
0.6931471805599453,0.5905340364377487
3.6635616461296463,3.19923440063567
2.079441541679836,2.894749250567531
0.0,0.18087274202845036
1.3862943611198906,1.389300681702351
0.0,0.2120416466008081
0.0,0.5815340723199433
0.0,0.6521172921681372
3.1354942159291497,4.476820407886346
1.791759469228055,2.7898612978450243
2.079441541679836,1.3884415297834098
5.958424693029782,6.267835653996049
2.302585092994046,0.6705230687345209
5.855071922202427,5.690729019022894
0.0,0.033759385533559
0.0,0.006972689586740305
0.0,0.15222914919125222
2.772588722239781,2.456017812862614
1.791759469228055,2.153730609294223
0.0,0.0969370196261362
0.0,0.7867086493112211
1.6094379124341005,2.603762552945392
3.044522437723423,3.004760479528706
0.0,0.06889859987403445
0.0,0.1839155612072398
3.970291913552122,3.562787920167644
1.9459101490553128,2.436836271812594
1.791759469228055,1.1635611364098186
0.0,0.0867782358507471
0.6931471805599453,2.800858957423203
2.9444389791664403,1.969133037322226
0.0,0.15574095536261423
3.367295829986474,2.25124174479871
1.3862943611198906,0.7381675936415315
5.739792912179234,6.011492982674944
4.248495242049359,4.240350498119808
1.6094379124341005,2.195408074700718
5.488937726156687,5.700337050399179
1.6094379124341005,2.3815649326924033
2.833213344056216,3.056351203503467
7.554334823725748,7.765632365423038
0.0,0.22433463718518135
5.14166355650266,4.804703726689568
4.007333185232471,4.3372251940991635
1.9459101490553128,2.9926919841776307
0.0,0.8159282324568871
1.3862943611198906,1.7956403070305074
7.269616749608169,6.78689672326802
1.791759469228055,2.405300674191736
1.0986122886681098,1.6784576508095044
0.6931471805599453,0.38477034904498236
1.0986122886681098,1.2762939727079075
0.0,0.05504616303023345
6.124683390894205,5.873578233854107
2.6390573296152584,2.7790556104204542
3.8501476017100575,4.034821686727103
7.422373700986824,7.24788014752957
4.912654885736052,6.300378841074684
4.7535901911063645,4.3381988509040506
0.6931471805599453,0.26392389338502914
0.0,0.2351910323043434
2.5649493574615367,2.883850164361827
0.0,0.0
1.3862943611198906,1.7393367674666746
4.23410650459726,4.159236742257235
3.218875824868201,4.2222319059180355
1.3862943611198906,0.45750361964121455
6.115892125483034,6.7136616086928615
6.77078942390898,5.044268804270921
1.791759469228055,2.2203430364652297
2.3978952727983707,2.0003496766250035
0.0,0.08034455836730889
4.770684624465665,3.6318000476403887
0.0,0.01181722013376975
2.70805020110221,2.4043161493574736
6.035481432524756,6.437942680195784
7.697121317282625,7.282620986364255
4.174387269895637,4.163522798940575
5.389071729816501,5.164669654689267
4.59511985013459,4.085078009861004
9.169976605786628,9.01039075980266
7.307872780763706,7.091872221029997
4.663439094112067,5.4570724746028585
6.228511003591184,5.723134147720677
0.0,0.5018812266399313
0.0,0.5213165309522347
0.0,0.19035359164241392
1.0986122886681098,1.4760258142897282
3.49650756146648,4.348507657247295
4.584967478670572,2.945704279792725
0.0,0.0
0.0,0.18421718060121064
2.5649493574615367,2.0257619994669565
1.3862943611198906,0.9657282435931952
0.6931471805599453,0.7871499419677058
5.459585514144159,5.611550297269107
0.0,0.059949619277013394
4.143134726391533,4.452030744739921
2.9444389791664403,2.5152862243675678
3.9318256327243257,4.156372273263213
0.0,0.6694597059107938
0.0,1.254694844393316
1.0986122886681098,0.4104593089361171
3.9889840465642745,3.3414545404797256
7.907651594711089,7.917288963615514
6.641182169740591,4.830830147031761
1.0986122886681098,0.9552414233852005
3.80666248977032,4.518627014730687
7.748028524432376,8.529916883148509
4.442651256490317,4.85778522046658
2.4849066497880004,2.5634399932436387
0.6931471805599453,0.8382503003095226
0.0,0.029498513347769224
5.916202062607435,5.569598665052447
2.833213344056216,1.9306143889268181
0.0,0.12832500960627988
2.19722457733622,2.8938483934319312
2.70805020110221,2.863565008753831
0.0,0.0743261307768894
2.70805020110221,3.5670162407621944
0.0,0.012536467832173088
4.356708826689592,4.779239847002195
3.9889840465642745,3.9441773506171267
0.0,1.3175188645955846
1.0986122886681098,0.06713808758708112
4.709530201312334,4.261699851167266
2.3978952727983707,2.234181989655928
0.0,2.2416813367504305
0.0,0.059067551305890004
0.6931471805599453,0.4161239167753031
0.0,0.20613743056269168
6.171700597410915,6.424554870363478
5.53338948872752,4.184577184412263
4.812184355372417,3.3891475579011106
0.0,0.28097862662580453
5.068904202220232,5.243691395540947
5.2832037287379885,4.6774006907584695
4.110873864173311,3.618230682583396
0.6931471805599453,0.16882775226731045
3.951243718581428,4.488663774386226
5.7745515455444085,6.0048859777439185
1.0986122886681098,0.6260854868872502
2.19722457733622,1.487266110684089
0.6931471805599453,1.3874661345412485
4.02535169073515,3.9016952481235787
0.0,0.044073008084753625
1.6094379124341005,3.0338192757689377
2.772588722239781,3.398069554117514
4.382026634673881,4.166095225752506
1.0986122886681098,2.5368849007851995
0.0,1.4858192270810051
0.6931471805599453,0.2813886493185905
0.0,0.5808376839604908
6.20455776256869,4.671638518415328
0.0,2.164570237928288
0.6931471805599453,0.15566690202987124
4.330733340286331,3.7768164534110027
1.9459101490553128,2.7868034759919675
0.0,0.7544757155331716
2.5649493574615367,2.6239431487557714
0.6931471805599453,0.7876834047923139
4.859812404361672,4.63751312952061
3.295836866004329,3.7434841026324133
3.1354942159291497,2.4839582848121258
2.079441541679836,2.186475508746972
0.0,0.2711267451234325
1.3862943611198906,0.39272905780568595
2.4849066497880004,2.1794163302508975
3.6375861597263857,1.5649532683450482
0.6931471805599453,0.4160202607328991
5.476463551931511,5.376260838712572
4.382026634673881,4.676478513263202
1.6094379124341005,0.1202884595730378
0.0,0.4844375808716357
2.4849066497880004,2.7621105252867895
1.0986122886681098,0.1080944369320484
0.0,0.4316985180694397
2.19722457733622,2.2731583270265703
2.3978952727983707,2.9275009151003624
0.0,0.9182617157338461
2.302585092994046,1.6283319922394546
0.0,2.130422440498224
2.302585092994046,1.7358303508250463
2.6390573296152584,2.9199810424257997
5.926926025970411,5.982812479528716
0.0,0.43247141655796406
2.5649493574615367,2.539356429426205
0.6931471805599453,0.9534137309363389
2.5649493574615367,2.8886603262576713
0.6931471805599453,2.0314127000741045
0.0,0.0
1.3862943611198906,1.3828277721830042
2.3978952727983707,2.9712958353349346
7.781973234434385,7.185631519388744
1.3862943611198906,2.593253586632749
2.4849066497880004,2.7124784005085325
5.1647859739235145,4.73544180220783
5.272999558563747,5.309606024634831
1.791759469228055,0.8912121176802933
0.0,0.14514509960686955
2.772588722239781,4.058185727867037
1.791759469228055,3.3664534324233237
3.258096538021482,4.28948408288257
3.332204510175204,3.485607972902779
2.772588722239781,2.130727019474926
0.6931471805599453,0.1503194971183524
3.951243718581428,2.584019228038313
1.0986122886681098,1.9717712331639325
3.295836866004329,3.898488157297759
3.6635616461296463,3.3573854521194146
0.0,1.0059861938275612
3.871201010907891,4.653264837216075
0.0,0.623011120842559
0.0,0.25673828596953074
0.6931471805599453,1.3756894327436502
0.0,0.22347277201493457
0.6931471805599453,0.5445302334889323
7.747596838692885,7.672249324549615
1.3862943611198906,1.2513313354875677
1.9459101490553128,1.1085306717197183
0.0,0.5965942541199319
1.3862943611198906,1.5090283371748427
2.995732273553991,2.720832403862935
3.044522437723423,3.4001667602429353
5.056245805348308,5.622848580476233
0.0,0.744990669776233
5.513428746164983,5.681780448097277
1.3862943611198906,3.314774304672039
4.700480365792417,4.040852991640826
1.3862943611198906,0.9064837047906239
0.0,0.13791822867947837
1.791759469228055,2.990753665472549
3.610917912644224,3.724030430033778
0.6931471805599453,0.13191921981434282
0.0,0.17434002010772479
2.302585092994046,2.9942487003554255
0.0,0.6739486963620668
4.262679877041316,5.1663552361364
4.430816798843313,4.539728813650054
5.455321115357702,6.266310984121565
2.70805020110221,3.3773403168341383
0.6931471805599453,0.7406688475231592
0.0,0.7696180936423107
5.1647859739235145,5.27919349337417
0.0,0.8747121281918551
0.0,0.5191396322376071
3.218875824868201,3.480620566957776
1.9459101490553128,2.206528953837754
1.0986122886681098,0.7202908462052724
2.4849066497880004,2.7504804797522806
5.613128106388071,6.214967294700202
0.0,0.46539861605823923
0.6931471805599453,0.6938973841241624
0.0,0.31811235798490656
0.0,0.27920996487678623
0.0,0.2610424165217856
0.0,0.0
3.091042453358316,3.0969355442510205
2.079441541679836,3.089644063258672
0.0,0.758301053214894
0.0,0.038159141868247703
3.737669618283368,2.860709948629418
0.0,0.38939590551612435
4.672828834461906,4.397550099505237
3.784189633918261,4.011684965136571
2.833213344056216,2.085844974867974
1.9459101490553128,2.211211906248098
0.0,0.22887874307131947
4.007333185232471,3.6626205415658997
1.9459101490553128,1.2606525341156134
0.0,0.5051489505053952
0.6931471805599453,1.4722236572049356
1.6094379124341005,1.822302148540999
1.0986122886681098,1.1856927510475783
0.0,0.04648363867676277
0.6931471805599453,1.2518614478743544
2.19722457733622,1.149257800954638
0.6931471805599453,1.7501415214822347
2.3978952727983707,2.2340173740869824
5.0369526024136295,4.990262329846293
0.0,0.9945148690339894
0.0,0.17731318877071542
0.6931471805599453,1.8537475188803256
1.0986122886681098,1.0168678723655673
0.0,0.574941385537663
2.302585092994046,2.1895985754357206
2.772588722239781,3.267039687213965
2.5649493574615367,2.324720679424539
2.833213344056216,1.7600878039877814
2.4849066497880004,1.6627423484783257
3.4339872044851463,3.1461256076024426
3.58351893845611,3.731638119401067
6.1092475827643655,6.991780849623531
5.66988092298052,5.9289990665606185
0.0,0.25682169265818494
2.772588722239781,1.809472604734865
0.0,0.20298073198188601
1.9459101490553128,2.701919239160679
1.791759469228055,1.5787018978854979
1.0986122886681098,0.8532327731716451
0.0,0.21519476760915646
0.6931471805599453,1.8046327850680237
3.713572066704308,4.252065414802267
0.0,0.6566472449828007
8.439880088313567,8.960194604106423
3.8501476017100575,4.438847988024735
4.07753744390572,4.962459608499611
0.6931471805599453,0.528746630418873
1.9459101490553128,2.7028855265236285
2.4849066497880004,1.858508053700619
7.080867896690782,5.1280792264249975
5.429345628954441,5.568471462766273
0.0,0.11794936289643125
0.0,0.5923384343501619
0.6931471805599453,0.2907493392303732
0.0,0.11095768444539403
0.0,1.0606743256993858
0.0,0.022374062320655176
6.084499413075172,5.928645555185055
0.6931471805599453,0.6638948252373951
0.0,0.09595456310061751
2.4849066497880004,3.2616575213597394
1.0986122886681098,1.7423579846380808
0.0,0.20850581748997626
2.70805020110221,3.4185265658827175
0.0,0.012391795417050213
7.606387389772652,8.727494287637164
1.791759469228055,0.8894362894528449
0.0,0.016413751993273423
0.0,1.491770760248549
3.8918202981106265,3.5894752003238257
3.6375861597263857,4.733731918117285
1.3862943611198906,2.2820685662956905
9.169976605786628,6.239535478125223
0.0,0.03344427699044349
0.0,0.09358161705168606
1.6094379124341005,1.460013835209061
4.663439094112067,5.098433471475243
1.6094379124341005,1.8962296622507064
1.0986122886681098,1.1067981724127407
2.772588722239781,2.825315966138358
0.0,0.041937225654397524
6.077642243349034,6.679650501343722
6.635946555686647,5.9454741134922084
0.6931471805599453,1.0544271414586843
2.302585092994046,1.228302733282343
9.169976605786628,6.561698216928723
4.04305126783455,3.898783420879443
0.0,0.0
3.713572066704308,2.5251478157167173
2.4849066497880004,2.479947484161047
2.19722457733622,2.247203689174135
2.3978952727983707,2.5665950803800905
0.0,0.06870239353638816
0.6931471805599453,0.5493061443340549
2.19722457733622,1.5350317781074407
5.123963979403259,4.440745700483371
2.772588722239781,2.863456897667295
0.0,0.6764377592074438
0.0,0.0
0.0,1.8771980699576474
5.501258210544727,5.259506673603075
3.295836866004329,3.1790506511350163
0.0,0.0384018156213675
0.0,2.588666981394928
0.0,0.34657359027997264
0.0,0.025867065374057738
2.4849066497880004,2.1703052936229033
4.430816798843313,4.652887772509634
0.6931471805599453,1.3078089256478558
0.0,0.06673767830530068
0.6931471805599453,0.37779523630078576
2.4849066497880004,3.9290282473674822
2.8903717578961645,3.8524637543322333
1.0986122886681098,1.1911501157531983
0.0,0.5070024695070918
6.956545443151569,7.120808445839419
3.7612001156935615,4.602919841168294
1.6094379124341005,0.30563483582935846
3.1354942159291497,3.2705878984103767
6.461468176353717,5.145995811549602
4.23410650459726,4.3951874755419045
4.882801922586371,4.79339305090363
0.6931471805599453,0.6619501359766582
2.833213344056216,3.44016943673603
0.0,0.07046419924130141
6.595780513961311,7.499163807415776
0.0,0.09429182134635197
4.174387269895637,4.208182185132908
0.6931471805599453,0.2445487688980314
2.19722457733622,2.643054246567621
1.791759469228055,2.962566280729606
2.079441541679836,2.2747397778315004
1.6094379124341005,1.8172779109928456
3.1354942159291497,2.5895544033823974
0.6931471805599453,2.0100258538334055
0.0,0.0
0.0,0.03170008273146231
0.0,0.5552360378920274
1.0986122886681098,0.5960120454652449
6.894670039433482,6.30025069411624
1.3862943611198906,0.9994195859876821
2.8903717578961645,2.784578415491625
0.0,0.7074062290812356
0.0,0.9569083035934922
5.961005339623274,3.5633887306759435
5.7745515455444085,6.314732130366995
1.6094379124341005,0.6962223637328224
4.248495242049359,3.2554418080839294
8.658692753689937,9.020357723570985
0.0,0.5957481003191932
0.0,0.4181239043733804
1.6094379124341005,1.6115931036565452
3.912023005428146,3.67473415529301
0.0,0.043979388045625734
4.762173934797756,4.951539461071697
0.6931471805599453,1.889889941117453
0.0,0.03473969564168111
0.0,0.41830021781796084
0.0,0.38130627823146446
5.680172609017068,5.318872229053034
1.0986122886681098,0.5540025685206581
0.6931471805599453,2.0484433048444726
0.0,0.0455495750631799
0.0,0.3373829746825788
4.02535169073515,3.627127991665409
3.737669618283368,3.208530529045294
2.70805020110221,2.7484612429613486
0.6931471805599453,0.02739276689893251
0.0,0.11833438912496952
1.3862943611198906,2.0553662063761076
3.1780538303479458,3.293980027149813
3.4339872044851463,3.0336342189800405
1.0986122886681098,1.150675994490378
0.0,0.5649406386272039
0.0,0.8670367443314413
4.23410650459726,3.940753216856808
0.0,0.08988947996736062
2.302585092994046,3.603557827199936
0.6931471805599453,1.7968310287195848
0.0,0.4748580325538665
1.791759469228055,2.814798844134626
0.0,0.44933347380558253
0.0,0.0
0.0,0.12241112387385145
3.8501476017100575,4.604323805374575
4.624972813284271,4.888599198812723
0.6931471805599453,1.2174183265264935
1.791759469228055,1.4414306198287918
3.332204510175204,3.1314853439284365
0.0,0.059154217296442144
4.605170185988092,5.220234238526389
0.6931471805599453,1.9440870007069708
0.0,0.269084523782716
0.0,0.0
5.4510384535657,5.652964634826043
5.703782474656201,5.784827667316352
5.594711379601839,4.730233141366561
0.6931471805599453,0.8547517506492545
0.6931471805599453,1.2832675633223274
4.663439094112067,4.817974436158087
0.0,0.04847306626932103
0.0,0.24067841593344802
1.0986122886681098,0.9365708767272877
2.079441541679836,1.317671457426303
2.6390573296152584,3.9087898508261176
1.0986122886681098,1.2039312222593057
2.833213344056216,3.6163912402687854
5.973809611869261,6.385855560952836
0.0,1.4231541922468398
0.6931471805599453,0.43939859436493917
0.6931471805599453,0.39761866737271856
3.58351893845611,2.9697834329873323
0.6931471805599453,0.05511723180839871
4.174387269895637,4.008838163143968
3.367295829986474,3.2403082278556865
6.729824070489475,5.838339862703794
0.0,0.4779159638681502
0.6931471805599453,1.621764459331481
4.3694478524670215,3.8220886795521154
3.8501476017100575,3.679049485844636
1.6094379124341005,0.7200803505050151
0.0,0.631707952658195
2.9444389791664403,3.376670509312541
0.6931471805599453,0.1579921347134347
2.833213344056216,3.1713651879667766
4.204692619390966,4.257018302311851
7.431299675155903,7.084579436928154
0.6931471805599453,1.1186791230523012
2.4849066497880004,1.8416781626912901
7.167809184316444,3.8561460352158727
7.126087273299125,7.781780481125507
6.486160788944089,5.276914678376733
2.833213344056216,2.028598235311603
0.0,0.810147277729485
0.6931471805599453,0.43903475806508346
2.772588722239781,3.252033859580775
3.8501476017100575,3.534762459506987
1.0986122886681098,1.232815827003013
0.6931471805599453,1.0354120773089193
0.0,0.690412372652113
2.4849066497880004,4.092025031707247
0.0,0.11166720717889014
0.0,1.1990772787554986
6.413458957167357,4.990389928999534
2.5649493574615367,3.431791567855111
0.0,0.29699268803736933
0.0,0.13390302232748752
5.7430031878094825,6.308663282074803
3.218875824868201,1.6952787045446858
0.6931471805599453,0.9817692281004643
3.1354942159291497,4.393648610168718
0.6931471805599453,2.7765289665390775
1.3862943611198906,2.162471196646003
0.0,0.44525193593821316
1.9459101490553128,1.1133387948716642
0.0,0.508503733739173
3.332204510175204,2.059008517217501
1.0986122886681098,0.14626566806732344
7.089243155027514,5.893800923931579
1.0986122886681098,1.4842567073980844
3.912023005428146,4.171946583181075
1.3862943611198906,1.690534669197474
1.0986122886681098,1.6784576508095044
0.0,0.42118611440315545
3.6635616461296463,2.4992404791306897
4.127134385045092,4.491025288225717
3.49650756146648,2.634433527124218
2.3978952727983707,2.6641602108649662
8.442685139241176,7.698558155474609
2.6390573296152584,1.3640810479557746
0.0,0.1537784144558695
3.5263605246161616,3.867533794047426
0.6931471805599453,0.8571599666664464
6.169610732491456,5.685600184956216
5.198497031265826,4.858060672420832
6.042632833682381,5.766307347729185
1.6094379124341005,1.6498163378620303
1.791759469228055,1.4177378217297976
0.0,0.2536401548053051
0.0,0.591330317006699
2.3978952727983707,2.4991936814252917
3.970291913552122,4.978093823463919
4.543294782270004,4.045495808950403
1.0986122886681098,0.8773468181733672
0.0,1.1075989590102824
5.236441962829949,4.149047534325416
3.8918202981106265,4.46110806699041
2.302585092994046,2.1495678777116933
3.1780538303479458,3.6898845038062915
4.406719247264253,2.569090988184143
5.262690188904886,5.867588032286957
2.772588722239781,1.292284458338796
0.6931471805599453,0.23801631380416824
0.0,0.11711816383622906
6.765038976780541,7.406589655630574
2.70805020110221,2.006065380331987
2.772588722239781,2.4361068892098428
5.3230099791384085,5.003686119414358
0.0,0.009662399865893975
1.3862943611198906,1.6292813392871475
2.995732273553991,3.367416563413872
0.0,0.9878387212256285
0.0,1.3384676004085103
4.060443010546419,4.4139967649070515
1.6094379124341005,0.7543416113381115
0.0,0.05740536606725589
1.0986122886681098,2.0081711338809773
0.0,0.039979536050505686
5.627621113690637,6.403729139628852
1.0986122886681098,1.3282004388212258
4.875197323201151,4.370160455935076
1.3862943611198906,1.93459343061644
0.0,0.02533823554920696
9.06577692078483,9.301486174440816
2.079441541679836,3.6138949606248945
0.0,0.280275710728768
3.912023005428146,4.209917377253815
1.9459101490553128,1.5037924605507842
0.0,0.1811677451176809
3.4011973816621555,3.396960745518183
6.536691597591305,6.172332331312205
0.0,0.5997259134055158
5.3612921657094255,4.260406642124744
0.0,0.3151322013935675
0.0,0.4104095969117503
0.0,0.021695106307759712
3.4011973816621555,1.2635959123080933
0.0,0.7766253433293833
0.0,0.38359667260337427
3.688879454113936,4.275712008508367
0.0,0.8222386792405649
5.062595033026967,4.445885499255883
1.3862943611198906,1.0256542285968098
0.6931471805599453,0.7724473215297643
0.6931471805599453,1.1974385785166712
2.70805020110221,3.831614687847213
0.0,0.566444134449382
5.117993812416755,5.044390204590642
0.0,0.02954112426918599
0.0,0.0070379134117468985
7.711101251840158,8.36557781056793
0.0,0.012833218697597501
7.130098510125578,7.727194373641073
0.0,0.30854756398544975
0.0,0.28844825581619754
0.0,0.24435550746905937
3.49650756146648,4.079833827369245
0.6931471805599453,1.0736166156495477
0.0,0.6938994022892744
0.0,0.352001326973151
0.0,0.0
2.19722457733622,2.493562006486673
3.258096538021482,2.722747204498607
1.0986122886681098,0.6541697349500456
0.0,0.09977925895134152
2.079441541679836,1.561518117308959
2.833213344056216,3.262870801028851
0.0,1.027620816876769
9.169976605786628,9.25034187734402
7.954723334497908,8.221858529162201
0.0,0.2753657691045602
0.6931471805599453,1.7771736399678977
9.169976605786628,9.000335270752533
0.0,0.0
1.3862943611198906,1.9707823670056095
4.219507705176107,4.855289876636511
2.4849066497880004,1.4704226203019999
2.8903717578961645,4.102400142950513
1.6094379124341005,2.385301779275837
2.079441541679836,1.3623955650241584
2.8903717578961645,2.2375972878287818
2.5649493574615367,1.4573435746032322
4.976733742420574,4.865642865015382
3.49650756146648,3.32962788100871
0.6931471805599453,0.5679596983059698
7.186901020411631,6.8343611276070355
5.030437921392435,5.29132456125695
1.791759469228055,1.977146531847682
4.890349128221754,4.299435579132205
0.0,1.87463411444102
1.3862943611198906,1.805800442488594
3.9889840465642745,4.2126383517254045
0.0,0.0
7.43543801981455,7.713766194341291
1.3862943611198906,1.3663866431910792
1.6094379124341005,0.6011832621390722
0.0,0.09832636737210858
0.0,0.6246381166999697
0.0,0.8793208308582828
0.0,0.06685764652795215
7.398174092970465,6.797435456498732
5.802118375377063,4.437382548709343
8.866017398810255,8.920410216595284
5.613128106388071,3.286426812008935
0.0,0.47229045892518917
3.258096538021482,3.0290718526785807
0.0,0.4412110545042243
2.995732273553991,2.7473244961811294
0.0,0.09466961277480758
2.5649493574615367,2.9017243152248375
2.4849066497880004,2.2699436996606166
0.0,0.0896644831817528
4.219507705176107,3.8456255371873125
4.0943445622221,4.313942993112196
3.332204510175204,2.895134617010082
0.6931471805599453,1.796153874306121
2.079441541679836,1.4633059551072003
0.0,0.8211763359738323
3.367295829986474,3.367465245969518
0.0,0.06389521799526433
0.0,0.8350387791679852
0.0,0.028694987384019877
1.0986122886681098,0.6814203874035442
2.70805020110221,2.2344190710493095
0.0,0.8920335157594553
1.0986122886681098,0.8800692874237628
1.791759469228055,3.2641463323502844
7.519149957669823,7.28932147400068
2.772588722239781,2.55858489971523
5.6937321388027,5.7306204753407695
3.1354942159291497,2.1456103148219903
0.0,0.025352344926390998
0.0,1.3065228241793236
2.8903717578961645,3.352271932817367
1.6094379124341005,1.2900460239605132
9.0320506762956,9.34332799516173
0.0,0.23493246690205283
2.302585092994046,2.424375119806203
2.302585092994046,2.5846768268087055
4.997212273764115,4.147261365519543
1.791759469228055,2.0495822012752627
4.882801922586371,5.191336502898997
0.6931471805599453,0.4071717447918052
2.3978952727983707,1.9355161724145558
5.552959584921617,5.2576697627176046
0.6931471805599453,0.17630498850084647
4.867534450455582,3.855507554482807
1.6094379124341005,2.9447439530654735
1.791759469228055,0.21318733752214739
0.0,0.3001391545287237
4.564348191467836,4.4326928376905625
0.0,0.6801122097802942
2.079441541679836,2.5951910475507387
2.3978952727983707,2.805906335231452
2.3978952727983707,2.1084875596548622
0.0,0.1281414162378917
6.324358962381311,3.7444345794379355
0.0,0.1462502145077013
6.39024066706535,6.715882037292319
2.079441541679836,0.3121436912424489
0.0,0.1364795209894772
0.0,0.005901731251963492
0.0,0.04977224709609155
0.0,0.6607484720960927
5.225746673713202,5.6793436217654945
0.0,0.0
4.060443010546419,2.8859353386268065
1.3862943611198906,0.5167257448088083
0.0,0.19166651312841435
4.442651256490317,4.30189980824447
0.0,0.5061880023496533
4.5217885770490405,5.162863298049856
2.6390573296152584,3.325867969580159
6.194405391104672,6.5602134285377645
0.0,0.2304035235675546
0.0,0.3824335173057431
0.0,1.0914765042110472
3.4657359027997265,3.8479900564138485
3.091042453358316,3.076909636988074
0.0,0.04332726611792367
1.3862943611198906,2.33903553100002
5.981414211254481,5.832781744003166
0.0,0.693353339694827
4.6443908991413725,4.327506799495233
0.0,0.052707662135544016
2.079441541679836,2.56455928315136
2.3978952727983707,2.078150634565419
0.0,0.06932656821959637
3.044522437723423,3.1701273642215
0.0,1.270510169303556
3.044522437723423,3.8061238845839394
2.302585092994046,2.2037740324449304
1.791759469228055,2.3945731421591154
2.5649493574615367,3.086659077849465
9.169976605786628,8.169404847569778
3.58351893845611,4.07354931968503
1.3862943611198906,2.039607184816039
5.780743515792329,5.09108595318185
7.094234845924755,7.307705918130284
3.295836866004329,3.7404712139272323
0.0,0.20126569860490412
5.996452088619021,6.734579120532008
2.302585092994046,2.4806858641311607
4.418840607796598,3.8302332526550984
4.543294782270004,4.042152457646333
7.05444965813294,5.65852122019406
0.0,0.7106988546042325
0.0,0.8533316061971117
2.772588722239781,2.7576166275155773
0.0,0.29977354144203644
2.19722457733622,1.8231186452955561
2.5649493574615367,2.5547159250857265
2.9444389791664403,3.348854439523483
1.3862943611198906,0.8179084990580526
3.555348061489413,5.029623695161987
2.9444389791664403,2.879996079066064
0.0,0.48700375897651377
0.6931471805599453,1.8623079392428226
1.791759469228055,1.9561879702243938
3.1354942159291497,3.9568325641087223
0.0,0.2987870991212966
3.784189633918261,3.232779701175379
0.0,0.4029134453130403
0.0,1.5815176693345172
0.6931471805599453,0.8306521040222495
2.079441541679836,1.806026540316324
1.6094379124341005,1.512486149415506
1.3862943611198906,1.7916981463031292
3.332204510175204,3.330267943065685
3.044522437723423,3.5512974284472913
2.4849066497880004,3.3521158729866536
4.143134726391533,2.953199877656502
1.791759469228055,1.6941046321248328
2.833213344056216,3.127687611567557
0.6931471805599453,0.4236530976737501
2.079441541679836,2.4353431336924647
0.0,0.049437650678841163
4.158883083359672,3.894679416186877
0.0,0.600731309508066
2.079441541679836,0.579742836723772
0.0,0.007726712900714285
1.3862943611198906,1.725856811980913
0.0,0.03501884125752878
0.0,1.7689389267976199
1.6094379124341005,1.905577374352564
3.8918202981106265,3.3330457540168736
0.0,0.2143914263231023
1.0986122886681098,1.4897947104052072
3.8501476017100575,3.29973263001615
2.302585092994046,2.486633653090107
1.3862943611198906,0.2491879690152752
4.07753744390572,4.7647684261264525
0.6931471805599453,1.285419628710236
0.0,0.42532899482531217
0.6931471805599453,0.09360143097589868
0.6931471805599453,0.8503902869320881
0.0,0.9083681732424711
0.0,0.5396728319869242
1.3862943611198906,1.5988823859769083
2.079441541679836,1.614102721305156
5.123963979403259,5.7722340573436375
1.6094379124341005,2.4409663783867575
0.0,0.5609231614519432
0.0,2.076367829958079
1.0986122886681098,2.4713107462182196
4.934473933130692,4.412413962810135
0.6931471805599453,0.9735781626422341
1.3862943611198906,2.205696112648701
2.9444389791664403,2.1359424978669224
1.3862943611198906,0.282914340947414
0.0,0.013991239553311073
2.9444389791664403,1.5470375476419689
0.6931471805599453,0.19219709028263565
2.5649493574615367,2.9723067266489376
5.638354669333745,6.413658064489614
1.0986122886681098,0.5750297167333577
0.0,0.2926221506260948
3.6635616461296463,3.9359985923697027
2.8903717578961645,2.0044242295425794
0.6931471805599453,0.4248646017168839
1.6094379124341005,1.5513929557901096
3.80666248977032,3.747579355496334
5.225746673713202,4.880327261309596
0.6931471805599453,1.0436911229092174
3.258096538021482,3.297199290694864
0.0,0.30009957219501954
0.0,0.03682996198800342
1.6094379124341005,1.8691048071269216
7.938802248154481,7.64109224276082
0.6931471805599453,1.302096728314247
5.214935757608986,4.762189203557218
0.0,0.4200458600828507
0.0,0.5318321373895198
0.6931471805599453,0.8350387791679852
2.4849066497880004,2.1947045688177202
2.3978952727983707,2.361325915883911
2.70805020110221,2.459857789190293
6.180016653652572,5.909859585134757
1.0986122886681098,0.7091946888753532
0.0,1.6840867867863594
0.0,0.5722855732460292
0.0,0.08351297106782198
0.6931471805599453,1.5732739294570002
0.6931471805599453,1.5220583563863865
1.6094379124341005,2.8456547553366534
0.0,1.886868995669303
1.3862943611198906,0.4410844038849066
0.0,0.9432361626142175
6.385194398997726,6.93692950229336
0.0,0.10757434197906274
0.6931471805599453,0.6995504358298316
1.0986122886681098,2.0301548673374006
1.6094379124341005,1.826945887860367
5.3981627015177525,4.847599103081889
3.9318256327243257,3.8000087141800316
4.983606621708336,5.466253500404202
0.0,0.38167708790872956
3.218875824868201,2.6198977826884717
0.0,0.03640115787254735
0.0,0.008009236018825422
5.075173815233827,5.54400942082413
6.028278520230698,5.496345312349579
3.610917912644224,3.483456127530731
0.0,0.09024713737332907
9.060447282401563,9.03286028334386
1.3862943611198906,1.260311795193557
1.6094379124341005,0.3161946769254369
3.044522437723423,3.3317900187951492
3.688879454113936,3.200056832314438
0.0,0.05916766859286206
4.653960350157523,4.932006603766676
6.584791392385716,6.020452547095943
0.0,0.9097030026685395
1.6094379124341005,1.5389154773946738
1.0986122886681098,0.6675352617719718
6.274762021241939,6.183872104185662
0.0,0.004099514954874209
3.091042453358316,3.6340241579036485
5.365976015021851,4.150797877094327
2.3978952727983707,2.759975633553352
2.079441541679836,1.351956503333332
3.8918202981106265,3.8795239642189134
1.6094379124341005,0.37482912893426096
0.0,0.21733999112925004
2.70805020110221,2.593876057807475
4.584967478670572,4.203949597297685
6.508769136971682,6.642597056157187
0.0,0.3733285625181606
0.6931471805599453,2.396764260096694
2.4849066497880004,1.8021363219677222
1.0986122886681098,0.4371172137420959
5.303304908059076,5.381578539695995
0.0,0.6941151318928281
5.241747015059643,4.038917664118883
2.19722457733622,1.9509686447203771
6.030685260261263,5.549615538332531
1.791759469228055,2.9447812619016394
4.663439094112067,3.7194913765776976
1.791759469228055,2.8598556309858094
4.543294782270004,4.3210384803373465
0.0,0.5328102742246164
0.6931471805599453,0.5092476437257536
0.6931471805599453,1.3549892372056558
0.6931471805599453,0.6145723586354676
3.044522437723423,2.6553158835985693
5.0369526024136295,4.243676923591094
0.6931471805599453,2.529179658748449
4.454347296253507,4.298884303601577
1.6094379124341005,2.589868226428122
1.6094379124341005,2.7810694667711595
1.3862943611198906,1.6029303209564842
4.74493212836325,4.457184037065006
4.276666119016055,4.0027423205284185
3.332204510175204,3.0913417087410013
4.584967478670572,4.177731671281958
1.0986122886681098,1.483862158624622
0.0,0.6141511777888623
0.0,0.4795511181565379
3.044522437723423,1.4614782798205628
2.079441541679836,1.699727246418585
4.890349128221754,4.430073641665324
2.079441541679836,1.2557613260372418
8.289539484624141,8.53360667981145
0.6931471805599453,0.30530090333323473
0.0,0.07129126954040886
0.6931471805599453,0.5928456844547932
0.0,0.09487910205720874
0.0,2.8874994098498443
0.0,0.06430379228643852
0.0,0.09829761917185624
0.6931471805599453,1.11892026939552
0.6931471805599453,0.9034766734908599
0.0,0.0
0.6931471805599453,0.5450833043794937
5.58724865840025,5.114663162530792
3.610917912644224,4.01362981762906
3.828641396489095,4.0730508097874205
2.4849066497880004,2.1283905706085515
6.184148890937483,5.338306767692814
6.519147287940395,4.124948178395
6.0112671744041615,5.0719844644007
1.3862943611198906,0.447158949516153
4.532599493153256,5.509069122029848
3.9889840465642745,3.358622515785934
1.3862943611198906,1.6935835472668312
1.791759469228055,1.8314831326052776
1.9459101490553128,1.6829940159609322
0.6931471805599453,0.9132336087775692
2.4849066497880004,3.126447754045754
2.19722457733622,1.0061061325201164
0.0,0.23983892147894173
4.867534450455582,4.343378582261989
0.6931471805599453,0.31956670534610443
0.0,0.2755515824793804
0.0,0.0
0.0,0.6874776585769655
0.0,1.5525456847510837
2.8903717578961645,3.5332180745117965
7.301822342137932,7.56316126286152
1.0986122886681098,0.5427608867198698
0.0,0.05022812552230391
0.0,1.252959698637851
1.9459101490553128,1.5829315751022828
5.2832037287379885,5.48387097453254
0.0,0.060224928894828444
0.0,0.18791918742393468
0.0,0.042240181221700784
4.584967478670572,3.816967681172639
2.4849066497880004,3.351103208785011
0.0,2.047382845663571
0.0,0.19852901413799312
2.8903717578961645,3.229562690092965
3.8501476017100575,4.406279611864083
0.0,0.3621069252215242
3.9318256327243257,1.4870769709720186
0.6931471805599453,0.4420659880653758
1.791759469228055,1.34392048958435
0.6931471805599453,1.4534475798650086
7.10085190894405,6.7400162218971635
0.6931471805599453,0.3247042454228952
0.0,0.31680030599641346
7.553810852008231,7.58680401860978
0.0,0.03184691465297227
2.19722457733622,1.9600544985526276
1.6094379124341005,1.3551453970444625
4.997212273764115,4.815540317599452
0.6931471805599453,1.8330297366240285
5.552959584921617,3.535531834035136
1.6094379124341005,1.3018622520555407
4.836281906951478,4.224834513728116
2.5649493574615367,2.9324010861168297
2.70805020110221,3.04157021060193
4.343805421853684,4.346971433343699
1.791759469228055,2.339048144977335
0.0,0.0
3.367295829986474,1.9355782071105594
1.791759469228055,0.5913491227031843
9.169976605786628,8.539598377517402
1.791759469228055,1.3564381479380896
7.525639975041535,8.23643524140656
8.043984431221553,7.444221489842499
1.3862943611198906,1.9094243680073708
1.0986122886681098,1.2323710853467584
0.0,1.689612291237251
3.737669618283368,3.2034638550802894
2.3978952727983707,0.7889027899870117
3.8918202981106265,4.33377302253205
5.513428746164983,2.812686796797585
0.0,0.37598543060794304
1.3862943611198906,1.1577870803645145
5.976350909297934,5.436584726447274
4.465908118654584,3.4226759665237467
3.367295829986474,4.670592948173957
1.9459101490553128,2.8598171542799133
2.079441541679836,1.6279328332312115
3.7612001156935615,5.28205077582982
0.0,0.08284486239989305
2.079441541679836,2.3792782326071245
1.6094379124341005,2.1416497210766785
4.356708826689592,3.5272458877924673
1.6094379124341005,2.033333298105412
0.0,0.7116662556608623
4.356708826689592,3.670147907396799
0.0,0.3418161772495334
8.173575486634153,4.247133460852767
0.6931471805599453,1.3329376414444265
1.6094379124341005,1.6844696993599806
3.295836866004329,3.265097811552428
1.0986122886681098,1.5420210959155598
2.995732273553991,3.0304681541818588
3.044522437723423,2.5960363338817634
1.3862943611198906,0.7312633591479736
0.6931471805599453,0.7321247425411048
0.6931471805599453,0.7163990050486202
0.0,0.8513878708980426
5.030437921392435,3.315278275089851
4.204692619390966,4.188222276115501
0.0,0.7499811883319328
0.0,0.35687095939266605
0.0,0.1716476270686475
3.1354942159291497,4.005685088139229
3.218875824868201,3.365421642070384
2.3978952727983707,2.799671768341484
1.6094379124341005,0.4519193465925708
0.6931471805599453,0.5203853663482235
0.0,0.0
1.3862943611198906,1.5855795038841924
0.0,0.06768208141986375
2.995732273553991,3.6944396794712886
0.6931471805599453,1.6790655313810399
0.0,0.16013941941835186
1.3862943611198906,2.0535630493877814
0.0,0.7663360276660195
1.0986122886681098,1.9004055616664999
0.0,0.33196674973551127
0.6931471805599453,0.8628164443250171
2.6390573296152584,3.313234805782269
0.0,0.832819987217552
1.6094379124341005,0.28852858154615596
5.303304908059076,5.200981571895533
3.1780538303479458,3.5641631482655227
4.143134726391533,4.767415862930776
3.4657359027997265,3.494543904313998
0.0,0.21113594899307528
2.079441541679836,1.9851486080187104
4.990432586778736,4.163634468271415
0.0,0.48070795953391876
0.0,0.6221773562278475
0.0,0.020465998569507357
1.3862943611198906,1.7389205314738925
2.079441541679836,1.0162377459873264
2.302585092994046,2.9079780444683787
0.0,0.3650491595056247
1.6094379124341005,1.3978987554500342
0.0,0.3594978922699168
6.902742737158593,1.999439266735837
4.691347882229144,4.075877343359106
2.70805020110221,5.315258948984761
4.248495242049359,5.327621809791369
1.3862943611198906,0.6922819145599722
5.786897381366708,5.816493756675168
0.0,0.11737705707789828
0.0,0.01912659415200976
3.828641396489095,3.9249256298768667
4.852030263919617,4.788734165562237
1.3862943611198906,2.8785684122386423
1.791759469228055,0.9606935362863929
2.3978952727983707,0.11312022665023136
8.15162164696975,7.892998845928858
0.6931471805599453,1.4959198338126305
1.3862943611198906,2.130474825746372
1.3862943611198906,0.7588317304582402
2.772588722239781,2.5073054434842987
0.0,0.0
2.19722457733622,2.360952000883382
9.169976605786628,8.640856136689061
8.458716261657262,3.9121718958844016
1.3862943611198906,0.9148667786438629
0.0,0.2815883480436473
3.80666248977032,3.2467543663641996
5.961005339623274,5.958339686921831
0.0,0.024289417451225998
4.8283137373023015,5.880861976782994
2.833213344056216,2.7397614927605574
2.8903717578961645,2.4434159796994335
6.877296071497429,7.1778510877229325
0.0,1.4770364386630255
0.6931471805599453,1.2410710530659472
0.6931471805599453,1.352620467708102
0.0,0.8788186494659477
7.886832998955056,8.266404875132476
0.0,1.075781708220458
3.218875824868201,3.2109462231921664
5.049856007249537,4.82013930766767
1.3862943611198906,1.2294502894972144
5.3981627015177525,5.7245867093754335
4.07753744390572,4.444122573065736
2.5649493574615367,1.8336221326019253
0.0,0.08824355054999881
4.248495242049359,4.717092977657879
3.295836866004329,4.510026698355852
0.6931471805599453,0.168150359478915
0.0,0.2768643406329079
5.384495062789089,5.927397856615809
6.961296045910167,6.2225322967422345
2.5649493574615367,2.1761465457469042
2.995732273553991,3.2070176955216794
1.791759469228055,2.6823975904586694
0.0,0.3258253379058804
0.0,0.0
9.09952053687094,5.283484091497167
4.912654885736052,4.552864728649221
0.0,0.789148695710424
0.0,0.46842569491800956
0.0,0.22574038822832165
1.6094379124341005,1.8319922940068654
6.115892125483034,6.135250422883964
3.367295829986474,3.4943027976241816
2.302585092994046,2.543848244255212
2.772588722239781,2.823448357957858
4.204692619390966,4.357838541428612
4.248495242049359,4.0502501365443475
2.6390573296152584,2.5906348068044593
2.70805020110221,2.311794022484324
1.9459101490553128,2.21105934999931
1.0986122886681098,2.2043458876606494
1.3862943611198906,0.9630141710472169
3.367295829986474,3.522955869979713
0.0,0.0
0.6931471805599453,1.5796549359898437
1.791759469228055,1.7533679409555885
0.0,0.49970365349432233
0.0,0.20335970923725027
2.302585092994046,3.1090305489559578
4.532599493153256,3.5088935087599236
3.091042453358316,2.3638135707189485
6.159095388491933,4.330011043476227
2.079441541679836,1.3600099531367962
3.80666248977032,3.417580058682826
1.791759469228055,1.6204034768879814
4.5217885770490405,2.7523026899744374
6.907755278982137,7.132509977713448
0.0,0.7950717430913715
2.5649493574615367,3.0953749882345054
0.0,0.15081694399538675
2.5649493574615367,2.3706127394266248
2.8903717578961645,2.62596714114069
0.6931471805599453,1.2130222862278819
1.0986122886681098,1.6965266997478614
1.0986122886681098,1.507579685081523
1.0986122886681098,0.771476503055467
1.0986122886681098,0.5564046831028187
2.079441541679836,1.2855457686422382
0.0,0.07019739630457522
0.0,0.3315433894390998
4.68213122712422,5.134064126905211
0.0,0.021072807880549636
4.934473933130692,5.01581061161145
0.0,0.31596333351655836
2.4849066497880004,1.1200201190146837
3.4011973816621555,3.032242073256971
0.0,0.5440794924784457
1.9459101490553128,2.6964310154578217
2.6390573296152584,3.253773393792441
2.5649493574615367,2.384408743666566
1.0986122886681098,0.45301304315588337
0.0,0.507569315085221
0.6931471805599453,0.5953293062226015
2.4849066497880004,2.8558377678162272
0.0,0.07418350525413057
3.912023005428146,4.5118536444275685
0.0,1.7567869260759301
0.0,0.25868776014188055
0.6931471805599453,0.6265360335548213
2.3978952727983707,2.091222837407761
4.110873864173311,3.4482073719911934
3.044522437723423,2.7820007997316436
2.772588722239781,2.8778574342380874
0.0,0.47823768970348063
0.0,0.864834944069389
1.791759469228055,2.822471317172724
0.0,0.3994997610079503
7.113956109566034,6.948318508526466
0.6931471805599453,0.49615468427876164
0.6931471805599453,0.41336824218698304
0.0,0.5343003931935434
1.3862943611198906,1.3239451400164441
7.537430036586509,8.099233471294697
1.0986122886681098,1.4176679956815015
0.6931471805599453,1.1726678614655932
5.075173815233827,5.139876782082551
1.0986122886681098,2.0493103172828824
3.4011973816621555,2.682730219629502
2.8903717578961645,1.883569611339896
1.791759469228055,1.2125738336907244
0.6931471805599453,0.21392507359711316
0.0,0.021257740384833756
5.968707559985366,5.616606870095372
0.0,0.30701124621948633
5.056245805348308,5.433454962576775
0.6931471805599453,1.3177424246466445
2.079441541679836,1.6149755578082496
3.1780538303479458,3.9796085876429745
4.04305126783455,4.418568196382057
0.6931471805599453,0.17022151117293616
2.19722457733622,2.9049202609210654
1.6094379124341005,1.020814385036214
0.0,0.006037239906248509
2.079441541679836,2.3334206357760383
1.791759469228055,2.4950508724125093
2.3978952727983707,2.5026911643144945
4.59511985013459,4.950900991366719
0.0,0.3574364300926766
5.752572638825633,5.113320689234572
5.541263545158426,5.672528255660082
5.407171771460119,5.356777402917336
0.0,0.03398909957906195
2.079441541679836,1.7182072672428161
5.768320995793772,6.2627002807398275
1.0986122886681098,1.161735032421487
0.0,0.6440599839549664
1.791759469228055,1.9183351686821235
6.684611727667927,5.999378013093206
8.57828829077605,8.369934661329191
0.0,1.4541521199384861
0.0,0.04880427007387273
0.6931471805599453,1.6329133433395515
3.1780538303479458,3.3784155473243334
5.19295685089021,5.186936174753342
0.0,0.49409771378908435
6.192362489474872,6.501746426719327
0.6931471805599453,1.5622948586536014
4.59511985013459,4.865507316847526
3.9318256327243257,3.5166313959745685
2.6390573296152584,3.344507026505636
5.14166355650266,5.345217952965849
6.928537818164665,6.236026655393156
6.198478716492308,5.001937422341891
4.30406509320417,4.880736351706932
0.0,0.9248216378597761
2.302585092994046,2.3943105916628222
4.394449154672439,3.408589068209765
3.6375861597263857,3.258124179481089
0.6931471805599453,4.727898997207805
0.0,0.1119114571142166
2.70805020110221,2.904725318630266
4.343805421853684,4.202249999500391
3.1354942159291497,3.042321099212179
0.0,0.1400715899330779
1.0986122886681098,0.5869118134896079
1.3862943611198906,2.5758581047463203
1.0986122886681098,0.1706785329696329
4.700480365792417,4.967906501169804
1.0986122886681098,0.9265239957281142
0.0,0.1923057727567082
4.624972813284271,4.480026408604551
2.4849066497880004,2.29340976525798
1.3862943611198906,0.8791004285645072
3.367295829986474,3.193207505778368
1.791759469228055,2.032996882421865
0.6931471805599453,0.0
2.079441541679836,2.137438537412062
4.605170185988092,4.28267025039214
0.6931471805599453,0.06159867001582192
1.6094379124341005,1.177350736586355
0.0,0.11362403566853611
0.0,0.16321144271480256
6.883462586413092,7.873419213977288
2.5649493574615367,2.2688186443214375
0.0,0.8551557514218826
1.0986122886681098,1.6977932688785253
1.0986122886681098,1.5337496712930068
4.564348191467836,5.285946069489183
6.455198563340122,6.883785727318256
8.061486866871327,6.845120106835013
0.0,0.4509965938307482
0.0,0.23075120181588724
1.0986122886681098,1.4279183173588001
5.087596335232384,2.9938851533735917
0.0,0.22096445974347964
0.6931471805599453,0.6299186994554989
3.9889840465642745,4.14938000781544
1.0986122886681098,0.6770258317695514
0.0,0.20268837014923252
6.9865664594064265,7.579561421464376
4.290459441148391,5.571082922151476
4.23410650459726,4.031940436725105
0.0,0.07817661002414156
3.4011973816621555,2.2701602858283545
4.07753744390572,3.9964841591366254
3.091042453358316,3.728196137949897
2.70805020110221,2.7915676294029605
0.0,0.08887468966573585
6.699500340161678,7.131747118386817
1.791759469228055,2.4857920048963025
2.302585092994046,2.2969731465961973
5.82600010738045,6.435465586550178
1.3862943611198906,1.3946157630148892
1.9459101490553128,2.5225049201324135
3.80666248977032,3.674388336326564
4.543294782270004,4.500345498208825
6.56244409369372,6.713182269113819
9.169976605786628,4.095040088324278
2.302585092994046,1.9778516708026652
1.6094379124341005,1.3593476305051786
6.736966958001855,6.030076411543414
0.0,0.05119879084136039
6.9865664594064265,7.048358871659803
2.8903717578961645,2.8419510224649294
2.6390573296152584,3.48328422326053
1.0986122886681098,0.4186409323684955
2.079441541679836,1.3941697736379919
4.174387269895637,5.594010895062227
3.871201010907891,3.1822458284000077
2.4849066497880004,2.2994860347421335
0.0,0.23298901415441195
0.0,1.9616098466941565
3.871201010907891,3.186230038428265
2.70805020110221,1.842368903321803
0.0,0.0
0.0,0.045377525245918315
0.0,0.15386043004354077
0.0,0.3130614749677746
2.079441541679836,2.4529880528689123
0.0,0.4365902792891831
0.6931471805599453,0.9408898713901346
0.0,1.467721039122465
0.0,0.24755597514970662
0.0,0.0
1.0986122886681098,0.3183884738689253
0.0,0.6949558715478683
0.0,0.09877398759768316
4.02535169073515,3.6701046471865175
1.3862943611198906,0.9216757128353463
0.0,1.1501011149017915
1.3862943611198906,2.2494308172917146
3.58351893845611,3.2484424884758973
0.0,1.1307917570877644
0.6931471805599453,2.0783956478846433
2.19722457733622,0.8723739767935368
0.6931471805599453,1.5326826327644563
2.4849066497880004,2.8737146185258085
2.302585092994046,2.117814514338571
5.075173815233827,4.809274897527592
2.3978952727983707,0.8610252188614348
0.0,1.2061450934191886
4.882801922586371,4.623819240024194
0.0,0.11671317076836012
4.795790545596741,3.1516259119806977
5.993961427306569,5.969770989164858
5.308267697401205,4.345258196035729
2.5649493574615367,3.219690187440765
4.6443908991413725,4.733662445737761
4.356708826689592,4.249511695741318
0.6931471805599453,0.14062407202615376
0.0,0.22259801381021557
1.6094379124341005,1.3546198730487988
7.167809184316444,7.7556358929660965
0.0,0.12726140085666088
2.833213344056216,3.9435584223843065
4.955827057601261,4.626526388108792
0.0,0.09707915967243773
0.0,0.03368371291406656
0.6931471805599453,2.1164216767467843
2.079441541679836,1.8650483441353531
4.02535169073515,3.8470317461272634
1.6094379124341005,1.6209375467528135
0.0,0.09052199560036708
3.258096538021482,3.5725025781099884
0.0,1.161815098697467
5.755742213586912,4.452588138527609
3.332204510175204,2.8181845162763013
0.6931471805599453,2.367045422602376
2.4849066497880004,2.695328519612371
3.688879454113936,2.9298825116303586
1.6094379124341005,1.7675083216830603
1.9459101490553128,2.745958028298848
1.3862943611198906,1.431042182455644
1.791759469228055,1.1052874311683893
9.169976605786628,8.663011415146084
2.3978952727983707,2.055515837536212
1.0986122886681098,4.3771607823159435
2.772588722239781,2.921707997096933
4.219507705176107,3.6065403440949853
0.0,0.15300771260129084
1.3862943611198906,3.510329431631869
0.6931471805599453,0.441968534009852
0.0,0.7140562327302198
1.0986122886681098,1.2988797767014741
2.302585092994046,1.876657958291682
1.791759469228055,2.0263806661826953
1.0986122886681098,1.5815841612184218
1.0986122886681098,2.327711173656861
6.077642243349034,5.648611293323692
2.3978952727983707,2.135130641606817
0.0,0.0
0.6931471805599453,0.022083361058918925
0.6931471805599453,1.3175961068664344
4.060443010546419,2.7971903860227187
4.543294782270004,4.095178570646351
1.3862943611198906,1.489173685015074
8.68406264365127,8.692546106007828
1.0986122886681098,0.8750898693428237
0.0,0.19955462201722768
0.6931471805599453,0.6384712764306443
1.0986122886681098,1.078295356678429
7.975908360165538,8.41329877119656
0.0,0.08046709816974719
4.691347882229144,4.60626632283232
9.169976605786628,8.782007536178176
5.855071922202427,6.4038874579070075
2.079441541679836,3.3674623527005405
6.98933526597456,6.454631151093209
0.6931471805599453,0.3748772826719813
2.19722457733622,1.5972314292696905
2.772588722239781,2.168588867076439
1.0986122886681098,1.7951010001967413
2.6390573296152584,1.3627757050028069
5.117993812416755,5.3949557975980715
1.0986122886681098,1.0069280159900418
4.174387269895637,4.923325870924193
5.062595033026967,4.64992066926983
4.356708826689592,4.041128638740606
0.0,0.13147079873023923
0.0,0.6021713812945124
0.0,0.10751407337176715
0.0,1.4104534084459448
3.218875824868201,1.3287851175183691
0.0,0.015904958425085436
2.9444389791664403,5.755289280011092
0.6931471805599453,0.22715482708780996
0.0,0.12390315418099347
0.0,0.09930419896748008
1.3862943611198906,1.2866147064455622
0.0,0.12996779234035405
0.0,0.9879372520949334
0.0,0.6577639006389394
6.495265555937008,6.656283006545829
1.3862943611198906,1.6253774154081213
0.0,0.7278711441563763
0.6931471805599453,0.7797722318670812
3.610917912644224,3.2355000357027692
0.0,0.2725727232534137
6.699500340161678,6.37784693609798
0.0,1.0583603098444907
6.511745329644728,6.6153241209657185
3.49650756146648,3.329107926515047
5.351858133476067,4.512233838943802
0.0,0.02063180461556893
1.791759469228055,2.463390986450396
1.3862943611198906,2.9435304084732525
2.079441541679836,3.3874351357387202
1.6094379124341005,1.9836696968560297
6.907755278982137,6.693749430897921
0.0,0.024845036750728577
2.3978952727983707,2.3245621343393
0.6931471805599453,2.1852899268505857
3.8918202981106265,3.993476277370279
3.1354942159291497,4.1424482452672695
0.0,1.1763745732577076
1.6094379124341005,1.565790525803929
3.091042453358316,2.93338520458609
2.19722457733622,3.4290318135251554
1.0986122886681098,1.2749755433129135
0.0,0.14899842798832458
0.6931471805599453,0.8595804497153197
6.22455842927536,6.807019653636767
4.454347296253507,4.506900098272739
2.6390573296152584,2.0366493517066617
0.0,0.029173336993116375
0.0,0.0219155011715991
1.3862943611198906,0.8724583988736917
0.0,1.7998559490380803
0.0,0.03446893572137681
1.0986122886681098,0.3749225626497483
6.269096283706261,6.23377809527412
5.3706380281276624,5.6957788051770635
2.19722457733622,1.6886007856567125
1.791759469228055,1.0749516642262191
3.912023005428146,1.8422051902715586
3.4657359027997265,3.8858027967925097
8.231642179973411,7.542460740086785
0.0,0.589347172126797
0.6931471805599453,0.06305453229642892
1.3862943611198906,1.7656897074989413
2.19722457733622,1.8671149461589351
2.4849066497880004,2.371917033650851
6.795705775173514,6.230016302240118
0.0,0.02657136549164445
0.6931471805599453,0.47944311291465463
5.942799375126701,5.435787359935086
0.0,0.7015114138359102
3.871201010907891,4.087841913125688
4.23410650459726,3.758499991576932
0.6931471805599453,0.8284470197374315
2.3978952727983707,1.8219512695299631
1.0986122886681098,2.232453375104524
2.302585092994046,3.5510552525566736
0.0,0.013547489472117294
4.219507705176107,3.8344976842039316
1.6094379124341005,2.056876897394332
0.0,0.051919852022294974
1.0986122886681098,0.8732337512084244
2.772588722239781,3.532091508276953
9.169976605786628,8.797564201754923
4.382026634673881,4.803108388225213
3.044522437723423,3.939205915392744
0.0,0.3329784989789778
2.302585092994046,1.3879817296797552
6.55250788703459,6.950125013244857
0.0,0.056999960572800594
4.653960350157523,3.6542813042665054
2.70805020110221,1.8339303275161056
0.6931471805599453,0.6408658970133967
3.58351893845611,3.333026594099658
1.0986122886681098,1.3141121629900046
0.0,0.03982072028852408
5.556828061699537,5.950476836784351
0.0,2.015019458821264
0.0,1.9946323628218858
2.3978952727983707,2.2250330329591104
8.128290171607052,7.6029845969381595
3.332204510175204,2.812255649110981
0.0,0.0
2.079441541679836,2.0661180543827897
3.5263605246161616,3.232737422152934
3.912023005428146,2.767723868136764
2.4849066497880004,3.008629232908965
4.875197323201151,4.749556097023117
1.9459101490553128,2.510404646636002
2.302585092994046,2.805561881784597
0.6931471805599453,1.337879805416712
1.6094379124341005,2.6803628999731526
0.0,0.3431483726866623
0.6931471805599453,0.09333982671297127
0.6931471805599453,0.41019692664230245
3.58351893845611,3.26380315052907
4.574710978503383,4.652170662859652
3.6375861597263857,4.393997349438532
4.672828834461906,3.8997746050942803
3.6375861597263857,6.337259978069502
7.231287004327616,6.888055384822718
0.0,0.17648016175680187
0.6931471805599453,0.5059322343405509
0.6931471805599453,0.9288732284050122
0.0,0.014015985200343839
0.0,0.2764591996568445
5.971261839790462,6.079290022912395
0.0,0.032429782730720155
4.204692619390966,5.1560458292124265
3.044522437723423,2.4244031833294386
0.6931471805599453,0.024746490494711393
0.0,0.177561309314746
8.018954683155718,8.345676153108982
0.0,0.5511440925375277
4.110873864173311,4.420342337152957
1.791759469228055,2.1885464148786395
4.060443010546419,4.136217112781966
3.9318256327243257,3.9126162607340986
0.0,0.009106035086357827
0.0,0.06697964503172117
0.6931471805599453,1.2329134098986065
0.0,0.1881834267185651
1.6094379124341005,2.02435630132658
2.302585092994046,2.3201845247297364
0.0,0.20715351967607706
4.969813299576001,5.048262440711575
3.367295829986474,3.767500903599086
0.0,0.2183005802449572
4.276666119016055,4.522833524627963
7.066466970136958,7.232012604079271
0.0,0.32854242383006177
3.9889840465642745,3.629141480503397
4.07753744390572,5.784083194595989
4.51085950651685,3.8229483463235243
1.0986122886681098,0.8103161378397524
7.247080584585756,7.0874624985839
6.467698726104354,5.259341110953732
6.0473721790462776,5.4844015059157165
5.799092654460526,4.443972124439796
0.0,0.07103729077612625
0.6931471805599453,0.1985831863044063
0.0,0.04723554544353809
2.19722457733622,2.2840068484581333
0.6931471805599453,0.5241054226475418
4.770684624465665,4.839665970617753
8.060855752934316,8.307399397015406
7.255591274253665,7.755541470486261
1.0986122886681098,0.31888816208478293
0.0,0.0242278238681159
0.6931471805599453,0.26171640170049276
2.5649493574615367,1.083749902191313
4.736198448394496,4.831121948606414
2.3978952727983707,1.992665329342413
2.302585092994046,2.1467135467366525
2.079441541679836,1.733860377499145
6.586171654854675,6.4585301827730195
4.330733340286331,4.7136921633408875
0.0,0.11715734207646003
1.3862943611198906,2.0993819087802446
2.6390573296152584,1.6814913874503425
0.0,0.4474115180237384
0.0,0.15388957290934993
0.0,0.5919946974806032
6.889591308354466,6.537539161805558
0.0,0.40189365046921255
6.738152494595957,6.34036766771832
1.0986122886681098,0.6970388473324907
4.477336814478207,5.541096217647233
0.6931471805599453,0.20257733626101415
0.6931471805599453,2.4654973900772985
3.091042453358316,3.3419011903715896
0.0,0.024612302905415568
1.791759469228055,2.4684670033115848
2.772588722239781,1.76464341184171
0.0,0.34076795512167396
0.6931471805599453,1.5472415560130857
5.68697535633982,4.589389043163158
2.302585092994046,2.1502778387474706
2.302585092994046,0.8885086018938415
0.0,0.0744138372650071
0.0,0.7304550779600242
0.0,0.006786738985417373
3.332204510175204,3.1735014314851036
1.0986122886681098,1.4640373077629627
0.0,0.07659622732440627
3.7612001156935615,3.386777917218143
0.0,0.3172513778826356
0.0,0.6057836201260848
2.3978952727983707,1.5529801554949036
2.772588722239781,2.8397487513387083
0.0,0.05604659676149897
3.737669618283368,3.23634512024692
2.4849066497880004,2.6777912454357504
0.0,0.36587411337702136
3.4657359027997265,4.039082715649401
4.219507705176107,3.251549850866127
0.6931471805599453,1.7173944670329926
3.80666248977032,3.0282909641239226
1.3862943611198906,1.3593011751918906
2.9444389791664403,3.402991010015971
3.784189633918261,3.4472252559453382
0.0,0.07314049465144089
3.4011973816621555,2.696617539573941
0.6931471805599453,0.9786276954940537
7.651595573857601,7.376636635870423
7.262628600974241,5.477685498781556
5.209486152841421,3.910923615377427
0.6931471805599453,1.068188933732902
1.9459101490553128,2.0321157743775338
1.0986122886681098,1.355453413680951
5.717027701406222,6.258605621061828
2.8903717578961645,2.302757875198598
0.0,0.16651655032415016
2.079441541679836,1.3062733950016345
3.044522437723423,3.7334354664696607
0.6931471805599453,1.121866049876405
0.0,0.08303311504058823
0.6931471805599453,0.12794613877092847
1.791759469228055,1.7196168442520896
2.302585092994046,1.750734989838808
1.0986122886681098,2.1809881234558994
2.8903717578961645,2.39003762272364
8.911934336161426,8.995631720775057
5.41610040220442,4.957557124497009
0.0,0.4521047252411633
0.6931471805599453,0.4565299018519619
3.091042453358316,1.8702806090316497
0.0,0.02474523409853142
0.0,0.15795234555661675
7.027314514039777,6.112181981080445
4.248495242049359,4.260788803864601
1.791759469228055,1.2120548282054
0.0,0.08991076886735035
2.302585092994046,2.614090748879858
0.0,0.6544352626807837
0.6931471805599453,1.6534697193658598
4.02535169073515,4.072150244524926
2.3978952727983707,1.935707045992
5.676753802268282,7.412579988447764
8.700847193443972,4.841474532952351
2.6390573296152584,2.70897722098338
4.343805421853684,4.5542713533012655
0.0,0.21388988568195022
1.0986122886681098,1.1871081211562837
4.68213122712422,4.106468924437288
1.3862943611198906,2.238834556543002
4.143134726391533,3.997659814103805
6.163314804034641,6.334097240903336
6.516193076042964,7.333658447327737
0.0,0.07523615855373107
4.68213122712422,5.3337403447380884
0.0,1.0973538094535875
1.6094379124341005,0.25311749027892744
2.772588722239781,2.289780059086671
7.57455848420248,7.757063004431617
0.0,0.14505240307537787
1.0986122886681098,2.8198322502276674
0.6931471805599453,0.8822050834333323
3.688879454113936,1.7783251171299481
0.0,0.0
0.0,1.38785809530414
4.0943445622221,3.743474048078777
2.6390573296152584,1.8305333508230561
0.6931471805599453,0.7720633748948662
4.02535169073515,4.3962116605224315
2.6390573296152584,2.3066125467586236
7.938088726896952,8.611874511324608
7.480992162869525,7.834858064779525
4.74493212836325,5.169089140524079
4.844187086458591,4.943616117213414
1.0986122886681098,1.2689513930380578
1.791759469228055,1.686624115095423
0.0,0.02459097870559665
0.0,2.154920145440588
2.079441541679836,1.3145317318118275
0.6931471805599453,0.597886088672838
5.43372200355424,5.885403436845511
0.6931471805599453,0.758418189066271
0.0,0.006954612253518297
0.0,0.4259961320334259
0.0,0.34103247038736045
1.3862943611198906,1.3612922380292118
1.0986122886681098,0.18565532071908095
0.6931471805599453,0.5149714150790478
2.4849066497880004,3.278652095202047
3.610917912644224,2.862329301467286
3.49650756146648,2.6493774255526836
0.6931471805599453,0.47398022176430765
0.0,0.13520987889389446
1.6094379124341005,2.1948768285080353
4.219507705176107,4.665695664054913
5.834810737062605,4.363178730363836
0.6931471805599453,0.1688650422108496
0.0,1.4675342072016622
5.777652323222656,5.996619051825927
3.332204510175204,3.7259580466860975
0.0,0.2881701361713853
6.878326468291325,6.247121654986803
4.844187086458591,4.071038926926024
1.3862943611198906,1.8427296493219314
1.3862943611198906,1.2649400020500428
0.0,0.0
4.04305126783455,4.431172915845607
2.079441541679836,5.248276048059368
2.4849066497880004,0.44997800901261586
0.6931471805599453,0.22414709061733915
1.3862943611198906,0.7691438405888346
2.8903717578961645,2.058136078253271
4.23410650459726,4.4497252043491144
0.0,0.09164757030161896
0.0,0.7899623431590082
1.3862943611198906,1.5448223242567876
9.169976605786628,8.188098355661586
1.9459101490553128,1.2926695314888663
2.9444389791664403,1.0476841108664599
1.3862943611198906,0.5735097797617622
4.574710978503383,4.704162892394393
3.5263605246161616,4.069021442537397
0.0,0.07651200312078273
5.560681631015528,5.312707483197315
0.0,0.07406256473971891
2.772588722239781,3.3487294985854406
0.0,0.3339488598516624
0.0,0.854302157216081
0.0,0.11501775075749178
2.3978952727983707,3.3021740169514824
0.6931471805599453,0.20944204274238043
0.6931471805599453,0.5174798909524411
0.6931471805599453,0.2927063505160612
4.736198448394496,4.467631180196885
3.5263605246161616,3.7955547252077655
0.0,2.3050589359637135
2.6390573296152584,1.6827042759736384
0.0,0.9824532809037552
0.6931471805599453,0.5328861737235732
4.51085950651685,3.692193134135433
3.4657359027997265,3.1190228630679036
4.653960350157523,5.386721302776592
4.584967478670572,3.041985115334799
0.0,0.0885475471496117
1.6094379124341005,3.1800414362005034
1.3862943611198906,0.47479580572728997
5.921578419643816,4.950156020091527
4.343805421853684,5.001844242122272
3.1354942159291497,1.769257956736082
4.574710978503383,4.884598146627917
0.0,1.0912961285409177
0.6931471805599453,0.9539387175754983
2.5649493574615367,2.338916883336088
2.70805020110221,3.131475078563648
8.696510239189893,8.563894727766941
0.6931471805599453,0.133415861889485
6.018593214496234,5.773739129745014
0.6931471805599453,1.4667611657196296
0.0,0.027337717885216054
2.70805020110221,3.52138263272342
4.762173934797756,4.924884246818809
0.0,0.007761341632711379
0.0,0.5881798600283283
3.091042453358316,2.3883394628157757
0.0,0.773167219141743
2.5649493574615367,2.4758205178302353
6.732210706467206,6.329926649081817
0.0,0.29257777159342874
0.6931471805599453,0.4026331623189929
3.80666248977032,2.466273903691342
3.951243718581428,4.258218885412914
2.5649493574615367,0.4908313415657713
9.169976605786628,7.30852625006486
1.6094379124341005,1.9937931655021208
1.3862943611198906,0.8502887561772635
0.0,0.17662123165475987
0.0,0.5197220706805701
1.791759469228055,2.377142501740294
7.569927655242652,5.962472792151278
0.0,0.029289863680822446
0.0,0.173008211613901
0.0,0.6562900029656807
7.910957382845589,5.933947724297255
2.302585092994046,2.8904393060926568
3.044522437723423,3.256373263617442
4.795790545596741,4.486406583124415
0.0,0.5418546765933732
4.74493212836325,3.933370606876248
6.285998094508865,6.341291753365252
3.737669618283368,4.098700152725098
0.0,0.541117961187986
0.0,0.2984068997024948
3.091042453358316,3.756961124647218
0.0,0.4518626041010562
0.0,0.0
0.6931471805599453,0.4875090305953677
7.53689712956617,7.4105403287239024
0.0,0.24058576018180608
0.0,0.2726544019194452
0.0,0.3489651625201043
0.0,0.5440349903928362
2.6390573296152584,1.5324166846124514
0.0,0.0
6.954638864880987,6.056210578879015
0.0,0.17267503734004555
3.258096538021482,2.792392978791896
0.0,0.3839270999606616
1.3862943611198906,1.6924092132013115
0.0,1.013710599604261
1.6094379124341005,0.9947813634736568
3.4339872044851463,3.6177006930940445
2.302585092994046,2.5475505207717886
0.0,1.0592102622738864
2.4849066497880004,1.1261075102014322
5.293304824724492,4.856906852399236
1.0986122886681098,0.3785629195357378
4.465908118654584,5.172806232848806
9.169976605786628,7.882772741525006
1.3862943611198906,1.4354070575129037
1.3862943611198906,1.7007227327157621
0.0,0.17345193683423635
2.772588722239781,3.261877093736884
0.0,1.6083497750163867
1.6094379124341005,0.5800076054804004
1.6094379124341005,1.7429393775819337
4.553876891600541,3.0435534280101506
5.472270673671475,5.405641749919179
0.0,0.044719651853527796
0.0,0.09405232372963432
0.0,0.26041546820731815
0.0,0.346125488940208
3.58351893845611,2.9503309146267647
5.7745515455444085,4.255380170048695
0.6931471805599453,0.15655839302743568
5.342334251964811,5.3416268636874475
4.844187086458591,3.475987528776815
0.0,0.15368682897219377
1.0986122886681098,2.1733405554907064
1.791759469228055,1.908019125872408
0.0,0.43865142337229607
0.0,0.0747010988956826
2.9444389791664403,1.8709745987605044
2.70805020110221,2.118200976886314
0.6931471805599453,1.656292948623368
0.0,0.06855265641386699
0.0,0.9697474080758139
0.0,0.06732658941870141
0.0,1.142801686779252
0.0,0.9592601827257634
0.6931471805599453,1.1954413151372856
0.0,0.3113171596601907
3.6635616461296463,4.057575930896016
0.0,2.0274712525683802
0.0,0.04898483932950491
6.522092798170152,5.785789487795884
3.1780538303479458,3.2839238993412225
3.951243718581428,3.7510186187091175
0.6931471805599453,1.6588471080058038
2.3978952727983707,2.8742775054852903
1.6094379124341005,2.7531200955073967
0.0,0.016569765905551672
5.849324779946859,5.033231430684724
3.713572066704308,3.0129623271836214
0.0,0.07729282742304261
2.6390573296152584,1.4175118589352003
7.452402451223638,7.072982994231937
0.0,0.020414900577888456
3.258096538021482,3.3190109009623754
1.6094379124341005,1.9251275199410545
5.3612921657094255,4.602034365701647
1.0986122886681098,2.2247367212896663
3.332204510175204,2.9401605878308135
3.970291913552122,4.54581846220674
1.3862943611198906,0.3198150713318331
0.0,1.1831614068424487
0.0,0.10295802617493013
0.0,0.11228190752296263
0.0,0.18334285184357
2.70805020110221,3.367513950120438
2.302585092994046,1.5343155139133353
0.0,0.2903923182902893
4.795790545596741,5.076040213491168
0.0,0.16128205860306288
3.218875824868201,3.5614727650861053
0.0,0.3840954531095755
0.0,0.20308739962750916
4.5217885770490405,3.4532984990159665
0.6931471805599453,0.7671855940066579
1.791759469228055,2.0661356921620655
0.0,0.02960841732052233
2.70805020110221,2.444548464139078
0.0,0.13597282288212764
2.6390573296152584,0.2927824473421436
2.302585092994046,1.9822817777436634
3.6635616461296463,2.7518794451931154
7.400620577371135,6.199971625132294
3.49650756146648,3.5713236778615927
1.0986122886681098,1.3379764599282056
0.0,1.4730604195521686
0.6931471805599453,1.6368264167107567
4.770684624465665,5.703058743653505
6.586171654854675,6.992563689455342
0.0,0.05762875300327033
8.258422462458876,8.733977666002858
5.049856007249537,4.752432179293164
0.6931471805599453,0.38992622746853345
0.6931471805599453,0.43149797037292814
1.6094379124341005,1.4113953211058776
4.382026634673881,4.549866138649148
3.912023005428146,2.939253966743956
4.204692619390966,4.4059550262608465
6.322565239927284,5.945650274713646
2.833213344056216,3.0197908526239363
0.0,0.053103226347291206
3.871201010907891,4.585525252254387
0.0,1.6116667044939037
3.218875824868201,3.2968264783396424
2.772588722239781,3.7033099900426483
1.6094379124341005,0.0
2.70805020110221,2.3029481521008934
4.174387269895637,1.9937077538640315
2.70805020110221,2.830211639684122
3.367295829986474,3.1473247339822454
0.6931471805599453,0.5658744162869502
3.713572066704308,3.832244700457786
0.0,0.31324555128220816
5.220355825078324,4.969689710632729
1.0986122886681098,0.374762158195199
1.6094379124341005,2.167571970527982
2.079441541679836,1.9393577739235053
0.0,0.6519688500934379
0.0,0.30403883039458607
8.108021221376747,7.589002960216405
0.0,0.6971806404152678
7.303843225277705,4.898385884289441
0.0,1.719415672677316
0.0,0.053922985672080474
1.0986122886681098,2.163416003531792
4.219507705176107,3.3036509628234385
0.0,0.1361360327507474
7.126087273299125,7.116405472801708
0.0,0.04437437853377684
9.169976605786628,8.884625779673039
5.501258210544727,5.100842422605946
1.791759469228055,2.2201921322009817
1.0986122886681098,0.8777960761369019
6.9167150203536085,7.086117074439669
3.610917912644224,3.9914294700754027
3.1780538303479458,3.042054888940408
1.791759469228055,2.042951083774296
1.0986122886681098,1.847754971518258
0.6931471805599453,0.6012739309438648
3.912023005428146,4.17335615932263
0.0,0.4178104637982418
5.799092654460526,6.245051228075316
5.968707559985366,7.191732522967161
0.0,0.021418354594698496
3.713572066704308,3.867973322787673
0.0,0.24914474831284641
3.1354942159291497,1.6132788434767469
0.0,0.05782055086986593
3.4657359027997265,3.3198507193988664
0.0,0.8286752296781194
0.0,0.8758597472179755
5.159055299214529,4.360395779105124
3.332204510175204,1.3595193010268052
6.401917196727186,6.365867156172572
4.3694478524670215,4.09822774298461
5.1298987149230735,5.047703355400365
2.9444389791664403,2.5396294526063814
3.713572066704308,4.23766547914432
1.6094379124341005,0.9893553527982663
4.605170185988092,3.8105034049935
4.127134385045092,4.24413161422142
5.955837369464831,6.730287673900005
0.0,0.22767985624344333
2.3978952727983707,3.2131839513957305
5.583496308781699,4.130005244745595
0.0,0.32789314114436147
2.9444389791664403,2.04060076618918
5.891644211825772,4.675450163519408
5.730099782973574,5.923655698767387
0.0,0.12035328497150174
0.0,0.0
6.968850378341948,7.124384468868902
0.0,0.44811347690299597
0.0,0.15579544609372184
2.079441541679836,2.918776263626572
1.9459101490553128,2.438975574962668
1.6094379124341005,1.0238352036405065
0.0,0.10780756780558169
0.0,0.06439771661337142
2.19722457733622,0.9917031821327941
2.4849066497880004,2.1428364507062363
8.546169299652755,4.603482096601243
3.4657359027997265,4.00038344726779
4.158883083359672,4.345886681924617
0.0,0.5997145124818404
4.499809670330265,3.8423516549642973
4.418840607796598,3.8299737974997616
0.0,0.5655428294240059
3.5263605246161616,3.856151675250977
7.047517221357296,7.083374221624344
1.3862943611198906,1.326671123651208
3.6635616461296463,2.75717979499959
0.0,0.28393142930331744
2.995732273553991,3.819220795379331
2.3978952727983707,2.6577415196162075
0.0,0.12335213096911454
1.3862943611198906,0.427053030451609
1.0986122886681098,0.8798900840797835
0.6931471805599453,1.359091592556046
6.068425588244111,5.781694477386408
1.791759469228055,1.9345237210546553
0.0,0.44920438755540304
2.772588722239781,1.9424197327342636
5.905361848054571,4.051590641046827
5.41164605185504,5.2677883367013605
5.579729825986222,4.824881947476448
4.406719247264253,3.429690908297513
7.504942068396171,7.979248570679921
0.0,0.6649552265709562
1.3862943611198906,2.657019762635184
0.0,0.05614936354350742
5.3981627015177525,4.59149868701662
2.772588722239781,3.45265270387131
3.784189633918261,2.105210766201089
5.541263545158426,6.754708958681277
7.018401799069201,6.912765767516404
0.0,0.9058405837897988
4.060443010546419,3.697116827250059
0.0,1.154041540239827
3.49650756146648,2.6841322455166665
0.0,0.33003017879514135
1.6094379124341005,1.9913704967268613
3.091042453358316,3.3666065054382868
3.218875824868201,1.8191200904349973
0.6931471805599453,0.24133210373354533
0.0,0.2837814386846234
2.302585092994046,2.3422510793812714
5.10594547390058,5.428368682465274
4.31748811353631,5.0387854130881955
9.169976605786628,8.196618051114548
0.6931471805599453,0.5053733463630105
0.6931471805599453,0.8245453000156068
0.0,0.2885704349944691
4.532599493153256,4.328230581627879
0.0,0.03431591182151551
0.0,0.0
7.768110378525988,7.819007319940477
0.0,0.9137376260863256
0.0,0.14230573321779924
0.0,0.1361360327507474
2.079441541679836,3.1167418215248857
0.0,0.0055971471804923826
0.0,0.24897705999993472
2.079441541679836,0.5897988694713121
0.0,0.0
0.0,1.5594906664590629
0.0,0.4940364608173153
0.6931471805599453,1.1390825344926856
1.0986122886681098,0.22491331086082142
0.6931471805599453,0.1788830010835199
9.169976605786628,8.298157901835587
0.0,0.24740211851632582
0.0,1.6906384492692204
0.0,0.004831718088430585
0.0,0.6238963573669108
0.6931471805599453,0.6215652041914814
0.0,0.0882520429488596
0.0,0.10038197595642644
0.6931471805599453,0.7283337637571184
2.3978952727983707,1.9092343598652528
1.3862943611198906,0.19615642217607138
0.0,0.0
2.079441541679836,2.469556009141717
4.8283137373023015,4.765568586430578
8.178358165605836,7.2206907569917815
3.044522437723423,3.776847265670845
0.0,0.053422919683640824
4.02535169073515,4.290623309917642
4.343805421853684,4.225055444454666
0.0,0.3405968694927501
6.309918278226516,6.077713822559285
0.6931471805599453,0.07520621832165103
3.091042453358316,3.708924552683848
0.0,0.06015339822313631
2.5649493574615367,1.9892016062659634
3.4657359027997265,3.7986693415100747
0.0,0.0
0.0,0.1150779156026489
1.0986122886681098,3.113057057102204
0.6931471805599453,2.199319040144676
4.718498871295094,4.8871971534529735
2.70805020110221,2.83977578040164
1.0986122886681098,0.9080727505213335
1.791759469228055,1.9193564026342507
3.80666248977032,3.897707933531058
0.6931471805599453,0.8834576138757501
0.0,0.7202987672104807
0.6931471805599453,1.0685419802452993
2.5649493574615367,2.851940663134131
0.6931471805599453,2.249790266190422
1.9459101490553128,1.5525071728637
0.0,0.3001169095805403
0.6931471805599453,0.2694147394767279
0.0,0.050581100136169024
0.0,0.16196277055594693
2.70805020110221,3.5336213009831074
0.0,0.04269196891499306
6.025865973825314,5.943846605347504
0.0,0.7603805976660746
4.8283137373023015,4.345774848779999
1.0986122886681098,2.812784529208114
4.465908118654584,4.566593169661509
5.572154032177765,5.85636404693225
3.218875824868201,3.351149501035021
4.248495242049359,3.589975568118826
3.218875824868201,3.04622731136097
1.0986122886681098,2.8057210802632064
0.0,0.5845837420800379
0.0,0.1512770062737099
0.0,0.025498944305174596
6.57507584059962,4.5102604592135265
3.784189633918261,3.8070523579495408
0.0,2.019664854824365
0.0,0.6668082396414761
0.6931471805599453,0.386258545294152
3.688879454113936,3.6792016223185384
2.302585092994046,2.0486515387543176
0.6931471805599453,0.03677022644757133
0.0,0.021386726291481487
0.0,0.287075271468543
4.07753744390572,3.7496670725276844
0.0,0.38388878749080035
2.4849066497880004,2.0653071318210383
4.04305126783455,4.575044723263848
3.332204510175204,3.5369846618104432
3.258096538021482,3.7350952117668563
0.0,0.5812749326150455
0.0,0.021468976669744563
0.0,0.3301206919458346
0.0,0.26347925211769824
5.765191102784844,5.266556627864866
6.084499413075172,6.2223826704613465
4.795790545596741,4.288827456887565
2.302585092994046,1.8225795945199763
7.305188215393037,7.693896452981251
3.49650756146648,2.3950405892596534
0.0,0.12141831927245907
0.0,0.0763041155537213
0.6931471805599453,0.7821905248114278
2.4849066497880004,3.2280015504718333
0.0,0.11575599317480388
3.713572066704308,3.5342384168175762
5.303304908059076,5.411104573928405
0.0,0.0
0.0,0.2988692971955551
1.6094379124341005,2.579480802687704
3.555348061489413,3.4001916688662113
0.0,0.039331387221857146
6.025865973825314,5.22754419695357
0.0,0.10013198237741167
5.926926025970411,5.695578817653317
1.791759469228055,3.057273690896326
2.6390573296152584,3.0721633864339264
0.6931471805599453,1.43764223968546
4.060443010546419,4.475472198165691
5.3706380281276624,5.279580780476596
3.044522437723423,3.0012617378153745
2.19722457733622,4.08039971701208
1.3862943611198906,1.3912177502839338
0.6931471805599453,1.1062893811785535
4.727387818712341,4.584734224179562
2.3978952727983707,0.8682024472285942
1.0986122886681098,1.8273994622433012
0.0,0.27464858608452797
0.6931471805599453,0.37107765677692617
0.0,0.5085549149974764
1.0986122886681098,1.9006123732251052
8.458504195067558,7.568284136932534
1.3862943611198906,2.353095616775648
5.634789603169249,5.804252867283187
0.0,0.04373223531742188
0.0,0.13106442152145825
1.3862943611198906,1.7939203056969386
2.302585092994046,2.3357979024408877
0.0,0.5107529897052462
2.19722457733622,1.81020048523987
0.0,0.14968047407913918
4.465908118654584,4.553281402516503
0.0,0.5705791638441002
0.0,0.13208406398139497
2.772588722239781,1.748431333270717
3.8501476017100575,3.8556847118757727
2.302585092994046,3.294057669852834
1.6094379124341005,2.45449645331722
1.3862943611198906,0.81361769359667
3.044522437723423,2.8795455228616675
1.0986122886681098,1.050297170090862
1.0986122886681098,0.13451346694701505
0.0,0.20667814442048174
4.0943445622221,4.011238687193844
3.295836866004329,3.0464746959814826
1.0986122886681098,1.0933027957554091
1.791759469228055,1.606618150199348
1.791759469228055,0.7145719334162068
0.0,0.2806433916199947
2.833213344056216,2.7257740755774282
4.74493212836325,4.294295522035678
3.6635616461296463,3.3304298643638273
0.0,0.8666258549039435
0.0,1.0899099801797354
4.605170185988092,3.356465674003563
0.0,2.1853381278418493
5.746203190540153,6.295916996643169
0.0,0.005344115689373436
6.946013991099227,7.402111601485524
0.0,0.6600353545230894
0.0,0.0
3.367295829986474,2.5038151716133097
1.9459101490553128,2.6994031501004416
1.3862943611198906,3.0050172045157977
6.093569770045136,5.815450272364299
8.621733370690162,6.759991849819225
1.791759469228055,1.9139902210975563
0.0,0.029140636700247188
3.4011973816621555,3.408563908219549
0.6931471805599453,0.37787229969060926
0.6931471805599453,0.42818214606495625
0.6931471805599453,0.7471974743621079
4.23410650459726,4.436524578948625
0.0,0.20178916174977046
0.0,0.0
1.0986122886681098,0.8089040484351703
4.709530201312334,3.750599843377525
0.0,0.15403270679109898
4.564348191467836,4.245986638044857
1.3862943611198906,1.700629738718708
0.6931471805599453,0.23320104129680683
0.6931471805599453,0.25180577246737385
3.8918202981106265,3.79971022119141
4.343805421853684,2.9102107012103113
1.6094379124341005,1.537909977370036
0.0,0.04870827812264861
0.0,0.006213782747162308
0.0,0.17324088472123786
0.0,0.0
3.258096538021482,4.019657331697559
0.0,0.036327335924916805
0.0,0.5742130340070122
2.6390573296152584,1.5229738439264184
2.9444389791664403,2.9764231728888806
0.0,1.0207750743137762
3.1354942159291497,3.459895282867315
5.497168225293202,5.448352342874461
4.770684624465665,3.865294486720311
0.0,0.0
0.6931471805599453,1.1018737699068468
1.6094379124341005,1.499349813701625
5.849324779946859,5.593129493481203
0.0,0.6878639773318947
6.421622267806518,6.726214811546969
0.0,0.876804122934243
0.0,0.2425652181244643
1.0986122886681098,0.8994302939373482
0.0,0.18636382059122475
0.0,0.474400520100892
2.5649493574615367,3.2927103363793435
1.3862943611198906,1.9804512998718182
0.0,0.03170072109726775
0.0,0.02614530769696082
0.0,1.205252543070077
0.0,0.5041270244282274
8.025516386489008,8.087478254817256
0.0,0.40807167882306955
0.6931471805599453,0.6612961082211778
0.0,0.7041255302261439
1.6094379124341005,1.4938360575458074
4.48863636973214,5.895328757243437
3.5263605246161616,4.061914217246656
0.0,0.16324276841321517
0.0,0.39619655162390666
5.752572638825633,4.475046456860407
3.737669618283368,4.045543575940945
0.0,0.0
2.302585092994046,2.1177234248729424
2.772588722239781,2.808645732483892
4.74493212836325,4.469982432047774
3.610917912644224,3.3944268531907302
0.0,0.3859190838374853
5.5909869805108565,6.2801546593622835
0.6931471805599453,1.9105722004097712
1.0986122886681098,0.2963704031100763
2.5649493574615367,2.3889975018414895
0.0,0.0
1.0986122886681098,0.6310819663165361
3.8918202981106265,3.5707511014360462
6.895682697747868,8.133918086794518
2.772588722239781,3.794125064208915
1.6094379124341005,1.9866590013623502
0.0,0.6057229993838745
3.258096538021482,3.3176455555724496
0.0,0.44366095520305515
1.3862943611198906,0.3913737246375486
1.3862943611198906,0.8781813943626087
0.6931471805599453,0.9129609265192824
0.0,1.1169992036967318
4.6443908991413725,4.377995859844537
6.827629234502852,7.004143728139803
2.19722457733622,3.105170066249705
4.976733742420574,4.567097570228307
2.079441541679836,3.8462968366087638
0.6931471805599453,1.2952541466122913
4.574710978503383,5.100768417136929
1.0986122886681098,1.7203304087525135
3.295836866004329,3.320549930089667
0.6931471805599453,0.6475223383163897
4.867534450455582,5.106191825561681
0.0,0.42814085515834954
0.6931471805599453,2.745868840153532
4.127134385045092,4.437640176650101
0.0,0.2520812180312084
1.9459101490553128,1.0109358335580723
0.0,0.34633689765734255
4.23410650459726,4.006336390957254
0.0,0.5705791638441002
0.0,0.3059737164464551
0.0,0.20229178117556842
3.49650756146648,2.10192721035449
0.6931471805599453,0.38084322601854936
1.791759469228055,2.4111715424594995
0.0,0.004448999348951932
0.0,0.5806591556823784
0.6931471805599453,0.4307056224250383
0.6931471805599453,0.6365809365513811
4.262679877041316,4.214306821940648
0.0,0.20166322933822903
7.267525427828172,7.5531076473076855
4.30406509320417,4.001904817314028
0.0,0.4378937832722656
2.70805020110221,2.6665321017912698
0.0,1.8073866428470695
0.0,0.16172519830277501
4.07753744390572,4.126005438490663
0.0,0.11733222813385671
0.0,0.02686209714834563
0.6931471805599453,0.8400909416507063
0.0,0.07881492952226075
0.0,0.4585392899241925
2.4849066497880004,3.0652484025189706
0.0,0.09201562989364499
2.6390573296152584,1.718882466808221
4.836281906951478,5.121657492588577
3.610917912644224,3.3872118717492783
3.091042453358316,1.9999312258293582
9.169976605786628,8.505383812278716
0.6931471805599453,0.9142874694100523
3.951243718581428,4.539708912378274
2.6390573296152584,3.5377374640656236
0.0,0.028276211823937046
0.0,0.8924620614508708
3.555348061489413,3.171639144424728
0.0,0.4544841103742694
0.0,0.013297514018122797
0.0,0.15403270679109898
0.0,0.06993317311591848
2.9444389791664403,2.6482956785483855
7.389563953677635,6.851154299330469
0.6931471805599453,2.1490572550196387
4.882801922586371,4.6191835878288465
6.269096283706261,5.93405781964396
5.062595033026967,4.899467048497506
2.3978952727983707,1.1547302827272772
5.5093883366279774,5.634223584300071
0.0,0.0
7.463936604468925,5.2603871155708575
3.218875824868201,3.480680869037289
6.144185634125646,5.800681140119066
6.678342114654332,6.859238082237656
7.704811922932594,7.325572482541758
1.0986122886681098,1.1586709246185356
3.49650756146648,5.486904953105549
0.0,0.04829106788476798
0.0,0.6137850933722161
0.0,0.6258746900154748
0.0,0.2287337489815699
2.70805020110221,3.750781034506743
2.19722457733622,0.7952159213198821
1.6094379124341005,1.7080088406611538
5.529429087511423,4.596867372720801
5.891644211825772,6.186447785998833
2.772588722239781,1.9191030039937427
0.0,0.2532886194135343
3.4011973816621555,3.811474652042451
1.9459101490553128,3.1070289478916226
0.0,0.008583454180411836
3.218875824868201,3.254498390998106
4.8283137373023015,4.562193048750109
0.6931471805599453,0.9810317853854567
0.0,0.34858918895507396
6.118097198041348,6.129712122887027
2.6390573296152584,2.0480222285829606
4.875197323201151,4.658390760930815
2.302585092994046,3.679355971235177
1.791759469228055,2.2121538292865317
5.525452939131784,3.493741805986058
0.6931471805599453,0.0
2.19722457733622,1.8379602948972933
0.0,0.3688483122143904
3.9889840465642745,2.9549162884140694
2.995732273553991,2.7918870863116503
0.0,0.9883633189152511
2.302585092994046,1.7081651207444566
0.6931471805599453,1.3165989386699604
2.70805020110221,2.8518841880183463
1.9459101490553128,2.4951476583830017
0.0,0.25228015386749086
0.0,0.42493633985343043
0.0,0.0
0.6931471805599453,0.5238157132730135
0.6931471805599453,0.9039393524512518
2.70805020110221,2.324478118560341
0.0,0.18515267179230338
0.0,0.0
2.772588722239781,4.0719160174063
0.0,1.968359125151018
0.0,0.13344011932347902
9.169976605786628,5.300772077252061
2.772588722239781,3.461783770998924
7.076653815443951,7.159929584153398
0.0,0.04015055522673087
4.574710978503383,4.787991169197729
2.70805020110221,2.107278668163148
2.5649493574615367,3.027668871542348
5.298317366548036,5.160114331724944
3.8918202981106265,3.373480264638006
5.0238805208462765,5.1293137394068875
4.574710978503383,3.476658819940232
2.079441541679836,1.895496939330171
3.49650756146648,3.413483032061777
1.3862943611198906,2.549786458865497
0.0,0.02651958120853118
0.0,1.7807209129238464
0.0,0.0
6.230481447578482,6.13861369273457
9.169976605786628,5.872798675432877
6.249975242259483,6.838690329012417
0.0,0.008978596809190059
1.3862943611198906,1.58082611208651
0.0,0.22004437808540253
0.6931471805599453,0.07857329292598836
5.0369526024136295,4.474289677355339
2.19722457733622,0.5294315023855181
2.5649493574615367,2.2810211119710595
0.6931471805599453,0.17320385017333817
1.0986122886681098,2.25530846001401
5.365976015021851,6.03546201279165
0.0,0.15585465526721037
0.6931471805599453,1.3015130445928031
0.6931471805599453,0.3974089145729856
7.2875606403097235,7.990346558338822
0.6931471805599453,0.39242511062342555
2.4849066497880004,3.2074011900775323
1.6094379124341005,0.9078763852931839
2.19722457733622,0.957568314859945
2.079441541679836,2.61227400686596
4.532599493153256,4.267127254011788
3.091042453358316,2.9976039225328863
6.311734809152915,6.230762097984493
6.013715156042802,5.457009858246543
2.6390573296152584,3.974843962388643
3.1780538303479458,2.3017850629565584
3.4657359027997265,3.80276151106721
5.308267697401205,4.921668689258546
3.8918202981106265,3.9774324102516156
0.0,0.06258356944581225
1.9459101490553128,1.0575490904956941
0.0,0.20890446465198093
6.2166061010848646,6.8220621738026574
2.70805020110221,3.8663239814121213
0.0,0.17026315611420356
0.0,0.0
0.0,2.1018789223900316
0.0,0.5799320548291539
3.367295829986474,2.1596977725608713
0.0,0.28984014528078605
2.4849066497880004,2.30172918380974
2.70805020110221,2.6501634159842227
3.091042453358316,4.6979372249595786
3.951243718581428,4.161505376158992
2.3978952727983707,2.0982006113374054
0.0,0.34698432209623825
0.0,0.7472054164978567
2.079441541679836,1.9392335775585159
4.983606621708336,4.660222565802243
3.367295829986474,2.9465729431914887
6.300785794663244,7.574632946797258
0.6931471805599453,0.2837216254814489
3.6375861597263857,1.9946058082431224
3.044522437723423,3.1201763432953804
1.3862943611198906,1.1189092210801383
0.0,0.05656357339220018
6.190315405853148,5.742273630964951
2.19722457733622,3.091119500585049
2.302585092994046,2.4868001236048647
2.302585092994046,1.49832419052238
2.19722457733622,2.7727098823541247
5.043425116919247,5.441510914435822
0.0,0.3914708980286698
4.962844630259907,3.835330016617705
0.0,0.006772296045458501
0.6931471805599453,0.5632634902039986
5.697093486505405,5.511585024721925
6.670766320845874,4.8070427141878405
0.0,0.4717455394741613
1.6094379124341005,1.9503592547999922
9.169976605786628,6.357441298342501
2.302585092994046,3.426451020454257
2.5649493574615367,1.7259812846702514
3.367295829986474,3.3149505650068467
1.0986122886681098,0.4433034041654866
0.0,0.9942412192451677
0.0,0.13349803462503948
0.0,0.028814130792746227
0.0,0.1830915709183115
0.0,0.5063970560570903
4.934473933130692,4.725373765352341
0.6931471805599453,1.1455045893938454
0.6931471805599453,1.0809264380640822
0.0,0.02786584655771333
0.0,0.5882687880277253
5.3706380281276624,4.4968923298841235
2.079441541679836,3.3202759480615494
4.174387269895637,3.2874078836804452
2.302585092994046,1.985811381441793
3.713572066704308,3.9807486217598136
3.218875824868201,2.8386238024260613
0.6931471805599453,0.7324238534597617
1.3862943611198906,1.643007113925314
1.0986122886681098,0.3247187236337439
4.948759890378168,4.887276862280653
0.6931471805599453,0.5015863759354601
4.204692619390966,3.6787498692578335
7.302496423727326,7.368076264886772
3.1354942159291497,4.43884740754959
5.209486152841421,6.24947259833154
0.0,1.3751854177914131
0.6931471805599453,1.1725231938646852
0.0,0.3975246261862289
0.0,0.11751169886500386
0.0,0.05225634426815038
0.0,0.43777818600766766
1.6094379124341005,1.8260391358179129
1.0986122886681098,0.5761825112101893
0.6931471805599453,1.9950679037993755
2.8903717578961645,2.3466612750315923
1.3862943611198906,1.5742392451310565
0.0,1.1249864801327443
4.23410650459726,5.198349999825664
0.0,0.7722499214568953
3.4339872044851463,3.239235545934223
2.079441541679836,1.6650807485627512
0.6931471805599453,2.6451971431260923
2.70805020110221,2.2409037190650465
0.0,0.6931471805599453
1.3862943611198906,0.5913340614681899
2.772588722239781,3.0018618778081905
0.6931471805599453,0.37450396668654956
3.555348061489413,3.4982615773567973
5.049856007249537,4.868282491541422
2.6390573296152584,2.7327729126229965
0.0,0.9665800927389875
8.53346016388011,4.45580976387643
1.6094379124341005,2.0499854393835406
3.9318256327243257,4.115533907844908
2.6390573296152584,2.1443779969327688
0.0,0.3229297923544526
2.5649493574615367,2.4251005450463508
2.70805020110221,3.0534566372015344
1.0986122886681098,0.9477162583161679
2.772588722239781,2.009735881767579
2.079441541679836,2.9989283417602413
0.0,0.22649599464624806
0.6931471805599453,1.6784755079310127
4.941642422609304,4.203194941814405
0.0,0.03874714826322479
0.6931471805599453,0.6900299394023344
0.6931471805599453,0.8194551570514775
1.0986122886681098,0.21401920446031264
4.477336814478207,4.587540754488405
1.791759469228055,0.688969300002202
0.0,0.5105738651506332
4.574710978503383,5.328854734793994
3.367295829986474,3.8221739712641822
4.61512051684126,5.18696225401704
3.091042453358316,2.1410828270676974
3.6375861597263857,3.9356746938673983
4.691347882229144,4.357211133877357
3.8918202981106265,4.1505790414621755
0.6931471805599453,0.6062744612092192
3.295836866004329,3.5296687524847368
2.6390573296152584,3.624731075319648
2.5649493574615367,3.408752629798287
2.833213344056216,2.3122478188502686
0.6931471805599453,0.81867901392206
5.814130531825066,5.189945723594434
6.532334292222349,6.318064611285267
5.332718793265369,4.330932644052351
0.0,0.38945572459778566
0.0,0.027544692195646755
0.6931471805599453,0.8077770115545869
0.0,0.2295540123240533
1.6094379124341005,1.100007239070033
0.0,0.19507923747793296
3.80666248977032,3.176131792821765
1.0986122886681098,1.2828861024985272
0.0,0.5584881062492806
0.0,1.1304197107775593
2.3978952727983707,2.0431517055965527
0.0,0.38921128513406045
0.0,0.07103729077612625
3.4339872044851463,3.270322444831813
2.6390573296152584,2.8000737420317594
0.0,0.18143780366868187
1.3862943611198906,1.145774281101187
0.0,0.06961304991782664
9.169976605786628,4.439000102662145
1.3862943611198906,1.687898216591737
4.406719247264253,4.760443718054999
0.0,0.0
2.6390573296152584,2.51442568880226
0.0,0.00496655805612434
0.0,0.049058317388771255
0.6931471805599453,3.963111559192629
0.6931471805599453,0.08968200758352515
3.1780538303479458,2.6794098484422557
6.595780513961311,5.795505029863582
2.5649493574615367,3.002307368947162
2.19722457733622,3.816940785254271
3.4011973816621555,2.4331171517926387
2.079441541679836,2.685005478827722
0.0,0.16349601317488857
3.1354942159291497,1.1589569972860048
0.0,3.2193939313582125
5.1647859739235145,5.948629017976298
0.0,0.07193854689752031
1.3862943611198906,0.39394577520496976
0.0,0.10067819288639016
6.1224928095143865,6.235457649898431
4.07753744390572,3.6809032014561054
0.6931471805599453,0.488842639892155
0.0,0.2838185138713295
0.0,0.8864668046279359
6.884486652042782,5.687105758484895
4.04305126783455,4.805239300000424
0.6931471805599453,0.5654140758578303
3.258096538021482,3.9735322876268917
4.0943445622221,3.6898023398129163
0.0,0.061057257240622526
2.5649493574615367,2.590031993138904
4.709530201312334,3.7750423992806437
7.934513463882263,8.384617996837346
0.6931471805599453,0.9573932387272098
0.0,0.017210628638574824
4.23410650459726,3.824511542253323
2.833213344056216,2.8417685685276193
3.912023005428146,4.1756283630395785
3.367295829986474,3.7080561927134448
1.9459101490553128,1.0214014320304445
0.0,0.4289777461260842
7.659171367666058,7.538036327179823
3.4011973816621555,3.9201928859585564
0.0,0.6536714482457596
0.6931471805599453,0.5047770270239772
1.3862943611198906,0.3244993269958783
2.079441541679836,3.3361848974072923
1.0986122886681098,2.021088930109648
4.663439094112067,4.481594302257105
0.0,0.6151896364252774
3.8501476017100575,4.170393089447858
3.4657359027997265,3.314359609756688
0.0,0.9118084092137491
2.5649493574615367,3.057416185861326
0.0,0.0
4.060443010546419,3.8324472741609585
1.0986122886681098,0.495199246704121
3.4657359027997265,3.6534755846397826
0.0,0.3305032728820996
0.0,0.28759227267407356
0.0,0.13016754263624933
2.19722457733622,1.6637799437716512
2.70805020110221,1.9980318780268176
3.951243718581428,3.2178932306426438
5.438079308923196,4.985118023157185
0.0,0.5430443868920067
3.044522437723423,3.060839627750895
4.382026634673881,4.068154543537216
0.6931471805599453,1.8415474311123723
0.0,0.04623698575869422
4.574710978503383,4.000769982077367
0.0,0.23571567684020495
0.0,0.8772503192431108
0.0,0.0
0.0,0.029134669478591876
0.0,0.6049584939832787
5.676753802268282,4.852196942616162
4.0943445622221,3.778437002179404
3.58351893845611,4.245740176614525
3.367295829986474,2.774049186395535
0.0,0.36572297473211973
0.6931471805599453,0.47489298721846174
0.0,1.6543520948910726
0.0,1.9670125619825294
2.19722457733622,1.745730665257419
0.0,0.044903256375982664
4.143134726391533,4.985957066161544
0.0,0.6449238774430708
3.4011973816621555,3.9139819967783236
0.0,0.16633839666287287
4.23410650459726,4.510448064787231
2.079441541679836,1.5243621014402384
1.9459101490553128,2.590650234140184
3.367295829986474,3.1056058767227857
0.0,0.005581692594531637
0.0,0.35559587477373117
0.0,0.1865895118249681
0.0,0.7067825774112108
3.258096538021482,2.290853988713834
0.0,0.9353240449320221
0.0,0.14347404217840048
3.1780538303479458,3.1926964126330866
3.5263605246161616,2.515479851605481
6.79794041297493,6.698610073721319
6.131226489483141,5.429548012130404
9.169976605786628,8.650128564986783
3.49650756146648,3.393895949200811
4.584967478670572,4.075827935102104
2.079441541679836,2.521431751740609
0.6931471805599453,1.193599258868104
0.0,0.05097865806007976
5.298317366548036,6.171913390904855
0.0,0.0
2.19722457733622,2.0906233179778777
0.6931471805599453,1.2929569946993944
3.7612001156935615,3.6459481910494875
0.0,0.29946796256215086
4.02535169073515,3.6899480307958568
1.0986122886681098,1.7445899944696601
2.5649493574615367,2.7753325618435642
0.0,0.03468184777276483
4.8283137373023015,5.057957734269576
0.0,3.080184929098939
0.0,0.0076343142612772955
3.970291913552122,4.338545697102896
0.0,0.7210170849783692
0.0,0.06131879563020596
0.0,0.06727366922008915
2.9444389791664403,1.4664340939136091
0.0,0.6051894175072046
1.0986122886681098,0.5174395001048714
0.0,0.7005644328708728
2.833213344056216,2.103844332991755
8.44741429680832,8.861620410577727
4.990432586778736,5.404663754326697
0.0,1.211683511118636
3.1780538303479458,3.8373582565143685
3.4339872044851463,3.1941015964099475
0.0,0.6573910625230814
0.0,0.0
6.218600119691729,6.066950724399682
2.3978952727983707,1.83423471578051
6.29156913955832,7.143932039262874
3.218875824868201,3.786886240871397
0.0,0.22789880257290163
0.0,0.24502449165504533
0.0,0.3079415731884269
4.543294782270004,5.059172898415378
0.0,0.7134658057429708
1.6094379124341005,0.5207947373995047
1.3862943611198906,0.6980309514908724
8.881558488638976,4.7750813625584465
5.262690188904886,5.658946681282252
1.3862943611198906,2.3125135534546564
0.0,0.06552748099714469
0.0,0.07540785190167129
0.6931471805599453,0.39176510929152475
0.6931471805599453,2.569312240851868
0.0,0.027191581335883536
7.906915488678587,7.240182030663444
1.0986122886681098,0.9755405465300173
2.079441541679836,2.303177844144786
1.6094379124341005,2.322103624316206
2.3978952727983707,2.2920312642858915
0.6931471805599453,0.43502441063905756
4.110873864173311,3.3958095360681595
0.0,0.5332819454897114
0.6931471805599453,1.5535081372252664
5.332718793265369,4.872688800088524
0.0,0.08292140501764403
5.236441962829949,5.008368247968517
3.258096538021482,1.7015147438555676
0.0,0.3499081471172945
3.1354942159291497,2.190127010587828
6.498282149476434,6.428046296799392
3.912023005428146,4.55967772731486
0.0,0.13351652966173333
6.244166900663736,4.567292413958466
5.560681631015528,5.005567414767799
6.416732282512326,6.457529211666304
2.772588722239781,2.5083725379352813
0.0,0.9457804489736537
5.41164605185504,5.360044963621819
1.791759469228055,1.3258094087788845
2.079441541679836,2.050495632088094
1.9459101490553128,3.012500212611949
2.19722457733622,2.0130457354878217
1.0986122886681098,0.5389864826772853
3.555348061489413,3.287967295395882
0.0,0.2503688867457205
0.0,0.008219407733339339
3.610917912644224,3.1553032317395506
1.3862943611198906,1.019287594767459
3.7612001156935615,3.260637118504178
1.3862943611198906,1.720272125702957
0.0,0.5795649212846294
4.110873864173311,4.197786813884686
0.6931471805599453,0.5979895719345157
6.102558594613569,5.825266331279955
5.0238805208462765,5.391789822164854
2.079441541679836,1.1333894693310451
1.9459101490553128,1.8125004226993362
0.0,0.08552500258402752
1.6094379124341005,0.8015506902890024
0.0,0.014341415366393044
1.0986122886681098,1.1643331415909215
3.367295829986474,3.167234153256566
0.0,0.01428317994506871
3.58351893845611,3.225073326333392
0.0,0.014648844026984456
0.0,0.01286977081172966
1.0986122886681098,1.6185422922171313
1.9459101490553128,2.318737076090548
1.0986122886681098,2.9115268375691907
2.079441541679836,1.8827420244663746
4.04305126783455,3.848175118401929
0.6931471805599453,0.275622761114425
1.3862943611198906,0.5009310840306561
1.3862943611198906,0.653051762850005
0.0,0.30041306724416844
0.0,0.6865888846940008
0.0,0.5036717655793864
1.791759469228055,1.7078477072410774
0.0,0.5306517099693454
8.375860015299594,8.233767639981538
1.0986122886681098,1.454028554777434
0.6931471805599453,0.1970799136902847
0.0,1.1155275794298272
0.0,1.0886075860374949
2.9444389791664403,3.6398134186330093
0.0,0.21106046299141792
0.0,0.07431926367448921
0.0,0.2202335481776542
0.0,0.402403491161226
1.0986122886681098,1.6327194351416037
2.302585092994046,1.4654019419624122
0.0,0.0
2.772588722239781,2.206787357313374
3.367295829986474,4.087119640831346
0.0,0.2635165521137884
1.3862943611198906,1.7075301059138241
0.0,0.03522746893510587
3.555348061489413,2.4949580286486333
5.655991810819852,4.950951894123712
0.0,0.0
0.0,0.038574907644090745
1.0986122886681098,0.6233159935124201
1.3862943611198906,1.3736413631555988
6.419994928147142,5.96126805348848
1.3862943611198906,2.5671599132519582
2.4849066497880004,0.8451987483581112
1.3862943611198906,1.081613067538085
0.0,0.0
6.326149473155099,6.0506270860940115
1.3862943611198906,0.587795801094313
0.0,0.33183899704168
3.044522437723423,2.8521733288464963
0.0,1.5152619799798042
2.772588722239781,3.108110680593874
2.70805020110221,2.903681479721332
5.641907070938114,4.759595411418603
1.3862943611198906,2.5652143934896556
0.0,0.1180818168931221
9.169976605786628,8.44179534504743
0.0,0.47901323740022916
2.19722457733622,1.6335553918446446
3.1354942159291497,3.0777813930065703
0.0,2.248974749066286
0.0,1.672679396646969
4.04305126783455,4.363793189925163
0.0,0.0
1.6094379124341005,2.3112055901787065
0.6931471805599453,1.45990213102048
2.9444389791664403,2.58094181295856
0.0,1.8670940755617411
0.6931471805599453,0.6881002550912453
0.0,0.2937986754250916
2.70805020110221,3.0980562642706904
4.3694478524670215,3.931766586446993
0.0,0.6356491608315058
3.555348061489413,3.7932268345274953
1.0986122886681098,1.9295711687710853
0.6931471805599453,1.4071690918619264
0.6931471805599453,1.7728513744021752
1.791759469228055,1.3166950420475425
1.0986122886681098,1.7736477002989766
0.0,0.6001470935510359
3.1780538303479458,3.0855774298313166
1.791759469228055,2.5407965392908305
7.042286171939743,6.283796054470342
1.0986122886681098,2.140171665802876
5.840641657373398,7.772253188081375
4.663439094112067,3.9878488696161196
3.555348061489413,4.213418284505854
5.717027701406222,4.6304006990177085
5.846438775057725,5.9205902855219605
1.6094379124341005,1.029574992179357
3.8501476017100575,3.907409325609794
0.0,0.3000657454485308
9.076237387452702,8.063579070337484
0.0,0.10937895826961444
0.0,0.1472189140391371
0.0,0.6299581817322624
1.3862943611198906,1.687719298274091
3.58351893845611,4.085980871857446
0.6931471805599453,1.1391824134513169
0.0,0.2266170912091429
5.153291594497779,4.816475444869474
0.0,0.1819074371891631
0.0,0.045158168096517314
1.0986122886681098,0.5756564332894274
1.6094379124341005,1.8789293585482976
0.6931471805599453,0.6411491232847576
6.306275286948016,5.844550504343347
2.70805020110221,2.8118630776215503
4.844187086458591,5.092339232879281
5.093750200806762,5.123142487868414
1.0986122886681098,0.7499224785957511
1.0986122886681098,1.9702494503994754
1.6094379124341005,1.540897110850273
4.418840607796598,5.26928850230701
7.374001859350161,7.693467978819601
0.0,0.2651915450991215
0.0,0.5269983617920693
0.0,0.3465398666292114
1.0986122886681098,2.2614786473885835
0.0,0.019249973891226152
0.0,0.5572186722040061
7.868636894184167,8.61423552550862
2.6390573296152584,2.134735315715694
0.0,0.28464079432019246
3.80666248977032,3.8250076892765024
2.3978952727983707,3.4639933688133295
7.518607216815252,8.537125768471116
1.3862943611198906,1.449052720974691
5.030437921392435,4.008322453937333
3.1780538303479458,3.7165010802849654
2.4849066497880004,2.8220069818282805
0.6931471805599453,0.8986969869617101
0.0,0.6181931167606471
3.737669618283368,3.625875203653544
3.1780538303479458,1.1074234118929194
2.9444389791664403,3.136360080595063
4.68213122712422,4.263630878687678
7.888709524182015,6.910420969662873
0.0,0.1456488457242517
0.0,0.3077034417030366
3.4339872044851463,4.810980949474685
3.1780538303479458,4.452497463571286
1.0986122886681098,1.1025286017850047
1.6094379124341005,2.4730070718442065
0.6931471805599453,0.9306563571384632
4.574710978503383,4.832157040787498
0.6931471805599453,0.5606097156363135
3.091042453358316,3.3165706271642152
4.23410650459726,3.508701277577487
1.0986122886681098,1.0031559369595577
3.7612001156935615,5.106594631518064
1.0986122886681098,0.4249703686037213
6.190315405853148,6.315921767348864
2.19722457733622,1.836044127863937
0.0,0.1404960037552407
0.0,0.0
0.0,0.18293599129789445
7.107425474110705,6.918699631007862
0.0,0.0
4.219507705176107,4.501138699434309
2.833213344056216,3.4971876899294463
2.6390573296152584,1.8741372219605252
1.3862943611198906,2.11349424756064
6.0867747269123065,6.128063310461919
1.0986122886681098,1.6400429875937974
0.0,0.1953455654065116
1.0986122886681098,1.6353245691823726
2.5649493574615367,2.935205144296543
3.218875824868201,3.2539398012624607
7.500529485395295,4.785883954721617
5.575949103146316,5.5429848133997055
1.9459101490553128,1.9261356077176488
0.0,0.004096138042666177
0.0,0.017432046274621294
0.0,0.044180136257476466
5.666426688112432,4.385611435132254
4.882801922586371,3.9878558058270137
4.23410650459726,3.9291048220762677
3.80666248977032,4.250652454399009
2.5649493574615367,1.9581950330549394
5.746203190540153,8.161231467100585
0.6931471805599453,1.4686120443914643
0.0,0.05118872363071823
0.0,0.27314695933043726
7.068172000388042,7.173021671649559
5.003946305945459,4.217504873901022
3.610917912644224,3.8601044526288364
1.6094379124341005,0.5425569984751504
4.394449154672439,3.4765863264000045
0.0,0.4297386899610692
3.091042453358316,3.576871983277808
1.0986122886681098,1.6507983668259831
1.0986122886681098,0.842349038610906
0.6931471805599453,0.8763677080482694
2.19722457733622,1.9583031555974284
0.0,0.5351246637023371
5.0369526024136295,4.081821605247219
3.4657359027997265,3.5895528059581894
0.0,1.698515940052316
0.0,0.31007290236869106
4.532599493153256,5.031716514635392
4.02535169073515,4.303862087307909
0.0,0.03774256639534414
0.6931471805599453,0.9315147751627476
1.0986122886681098,0.08273826090640221
2.3978952727983707,2.1955011435025
0.0,0.050297798289544546
5.948034989180646,5.764925026431893
0.0,0.3336674481180636
0.0,0.12536129884160618
0.0,0.698911672055857
0.0,0.08401084034407721
2.079441541679836,3.2119180014771755
0.6931471805599453,1.0112090357521795
0.0,0.17240747292282957
0.0,0.24029637905559434
0.0,0.48291986701249945
0.0,0.055524925726198625
0.0,0.014756193575714982
0.6931471805599453,0.4509090529040003
7.408530566894626,7.009031536232602
0.6931471805599453,0.1400552910683341
5.402677381872279,5.1456691885010395
4.584967478670572,4.058046081098595
1.9459101490553128,1.6928596641514768
2.3978952727983707,2.524610820278249
0.0,0.2769369167336938
0.0,0.9935194549571787
5.613128106388071,5.885726799712735
7.620214770574455,7.413641560282635
3.6635616461296463,3.570475541017051
0.0,0.08639231858969519
3.044522437723423,1.5374009163968656
6.86484777797086,7.35129525755457
4.276666119016055,2.927129230085337
2.19722457733622,3.111454992478134
0.0,0.07067482398397353
2.6390573296152584,2.321266731386594
1.9459101490553128,1.6482835852961233
1.6094379124341005,2.140632074106318
0.0,0.0
7.60887062919126,7.358821140622445
7.004881989712859,4.517874409707357
7.80954132465341,7.064218564516499
2.3978952727983707,2.7659945846537357
4.04305126783455,3.444759414475682
6.023447592961033,6.53805500906019
4.204692619390966,1.4492131984729635
1.9459101490553128,2.163549681783712
0.6931471805599453,0.349002486452619
0.0,0.7172847744759997
3.6635616461296463,3.7421499955374875
3.295836866004329,2.5102011334839074
3.871201010907891,4.134331745951025
0.0,0.3600994409218182
1.3862943611198906,0.8178438026666162
0.6931471805599453,2.1271784764173844
5.849324779946859,4.8045108059172215
0.0,0.19368768535047517
9.013838751608397,7.898201310043188
0.0,0.516446499322833
0.6931471805599453,0.6350482617250742
2.302585092994046,1.360814359446236
0.6931471805599453,0.885519882706292
6.90975328164481,6.732112692454576
0.6931471805599453,1.845894160246434
1.9459101490553128,0.9196013609211817
1.6094379124341005,2.814969705902037
0.0,0.15151925621902046
3.713572066704308,4.137822760750652
2.772588722239781,2.8044191622334615
6.008813185442595,5.998180036244273
8.855805992536562,8.180189203007572
0.0,0.029464211531043005
1.6094379124341005,2.8252899431482597
4.290459441148391,4.228976791087898
2.079441541679836,2.8589643468668826
4.770684624465665,3.991770396312173
5.1647859739235145,5.790018381766806
0.0,0.374383348675501
1.6094379124341005,2.6323521381748156
9.169976605786628,8.377290243856972
0.0,0.04780792940260532
8.244071270295786,7.3910001841515305
1.3862943611198906,1.0140434086075694
2.995732273553991,3.0763204367680514
1.0986122886681098,1.4671071435255503
3.6375861597263857,3.471221375692761
4.574710978503383,4.862662073660765
1.6094379124341005,1.908509495259999
5.332718793265369,4.435725747571352
5.298317366548036,4.821672008093855
0.6931471805599453,1.0628322583962542
2.833213344056216,3.162947935899548
4.68213122712422,4.048089934572868
0.0,0.21465785586179578
4.6443908991413725,4.3545102588061955
0.6931471805599453,1.1095529538537354
1.3862943611198906,1.5561322506417383
1.6094379124341005,2.0771360033736075
0.0,0.513986628430195
1.0986122886681098,0.37447143974845254
0.0,0.08597846446152371
0.6931471805599453,0.5262094865367853
6.253828811575473,5.932445610098966
0.6931471805599453,1.960115195361664
1.6094379124341005,1.5839589408705184
0.0,0.5233915950526147
9.169976605786628,7.149033160613783
1.3862943611198906,0.9184546592349437
4.31748811353631,4.362519656375088
0.0,0.26798093579521126
7.3938782901077555,7.754722114495958
3.332204510175204,2.7035287467859512
0.0,2.3021522224388855
0.0,1.6655989606667363
0.0,0.04498740858866046
0.6931471805599453,2.094540542590599
4.330733340286331,5.815879138156397
1.3862943611198906,0.6819491497377039
4.454347296253507,3.9446673651661786
0.0,0.09841481113957264
4.007333185232471,3.2137637346677717
0.6931471805599453,0.5538810976138581
4.934473933130692,5.215198774482425
1.0986122886681098,0.36640443777684123
0.0,0.11571747712519352
0.0,0.0
0.0,0.10730512398146948
1.9459101490553128,2.1909232164937142
0.0,0.7434103835128079
4.143134726391533,4.22589374911251
0.0,0.5930483473585977
4.31748811353631,3.154315603645402
1.791759469228055,2.451557646818169
5.187385805840755,4.323096172919321
1.6094379124341005,1.2479441233650133
0.0,0.35451961823418904
2.19722457733622,2.0352243384159365
5.068904202220232,5.032599041232257
5.247024072160486,5.640531203464864
0.0,0.55856831160697
2.079441541679836,1.9801681030893197
1.6094379124341005,2.4757434478601312
0.0,0.15403270679109898
0.0,0.08854450029471346
2.6390573296152584,1.9593702810529245
6.77078942390898,6.965031801881043
0.0,0.056707864556265045
0.0,0.0
3.5263605246161616,3.4131911432223383
6.100318952020064,8.638901469803276
0.0,0.0
0.0,0.0
2.302585092994046,2.966458884005308
3.1354942159291497,1.9412108393874483
8.448271745949816,9.012560509736849
3.6375861597263857,3.666030144073008
0.0,0.0
0.0,0.056574534286807705
2.9444389791664403,2.215826034722164
4.969813299576001,5.585074535973187
0.6931471805599453,1.6986135412036483
0.0,0.9107121744903673
0.0,0.06372115527326773
1.0986122886681098,1.5744604018119501
0.0,0.21307862616307788
2.302585092994046,2.458822287896773
1.6094379124341005,3.2575197320988996
2.6390573296152584,2.6459646395131724
5.468060141135132,5.7939926243510245
0.0,0.5924590334898002
3.258096538021482,3.4092758282063844
0.0,0.0
2.4849066497880004,1.4696029127498251
2.19722457733622,2.838924204939442
4.990432586778736,5.13020837462385
7.110696122978827,7.456933662689274
0.6931471805599453,1.616280847570431
3.367295829986474,3.467104529393389
5.823045895483019,6.01958319474533
3.8918202981106265,4.377836959330189
0.0,0.02162495323775903
4.442651256490317,3.671412154624233
5.3471075307174685,4.429045605263121
1.0986122886681098,1.2043706626018749
3.9889840465642745,4.503277274763766
1.0986122886681098,1.5441616549366555
4.762173934797756,5.965712054599561
1.0986122886681098,1.4756524075750064
3.8501476017100575,2.8217861066474486
1.6094379124341005,0.6922855332190189
7.602401335665818,8.140576431822346
0.6931471805599453,0.37388768934961786
0.6931471805599453,0.06814440236562823
4.248495242049359,4.491271501635122
0.0,0.695738258606636
9.169976605786628,8.291157263955519
6.983789965258135,6.657469672316095
1.791759469228055,2.4187544841064654
3.1354942159291497,2.834040953228217
6.804614520062624,6.91939259770182
4.07753744390572,3.984241709849739
2.3978952727983707,3.2744614239498047
0.0,0.030918016780907137
2.70805020110221,2.156545808653453
3.871201010907891,4.160622904460447
0.0,0.19245708969104564
3.688879454113936,3.169608822129667
0.0,0.8747413500432903
0.6931471805599453,0.5872963365078259
0.0,0.6202930538234234
5.231108616854587,5.318670019164749
0.0,0.13913529373697814
0.0,0.23213554117784224
0.0,0.5034131929795016
7.436617265234227,7.574628357180565
0.0,0.12941462736834425
8.575462099540212,5.041304379721882
3.7612001156935615,4.53102483801799
5.010635294096256,3.7210608081827843
5.056245805348308,4.943770144621514
4.77912349311153,4.216014000126721
3.367295829986474,3.2433156962829797
1.3862943611198906,0.3196128143915724
0.0,0.04048677223650332
6.263398262591624,6.318984366517538
0.6931471805599453,0.07650048200464765
0.0,0.920054536710677
1.6094379124341005,3.104629878123149
0.0,0.5702966056535774
0.0,0.21937130420504972
0.6931471805599453,1.3803577534700326
0.0,0.18843297687660177
1.3862943611198906,2.1744461258737653
0.0,0.344289323685403
1.0986122886681098,1.81065698185746
4.836281906951478,4.661611586592969
5.993961427306569,5.753771140321393
0.0,0.2399011432232175
6.082218910376446,6.038703560731456
2.772588722239781,2.618818330658107
0.6931471805599453,0.12208462200753264
0.0,0.0327703535596512
3.713572066704308,3.2362056510353576
2.70805020110221,2.5207479758784594
0.0,0.16536079674210863
2.772588722239781,3.3473955655063103
0.0,0.19917893680524842
1.6094379124341005,1.905444461001986
9.169976605786628,4.759977624453259
4.143134726391533,4.983145687974653
0.0,0.04893683193882165
5.575949103146316,6.085733284251573
2.079441541679836,1.8361747395530594
0.0,0.43401236712336794
1.0986122886681098,2.655206564620296
3.1354942159291497,3.7260335271855998
0.0,0.5507425501798298
5.556828061699537,4.481675234068859
0.6931471805599453,2.108268197967378
1.0986122886681098,2.2896654777627248
3.1354942159291497,2.446533401874902
3.258096538021482,3.3492697551727586
6.481577129276431,5.5159146990079755
1.3862943611198906,0.9396552948729155
0.0,0.06227162479245978
2.079441541679836,2.7694231602206565
0.0,1.3799865380784822
5.673323267171493,4.8877853095322115
0.0,0.0
1.0986122886681098,1.8543684405171328
0.6931471805599453,0.03512252800164935
5.560681631015528,5.562529919383491
0.0,0.15403270679109898
4.007333185232471,3.0614514427144996
0.6931471805599453,1.2410774941740699
4.343805421853684,4.103503811872961
1.0986122886681098,0.30447141579621584
1.3862943611198906,0.531563259100203
0.6931471805599453,0.2936898017667343
0.6931471805599453,1.7486441954287733
4.04305126783455,3.9832087736908863
0.0,1.1860423363020276
0.6931471805599453,0.5461703757827168
1.3862943611198906,1.2009570525714284
2.302585092994046,2.917919432276656
1.6094379124341005,2.1358580287331574
0.0,0.9211963708726292
4.624972813284271,4.2069544805525245
0.6931471805599453,0.583836132630975
0.0,2.724774781959403
1.9459101490553128,2.418980487935416
2.302585092994046,2.641351739804194
4.007333185232471,3.284807776030481
6.257667587882639,5.825500447707596
2.6390573296152584,2.471070661221378
0.0,0.13433557162716755
0.6931471805599453,0.4100032393160995
0.0,0.004685486809155687
0.6931471805599453,0.7688335059450109
7.180069874302796,7.789921657085593
4.30406509320417,4.40905855244474
0.0,0.08210489680051612
6.16541785423142,6.0054906840970155
3.258096538021482,3.1685136045796396
1.6094379124341005,1.2813341742495716
1.9459101490553128,1.6553730276811656
6.171700597410915,6.516301853861616
1.3862943611198906,1.2623239648366857
1.0986122886681098,2.299652132462504
3.295836866004329,3.382637876885928
0.6931471805599453,0.2746563364298527
0.0,0.2534736964260277
7.116394144093465,7.5849201644468565
0.0,0.2967218217106503
0.6931471805599453,0.4578566112067667
3.5263605246161616,4.216265042380422
1.6094379124341005,1.3890307480224493
2.6390573296152584,2.0925346632942015
1.6094379124341005,1.7843034833706568
2.079441541679836,2.852087850815167
0.0,0.16195413039990128
1.9459101490553128,0.5787258901943159
1.3862943611198906,1.8766266916405299
0.0,0.779536187978962
1.6094379124341005,2.127140391688021
5.583496308781699,5.739800722967624
5.525452939131784,5.889023472838989
0.6931471805599453,1.19214820895731
0.6931471805599453,0.9579693486793244
2.3978952727983707,1.7301042226613372
1.0986122886681098,0.49832519650990825
6.759255270663693,6.104982466325173
3.367295829986474,3.5251945265210813
0.6931471805599453,1.17687314670876
0.0,0.3854392444526112
1.3862943611198906,2.6896101146060363
5.556828061699537,5.435192433012341
0.0,0.0168930709507029
2.995732273553991,2.771335510056095
5.14166355650266,4.922477938308713
2.772588722239781,0.9460020589902617
0.0,0.7310774079242134
2.302585092994046,2.798832701352763
0.0,0.9462094696889142
0.0,2.5715656706294543
2.70805020110221,2.2446877226511472
0.0,0.013115497453494033
0.0,0.06213996301925542
1.9459101490553128,1.6201971030964735
1.0986122886681098,1.3742220335848447
3.295836866004329,2.071434924278015
0.0,0.0
5.135798437050262,5.924502338122207
2.19722457733622,3.4510107672274253
0.6931471805599453,0.8439347373749351
3.4657359027997265,3.9401134854457522
0.0,0.016050104413830826
0.0,0.5629514616336482
6.602587892189336,5.61843452112622
1.0986122886681098,1.7295224952781063
0.0,0.017920467461797377
0.0,0.42694543666845247
3.044522437723423,3.297851764923903
1.791759469228055,2.845720817508571
0.0,0.26110648549526105
0.6931471805599453,1.666879222045021
2.5649493574615367,1.5308971737922235
3.8918202981106265,4.390345552307607
1.0986122886681098,1.1985801733439814
0.0,2.2581257086497355
3.58351893845611,3.9392223041007743
2.772588722239781,2.2216129165758725
0.0,0.01075189712351206
1.9459101490553128,1.9071132320647537
0.0,0.36148317735379554
1.0986122886681098,1.0555447893809842
4.532599493153256,4.334507561954636
5.087596335232384,4.507588408852564
6.813444599510896,5.580961981932558
0.6931471805599453,0.6380732002448358
1.3862943611198906,1.8399260271960092
2.079441541679836,1.1938346624346463
0.0,0.4123289037070817
1.3862943611198906,1.6869206518419346
2.4849066497880004,2.2940493860112388
7.045776576879511,7.829468752244419
3.737669618283368,4.4049537047066085
0.0,0.7344977860725627
4.3694478524670215,4.928768597305029
5.375278407684165,6.029430403161669
0.0,1.176657169346996
1.0986122886681098,2.7668217006775953
0.0,0.05083803592058121
2.5649493574615367,3.135509500230389
4.3694478524670215,4.391496211113276
0.6931471805599453,2.158242539393295
1.0986122886681098,1.028739437941261
1.0986122886681098,1.761492505077313
1.6094379124341005,3.6936744889484467
1.791759469228055,2.453241597270829
7.597897950521784,7.434990048631499
0.0,0.2147704927034926
1.3862943611198906,0.63738520540919
1.0986122886681098,1.649832475874117
3.091042453358316,3.701503088469872
1.9459101490553128,2.6602543607301654
1.6094379124341005,1.6770268544189653
7.906915488678587,6.910083230716425
0.0,4.319894331780857
2.302585092994046,1.6973798948544239
0.0,0.0
2.70805020110221,2.8654217954127743
2.302585092994046,1.5675875368196894
3.4657359027997265,2.998527777158387
4.624972813284271,3.9976208046087907
4.007333185232471,3.796379685374093
0.0,0.16054897854073635
3.9889840465642745,4.351726892825254
0.0,0.8076767404744654
3.737669618283368,3.3574079223195836
1.0986122886681098,1.2663393456042957
0.0,0.6507829547867635
0.0,0.0
3.258096538021482,3.435336476147083
2.4849066497880004,2.498957603671922
0.0,0.15403270679109898
2.995732273553991,3.3609217762126216
0.0,0.16247827146284255
1.791759469228055,0.8082864194342658
5.153291594497779,4.646703976005263
8.77770959579525,6.403195317595569
0.0,1.179841401888521
0.0,0.1345754362491292
0.0,0.33587904690553216
0.0,1.2483371048712146
0.6931471805599453,1.2322362020289783
0.6931471805599453,1.4090175315803084
2.9444389791664403,3.1000543386520016
0.0,0.07511973528700919
2.079441541679836,2.041205066033649
2.8903717578961645,2.680401089947145
0.0,0.08582214881793622
1.9459101490553128,0.38167163719578745
1.0986122886681098,0.3623654444901372
0.0,0.43126451183998604
0.0,0.005721769940662244
1.6094379124341005,0.5731787240656553
2.70805020110221,2.0369704238857884
0.0,0.9474340736445728
0.0,0.04423666412349252
4.499809670330265,3.9107769949438596
0.6931471805599453,1.397079214634201
0.0,0.1843706305768249
3.044522437723423,1.401778550445859
1.3862943611198906,1.1399757815401173
0.0,0.6742166945438094
4.477336814478207,3.1888940094699323
0.0,0.08062547161814536
9.169976605786628,8.741825750907083
3.218875824868201,1.650939816073407
1.0986122886681098,1.3820842141866914
0.0,0.23763261737960048
3.970291913552122,4.6813007167000675
0.6931471805599453,1.8369932916315557
1.6094379124341005,1.3863620664127574
3.332204510175204,2.6520785733344603
5.921578419643816,6.394116852128088
0.0,0.07778514396853257
0.0,0.7588329865671393
1.6094379124341005,3.0506304689530523
0.6931471805599453,0.6931471805599453
1.0986122886681098,1.4812825361385145
0.0,0.026747241554555105
0.0,1.9690676347396991
4.276666119016055,4.745097443692707
0.6931471805599453,0.7858805183992931
0.0,0.10320795373701212
3.4339872044851463,3.3667911239619226
6.8966943316227125,7.448446176634075
3.9318256327243257,4.114788544272521
6.333279628139691,7.015528278575505
5.926926025970411,5.5273539045151905
2.19722457733622,1.5115348947299154
0.0,0.11904672572932953
3.58351893845611,3.177851032105879
0.0,0.26564586508702775
0.6931471805599453,1.3552032795166358
0.0,0.4009892105046613
0.0,0.054927203355831095
5.733341276897746,6.521484262632844
1.0986122886681098,1.4830255685394738
0.0,0.10915113013063847
0.0,0.7043940692398545
0.0,0.5811967630250824
6.7580945044277305,5.982397624656086
0.6931471805599453,0.6348381229049511
0.0,0.007741445656921607
1.0986122886681098,1.4306429891198214
2.772588722239781,2.6745767377882252
0.0,1.4747445159901407
5.187385805840755,5.780945210906396
2.5649493574615367,2.084084741373803
2.302585092994046,0.4750804425847466
2.5649493574615367,2.5871584881692247
0.0,0.6199735795689921
5.081404364984463,4.856241166834804
3.871201010907891,4.180310309805073
1.791759469228055,2.6640974442100585
3.7612001156935615,3.5772390380603443
4.31748811353631,5.187616583713523
0.6931471805599453,1.1819752441458544
8.32093496888341,8.084590329156438
1.3862943611198906,0.12805405742405612
2.302585092994046,3.0153309697487747
0.0,0.5105142434773621
4.30406509320417,3.8159935841890116
0.6931471805599453,1.1369820360407872
0.0,0.5171742137431667
0.0,0.3452791463449503
2.9444389791664403,2.4659756617490154
3.218875824868201,2.747844261749974
0.0,0.11332513953363955
1.6094379124341005,1.465202339137098
0.0,0.0
0.6931471805599453,2.4478169926459583
3.951243718581428,4.028651410842138
1.791759469228055,1.3262541203943863
1.6094379124341005,1.7862928797628113
8.126222529458525,8.02843619335331
0.0,0.1356242648965637
1.3862943611198906,1.5917579691233326
0.0,0.10872134879336727
5.204006687076795,5.929324872555797
3.828641396489095,3.5041446111268706
0.6931471805599453,0.3081661850010898
3.8918202981106265,4.265326140566423
2.833213344056216,2.3780108068270502
1.6094379124341005,1.8177184397009276
1.6094379124341005,1.7887623511510047
1.3862943611198906,0.1031637292833783
7.020190708311925,6.303858922157383
4.709530201312334,4.75084544304982
3.9318256327243257,4.111566371754189
7.7501841622578365,7.708291017618337
2.302585092994046,1.9574874623539809
2.772588722239781,3.6427062583409913
2.833213344056216,2.0203183769148816
0.6931471805599453,1.6266725511132707
7.425357887027151,7.074989053025563
0.6931471805599453,0.0768551036562083
3.80666248977032,3.082185261037527
1.0986122886681098,1.6463794538292085
0.6931471805599453,0.8362403082871674
0.0,0.45088024503849944
0.6931471805599453,0.7373301782057887
1.3862943611198906,0.5607451661676894
0.6931471805599453,0.1588518671890994
1.6094379124341005,0.5811301413200217
0.6931471805599453,0.5691956264821697
4.248495242049359,3.3022673910493054
0.0,0.38749675379300563
1.0986122886681098,1.365762896146513
3.49650756146648,3.6157796893671277
1.6094379124341005,0.7641874120719516
2.302585092994046,1.4934077411485025
1.0986122886681098,0.7147211971534358
4.290459441148391,4.387792208159454
0.6931471805599453,1.0770144490162432
1.0986122886681098,1.644715606095572
4.158883083359672,3.7829980732148045
8.570165076182343,3.8353388537448265
7.018401799069201,6.497495252980934
0.0,0.25210673085033514
0.0,0.10291578761960121
2.3978952727983707,1.609201181609187
9.169976605786628,4.420544204198362
1.791759469228055,3.2086825246528154
2.19722457733622,2.8435784174768126
1.6094379124341005,2.407803463440847
5.968707559985366,5.876038645637911
1.791759469228055,1.9205715489238078
0.0,2.740961635589675
2.302585092994046,2.5882546038369934
1.791759469228055,1.9968917748430726
0.0,0.3865199484298025
3.4011973816621555,4.227268576486807
1.0986122886681098,1.1981732622359038
0.0,0.18159535104796484
0.0,0.4381577978720217
2.302585092994046,0.4230811160238165
1.6094379124341005,2.0926652485687427
0.0,0.004722502075889482
4.143134726391533,4.786769804574455
1.6094379124341005,2.3105268887399357
2.079441541679836,1.8133194032341289
3.688879454113936,3.1202049210774656
3.1780538303479458,2.892217411791447
2.8903717578961645,3.526206038134199
4.962844630259907,5.009570620569606
2.302585092994046,2.5555038030667556
8.449128460502108,8.159287061577565
0.0,0.0
1.3862943611198906,2.312532796215916
3.610917912644224,2.6987370406616247
7.407924322559599,5.865201424419258
0.0,1.9912480441321023
3.332204510175204,3.3880801221673718
0.0,0.7434719119182964
0.6931471805599453,1.5845296423709814
1.3862943611198906,0.46233766717154445
2.302585092994046,2.582855929833938
7.554334823725748,7.532403827878671
2.4849066497880004,2.1969974246867805
1.6094379124341005,3.1785998078621116
0.0,0.9134383177951788
0.6931471805599453,0.3304598673039044
8.575650760987806,8.829049748603877
5.700443573390687,5.166182228870039
2.079441541679836,2.858016898133554
1.3862943611198906,0.5279743349404606
3.367295829986474,3.3818914636825634
4.718498871295094,4.6754644929392555
7.655864017616056,5.603153172703396
2.833213344056216,2.475897358553774
0.6931471805599453,1.1926533214444817
0.0,0.42248689295075614
1.6094379124341005,1.882558763247825
3.091042453358316,3.5035777097250294
0.0,0.1128666510032462
1.6094379124341005,2.3195685666325425
1.0986122886681098,1.3044553819572373
0.6931471805599453,0.2715060595721156
0.0,0.0
4.07753744390572,4.2951892995592855
5.356586274672012,5.857916665448895
5.0369526024136295,5.313287233253539
0.0,0.3860636136555016
0.0,0.6091951465903759
2.833213344056216,2.0718935509657816
5.438079308923196,6.494506567786861
0.6931471805599453,0.11223949100343601
5.87493073085203,6.209489679012185
5.762051382780177,5.828286865444998
3.970291913552122,4.8384499247702335
2.5649493574615367,3.152870477645839
6.333279628139691,6.129438303552159
0.6931471805599453,0.8602015044507193
0.0,2.5384679099853154
