quantity_sold_ground_truth,quantity_sold_predicted
3.218875824868201,2.9520987312001727
0.0,0.42304296718767676
1.791759469228055,3.128624678927284
3.4657359027997265,3.5831357914702293
0.0,0.7769836293370901
6.156978985585555,5.8493449623136184
3.1354942159291497,2.7943846378683164
0.0,0.14384244952739983
0.0,0.3065245558752238
3.5263605246161616,3.7671370754187397
0.6931471805599453,2.268152211439298
3.1780538303479458,4.036791906169842
0.6931471805599453,1.7902007473793484
0.0,0.21936291823528248
3.58351893845611,3.6524333957394974
0.0,0.08686285809299758
7.106606137727303,6.387131490106837
1.6094379124341005,0.0
3.7612001156935615,3.3745645623561993
0.0,0.4592078765459425
0.0,0.42590089472950865
2.302585092994046,1.1692559174593045
6.92951677076365,6.847063910726284
2.5649493574615367,2.626341211538116
9.169976605786628,8.638106305899674
9.169976605786628,7.14502957409148
0.0,0.0
0.6931471805599453,0.33826170648529197
0.0,0.13828134373116216
0.0,0.6581107661725709
0.0,0.06876364574367498
4.110873864173311,3.7596077649604633
0.6931471805599453,1.6366962568678631
0.0,0.08218579912458468
3.332204510175204,3.3716800603328667
2.079441541679836,1.1018671182613378
3.9318256327243257,4.015948751232303
2.5649493574615367,4.467878740539545
4.07753744390572,4.032987464263388
0.6931471805599453,1.1632323026182738
0.0,0.38526562406658
0.6931471805599453,0.0
1.791759469228055,1.1527809129277837
4.727387818712341,4.25052778133018
7.538494999413465,6.99615728528299
2.6390573296152584,1.8704418303766817
1.3862943611198906,0.40855505462730946
1.3862943611198906,0.7212640070627415
0.0,1.4219017247592975
0.0,0.10975594337286484
0.0,0.0
6.16541785423142,6.364697911518171
6.8001700683022,7.246226771339447
0.0,0.0
9.169976605786628,7.975822824006297
4.394449154672439,4.719864093746533
5.062595033026967,5.07129642069465
0.0,0.9133760921818509
1.3862943611198906,2.179753923758996
2.19722457733622,1.8006874347517248
5.7745515455444085,5.2816648849392775
1.0986122886681098,2.1586933433800106
0.0,0.0
0.0,0.5678651333231945
0.0,0.012623345666448798
3.4011973816621555,3.216837839812908
7.797291273547472,7.999827625995473
0.0,1.247370641404179
4.3694478524670215,4.468588894146594
0.0,0.5972531564093517
5.356586274672012,5.571742482361953
5.484796933490655,5.43389533162145
4.882801922586371,5.012023490262191
3.332204510175204,3.0700704833825934
1.9459101490553128,1.6247827824155305
3.218875824868201,3.133436669741393
0.6931471805599453,0.43967052323824185
0.0,0.04045322747422864
1.9459101490553128,3.799669756312537
2.302585092994046,2.4538414160014153
0.6931471805599453,0.5447857299397255
6.943122422819428,7.104868095407628
5.3230099791384085,6.202023506269656
0.6931471805599453,0.8871433789725679
0.6931471805599453,1.3950526793617966
5.068904202220232,4.775190423793763
5.950642552587727,6.018273477637636
5.327876168789581,5.409425273170918
2.8903717578961645,1.8953878042860148
0.0,0.09934256262907293
1.791759469228055,1.511400337055694
2.19722457733622,1.6675982874857498
9.169976605786628,10.061750440855583
2.9444389791664403,2.5595045030631085
0.0,0.11814749475178087
0.0,3.975930196652565
4.74493212836325,3.171286693940847
2.6390573296152584,3.35172276690814
2.833213344056216,2.321922304980182
3.4657359027997265,2.783302321722327
2.3978952727983707,2.447677322607266
1.9459101490553128,1.7468959883861683
3.5263605246161616,3.432751946747401
2.4849066497880004,1.000505584893288
6.2166061010848646,5.7213454378921895
0.0,0.0
3.871201010907891,4.542012451516447
1.3862943611198906,1.4327059230571846
3.912023005428146,4.546772737030701
0.6931471805599453,0.7107909086176674
2.079441541679836,1.0752449793684415
4.3694478524670215,4.600377662252727
0.0,0.3084195472113377
4.74493212836325,4.811479578601754
2.3978952727983707,0.25174688843843634
1.791759469228055,1.7023483332191787
0.6931471805599453,1.3260286142224218
1.6094379124341005,1.181175354899297
3.555348061489413,3.2056911573643463
0.0,0.351291906943496
0.0,0.3505777604254288
6.137727054086234,7.042704633045001
1.3862943611198906,2.420710044666266
2.5649493574615367,2.951022091730371
2.8903717578961645,2.7310584232741153
0.6931471805599453,0.8476183292269285
0.0,0.08905393043281654
5.075173815233827,5.605379020615871
0.0,0.11878451627750454
0.6931471805599453,2.317254349919243
2.772588722239781,2.225352960304218
0.6931471805599453,0.5352481202240387
1.6094379124341005,1.4637280370722547
2.8903717578961645,3.1537076478643358
0.0,0.5852429481769995
0.0,0.12114550394666629
1.0986122886681098,0.5999858898109027
3.610917912644224,2.186114096035592
4.143134726391533,3.7737541543762627
0.0,0.08062760421717288
0.0,0.8618138299642267
1.0986122886681098,1.1252174296255657
0.0,0.0
4.672828834461906,5.3162195273815716
1.791759469228055,1.4711153236544487
4.060443010546419,4.229851208025468
0.6931471805599453,2.6162732276958023
6.173786103901937,4.634264375115563
3.4011973816621555,3.519917003898309
0.0,1.1557957646578485
4.820281565605037,4.04006146530547
1.0986122886681098,1.2474747470699803
0.0,0.05166927000346638
6.049733455231958,6.2324583112170195
0.0,1.2879999183283621
1.6094379124341005,2.649313081421077
0.0,1.339884061328251
0.0,0.2124581760647998
5.0238805208462765,5.0173591471579435
1.791759469228055,1.8957336677445296
0.0,0.21839894571504778
0.6931471805599453,0.9519348767452372
3.295836866004329,4.433709556256335
0.0,0.023007299851369865
2.5649493574615367,2.031829117424698
0.0,0.14903595115108204
0.0,0.7168859518290228
0.0,0.5953504772340786
5.771441123130016,6.118156944732601
0.0,0.626071137532932
1.3862943611198906,1.059953938468949
3.80666248977032,3.696451736321866
1.6094379124341005,1.9388139167019285
1.0986122886681098,2.7078629222687813
2.3978952727983707,2.222142270756187
3.1354942159291497,3.692258292988641
0.0,0.03868788176250383
0.6931471805599453,1.3774170612175678
0.0,0.0
5.278114659230517,5.48147342154807
0.0,0.0
1.3862943611198906,1.5073340366593944
0.0,0.30697504157536
3.555348061489413,1.802317628193082
1.9459101490553128,2.1171446530060702
3.4657359027997265,3.6600547125726806
1.3862943611198906,1.6870166956040902
2.19722457733622,1.3902243670762362
0.0,0.869856812477217
1.3862943611198906,0.8432900555731498
3.218875824868201,3.922491754968825
2.19722457733622,2.5242491605404167
2.8903717578961645,3.361200198706465
0.0,0.24965437142229605
2.079441541679836,2.9706570255405227
4.7535901911063645,4.513178746274327
0.0,0.18672669342187775
0.0,0.0
3.091042453358316,2.877686541783643
2.772588722239781,3.3471079570652917
4.663439094112067,3.552761675951995
0.0,0.02664570477807524
3.871201010907891,2.3066392944933205
4.962844630259907,5.186841250868915
1.791759469228055,2.174933961836165
2.19722457733622,2.40079845748232
0.6931471805599453,0.03497537575839104
4.68213122712422,4.148147725039478
0.6931471805599453,0.5961035507700124
3.6635616461296463,3.2209172441405305
2.079441541679836,2.894951975898109
0.0,0.22749501975233036
1.3862943611198906,1.480564101217933
0.0,0.2192670014612748
0.0,0.5754653130617398
0.0,0.6978666380789569
3.1354942159291497,4.626773794635158
1.791759469228055,3.0258907955527974
2.079441541679836,1.4222837579394474
5.958424693029782,6.536682132674457
2.302585092994046,0.9534916774008826
5.855071922202427,5.399536746133689
0.0,0.033759385533559
0.0,0.017416882533369236
0.0,0.15222914919125222
2.772588722239781,2.6741104912166334
1.791759469228055,2.0021431278900064
0.0,0.11499258892481493
0.0,0.8800912785544464
1.6094379124341005,2.5403648513733987
3.044522437723423,2.5139805089924128
0.0,0.06889859987403445
0.0,0.1880594940239863
3.970291913552122,3.337720065764093
1.9459101490553128,2.588987480926466
1.791759469228055,1.2887362093759998
0.0,0.0867782358507471
0.6931471805599453,2.772839667708417
2.9444389791664403,2.0783817761324532
0.0,0.1450767182628828
3.367295829986474,2.328381218721823
1.3862943611198906,0.7775682312941797
5.739792912179234,6.057799342379971
4.248495242049359,4.400935692403291
1.6094379124341005,2.1171148051399316
5.488937726156687,5.400779712261355
1.6094379124341005,2.330187381480077
2.833213344056216,2.7236158791007274
7.554334823725748,7.62445886002467
0.0,0.3504191286139503
5.14166355650266,4.672802428572623
4.007333185232471,4.028279652126752
1.9459101490553128,2.78328368607229
0.0,1.1033310458594991
1.3862943611198906,1.6855744815962541
7.269616749608169,6.517486527583275
1.791759469228055,2.285374555383874
1.0986122886681098,1.5883423781487187
0.6931471805599453,0.430519018062413
1.0986122886681098,1.3339613960123453
0.0,0.05504616303023345
6.124683390894205,5.683832652197965
2.6390573296152584,2.655282849944945
3.8501476017100575,4.203721319244148
7.422373700986824,7.296404245371817
4.912654885736052,6.0956196475188
4.7535901911063645,5.22584339006992
0.6931471805599453,0.2680157955774389
0.0,0.24076898005000097
2.5649493574615367,2.7775810468253335
0.0,0.0
1.3862943611198906,1.9745211041941373
4.23410650459726,4.493430044221147
3.218875824868201,3.8796295313901137
1.3862943611198906,0.4665699674075212
6.115892125483034,6.557159926472723
6.77078942390898,5.654906299993235
1.791759469228055,2.1210171075333033
2.3978952727983707,2.044931231455891
0.0,0.08034455836730889
4.770684624465665,3.4527962696597445
0.0,0.01181722013376975
2.70805020110221,2.4873182389283404
6.035481432524756,6.1728930661022
7.697121317282625,7.396489366012118
4.174387269895637,3.774095345626569
5.389071729816501,5.160801869056794
4.59511985013459,3.933959733974189
9.169976605786628,8.414592851227
7.307872780763706,7.254913166950403
4.663439094112067,5.203260323856449
6.228511003591184,6.184646260004411
0.0,0.54246392268064
0.0,0.5421151023021695
0.0,0.20396599463991355
1.0986122886681098,1.6651276705735507
3.49650756146648,4.029108196782304
4.584967478670572,2.5858302735506586
0.0,0.0
0.0,0.19638839081363632
2.5649493574615367,2.0674933497687236
1.3862943611198906,0.9630921731965345
0.6931471805599453,0.8151179929529672
5.459585514144159,5.653291347630041
0.0,0.0602287522468813
4.143134726391533,4.0271483630069405
2.9444389791664403,2.5900572482315303
3.9318256327243257,3.5108758373075046
0.0,0.8117880469998993
0.0,1.2843618368254477
1.0986122886681098,0.41482889887529917
3.9889840465642745,3.4459815490824752
7.907651594711089,7.8983278657709945
6.641182169740591,4.918732460533894
1.0986122886681098,1.0028423036371994
3.80666248977032,4.532913672048386
7.748028524432376,8.490191474465531
4.442651256490317,4.811773276027758
2.4849066497880004,2.620949240248988
0.6931471805599453,0.9056555500509835
0.0,0.029498513347769224
5.916202062607435,5.1200328639213994
2.833213344056216,2.0202045174058267
0.0,0.12832500960627988
2.19722457733622,2.508362540065451
2.70805020110221,2.872612807900965
0.0,0.14850768284778537
2.70805020110221,3.576985281449026
0.0,0.018427864401142798
4.356708826689592,5.032847760422032
3.9889840465642745,3.7279198918162706
0.0,1.7044678485228935
1.0986122886681098,0.07233590610577709
4.709530201312334,4.181560444395434
2.3978952727983707,2.500365535042779
0.0,2.050792812175155
0.0,0.07321423741313587
0.6931471805599453,0.4742027438215633
0.0,0.24920587610831743
6.171700597410915,6.186506899864631
5.53338948872752,5.009401231285667
4.812184355372417,3.2784287564082004
0.0,0.4047881390057014
5.068904202220232,5.42998696164242
5.2832037287379885,4.71844870108809
4.110873864173311,3.292883019237882
0.6931471805599453,0.3766650991276332
3.951243718581428,4.240790709216523
5.7745515455444085,5.982599282569843
1.0986122886681098,0.641716794921689
2.19722457733622,1.6909827347593238
0.6931471805599453,1.9516496397664844
4.02535169073515,4.031625548877092
0.0,0.06279244610202257
1.6094379124341005,2.7703561706315267
2.772588722239781,3.2155728818771943
4.382026634673881,4.008031643225887
1.0986122886681098,2.6483608332948596
0.0,1.439588696417673
0.6931471805599453,0.3710921928238468
0.0,0.7625796843462789
6.20455776256869,4.973296614145463
0.0,2.252806892048871
0.6931471805599453,0.16037713015308397
4.330733340286331,3.9078712670296243
1.9459101490553128,3.0287963065832235
0.0,0.8398156900104475
2.5649493574615367,2.5078596469271157
0.6931471805599453,0.7914211652571729
4.859812404361672,4.646698821088058
3.295836866004329,3.8796494624706948
3.1354942159291497,2.490319130055027
2.079441541679836,2.2391553228782715
0.0,0.2775087463406775
1.3862943611198906,0.3997460253379124
2.4849066497880004,2.3505146692718863
3.6375861597263857,1.5925278312390734
0.6931471805599453,0.50597835889829
5.476463551931511,5.41261580886643
4.382026634673881,4.7898536865809165
1.6094379124341005,0.17536842690944454
0.0,0.6396405584174818
2.4849066497880004,2.5860243904195617
1.0986122886681098,0.12427906057305713
0.0,0.7295321481428461
2.19722457733622,2.244497338048416
2.3978952727983707,2.751733691123733
0.0,1.3089402210259111
2.302585092994046,1.6682997979593437
0.0,1.8409759986143135
2.302585092994046,1.9028928307824378
2.6390573296152584,2.7370667549437484
5.926926025970411,6.087436796178129
0.0,0.46642118003984434
2.5649493574615367,2.3722840125209257
0.6931471805599453,0.952306685758684
2.5649493574615367,2.7744975307501845
0.6931471805599453,2.1547770100785706
0.0,0.0
1.3862943611198906,1.2513463146705948
2.3978952727983707,2.9498537131550715
7.781973234434385,7.198309557569351
1.3862943611198906,2.344891568058228
2.4849066497880004,2.6139177305933163
5.1647859739235145,4.847512712289257
5.272999558563747,4.987720259935512
1.791759469228055,0.9542311425837577
0.0,0.14514509960686955
2.772588722239781,4.007908884592507
1.791759469228055,3.6096381032436504
3.258096538021482,3.9664616368816326
3.332204510175204,3.0854761540670985
2.772588722239781,2.205409931081485
0.6931471805599453,0.1547381888552509
3.951243718581428,3.047406532834696
1.0986122886681098,1.6069536956808583
3.295836866004329,3.6012635117921006
3.6635616461296463,3.0750108931701337
0.0,1.169075324078352
3.871201010907891,4.559008084751694
0.0,0.6227189968635979
0.0,0.3518093786716782
0.6931471805599453,1.4962235511976518
0.0,0.23199348497015101
0.6931471805599453,0.6442481106102858
7.747596838692885,7.630702054999351
1.3862943611198906,1.265915805225209
1.9459101490553128,1.2142213235872061
0.0,0.6750868786698556
1.3862943611198906,1.5372136330771398
2.995732273553991,2.543931065696952
3.044522437723423,3.0148759567995387
5.056245805348308,6.240527687580138
0.0,0.7494963115639547
5.513428746164983,5.731987909357297
1.3862943611198906,3.045270819841849
4.700480365792417,4.8847916519482775
1.3862943611198906,0.9735697597450724
0.0,0.15022490786196785
1.791759469228055,2.764917749683167
3.610917912644224,3.9146998173957477
0.6931471805599453,0.16561065866154534
0.0,0.20975504953891613
2.302585092994046,2.8554628671953104
0.0,0.674863907835576
4.262679877041316,5.15781003766514
4.430816798843313,4.143391766622344
5.455321115357702,6.064940131355574
2.70805020110221,3.0844793863273545
0.6931471805599453,0.7632234463960628
0.0,0.920142848798672
5.1647859739235145,5.269078593438672
0.0,1.0993727414145842
0.0,0.5440016179619969
3.218875824868201,3.2270649683428667
1.9459101490553128,2.0319006412901963
1.0986122886681098,0.868418492042878
2.4849066497880004,2.2455331831798846
5.613128106388071,6.045201912882018
0.0,0.43222180059531734
0.6931471805599453,0.7419341456416892
0.0,0.31811235798490656
0.0,0.28382952702437475
0.0,0.29894255451894003
0.0,0.0
3.091042453358316,2.4600670967300418
2.079441541679836,2.800845115867478
0.0,0.7856423886078572
0.0,0.0505758303844638
3.737669618283368,2.7874165422686246
0.0,0.38939590551612435
4.672828834461906,4.175622602162048
3.784189633918261,3.947496035415523
2.833213344056216,2.0528709226791935
1.9459101490553128,2.0482553804520793
0.0,0.24068191924876436
4.007333185232471,3.7291854514228326
1.9459101490553128,1.5173176638280383
0.0,0.6696217099237128
0.6931471805599453,1.4838431588574592
1.6094379124341005,1.6993810207982063
1.0986122886681098,1.2475482431242675
0.0,0.04648363867676277
0.6931471805599453,1.357871634539132
2.19722457733622,1.180353950040915
0.6931471805599453,2.0864274211235165
2.3978952727983707,2.2351837260034126
5.0369526024136295,4.800580798795835
0.0,1.024526969578346
0.0,0.20112059260592907
0.6931471805599453,2.1436103559464397
1.0986122886681098,1.0218517607195998
0.0,0.6615379502675127
2.302585092994046,2.2822465057257126
2.772588722239781,3.0329513555926964
2.5649493574615367,2.449261461738175
2.833213344056216,2.140486907830143
2.4849066497880004,1.5593381900703633
3.4339872044851463,3.0675832384049593
3.58351893845611,3.7751315917049477
6.1092475827643655,6.812429196874115
5.66988092298052,5.765165433840181
0.0,0.2618526983055245
2.772588722239781,2.0965986471259086
0.0,0.20298073198188601
1.9459101490553128,2.6458173932794935
1.791759469228055,1.6264005593228656
1.0986122886681098,0.868931154183093
0.0,0.21519476760915646
0.6931471805599453,2.0234320144120246
3.713572066704308,4.153817649551477
0.0,0.6812234023110062
8.439880088313567,8.834526274416449
3.8501476017100575,4.811562020521377
4.07753744390572,4.541660520798545
0.6931471805599453,0.538470389317489
1.9459101490553128,2.7873601907451353
2.4849066497880004,2.004437135619463
7.080867896690782,6.297113928471026
5.429345628954441,5.22863361307778
0.0,0.22420416117930467
0.0,0.6337551889723206
0.6931471805599453,0.2799182759126259
0.0,0.1287920890325808
0.0,0.8902658974002456
0.0,0.028709158307582895
6.084499413075172,5.816105978460141
0.6931471805599453,0.7296756427625917
0.0,0.12406350017921974
2.4849066497880004,2.884205252038849
1.0986122886681098,1.878781328996213
0.0,0.20850581748997626
2.70805020110221,3.2759546203666687
0.0,0.012391795417050213
7.606387389772652,8.555579158730074
1.791759469228055,0.8931122763824831
0.0,0.016413751993273423
0.0,1.7005416147021017
3.8918202981106265,3.1714295694939056
3.6375861597263857,4.157577778250163
1.3862943611198906,2.2413221501817806
9.169976605786628,6.589528084702195
0.0,0.04883788437470315
0.0,0.10987838492476465
1.6094379124341005,1.5454355471503138
4.663439094112067,4.961353769826912
1.6094379124341005,2.2848050576934575
1.0986122886681098,1.2206883763543883
2.772588722239781,2.8557399109991426
0.0,0.102693335139588
6.077642243349034,6.274746635076804
6.635946555686647,6.067537782649274
0.6931471805599453,1.4164482610908857
2.302585092994046,1.1719856762276717
9.169976605786628,7.10199115294104
4.04305126783455,3.6312615098614387
0.0,0.0
3.713572066704308,2.828315654762221
2.4849066497880004,2.2786717523476856
2.19722457733622,2.0883284675626874
2.3978952727983707,2.604398950870578
0.0,0.08471291413136194
0.6931471805599453,0.5493061443340549
2.19722457733622,1.6727755338984132
5.123963979403259,4.491114244365093
2.772588722239781,2.894297111374789
0.0,0.7471476853655054
0.0,0.0
0.0,1.9963471032162725
5.501258210544727,5.314992443583617
3.295836866004329,2.8939953807242746
0.0,0.0571335948586691
0.0,2.36642933197605
0.0,0.34657359027997264
0.0,0.025867065374057738
2.4849066497880004,2.176075648504236
4.430816798843313,4.592316207068567
0.6931471805599453,1.4916241504224033
0.0,0.08364767311143921
0.6931471805599453,0.42073211733856164
2.4849066497880004,3.812269582034599
2.8903717578961645,4.098635742972836
1.0986122886681098,1.3011944440435925
0.0,0.5975103822921132
6.956545443151569,7.032610203190265
3.7612001156935615,4.91210096794301
1.6094379124341005,0.41665585652715853
3.1354942159291497,3.1515691755614834
6.461468176353717,5.412440088209474
4.23410650459726,4.069859303153666
4.882801922586371,5.130704848513058
0.6931471805599453,0.7063859044470522
2.833213344056216,3.1593226659721734
0.0,0.07046419924130141
6.595780513961311,6.82981372082878
0.0,0.09429182134635197
4.174387269895637,3.7824092576748662
0.6931471805599453,0.24813713782060642
2.19722457733622,2.5118092075963934
1.791759469228055,2.722706813208215
2.079441541679836,2.3021664828316433
1.6094379124341005,1.9272205216969798
3.1354942159291497,2.1729733400699964
0.6931471805599453,2.149210071237783
0.0,0.0
0.0,0.04697516880427964
0.0,0.5843524449044734
1.0986122886681098,0.627641444563509
6.894670039433482,6.647633309131689
1.3862943611198906,1.0593716085522586
2.8903717578961645,2.747961480833861
0.0,0.7327650842633359
0.0,1.20145607877853
5.961005339623274,3.771713991581986
5.7745515455444085,6.280927931186072
1.6094379124341005,0.9069949795430177
4.248495242049359,3.547136582668924
8.658692753689937,8.580776208597841
0.0,0.6430738115196776
0.0,0.49433968031437225
1.6094379124341005,1.4974994749577553
3.912023005428146,3.6340434409289304
0.0,0.054657893871613066
4.762173934797756,5.199568281825263
0.6931471805599453,1.7103353024086752
0.0,0.08142131112462338
0.0,0.4312494676809322
0.0,0.44785945333445565
5.680172609017068,5.399870090834923
1.0986122886681098,0.5809974774270865
0.6931471805599453,1.8830785771571739
0.0,0.05152254088729227
0.0,0.38192503813080086
4.02535169073515,3.665060778966481
3.737669618283368,2.992444503454627
2.70805020110221,2.568693501918059
0.6931471805599453,0.02739276689893251
0.0,0.29706087484607063
1.3862943611198906,1.938445540105683
3.1780538303479458,3.3302252766437386
3.4339872044851463,2.8189419758662027
1.0986122886681098,1.1546928548176625
0.0,0.661010275629861
0.0,0.8853168254856408
4.23410650459726,3.8054560394067
0.0,0.11131514110115603
2.302585092994046,3.1930605358540247
0.6931471805599453,1.8675360802648637
0.0,0.5085621567687818
1.791759469228055,2.8441127807381026
0.0,0.4577492622501096
0.0,0.0
0.0,0.1242947473289201
3.8501476017100575,4.350320704913017
4.624972813284271,4.261099078037137
0.6931471805599453,1.541390620387539
1.791759469228055,1.6057070430196319
3.332204510175204,3.0793877488216292
0.0,0.059154217296442144
4.605170185988092,5.0970376026143684
0.6931471805599453,2.0791886747751978
0.0,0.269084523782716
0.0,0.0
5.4510384535657,5.833155523883036
5.703782474656201,5.943854701029673
5.594711379601839,4.8416753055509885
0.6931471805599453,0.9022628052655473
0.6931471805599453,1.3486022158516342
4.663439094112067,3.962001640110897
0.0,0.04847306626932103
0.0,0.27396168449244573
1.0986122886681098,0.9797191274899812
2.079441541679836,1.4373272815545268
2.6390573296152584,3.685139252127326
1.0986122886681098,1.3492721297687122
2.833213344056216,4.111486727502653
5.973809611869261,6.061499599944617
0.0,1.4724019466055083
0.6931471805599453,0.44773961739401696
0.6931471805599453,0.4020042935508227
3.58351893845611,2.981967975240321
0.6931471805599453,0.05511723180839871
4.174387269895637,4.151268461243957
3.367295829986474,2.9215482208505965
6.729824070489475,5.767430299460831
0.0,0.4888213448153873
0.6931471805599453,1.7655845176554215
4.3694478524670215,3.558400115671847
3.8501476017100575,3.6422048987292404
1.6094379124341005,0.7237781190101749
0.0,0.66187858048024
2.9444389791664403,3.2275069947841066
0.6931471805599453,0.171018533966285
2.833213344056216,3.0508442641228948
4.204692619390966,3.9579508151318112
7.431299675155903,6.955496832725886
0.6931471805599453,1.212190282914349
2.4849066497880004,1.8169635364875285
7.167809184316444,4.066362192148399
7.126087273299125,7.579713778191575
6.486160788944089,5.154119915378276
2.833213344056216,2.4094237424311715
0.0,1.0354369502158025
0.6931471805599453,0.6236508246300188
2.772588722239781,3.1922031903209844
3.8501476017100575,3.586045143679896
1.0986122886681098,1.2978194184364353
0.6931471805599453,1.0563290655031379
0.0,0.6868389622300289
2.4849066497880004,3.8865265438478125
0.0,0.11951585294055977
0.0,1.312140520078181
6.413458957167357,5.416283151889227
2.5649493574615367,2.901734944638639
0.0,0.45970263856538324
0.0,0.18797178672551573
5.7430031878094825,6.153723937224168
3.218875824868201,1.8261329219135694
0.6931471805599453,1.1774125636236135
3.1354942159291497,4.205179699410353
0.6931471805599453,2.5753477959229545
1.3862943611198906,2.1778009651332644
0.0,0.4885766960804088
1.9459101490553128,1.0430865315710147
0.0,0.564634586229284
3.332204510175204,1.9013345228451364
1.0986122886681098,0.16197288909722243
7.089243155027514,6.554923647531035
1.0986122886681098,1.532137619115502
3.912023005428146,4.2125260081403315
1.3862943611198906,1.7739585683107733
1.0986122886681098,1.5883423781487187
0.0,0.620420973731236
3.6635616461296463,2.6593318179124004
4.127134385045092,4.829835402049694
3.49650756146648,2.7730530220799543
2.3978952727983707,2.442234590158228
8.442685139241176,8.023945803780673
2.6390573296152584,1.6758436171682807
0.0,0.17230082975002906
3.5263605246161616,3.4343949117517667
0.6931471805599453,0.9450435754639401
6.169610732491456,5.528038966428485
5.198497031265826,5.156454593790144
6.042632833682381,5.813379569729352
1.6094379124341005,1.9581083596668614
1.791759469228055,1.571560020539589
0.0,0.26592087864378566
0.0,0.6793907891747116
2.3978952727983707,2.66008667262407
3.970291913552122,4.196893981721945
4.543294782270004,4.441642246621846
1.0986122886681098,0.9271296032328197
0.0,1.1110548426908833
5.236441962829949,4.0793440211724885
3.8918202981106265,4.5134748833278
2.302585092994046,2.0703335060383106
3.1780538303479458,3.3465647164408034
4.406719247264253,2.739290016060689
5.262690188904886,5.428229951944884
2.772588722239781,1.53913480407835
0.6931471805599453,0.27328008100802786
0.0,0.11711816383622906
6.765038976780541,7.162881876149398
2.70805020110221,1.9288573826757425
2.772588722239781,2.341174470423389
5.3230099791384085,4.983687406417392
0.0,0.009662399865893975
1.3862943611198906,3.266590131516418
2.995732273553991,3.209404028663903
0.0,1.0153510622706996
0.0,1.2161186004160534
4.060443010546419,4.600783631017269
1.6094379124341005,0.9352999395393503
0.0,0.05740536606725589
1.0986122886681098,2.0590539363234734
0.0,0.06860121864517184
5.627621113690637,5.995236177065457
1.0986122886681098,1.3916595868906019
4.875197323201151,4.497889832889584
1.3862943611198906,1.9484811919294132
0.0,0.04657552530871882
9.06577692078483,9.1081237805331
2.079441541679836,3.24534656526865
0.0,0.299650912768896
3.912023005428146,3.755313014026992
1.9459101490553128,1.6379549977787424
0.0,0.2547892466896985
3.4011973816621555,3.7326006580092717
6.536691597591305,6.2450748471737505
0.0,0.6328877753401732
5.3612921657094255,4.999029613397774
0.0,0.319123010859673
0.0,0.4104095969117503
0.0,0.03819470833382516
3.4011973816621555,1.3800751305000807
0.0,0.8605845170185666
0.0,0.3916796880481864
3.688879454113936,3.640279282076819
0.0,0.8829648558909383
5.062595033026967,4.197837559140968
1.3862943611198906,1.1825446951083705
0.6931471805599453,0.8459887127893367
0.6931471805599453,1.2525631485405488
2.70805020110221,3.687975089591222
0.0,0.5833438017669844
5.117993812416755,5.3981265906997935
0.0,0.02954112426918599
0.0,0.02233514054563085
7.711101251840158,7.704577367749536
0.0,0.02623902094720798
7.130098510125578,7.119356703237827
0.0,0.3522783753229597
0.0,0.28844825581619754
0.0,0.2500459680108607
3.49650756146648,4.0208067931818166
0.6931471805599453,1.210639695659823
0.0,0.7151670300334677
0.0,0.37945326271431334
0.0,0.0
2.19722457733622,2.426575333250214
3.258096538021482,2.8918800192816647
1.0986122886681098,0.8264302116858427
0.0,0.09241199518021369
2.079441541679836,1.6307528123859207
2.833213344056216,2.9349325093248932
0.0,1.1167869154706682
9.169976605786628,8.843319895637036
7.954723334497908,8.571329882898846
0.0,0.33056549345954284
0.6931471805599453,1.636181860322929
9.169976605786628,9.008686065757399
0.0,0.0
1.3862943611198906,2.2144239387426303
4.219507705176107,4.772229850859294
2.4849066497880004,1.72872324974653
2.8903717578961645,3.8666778585090587
1.6094379124341005,2.4214462774716634
2.079441541679836,1.408997212770455
2.8903717578961645,2.266410907358235
2.5649493574615367,1.669449606918415
4.976733742420574,5.242632210944208
3.49650756146648,3.376828778541595
0.6931471805599453,0.6654567134808064
7.186901020411631,7.071137524596551
5.030437921392435,5.219811239186919
1.791759469228055,1.9878488079560601
4.890349128221754,4.521224008371222
0.0,1.8031392720165655
1.3862943611198906,1.9207301963189556
3.9889840465642745,4.034097914385774
0.0,0.0
7.43543801981455,7.536303786597787
1.3862943611198906,1.5239036940811146
1.6094379124341005,0.6609598422756219
0.0,0.10375377676686287
0.0,0.6503194675969162
0.0,0.9391554328933727
0.0,0.07332054291565908
7.398174092970465,6.5987677708956785
5.802118375377063,4.877372718879491
8.866017398810255,8.837449287434685
5.613128106388071,3.4037644337809265
0.0,0.483786016277784
3.258096538021482,2.524980315023386
0.0,0.514419888487301
2.995732273553991,2.5725747803096786
0.0,0.1221488847232144
2.5649493574615367,2.767660254930464
2.4849066497880004,2.366723972233226
0.0,0.0981640815402397
4.219507705176107,3.767264665883518
4.0943445622221,4.03686207540688
3.332204510175204,2.7335980938680913
0.6931471805599453,1.862930103257059
2.079441541679836,1.539436964402254
0.0,0.924249367982484
3.367295829986474,3.434177737046819
0.0,0.06754649600933241
0.0,0.8355180651874512
0.0,0.0654300236936113
1.0986122886681098,0.7465227932160609
2.70805020110221,2.0427147120109783
0.0,0.9163674918754848
1.0986122886681098,0.9138519120852258
1.791759469228055,3.1339452106153445
7.519149957669823,7.37859872125873
2.772588722239781,2.610754483719861
5.6937321388027,5.582148319674191
3.1354942159291497,2.2877875463857085
0.0,0.07155022184615457
0.0,1.4702782850534946
2.8903717578961645,3.236070207020421
1.6094379124341005,1.39280603008581
9.0320506762956,9.411766739533276
0.0,0.23493246690205283
2.302585092994046,2.2426384587988286
2.302585092994046,2.3819082123882804
4.997212273764115,4.776252661910875
1.791759469228055,2.15787574266213
4.882801922586371,5.310544931804377
0.6931471805599453,0.42665522690968294
2.3978952727983707,1.8633161771870703
5.552959584921617,6.3373346240389274
0.6931471805599453,0.17630498850084647
4.867534450455582,4.193461236109255
1.6094379124341005,2.6225053677604273
1.791759469228055,0.2935545723809181
0.0,0.3582126949545107
4.564348191467836,4.675813431932957
0.0,0.732019628349874
2.079441541679836,2.543674992858689
2.3978952727983707,2.790613283146904
2.3978952727983707,2.479937468212756
0.0,0.1281414162378917
6.324358962381311,3.9997006988243045
0.0,0.1462502145077013
6.39024066706535,6.076122439209538
2.079441541679836,0.3474724012310941
0.0,0.14683287253561017
0.0,0.015675596123348692
0.0,0.04977224709609155
0.0,0.6695911600092385
5.225746673713202,5.559076181519666
0.0,0.0
4.060443010546419,2.6112696951647787
1.3862943611198906,0.6262531688812341
0.0,0.19166651312841435
4.442651256490317,4.540306879827254
0.0,0.5749936666310939
4.5217885770490405,5.063640960191819
2.6390573296152584,3.2263057559663513
6.194405391104672,6.346886157734775
0.0,0.2634647916333341
0.0,0.4872600332902866
0.0,1.1750375479114321
3.4657359027997265,3.7456447815197436
3.091042453358316,3.0643904796438246
0.0,0.04332726611792367
1.3862943611198906,2.2496939125457613
5.981414211254481,5.84231618283599
0.0,0.7008753059461924
4.6443908991413725,3.8921420951393193
0.0,0.12040981218226297
2.079441541679836,2.512093440073821
2.3978952727983707,1.9374876836960437
0.0,0.09516365446773574
3.044522437723423,3.21923925148921
0.0,1.540038675762839
3.044522437723423,3.5778112224054803
2.302585092994046,2.2269047481414983
1.791759469228055,2.4487418845298867
2.5649493574615367,2.8021026787817584
9.169976605786628,8.5280514098291
3.58351893845611,3.759040771294436
1.3862943611198906,2.070912782565895
5.780743515792329,5.046310626414442
7.094234845924755,7.166196320119191
3.295836866004329,3.5436786789313186
0.0,0.31322936315851124
5.996452088619021,6.64227423405691
2.302585092994046,2.2322663570535792
4.418840607796598,4.269569153234502
4.543294782270004,3.793035946658027
7.05444965813294,5.983720350036575
0.0,0.7298427970605341
0.0,0.8783130866218112
2.772588722239781,2.669648287634803
0.0,0.30554638692370706
2.19722457733622,1.9125691943453056
2.5649493574615367,2.82908910630454
2.9444389791664403,3.0295735304977494
1.3862943611198906,0.8251457774856304
3.555348061489413,5.100083376826219
2.9444389791664403,3.4633037675745295
0.0,0.4894040434499907
0.6931471805599453,1.9592796066772933
1.791759469228055,2.0591018726392414
3.1354942159291497,3.9428309681406866
0.0,0.31675269636403985
3.784189633918261,3.0597279776329662
0.0,0.44954504974033566
0.0,1.6015579508704842
0.6931471805599453,1.396528748038638
2.079441541679836,1.868230110075699
1.6094379124341005,1.4982012843049886
1.3862943611198906,1.9340307878228076
3.332204510175204,2.868045102501298
3.044522437723423,3.0868138613348255
2.4849066497880004,3.004656016999951
4.143134726391533,3.402149844845499
1.791759469228055,1.5009521263860772
2.833213344056216,2.961952676609182
0.6931471805599453,0.49323062442235255
2.079441541679836,2.600650008413504
0.0,0.08069844412999634
4.158883083359672,3.615862914599963
0.0,0.6071000613229643
2.079441541679836,0.6125414982510408
0.0,0.007726712900714285
1.3862943611198906,1.721010218438273
0.0,0.04668576605563361
0.0,1.8085066072891618
1.6094379124341005,2.2734841169993873
3.8918202981106265,3.560457346204481
0.0,0.5973733289759364
1.0986122886681098,1.6608360291724367
3.8501476017100575,3.3340058729510647
2.302585092994046,2.6543815558053123
1.3862943611198906,0.2704636373015596
4.07753744390572,4.689490458625739
0.6931471805599453,1.3445903169159314
0.0,0.4648252647456165
0.6931471805599453,0.09786383974915172
0.6931471805599453,1.198363268277766
0.0,0.9199154415434244
0.0,0.5554882025343646
1.3862943611198906,1.796591689484468
2.079441541679836,1.8082372693517992
5.123963979403259,5.724167857751677
1.6094379124341005,2.0051620158268784
0.0,0.7617637798630418
0.0,2.063083464976941
1.0986122886681098,2.0707561514894106
4.934473933130692,4.594789751872313
0.6931471805599453,0.9839867092257643
1.3862943611198906,2.3956429873472826
2.9444389791664403,2.2917144366207847
1.3862943611198906,0.282914340947414
0.0,0.013991239553311073
2.9444389791664403,1.8567392705769654
0.6931471805599453,0.47864900782120606
2.5649493574615367,2.737710327227954
5.638354669333745,5.599797226324341
1.0986122886681098,0.698032490227422
0.0,0.3097737612221897
3.6635616461296463,3.8304277553068355
2.8903717578961645,1.9724920766365792
0.6931471805599453,0.5240213731865596
1.6094379124341005,1.834454552339355
3.80666248977032,3.369951352132347
5.225746673713202,5.278871917665377
0.6931471805599453,1.3725949259655883
3.258096538021482,2.899425070998233
0.0,0.44354649382886624
0.0,0.08653284622812069
1.6094379124341005,1.778232269309755
7.938802248154481,8.136382175006373
0.6931471805599453,1.6696558253874443
5.214935757608986,4.5866377049260505
0.0,0.49129951794543375
0.0,0.6124406200394137
0.6931471805599453,0.8355180651874512
2.4849066497880004,2.119386723412517
2.3978952727983707,2.4739715671366036
2.70805020110221,2.452114662016666
6.180016653652572,5.763201936674474
1.0986122886681098,0.7899727263652672
0.0,1.847702900472868
0.0,0.6355924279550569
0.0,0.10813373149778106
0.6931471805599453,1.7186448968434003
0.6931471805599453,1.6689441512428957
1.6094379124341005,2.4881253378725403
0.0,1.8366951014717718
1.3862943611198906,0.44983645605134126
0.0,1.1785904006812127
6.385194398997726,6.470398834956413
0.0,0.1368860407412522
0.6931471805599453,0.8831537057615992
1.0986122886681098,2.083433766430174
1.6094379124341005,1.8686956902557263
5.3981627015177525,5.150756479393848
3.9318256327243257,3.5479321117387514
4.983606621708336,5.260624519386997
0.0,0.3906200635091993
3.218875824868201,2.4955504043282617
0.0,0.03640115787254735
0.0,0.016147986538921324
5.075173815233827,4.898284940993412
6.028278520230698,4.951970116061479
3.610917912644224,3.3559733719576474
0.0,0.09374469078035717
9.060447282401563,8.796570977962222
1.3862943611198906,1.4715440379775795
1.6094379124341005,0.37754762656556423
3.044522437723423,3.2207699376121335
3.688879454113936,3.2055003024537823
0.0,0.06484022741653885
4.653960350157523,4.724043393250438
6.584791392385716,6.063836971655546
0.0,1.044339334183205
1.6094379124341005,1.7033623257338024
1.0986122886681098,0.7443466442772952
6.274762021241939,6.293296523259513
0.0,0.02664570477807524
3.091042453358316,3.410902157498662
5.365976015021851,4.354023261280748
2.3978952727983707,2.236293945609266
2.079441541679836,1.4452111875823357
3.8918202981106265,3.398370737076072
1.6094379124341005,0.4562197246877722
0.0,0.24976103082626147
2.70805020110221,2.5536432647883593
4.584967478670572,4.201603662736369
6.508769136971682,6.4428255100711285
0.0,0.3733285625181606
0.6931471805599453,2.2187486801845315
2.4849066497880004,1.993855250702327
1.0986122886681098,0.4420210224305123
5.303304908059076,5.530770272760054
0.0,0.7135510481032855
5.241747015059643,3.988642664718674
2.19722457733622,2.059070626840923
6.030685260261263,5.708876930535008
1.791759469228055,2.7882128062737395
4.663439094112067,3.2149475192088066
1.791759469228055,2.644507200989365
4.543294782270004,3.826639158579188
0.0,0.5526243525930644
0.6931471805599453,0.5542237393686253
0.6931471805599453,1.494882639488254
0.6931471805599453,0.6166552845590049
3.044522437723423,2.2510730648433785
5.0369526024136295,4.5058474500354215
0.6931471805599453,2.517366373758955
4.454347296253507,4.692664983137176
1.6094379124341005,2.5855924710207545
1.6094379124341005,2.3725449650542196
1.3862943611198906,1.515817361464969
4.74493212836325,4.738109650871807
4.276666119016055,3.836660568857635
3.332204510175204,2.991694564282923
4.584967478670572,3.9755764582607647
1.0986122886681098,1.6574444302475846
0.0,0.6187141529614507
0.0,0.5431755094976845
3.044522437723423,1.5852739056320955
2.079441541679836,1.8248318049007086
4.890349128221754,4.957759928561016
2.079441541679836,1.1946093931701487
8.289539484624141,9.01485677579961
0.6931471805599453,0.3946059693075653
0.0,0.07129126954040886
0.6931471805599453,0.6694526483726323
0.0,0.1385730692172968
0.0,2.630233404482111
0.0,0.06430379228643852
0.0,0.14914185380836528
0.6931471805599453,1.0566520102108325
0.6931471805599453,1.3152964985551856
0.0,0.0
0.6931471805599453,0.5902065103181783
5.58724865840025,5.1433592697055355
3.610917912644224,3.75616522571925
3.828641396489095,4.2722577221234515
2.4849066497880004,2.012502279336424
6.184148890937483,5.451488250725319
6.519147287940395,5.23728025745342
6.0112671744041615,5.2597499717309395
1.3862943611198906,0.4651501445981335
4.532599493153256,5.626636413996623
3.9889840465642745,3.075385262993286
1.3862943611198906,1.9969778842577142
1.791759469228055,1.8051799260829204
1.9459101490553128,1.7550488098169306
0.6931471805599453,0.9273547782856315
2.4849066497880004,3.202641506917729
2.19722457733622,1.082476493634918
0.0,0.2885086362878222
4.867534450455582,4.418804832167127
0.6931471805599453,0.3369851256952614
0.0,0.38018133010258043
0.0,0.0
0.0,0.6711297034125568
0.0,1.502966380325248
2.8903717578961645,3.2310060723512417
7.301822342137932,7.151317555295992
1.0986122886681098,0.6107771658005606
0.0,0.05022812552230391
0.0,1.2605499622239764
1.9459101490553128,1.677454816624943
5.2832037287379885,5.460805861927914
0.0,0.060224928894828444
0.0,0.21595772927957047
0.0,0.06106650235426492
4.584967478670572,4.10857292952488
2.4849066497880004,2.9364205808443917
0.0,2.240215757486836
0.0,0.20665749054551194
2.8903717578961645,3.2082418172510443
3.8501476017100575,3.9827416458524683
0.0,0.3704992084799503
3.9318256327243257,1.9468666495327052
0.6931471805599453,0.44711506914277266
1.791759469228055,1.4439731003683338
0.6931471805599453,1.7045641939271476
7.10085190894405,6.973609301624256
0.6931471805599453,0.3979001048982893
0.0,0.4099813671364871
7.553810852008231,7.547446272454814
0.0,0.03184691465297227
2.19722457733622,2.012430439506725
1.6094379124341005,1.5535712848204024
4.997212273764115,4.671715337481352
0.6931471805599453,1.9101924187613217
5.552959584921617,3.5483397669667185
1.6094379124341005,1.5273450982032903
4.836281906951478,4.015248940228085
2.5649493574615367,2.72011472026727
2.70805020110221,2.7558463811693232
4.343805421853684,4.316642200151512
1.791759469228055,2.3996471996784896
0.0,0.0
3.367295829986474,1.9883654222717841
1.791759469228055,0.5929675305977269
9.169976605786628,8.602148990355294
1.791759469228055,1.5138459521222611
7.525639975041535,8.42958923831988
8.043984431221553,7.971295921022501
1.3862943611198906,2.3217309753948636
1.0986122886681098,1.234081936989209
0.0,1.5237973193312913
3.737669618283368,3.199232843667845
2.3978952727983707,0.7953086544188636
3.8918202981106265,4.708310694992997
5.513428746164983,2.9582078103797373
0.0,0.3838146134666111
1.3862943611198906,1.0569516542567343
5.976350909297934,5.303049566929249
4.465908118654584,3.83922460422996
3.367295829986474,4.394715144375925
1.9459101490553128,2.851965166266949
2.079441541679836,1.663331601757389
3.7612001156935615,5.592043627180178
0.0,0.08432869927615602
2.079441541679836,2.3466887377775256
1.6094379124341005,2.4474616277724612
4.356708826689592,3.380644270299288
1.6094379124341005,2.3236798505217915
0.0,0.8886384341520548
4.356708826689592,3.4445927224411843
0.0,0.3836704753241979
8.173575486634153,5.764695950313553
0.6931471805599453,1.4624446084322527
1.6094379124341005,1.8499745781197774
3.295836866004329,3.137868041428433
1.0986122886681098,1.4859143630461855
2.995732273553991,2.7942442355809636
3.044522437723423,2.5254133226273927
1.3862943611198906,0.878021315573912
0.6931471805599453,0.6949966967490806
0.6931471805599453,0.766707536154289
0.0,0.9043304549876867
5.030437921392435,3.5596355275533633
4.204692619390966,4.693975826402866
0.0,0.7193832231437051
0.0,0.44185140641128307
0.0,0.1740157072875961
3.1354942159291497,3.83310317034822
3.218875824868201,2.9598346335934673
2.3978952727983707,3.067075113445529
1.6094379124341005,0.4696859909231199
0.6931471805599453,0.5580732904316044
0.0,0.0
1.3862943611198906,1.7754590636685021
0.0,0.08409753480000601
2.995732273553991,3.4689432429901372
0.6931471805599453,1.7327027892023672
0.0,0.2728774283162739
1.3862943611198906,2.237948846028845
0.0,0.8843052838465059
1.0986122886681098,2.0832179930174246
0.0,0.39238429873170894
0.6931471805599453,0.8652885414927097
2.6390573296152584,2.8997911344794174
0.0,0.8314669983689829
1.6094379124341005,0.3051729131176927
5.303304908059076,5.281428855295773
3.1780538303479458,3.682360703734902
4.143134726391533,4.609485850317113
3.4657359027997265,3.4861666359311885
0.0,0.21113594899307528
2.079441541679836,1.8936837879398416
4.990432586778736,4.137913654694824
0.0,0.48070795953391876
0.0,0.6124460651667045
0.0,0.020465998569507357
1.3862943611198906,1.485410049685171
2.079441541679836,1.058627413065219
2.302585092994046,2.805286393049408
0.0,0.43100089777647854
1.6094379124341005,1.5088896872909079
0.0,0.4338588120677187
6.902742737158593,4.462711666614798
4.691347882229144,3.9517862121197056
2.70805020110221,5.28523896557393
4.248495242049359,4.895411047070733
1.3862943611198906,0.7703075311337925
5.786897381366708,5.7741985283803885
0.0,0.1357310998238721
0.0,0.034023438574970935
3.828641396489095,3.928422939897426
4.852030263919617,4.808525682837487
1.3862943611198906,2.837919212428851
1.791759469228055,1.1001395187138023
2.3978952727983707,0.11312022665023136
8.15162164696975,8.083787930037657
0.6931471805599453,1.5128541408549594
1.3862943611198906,2.0846982759956476
1.3862943611198906,0.8022865711041614
2.772588722239781,2.2719380064922543
0.0,0.0
2.19722457733622,2.5500407437729384
9.169976605786628,8.231946951996296
8.458716261657262,4.577849974629668
1.3862943611198906,0.9062599216388372
0.0,0.30094463297453034
3.80666248977032,2.9785759185443648
5.961005339623274,5.56259233608136
0.0,0.04959255075158224
4.8283137373023015,5.494514446642874
2.833213344056216,2.5729250199900804
2.8903717578961645,2.529981805501754
6.877296071497429,7.039497622080519
0.0,1.5327314764861646
0.6931471805599453,1.5505652308912186
0.6931471805599453,1.4537410919499512
0.0,0.8482331924332622
7.886832998955056,8.134959238817842
0.0,1.1082038329860746
3.218875824868201,3.42812731722371
5.049856007249537,5.020213721050841
1.3862943611198906,1.2851242751942877
5.3981627015177525,5.715712975485028
4.07753744390572,4.46645469709824
2.5649493574615367,1.8730468374384377
0.0,0.1439133655008625
4.248495242049359,4.124502895497759
3.295836866004329,4.051797017312712
0.6931471805599453,0.20064339208770585
0.0,0.2858421610422633
5.384495062789089,5.7099368280772635
6.961296045910167,6.751484474264504
2.5649493574615367,1.9671547740127242
2.995732273553991,3.0725695850599886
1.791759469228055,2.494698206308232
0.0,0.3258253379058804
0.0,0.0
9.09952053687094,6.212466218832581
4.912654885736052,4.580063822876478
0.0,1.041395376964197
0.0,0.49740706307765603
0.0,0.25024212177428456
1.6094379124341005,1.8733832911446517
6.115892125483034,6.344624485808715
3.367295829986474,4.069896425042703
2.302585092994046,2.476244852418769
2.772588722239781,2.9526980753973495
4.204692619390966,4.654524957543274
4.248495242049359,3.637916326384171
2.6390573296152584,2.3294746762181715
2.70805020110221,2.2263108499625925
1.9459101490553128,2.167621818749811
1.0986122886681098,1.9918080652916066
1.3862943611198906,1.0466559364715702
3.367295829986474,3.6467722413178825
0.0,0.0
0.6931471805599453,1.7719360664480326
1.791759469228055,1.838294864957546
0.0,0.5442734734907053
0.0,0.22148124441181352
2.302585092994046,2.4252866598344265
4.532599493153256,3.663400407382242
3.091042453358316,2.2002307061035156
6.159095388491933,5.087575642130619
2.079441541679836,1.6406978561763785
3.80666248977032,3.445721359641011
1.791759469228055,1.5897258960489604
4.5217885770490405,2.7676511905940835
6.907755278982137,7.2631989661498375
0.0,0.8865786980123489
2.5649493574615367,3.043475227722685
0.0,0.15081694399538675
2.5649493574615367,2.57569989591458
2.8903717578961645,2.663223157854112
0.6931471805599453,1.1171005238882004
1.0986122886681098,1.9052971883410712
1.0986122886681098,1.630379014854897
1.0986122886681098,0.7794818200244995
1.0986122886681098,0.5860411156847605
2.079441541679836,1.5758791389475397
0.0,0.09262730013312039
0.0,0.37726788805003236
4.68213122712422,5.247666828448546
0.0,0.021072807880549636
4.934473933130692,5.182458237803415
0.0,0.32025050565885105
2.4849066497880004,1.108910714724352
3.4011973816621555,2.9129144547122414
0.0,0.669277843783384
1.9459101490553128,2.545600498731235
2.6390573296152584,2.9801850194402335
2.5649493574615367,1.8150324807318816
1.0986122886681098,0.43996020534096786
0.0,0.5162611628672704
0.6931471805599453,0.592281766759823
2.4849066497880004,2.7580831192112014
0.0,0.07418350525413057
3.912023005428146,4.206537329244655
0.0,2.00410029754493
0.0,0.2991553640014601
0.6931471805599453,0.6340944150030818
2.3978952727983707,2.019670599911824
4.110873864173311,3.00841833394555
3.044522437723423,2.790487461737701
2.772588722239781,2.8802789815586833
0.0,0.521604330868635
0.0,0.9658147388141883
1.791759469228055,2.7786723118449643
0.0,0.40374966508642224
7.113956109566034,6.997175445137609
0.6931471805599453,0.5883548429144388
0.6931471805599453,0.4486842243091502
0.0,0.5073811782056826
1.3862943611198906,1.4603596879548628
7.537430036586509,7.719946418650255
1.0986122886681098,1.848014293012989
0.6931471805599453,1.3200603831342348
5.075173815233827,5.002116505137171
1.0986122886681098,1.8977016336426407
3.4011973816621555,2.752235193764174
2.8903717578961645,1.8751344290246919
1.791759469228055,1.241732525971881
0.6931471805599453,0.23719900063063723
0.0,0.021257740384833756
5.968707559985366,5.6574370700345895
0.0,0.30701124621948633
5.056245805348308,5.2443667770724645
0.6931471805599453,1.472897649950384
2.079441541679836,1.768031035346162
3.1780538303479458,3.6809847564530367
4.04305126783455,4.46532528483846
0.6931471805599453,0.17022151117293616
2.19722457733622,2.488033185934642
1.6094379124341005,1.0656969568753119
0.0,0.022146263592964142
2.079441541679836,2.4793732945808324
1.791759469228055,2.5766838934776852
2.3978952727983707,2.4294362356503356
4.59511985013459,4.9151392967290795
0.0,0.3675590199226008
5.752572638825633,5.262280223841846
5.541263545158426,5.5000018822831755
5.407171771460119,5.368906964704089
0.0,0.03398909957906195
2.079441541679836,1.7402912488864573
5.768320995793772,6.181470565640759
1.0986122886681098,1.2532834092820706
0.0,0.7810376800593576
1.791759469228055,2.155819627282611
6.684611727667927,6.337735371556248
8.57828829077605,8.684971665640678
0.0,1.526752812115592
0.0,0.07350791711528516
0.6931471805599453,1.4325682429000934
3.1780538303479458,3.3579436976662262
5.19295685089021,5.646525257962051
0.0,0.5380367733003942
6.192362489474872,6.57673244877585
0.6931471805599453,1.6810459941233513
4.59511985013459,4.70361376831667
3.9318256327243257,3.491615573090702
2.6390573296152584,3.312117180441569
5.14166355650266,5.414003395975205
6.928537818164665,6.066550249397171
6.198478716492308,4.690187585829092
4.30406509320417,4.841615012069126
0.0,0.9605065413496456
2.302585092994046,2.3237033142758228
4.394449154672439,3.322797086330405
3.6375861597263857,3.3152787130394117
0.6931471805599453,4.901459336890583
0.0,0.11641318433112852
2.70805020110221,2.778098066618279
4.343805421853684,4.741104609049532
3.1354942159291497,2.9061495438704292
0.0,0.26915186874738634
1.0986122886681098,0.5869118134896079
1.3862943611198906,2.546895564705747
1.0986122886681098,0.17824488619008771
4.700480365792417,5.033991116426976
1.0986122886681098,0.9862752455749905
0.0,0.22474747049277644
4.624972813284271,4.6744892529099005
2.4849066497880004,2.68965242205434
1.3862943611198906,0.8895314885804387
3.367295829986474,2.713393155427646
1.791759469228055,2.1121355003238493
0.6931471805599453,0.0
2.079441541679836,2.8770376861879288
4.605170185988092,2.9160112636583655
0.6931471805599453,0.07530746985423215
1.6094379124341005,1.176351366652855
0.0,0.1290105747163199
0.0,0.2543420324297558
6.883462586413092,8.421350496804191
2.5649493574615367,2.3109760919422278
0.0,0.9231698811325855
1.0986122886681098,1.9708312546803044
1.0986122886681098,1.4932593708807713
4.564348191467836,5.466860137434235
6.455198563340122,6.8609895309804925
8.061486866871327,7.523666988960429
0.0,0.5154657594384517
0.0,0.2375007611826654
1.0986122886681098,1.7301549992075005
5.087596335232384,3.3122066445147396
0.0,0.22096445974347964
0.6931471805599453,0.6677313889627821
3.9889840465642745,4.212446986601894
1.0986122886681098,0.6847332617094947
0.0,0.19806727490896522
6.9865664594064265,7.5314653707849315
4.290459441148391,5.707340691537714
4.23410650459726,3.8234974193124804
0.0,0.07802139550608277
3.4011973816621555,2.4057779026911614
4.07753744390572,4.50519030652712
3.091042453358316,3.4220007133068346
2.70805020110221,2.855758550460752
0.0,0.1268297059343854
6.699500340161678,6.823584906986798
1.791759469228055,2.4951159476925935
2.302585092994046,2.231715118991919
5.82600010738045,6.207100978038742
1.3862943611198906,1.444391608034558
1.9459101490553128,2.6003771965465776
3.80666248977032,3.7682015850610453
4.543294782270004,4.86165807810077
6.56244409369372,6.497745654454527
9.169976605786628,5.518538582983448
2.302585092994046,2.396420754038756
1.6094379124341005,1.5377339277156512
6.736966958001855,6.367589924212314
0.0,0.05119879084136039
6.9865664594064265,7.628817532580636
2.8903717578961645,3.147739277430248
2.6390573296152584,3.3998971071597532
1.0986122886681098,0.4326152962043782
2.079441541679836,1.7894051239724036
4.174387269895637,6.336691876951919
3.871201010907891,3.1269833730323473
2.4849066497880004,2.262275040772164
0.0,0.28585252569524927
0.0,1.7542476472198807
3.871201010907891,3.014692493136127
2.70805020110221,2.1822136248343145
0.0,0.0
0.0,0.06029096590437894
0.0,0.16279481390618125
0.0,0.3535438425656702
2.079441541679836,2.5199330533172732
0.0,0.4382805708494225
0.6931471805599453,0.9414656542738722
0.0,1.2904092229106148
0.0,0.25167873930750007
0.0,0.0
1.0986122886681098,0.3454909098120706
0.0,0.7019813885475773
0.0,0.10586084927667003
4.02535169073515,3.603217027840328
1.3862943611198906,1.0211491830029307
0.0,1.2163289140741242
1.3862943611198906,2.1678922827247162
3.58351893845611,2.994492818912682
0.0,1.2423887347566689
0.6931471805599453,1.8200819450200645
2.19722457733622,0.926312480634746
0.6931471805599453,1.667339335762391
2.4849066497880004,2.667652985203066
2.302585092994046,2.06712616647278
5.075173815233827,4.890708390952431
2.3978952727983707,0.899042042861847
0.0,1.2902017397935746
4.882801922586371,4.870425737619252
0.0,0.19580542461295722
4.795790545596741,3.040337253218745
5.993961427306569,5.898392892373272
5.308267697401205,4.045815809768263
2.5649493574615367,3.284907185356927
4.6443908991413725,4.636254944610176
4.356708826689592,4.583187078007236
0.6931471805599453,0.19525899112113124
0.0,0.23497362395835025
1.6094379124341005,1.6083690818313585
7.167809184316444,7.5711063165265005
0.0,0.183441195089915
2.833213344056216,3.7521557440446354
4.955827057601261,4.758183341153763
0.0,0.09707915967243773
0.0,0.05506980746330525
0.6931471805599453,2.3900817339477114
2.079441541679836,2.0600014691122612
4.02535169073515,3.6927913544124946
1.6094379124341005,1.746805870341841
0.0,0.09052199560036708
3.258096538021482,3.4378280651372815
0.0,2.914085768520515
5.755742213586912,4.815910020582495
3.332204510175204,2.2349041234787737
0.6931471805599453,2.6179818539330233
2.4849066497880004,2.657276741460679
3.688879454113936,2.7695973476141815
1.6094379124341005,1.7430756754754304
1.9459101490553128,2.888788305642057
1.3862943611198906,1.5198448866106422
1.791759469228055,1.2974343939691448
9.169976605786628,9.043912363871543
2.3978952727983707,2.133105186393787
1.0986122886681098,4.65690317059758
2.772588722239781,2.921559469342549
4.219507705176107,3.82126321753073
0.0,0.16712983908366222
1.3862943611198906,2.9530512382658833
0.6931471805599453,0.47098025485520284
0.0,0.866538795358644
1.0986122886681098,1.3073287761949388
2.302585092994046,2.079912508236939
1.791759469228055,1.9839037803342208
1.0986122886681098,1.5638614168589455
1.0986122886681098,2.4384551787260045
6.077642243349034,5.897816731258414
2.3978952727983707,1.9781209584634618
0.0,0.0
0.6931471805599453,0.0377032215575025
0.6931471805599453,1.4386308800796321
4.060443010546419,2.91493727796535
4.543294782270004,4.351864307715214
1.3862943611198906,1.5120822726678387
8.68406264365127,8.563049301665306
1.0986122886681098,0.9127897489539735
0.0,0.23595297868520973
0.6931471805599453,0.7327666481657068
1.0986122886681098,1.0833070318115108
7.975908360165538,7.779737301229786
0.0,0.08053401904787004
4.691347882229144,4.612887054710257
9.169976605786628,9.402903574447746
5.855071922202427,6.217350362963051
2.079441541679836,3.148197941222719
6.98933526597456,6.647215972540068
0.6931471805599453,0.3962063406385968
2.19722457733622,1.639606615064295
2.772588722239781,2.44499682036527
1.0986122886681098,1.7590014026324754
2.6390573296152584,1.1897527838660078
5.117993812416755,5.053042685050819
1.0986122886681098,1.0088429158070404
4.174387269895637,5.118058238414339
5.062595033026967,4.734959577812649
4.356708826689592,3.8829292736820924
0.0,0.2281037777875941
0.0,0.6189011043436956
0.0,0.13413979779251564
0.0,1.5826699987374506
3.218875824868201,1.6679093742629263
0.0,0.031601562484912964
2.9444389791664403,5.575275871501574
0.6931471805599453,0.24283240070719722
0.0,0.12390315418099347
0.0,0.12120179078934767
1.3862943611198906,1.508442066995146
0.0,0.265143619667846
0.0,0.9877735729731496
0.0,0.6628020456406442
6.495265555937008,6.650179933882374
1.3862943611198906,1.7891402748350418
0.0,0.779879779180606
0.6931471805599453,0.8515996251709816
3.610917912644224,2.8975943285025005
0.0,0.27538640808567594
6.699500340161678,6.378265222654319
0.0,1.1828171009113462
6.511745329644728,7.743134069714511
3.49650756146648,3.2700681939032052
5.351858133476067,4.420617349325965
0.0,0.02063180461556893
1.791759469228055,2.423299534468092
1.3862943611198906,2.7875446429045607
2.079441541679836,3.978130695844859
1.6094379124341005,1.7260797479807408
6.907755278982137,6.765973075206591
0.0,0.024845036750728577
2.3978952727983707,2.0208810659204266
0.6931471805599453,2.2434337722311346
3.8918202981106265,3.9707920646826094
3.1354942159291497,4.1246615267895335
0.0,1.4192019277372134
1.6094379124341005,1.737255118963652
3.091042453358316,3.1189906386926514
2.19722457733622,3.657799767854124
1.0986122886681098,1.2825049993234208
0.0,0.1627610245220568
0.6931471805599453,1.0294115370284302
6.22455842927536,7.163431950263928
4.454347296253507,4.327811339381425
2.6390573296152584,2.282494568191548
0.0,0.04179431653532952
0.0,0.02698555123930321
1.3862943611198906,0.8414252393919963
0.0,2.105561983617118
0.0,0.03446893572137681
1.0986122886681098,0.38531341844821027
6.269096283706261,6.092900948344651
5.3706380281276624,5.591942361864768
2.19722457733622,1.6298260940718359
1.791759469228055,1.2495145369848457
3.912023005428146,2.714047652144888
3.4657359027997265,3.431326749622693
8.231642179973411,8.296408322874656
0.0,0.6756112939204607
0.6931471805599453,0.06305453229642892
1.3862943611198906,1.6649157757663857
2.19722457733622,2.154925999110652
2.4849066497880004,2.3195758433962923
6.795705775173514,5.7909722448853715
0.0,0.06231745238214198
0.6931471805599453,0.5171766291230673
5.942799375126701,5.771147042108167
0.0,0.6981375790618779
3.871201010907891,4.355272090557565
4.23410650459726,3.463757061228741
0.6931471805599453,0.9491996755713826
2.3978952727983707,1.765127056356613
1.0986122886681098,2.1719318436942907
2.302585092994046,3.5063497414790743
0.0,0.04784848252309239
4.219507705176107,3.788343843538661
1.6094379124341005,2.0404346694817366
0.0,0.0741786063011896
1.0986122886681098,0.8735376788056564
2.772588722239781,3.0793100180625745
9.169976605786628,9.118068199521751
4.382026634673881,4.701390762246543
3.044522437723423,3.653614771886936
0.0,0.36608946699053074
2.302585092994046,1.5353541919051943
6.55250788703459,6.394401915316308
0.0,0.056999960572800594
4.653960350157523,3.1166534041361196
2.70805020110221,2.042912422801801
0.6931471805599453,0.6714906492427135
3.58351893845611,3.08857816095642
1.0986122886681098,1.3190833373869053
0.0,0.04457406749903866
5.556828061699537,6.129164461355068
0.0,1.995633843004858
0.0,1.8479778832063714
2.3978952727983707,2.1749953692341655
8.128290171607052,8.091476447019316
3.332204510175204,2.3965621097847927
0.0,0.0
2.079441541679836,2.323488473496777
3.5263605246161616,3.0582919521371283
3.912023005428146,2.8831901498451433
2.4849066497880004,2.9829885159367757
4.875197323201151,5.013263672818109
1.9459101490553128,2.705709773231753
2.302585092994046,3.2584860871011485
0.6931471805599453,1.558552993767239
1.6094379124341005,2.2497418383635073
0.0,0.3985777428385353
0.6931471805599453,0.10203557554681045
0.6931471805599453,0.4119280086825447
3.58351893845611,2.974084764695502
4.574710978503383,4.735543821050918
3.6375861597263857,4.220747306797103
4.672828834461906,3.832893587283174
3.6375861597263857,6.201143876172774
7.231287004327616,7.200287074053026
0.0,0.17648016175680187
0.6931471805599453,0.4247657569105284
0.6931471805599453,0.9384052215104486
0.0,0.04085654348397972
0.0,0.2846012645606521
5.971261839790462,6.048640836196662
0.0,0.04299753614098019
4.204692619390966,4.947576327991192
3.044522437723423,2.5561069241595478
0.6931471805599453,0.024746490494711393
0.0,0.177561309314746
8.018954683155718,8.657221827165774
0.0,0.7872763655862208
4.110873864173311,4.286599771921524
1.791759469228055,2.476046851051946
4.060443010546419,4.112052804581476
3.9318256327243257,3.7902547140347003
0.0,0.009106035086357827
0.0,0.07320656019151905
0.6931471805599453,1.4399115337313784
0.0,0.22330871211698777
1.6094379124341005,2.074854418395666
2.302585092994046,2.227875814731021
0.0,0.2630404721643125
4.969813299576001,4.917104060118438
3.367295829986474,3.156017736767165
0.0,0.3618968035205384
4.276666119016055,4.601079520082024
7.066466970136958,7.341187979425804
0.0,0.33179931261142576
3.9889840465642745,3.73208586481812
4.07753744390572,6.360681735360123
4.51085950651685,4.169875587956328
1.0986122886681098,0.8199599596768639
7.247080584585756,7.000288947154006
6.467698726104354,6.403625431201246
6.0473721790462776,5.594965481641386
5.799092654460526,5.2880926183156385
0.0,0.09681461148862193
0.6931471805599453,0.20675570842960994
0.0,0.05470770750863966
2.19722457733622,2.2924203986909513
0.6931471805599453,0.5343667698829504
4.770684624465665,4.729641623235552
8.060855752934316,8.17765356806993
7.255591274253665,8.086395377987632
1.0986122886681098,0.3290862817204408
0.0,0.0242278238681159
0.6931471805599453,0.29565100334701955
2.5649493574615367,1.2867710270958037
4.736198448394496,5.047416703793383
2.3978952727983707,2.1362659366875927
2.302585092994046,2.195259362443075
2.079441541679836,1.8596073918141198
6.586171654854675,6.564156338878747
4.330733340286331,4.730808235723171
0.0,0.11963219660815963
1.3862943611198906,2.08046033924018
2.6390573296152584,1.5237577699007698
0.0,0.45106615340306117
0.0,0.23289314553585186
0.0,0.5905625997940115
6.889591308354466,6.523605498085624
0.0,0.70174733057542
6.738152494595957,6.102155557595551
1.0986122886681098,0.767308998228568
4.477336814478207,4.764645605495182
0.6931471805599453,0.21188738101341675
0.6931471805599453,2.124257367430094
3.091042453358316,3.3763360297813865
0.0,0.024612302905415568
1.791759469228055,2.248492723368691
2.772588722239781,2.086610482557256
0.0,0.3844678759578162
0.6931471805599453,1.6202379453107416
5.68697535633982,5.002546564234218
2.302585092994046,2.601468792278521
2.302585092994046,0.9749014171103083
0.0,0.08394137239594711
0.0,0.7498073618024909
0.0,0.006786738985417373
3.332204510175204,2.8733668686011407
1.0986122886681098,1.6381436935291318
0.0,0.07659622732440627
3.7612001156935615,3.11045388554516
0.0,0.33202380505111484
0.0,0.6673580727260365
2.3978952727983707,1.8050999046262042
2.772588722239781,2.5464328315157876
0.0,0.07484627905235536
3.737669618283368,3.4302086368721016
2.4849066497880004,2.6754618420578034
0.0,0.43678025307176294
3.4657359027997265,3.8906502924324835
4.219507705176107,3.804150434827918
0.6931471805599453,1.701357092204672
3.80666248977032,2.8327233801815916
1.3862943611198906,1.5397180514452913
2.9444389791664403,3.109604117079818
3.784189633918261,3.711845677038902
0.0,0.15403514131500945
3.4011973816621555,2.566034698618153
0.6931471805599453,0.997772489846593
7.651595573857601,7.8424365136887015
7.262628600974241,6.515930662674667
5.209486152841421,3.5396072580982247
0.6931471805599453,1.2520345304879577
1.9459101490553128,2.2704471515289963
1.0986122886681098,1.4861572873808426
5.717027701406222,5.943007977559847
2.8903717578961645,2.4566060886304557
0.0,0.2592468458022503
2.079441541679836,1.4405795784739592
3.044522437723423,3.8105810817311583
0.6931471805599453,1.1212506810501746
0.0,0.0891044790602737
0.6931471805599453,0.1821896792486538
1.791759469228055,1.7922373372883846
2.302585092994046,2.200808127969312
1.0986122886681098,2.176272906719638
2.8903717578961645,2.347531463973415
8.911934336161426,8.92854594628763
5.41610040220442,4.951481338671718
0.0,0.5041895516852364
0.6931471805599453,0.4588451436943663
3.091042453358316,1.9837526007713142
0.0,0.02474523409853142
0.0,0.15795234555661675
7.027314514039777,6.210948045726522
4.248495242049359,4.8219385164258295
1.791759469228055,1.279749048506028
0.0,0.08991076886735035
2.302585092994046,2.4025737184258853
0.0,0.696807327091058
0.6931471805599453,1.780532994292944
4.02535169073515,3.7016820309445935
2.3978952727983707,2.05281687058296
5.676753802268282,7.532686261620975
8.700847193443972,5.47064224307667
2.6390573296152584,2.561595168322135
4.343805421853684,4.251177039679165
0.0,0.24536243599139915
1.0986122886681098,1.2166773228531444
4.68213122712422,3.900392647563493
1.3862943611198906,2.0965804086884523
4.143134726391533,4.104002898358802
6.163314804034641,6.3289390017649865
6.516193076042964,7.50386475693498
0.0,0.08404492205423779
4.68213122712422,5.209057313944916
0.0,1.2514986369198333
1.6094379124341005,0.24301908902872385
2.772588722239781,2.382447339324119
7.57455848420248,7.420354191087901
0.0,0.1369438173612535
1.0986122886681098,2.3587093516219455
0.6931471805599453,0.899378954030472
3.688879454113936,2.0018820769346704
0.0,0.0
0.0,1.3889981382259664
4.0943445622221,3.7770368493404605
2.6390573296152584,1.8486720183284697
0.6931471805599453,0.7271637555909913
4.02535169073515,4.142653158719811
2.6390573296152584,2.2945096789336685
7.938088726896952,8.796925066887678
7.480992162869525,8.21327401824192
4.74493212836325,4.539978049597893
4.844187086458591,4.7470483812806465
1.0986122886681098,1.43307487507514
1.791759469228055,1.7169976401566027
0.0,0.027006340849916797
0.0,2.3391888076034726
2.079441541679836,1.5769945866615724
0.6931471805599453,0.7077225605750226
5.43372200355424,5.619177657294239
0.6931471805599453,0.7609916991675408
0.0,0.006954612253518297
0.0,0.4931172026055789
0.0,0.34406731676949176
1.3862943611198906,1.5506319698031374
1.0986122886681098,0.20256919005581525
0.6931471805599453,0.5295765407122041
2.4849066497880004,3.137970789661413
3.610917912644224,3.0011895981894945
3.49650756146648,2.740548182952054
0.6931471805599453,0.6629536454038725
0.0,0.1463706872014166
1.6094379124341005,2.281357357757836
4.219507705176107,4.943150483850442
5.834810737062605,5.077274364035914
0.6931471805599453,0.24217623532699087
0.0,1.601297196716229
5.777652323222656,6.209977220125995
3.332204510175204,3.4787798053739873
0.0,0.29091847379200114
6.878326468291325,6.565365894775586
4.844187086458591,4.432169230251459
1.3862943611198906,1.9507478993820264
1.3862943611198906,1.7366858890942112
0.0,0.0
4.04305126783455,4.18950645406438
2.079441541679836,5.433532998266251
2.4849066497880004,0.5588116735926231
0.6931471805599453,0.2317284776682485
1.3862943611198906,0.8245426242000234
2.8903717578961645,2.2941936739776945
4.23410650459726,4.496831357739001
0.0,0.09164757030161896
0.0,0.7304407244727483
1.3862943611198906,1.6964136394896767
9.169976605786628,8.490970627308407
1.9459101490553128,1.2072591601257372
2.9444389791664403,1.236119251435003
1.3862943611198906,0.6240591540007951
4.574710978503383,4.891193754492762
3.5263605246161616,3.6027229754519325
0.0,0.07651200312078273
5.560681631015528,5.521908046263394
0.0,0.07406256473971891
2.772588722239781,3.477262478991825
0.0,0.36131991344005115
0.0,1.1357621356011203
0.0,0.12267004651067477
2.3978952727983707,3.2333882382430934
0.6931471805599453,0.21912854210193522
0.6931471805599453,0.536464889237065
0.6931471805599453,0.30621277006917974
4.736198448394496,4.54862863514608
3.5263605246161616,4.201170453672596
0.0,2.4165904514418726
2.6390573296152584,1.813923800913966
0.0,1.0168776063240583
0.6931471805599453,0.5747138083082142
4.51085950651685,3.519995511206125
3.4657359027997265,3.0170100771299
4.653960350157523,5.827141864216998
4.584967478670572,3.1833716133893266
0.0,0.10781920387187084
1.6094379124341005,3.4070557741075
1.3862943611198906,0.4838787201172356
5.921578419643816,5.031956960811289
4.343805421853684,5.227532586561411
3.1354942159291497,1.8814198834054734
4.574710978503383,4.796128984246852
0.0,1.1267537840175517
0.6931471805599453,0.9896120082202854
2.5649493574615367,2.513693615516063
2.70805020110221,2.941700951412159
8.696510239189893,8.446224601082776
0.6931471805599453,0.14580933725806597
6.018593214496234,5.447523613610876
0.6931471805599453,1.672885236271937
0.0,0.027337717885216054
2.70805020110221,3.177252312534766
4.762173934797756,5.118767528853397
0.0,0.022939665824640004
0.0,0.9977273979916761
3.091042453358316,2.3522573471901684
0.0,0.9109429828139237
2.5649493574615367,2.753688260109657
6.732210706467206,6.254395733831069
0.0,0.30266434136027875
0.6931471805599453,0.4147696241601775
3.80666248977032,2.222524957710886
3.951243718581428,3.9655168757217507
2.5649493574615367,0.655223579011681
9.169976605786628,7.669795053688637
1.6094379124341005,2.2280569232691083
1.3862943611198906,1.1147973558869666
0.0,0.2127736822732096
0.0,0.5235975393904557
1.791759469228055,2.632506904719828
7.569927655242652,6.264375566088316
0.0,0.06186506308845152
0.0,0.3127380120747032
0.0,0.8072814202205129
7.910957382845589,7.821325320946211
2.302585092994046,2.886610454203816
3.044522437723423,3.144167608547721
4.795790545596741,4.620156072813279
0.0,0.5953201527413475
4.74493212836325,3.5683236844046373
6.285998094508865,6.537581366856724
3.737669618283368,3.634279194779735
0.0,0.5442480591329345
0.0,0.33064030186097243
3.091042453358316,3.5308344015759676
0.0,0.46146454554005484
0.0,0.0
0.6931471805599453,0.49861268529329417
7.53689712956617,7.615296499313267
0.0,0.24058576018180608
0.0,0.2726544019194452
0.0,0.3643856924319408
0.0,0.569114844586725
2.6390573296152584,1.5575369233010505
0.0,0.0
6.954638864880987,5.892628630435658
0.0,0.17267503734004555
3.258096538021482,2.6998986209623994
0.0,0.38715727403067374
1.3862943611198906,1.5901491444695737
0.0,1.063322518346932
1.6094379124341005,0.9960897238263331
3.4339872044851463,3.382991872532578
2.302585092994046,2.539367612513266
0.0,1.1232316451951767
2.4849066497880004,1.121030751733586
5.293304824724492,5.156852452566162
1.0986122886681098,0.4008554799176953
4.465908118654584,4.846708738576564
9.169976605786628,8.24063285382331
1.3862943611198906,1.5514463597924346
1.3862943611198906,1.9997506894995127
0.0,0.1819956308702542
2.772588722239781,3.0045940723042044
0.0,1.5425816069281615
1.6094379124341005,0.6070169065142053
1.6094379124341005,1.866456288438493
4.553876891600541,2.8484667922745137
5.472270673671475,5.5537558003041045
0.0,0.044719651853527796
0.0,0.15786100831230726
0.0,0.4324476887585963
0.0,0.3577799117695173
3.58351893845611,2.779866959320641
5.7745515455444085,4.108243457060285
0.6931471805599453,0.19257974673322087
5.342334251964811,5.001985323994269
4.844187086458591,3.4510056181047712
0.0,0.15368682897219377
1.0986122886681098,2.311655009838416
1.791759469228055,1.832727868851884
0.0,0.5544102731563321
0.0,0.0747010988956826
2.9444389791664403,1.8089387984548042
2.70805020110221,2.3196515172590395
0.6931471805599453,1.3421922243777569
0.0,0.08482265339178639
0.0,0.9820570597677062
0.0,0.09422189093721069
0.0,1.2182966478541677
0.0,0.9644796049287097
0.6931471805599453,1.2966734471790398
0.0,0.32177399226692205
3.6635616461296463,3.5760572110425546
0.0,2.2037091944970304
0.0,0.0972240009865131
6.522092798170152,5.512217618564943
3.1780538303479458,3.0297462208727866
3.951243718581428,3.6405493035664764
0.6931471805599453,1.8030317631590713
2.3978952727983707,2.7879892835815623
1.6094379124341005,2.451106984582739
0.0,0.016569765905551672
5.849324779946859,5.003125297910429
3.713572066704308,2.8656025506331364
0.0,0.09388371706632762
2.6390573296152584,1.591653702198328
7.452402451223638,6.869376154952738
0.0,0.020414900577888456
3.258096538021482,3.3184942473680543
1.6094379124341005,1.9352230246929998
5.3612921657094255,4.741378968763882
1.0986122886681098,2.154310584125075
3.332204510175204,2.6213567562947384
3.970291913552122,4.905961346139914
1.3862943611198906,0.3575288133532397
0.0,1.1989057932421507
0.0,0.11286198171585869
0.0,0.11228190752296263
0.0,0.18942680310063553
2.70805020110221,2.701609430469553
2.302585092994046,1.89760907498602
0.0,0.29332130968391806
4.795790545596741,4.592096991069951
0.0,0.17130836793117366
3.218875824868201,3.225682932813212
0.0,0.40065919178298337
0.0,0.2519817472898742
4.5217885770490405,3.512739411038875
0.6931471805599453,0.8483969154783474
1.791759469228055,2.4219085430883163
0.0,0.03561682850778357
2.70805020110221,2.3747924905021893
0.0,0.13597282288212764
2.6390573296152584,0.36701705340615515
2.302585092994046,2.0051950684638387
3.6635616461296463,2.6358221226107568
7.400620577371135,6.441234955182857
3.49650756146648,3.5922474309660912
1.0986122886681098,1.3776994051097886
0.0,1.544135320505935
0.6931471805599453,1.6922712302318972
4.770684624465665,5.893380983485942
6.586171654854675,6.933317650044933
0.0,0.07312437811882827
8.258422462458876,8.224357628137716
5.049856007249537,4.846612588180653
0.6931471805599453,0.5130312445061956
0.6931471805599453,0.44708598738133
1.6094379124341005,1.4430051225861076
4.382026634673881,4.528705606677402
3.912023005428146,2.88519261917831
4.204692619390966,4.303795971576429
6.322565239927284,5.861792514107458
2.833213344056216,3.0941205534608187
0.0,0.09751964310927341
3.871201010907891,4.001362304861651
0.0,2.897452197551656
3.218875824868201,3.0553786169426833
2.772588722239781,3.276715058798682
1.6094379124341005,0.0
2.70805020110221,2.4188248994470616
4.174387269895637,1.9628305811939788
2.70805020110221,2.2997741250136228
3.367295829986474,3.0233042139390847
0.6931471805599453,0.5707184883942401
3.713572066704308,3.70260575783804
0.0,0.4273042700766861
5.220355825078324,5.237981841494769
1.0986122886681098,0.3876534679805533
1.6094379124341005,1.9364937167273604
2.079441541679836,1.9688276792410049
0.0,0.7754461709056221
0.0,0.43507979817616427
8.108021221376747,7.66972316463965
0.0,0.7010892199731403
7.303843225277705,5.684996113344468
0.0,1.523321224413283
0.0,0.07827604424636907
1.0986122886681098,2.1189470508615114
4.219507705176107,3.4846328423595527
0.0,0.19857755462433294
7.126087273299125,7.152409094822572
0.0,0.07654611556910093
9.169976605786628,8.810573093249852
5.501258210544727,4.460546781574893
1.791759469228055,2.280560877931728
1.0986122886681098,1.1053253580506388
6.9167150203536085,6.222752923856805
3.610917912644224,3.90599612165036
3.1780538303479458,2.9985912690143808
1.791759469228055,2.3177997522076623
1.0986122886681098,1.7572941235430135
0.6931471805599453,0.61422491213021
3.912023005428146,4.675671092171276
0.0,0.46290190768799355
5.799092654460526,6.058053709881798
5.968707559985366,7.936218298947458
0.0,0.025709969648111463
3.713572066704308,3.7547726821255183
0.0,0.4708433310455813
3.1354942159291497,1.8773441658577836
0.0,0.08263867804970972
3.4657359027997265,3.1353237645260457
0.0,0.9406696574648726
0.0,1.0253618447876527
5.159055299214529,4.291962312365189
3.332204510175204,1.363487459880865
6.401917196727186,6.470838167445638
4.3694478524670215,3.905940672567257
5.1298987149230735,5.354386302981235
2.9444389791664403,2.5455213545085877
3.713572066704308,3.986622509970309
1.6094379124341005,1.1454079106959478
4.605170185988092,3.844620669460653
4.127134385045092,4.188191565577425
5.955837369464831,6.407518502732219
0.0,0.2334811658760381
2.3978952727983707,2.97057447584451
5.583496308781699,4.050615669211942
0.0,0.32623063366786986
2.9444389791664403,2.3795334582883987
5.891644211825772,4.74153108200195
5.730099782973574,5.8848206826078995
0.0,0.14541547628521748
0.0,0.0
6.968850378341948,6.8199969325608585
0.0,0.4816339310418436
0.0,0.16644223370217748
2.079441541679836,2.7224495618732574
1.9459101490553128,2.4499733153477234
1.6094379124341005,1.1224546466544214
0.0,0.10780756780558169
0.0,0.07615420792151195
2.19722457733622,1.3285470935117452
2.4849066497880004,2.1321659309130623
8.546169299652755,5.325898829625424
3.4657359027997265,3.893127433265915
4.158883083359672,4.168877044758937
0.0,0.6192809854344032
4.499809670330265,4.392415085853093
4.418840607796598,3.349125057559023
0.0,0.5850174928180522
3.5263605246161616,3.807551128991855
7.047517221357296,6.6328837185808025
1.3862943611198906,1.5232217117731146
3.6635616461296463,2.8494988440285782
0.0,0.3764354773670723
2.995732273553991,3.5779553723149795
2.3978952727983707,2.584433659370382
0.0,0.1671366894009029
1.3862943611198906,0.5861754278135622
1.0986122886681098,0.851197888546917
0.6931471805599453,1.4598899850589382
6.068425588244111,5.971358210590898
1.791759469228055,1.8678094043973552
0.0,0.4160918945778273
2.772588722239781,1.7687142738193193
5.905361848054571,4.145213699587084
5.41164605185504,5.066439188016821
5.579729825986222,4.87260792583796
4.406719247264253,3.4075554802937793
7.504942068396171,7.9380921084057645
0.0,0.7249091271120677
1.3862943611198906,2.552735052610837
0.0,0.06673373790639596
5.3981627015177525,4.495251860102367
2.772588722239781,3.1797903060671135
3.784189633918261,2.268996474888757
5.541263545158426,6.538971238518359
7.018401799069201,7.039972256365413
0.0,0.9695838515723505
4.060443010546419,3.5913784442030128
0.0,1.1581063610762143
3.49650756146648,2.6931844010329917
0.0,0.33003017879514135
1.6094379124341005,2.1526483336075715
3.091042453358316,3.5375913140955975
3.218875824868201,2.3035726771052296
0.6931471805599453,0.25211591238523495
0.0,0.3606873338413273
2.302585092994046,3.0293828328172565
5.10594547390058,5.471939242521437
4.31748811353631,5.157580620203551
9.169976605786628,8.760678287284632
0.6931471805599453,0.5605767678627724
0.6931471805599453,0.8418561978066416
0.0,0.39711315124025715
4.532599493153256,4.642522096906603
0.0,0.03431591182151551
0.0,0.0
7.768110378525988,7.705830061750799
0.0,0.8909073579909108
0.0,0.1624762501901489
0.0,0.19857755462433294
2.079441541679836,2.4317144549084073
0.0,0.0055971471804923826
0.0,0.2642649124337053
2.079441541679836,0.7637569012167509
0.0,0.0
0.0,1.829222818548467
0.0,0.5296909977513601
0.6931471805599453,1.344694096607116
1.0986122886681098,0.2401711021098543
0.6931471805599453,0.2209719227121017
9.169976605786628,8.549640623220839
0.0,0.25998800724145193
0.0,3.7507257211288656
0.0,0.004831718088430585
0.0,0.6790987893870276
0.6931471805599453,0.6402654762219652
0.0,0.09276933279369937
0.0,0.10038197595642644
0.6931471805599453,0.811118807586212
2.3978952727983707,2.019803708375217
1.3862943611198906,0.19615642217607138
0.0,0.0
2.079441541679836,2.1335036145990163
4.8283137373023015,4.370447229780733
8.178358165605836,7.401456604919388
3.044522437723423,3.4374371237878485
0.0,0.09024672079470059
4.02535169073515,5.014080874913912
4.343805421853684,3.9204133745476346
0.0,0.3405968694927501
6.309918278226516,6.110247905403153
0.6931471805599453,0.07520621832165103
3.091042453358316,3.5294594003257003
0.0,0.06015339822313631
2.5649493574615367,1.9097912509871278
3.4657359027997265,4.122465706806033
0.0,0.0
0.0,0.12322864491068276
1.0986122886681098,2.6460975946452727
0.6931471805599453,2.2769955939915856
4.718498871295094,4.8348582947462235
2.70805020110221,3.0338723033732133
1.0986122886681098,1.1376569043483948
1.791759469228055,1.900151048019438
3.80666248977032,4.01421919578765
0.6931471805599453,0.9422632315957115
0.0,0.855242271137708
0.6931471805599453,0.9976177458264901
2.5649493574615367,2.9794246669762723
0.6931471805599453,2.2998459510551155
1.9459101490553128,1.7483280957228262
0.0,0.31128430686472197
0.6931471805599453,0.2694147394767279
0.0,0.05411212664047945
0.0,0.16637211144249134
2.70805020110221,3.353398380513089
0.0,0.0742348177788682
6.025865973825314,5.839128268232717
0.0,0.7880174089620908
4.8283137373023015,4.507480929770777
1.0986122886681098,2.861598711790525
4.465908118654584,4.4810716456606015
5.572154032177765,5.629829879678617
3.218875824868201,3.177878416781371
4.248495242049359,3.334855395875658
3.218875824868201,2.9224953676437244
1.0986122886681098,2.6291342399464903
0.0,0.5885096609070295
0.0,0.1512770062737099
0.0,0.04570754928348126
6.57507584059962,4.425001583361684
3.784189633918261,3.5098508169199807
0.0,2.047657775940856
0.0,0.6668082396414761
0.6931471805599453,0.5510760927926973
3.688879454113936,3.5174565002430747
2.302585092994046,2.036570797873342
0.6931471805599453,0.03677022644757133
0.0,0.02064694010582592
0.0,0.33601637095367687
4.07753744390572,4.012453919514134
0.0,0.38388878749080035
2.4849066497880004,2.2055716436831747
4.04305126783455,4.317567426069055
3.332204510175204,3.440335157408631
3.258096538021482,3.4715047245574855
0.0,0.5722618371852392
0.0,0.021468976669744563
0.0,0.34865313628107475
0.0,0.2819859930862804
5.765191102784844,5.639482965751541
6.084499413075172,6.230978682378724
4.795790545596741,4.203357169255239
2.302585092994046,2.0782835608994974
7.305188215393037,7.206058028457184
3.49650756146648,2.6643616743824903
0.0,0.12754557016840865
0.0,0.09524738274273478
0.6931471805599453,0.7821905248114278
2.4849066497880004,3.2058104275903654
0.0,0.12560530493529767
3.713572066704308,3.6408592418374734
5.303304908059076,5.2996844493513935
0.0,0.0
0.0,0.3398684722269382
1.6094379124341005,2.439674548329536
3.555348061489413,3.693607084354254
0.0,0.08478691985507043
6.025865973825314,5.645712464563346
0.0,0.1552240868655776
5.926926025970411,5.2053102681166585
1.791759469228055,2.982659285452963
2.6390573296152584,2.889999546710854
0.6931471805599453,1.430784171811809
4.060443010546419,4.975449823244568
5.3706380281276624,5.577027274384233
3.044522437723423,2.5848441913913764
2.19722457733622,4.077582418185392
1.3862943611198906,1.7025681336242258
0.6931471805599453,1.2186655629368528
4.727387818712341,4.577385865855594
2.3978952727983707,0.8938930306933587
1.0986122886681098,2.0593151148537157
0.0,0.32433049018163423
0.6931471805599453,0.3790708722972964
0.0,0.6875259622726916
1.0986122886681098,1.9909076275721516
8.458504195067558,7.26330502103507
1.3862943611198906,2.414573693440602
5.634789603169249,5.843045885473957
0.0,0.04373223531742188
0.0,0.15217041015955643
1.3862943611198906,1.8651741523440244
2.302585092994046,2.2249727763372364
0.0,0.5598798083782798
2.19722457733622,2.009741435934393
0.0,0.16391419210674207
4.465908118654584,4.1563086342858915
0.0,0.6582117037750592
0.0,0.13208406398139497
2.772588722239781,1.5780388635151468
3.8501476017100575,3.57564402897376
2.302585092994046,3.078451271173856
1.6094379124341005,2.461435276527931
1.3862943611198906,0.8313913519982453
3.044522437723423,2.702583518979938
1.0986122886681098,1.071783399036868
1.0986122886681098,0.13865738339722403
0.0,0.22814026477923358
4.0943445622221,3.478592695597648
3.295836866004329,2.958073901793451
1.0986122886681098,1.43789117896546
1.791759469228055,1.8914185762946718
1.791759469228055,0.9905765613596893
0.0,0.24863079341138303
2.833213344056216,2.587951732629207
4.74493212836325,4.412657457019328
3.6635616461296463,3.093202810752894
0.0,0.8613812505386836
0.0,1.2777274659995512
4.605170185988092,3.2238367209124945
0.0,2.3609643058182423
5.746203190540153,5.823981779386178
0.0,0.020428339171224018
6.946013991099227,8.125141220129647
0.0,0.7117463334507508
0.0,0.0
3.367295829986474,2.5954630761533743
1.9459101490553128,2.2069148856731755
1.3862943611198906,2.742250223945777
6.093569770045136,5.825228675648831
8.621733370690162,7.990143147025198
1.791759469228055,2.1111265822925165
0.0,0.03868788176250383
3.4011973816621555,3.4631873183965025
0.6931471805599453,0.43060586277552987
0.6931471805599453,0.42818214606495625
0.6931471805599453,0.8218895070498343
4.23410650459726,4.621803437076261
0.0,0.20518678488166833
0.0,0.0
1.0986122886681098,0.7903970347657389
4.709530201312334,4.267658040803068
0.0,0.15403270679109898
4.564348191467836,4.040666113709972
1.3862943611198906,1.7884187540835148
0.6931471805599453,0.23320104129680683
0.6931471805599453,0.25180577246737385
3.8918202981106265,4.12321766019647
4.343805421853684,2.896981935795614
1.6094379124341005,1.6025645600169125
0.0,0.04870827812264861
0.0,0.026175000695080695
0.0,0.2122494696577737
0.0,0.0
3.258096538021482,3.806610755680344
0.0,0.047403559125145475
0.0,0.6399310596192364
2.6390573296152584,1.5684967010634683
2.9444389791664403,2.943442790867587
0.0,1.0496592938727305
3.1354942159291497,3.296940402001119
5.497168225293202,5.434072498287429
4.770684624465665,4.012930247627543
0.0,0.0
0.6931471805599453,1.1672606712778493
1.6094379124341005,1.519850646536675
5.849324779946859,5.5761753670454475
0.0,0.7676251655099745
6.421622267806518,6.396432817001803
0.0,0.8358619244881058
0.0,0.2629957183301404
1.0986122886681098,1.5118128013526515
0.0,0.20331334505228896
0.0,0.6012587176236643
2.5649493574615367,3.3117064366501223
1.3862943611198906,2.2081097036688333
0.0,0.10830828197217313
0.0,0.036536080347167564
0.0,1.3601769028516595
0.0,0.5286461800950113
8.025516386489008,7.995265476770863
0.0,0.41242642966559395
0.6931471805599453,0.6848487129727453
0.0,0.6960992761313949
1.6094379124341005,1.5517672588394769
4.48863636973214,5.863089602054893
3.5263605246161616,3.976259286910855
0.0,0.16324276841321517
0.0,0.40298803945509526
5.752572638825633,4.617218135123844
3.737669618283368,3.7452750341545884
0.0,0.0
2.302585092994046,1.8562974888112231
2.772588722239781,2.759176317212147
4.74493212836325,4.6294867376952595
3.610917912644224,3.1966858720500175
0.0,0.3950991016327636
5.5909869805108565,6.304245350271408
0.6931471805599453,1.9370285935047633
1.0986122886681098,0.329326294109991
2.5649493574615367,2.6281200712454487
0.0,0.0
1.0986122886681098,0.6604492306384178
3.8918202981106265,3.5461087187053875
6.895682697747868,7.802632132107839
2.772588722239781,3.490588818332494
1.6094379124341005,1.8040216585325406
0.0,0.7768853240590856
3.258096538021482,3.418885838896519
0.0,0.4542427486004546
1.3862943611198906,0.42522967258569666
1.3862943611198906,0.9224894480211251
0.6931471805599453,0.9061308086376167
0.0,1.361403066627652
4.6443908991413725,4.558753436123847
6.827629234502852,6.846156183924483
2.19722457733622,3.2863427654853767
4.976733742420574,4.678139123958692
2.079441541679836,3.4529572622986664
0.6931471805599453,1.561539959558833
4.574710978503383,5.302669808544209
1.0986122886681098,1.885176302682577
3.295836866004329,3.3034041332652664
0.6931471805599453,0.6038928626322101
4.867534450455582,4.911101369415543
0.0,0.5663543341567011
0.6931471805599453,3.1071465253794255
4.127134385045092,4.418539129745763
0.0,0.25122467623246625
1.9459101490553128,1.0416002457662024
0.0,0.4061140823676055
4.23410650459726,4.167841470797154
0.0,0.6582117037750592
0.0,0.3142797579465605
0.0,0.20737626580812485
3.49650756146648,2.6116095262192487
0.6931471805599453,0.38084322601854936
1.791759469228055,2.315176978621333
0.0,0.004448999348951932
0.0,0.5828610713030349
0.6931471805599453,0.44392705690370216
0.6931471805599453,0.6445286068678914
4.262679877041316,4.339667034309049
0.0,0.20166322933822903
7.267525427828172,7.489237799133637
4.30406509320417,3.9061328188168205
0.0,0.44929108211122226
2.70805020110221,2.5701140127381543
0.0,1.7299328509834357
0.0,0.24799405696866303
4.07753744390572,4.225253425924072
0.0,0.16631992655127248
0.0,0.08862572785127558
0.6931471805599453,0.9104889613648025
0.0,0.08156644418541993
0.0,0.4617784428632089
2.4849066497880004,2.838447715333188
0.0,0.10063976901729366
2.6390573296152584,1.8299155700226226
4.836281906951478,4.936446259585066
3.610917912644224,2.9317074848498175
3.091042453358316,2.082950556979418
9.169976605786628,8.381201379347464
0.6931471805599453,0.9182109027658292
3.951243718581428,4.7197561132975805
2.6390573296152584,3.609274693822046
0.0,0.028276211823937046
0.0,0.9001372275798768
3.555348061489413,2.9967698092008352
0.0,0.4544841103742694
0.0,0.08865236508781224
0.0,0.15403270679109898
0.0,0.11650409293038781
2.9444389791664403,2.53934326141476
7.389563953677635,6.727617718230502
0.6931471805599453,2.1050761972647067
4.882801922586371,5.1790043438755955
6.269096283706261,5.836351112406888
5.062595033026967,4.433271891493115
2.3978952727983707,1.2269117533614753
5.5093883366279774,6.30011040506226
0.0,0.0
7.463936604468925,5.515464826886465
3.218875824868201,3.130591417271342
6.144185634125646,5.96500407493995
6.678342114654332,6.4276766529096285
7.704811922932594,7.503734221840179
1.0986122886681098,1.2701964650720101
3.49650756146648,5.722575218308491
0.0,0.04829106788476798
0.0,0.6142761143800133
0.0,0.665601052411593
0.0,0.23062754896340584
2.70805020110221,3.4164364807334495
2.19722457733622,0.8437562739513309
1.6094379124341005,1.7715997213067625
5.529429087511423,4.547627195982536
5.891644211825772,6.353644361455233
2.772588722239781,1.9267224282695892
0.0,0.2946284866450434
3.4011973816621555,3.6007451911325563
1.9459101490553128,2.8725136756206324
0.0,0.016735562621415356
3.218875824868201,3.1882313917081557
4.8283137373023015,4.671209307765323
0.6931471805599453,0.9810317853854567
0.0,0.34858918895507396
6.118097198041348,6.0571544881698065
2.6390573296152584,2.328090526938152
4.875197323201151,4.516887341358464
2.302585092994046,3.6275408201505
1.791759469228055,2.018947049364019
5.525452939131784,4.305749620556102
0.6931471805599453,0.0
2.19722457733622,1.8106578270453584
0.0,0.4365984725693791
3.9889840465642745,2.548585510561436
2.995732273553991,2.5968630209305026
0.0,0.9929714038824784
2.302585092994046,1.4700281227409673
0.6931471805599453,1.391877869587763
2.70805020110221,2.9272397188994272
1.9459101490553128,2.28183253106072
0.0,0.25228015386749086
0.0,0.45509138652214726
0.0,0.0
0.6931471805599453,0.5238157132730135
0.6931471805599453,0.9344502216745518
2.70805020110221,2.302111030321953
0.0,0.17290614778930377
0.0,0.0
2.772588722239781,3.918999638095622
0.0,2.0562326322042876
0.0,0.1381933477572622
9.169976605786628,6.567336604001717
2.772588722239781,3.1259121242150067
7.076653815443951,7.0170908426423235
0.0,0.05615424158946882
4.574710978503383,4.454062095180179
2.70805020110221,2.27877129726383
2.5649493574615367,2.931295367681079
5.298317366548036,4.594887422804603
3.8918202981106265,3.455186969301462
5.0238805208462765,5.272246001675345
4.574710978503383,3.15390888162906
2.079441541679836,1.5853791221103066
3.49650756146648,3.304116092792786
1.3862943611198906,2.6550603403190935
0.0,0.03423484652079456
0.0,1.6914922228776825
0.0,0.0
6.230481447578482,5.918951110361491
9.169976605786628,6.290349501426087
6.249975242259483,6.303493542225712
0.0,0.016392570727121747
1.3862943611198906,2.0208824646872663
0.0,0.2676277855659097
0.6931471805599453,0.07932313151503327
5.0369526024136295,4.620370926540352
2.19722457733622,0.5399427061428116
2.5649493574615367,2.3336699362204483
0.6931471805599453,0.2025788804755713
1.0986122886681098,2.540847658156254
5.365976015021851,5.725246777950967
0.0,0.16008983482926845
0.6931471805599453,1.5299429205201451
0.6931471805599453,0.42044013174778183
7.2875606403097235,7.612486504530271
0.6931471805599453,0.42580943213711275
2.4849066497880004,2.8898825040769225
1.6094379124341005,0.9153517087260927
2.19722457733622,0.9712490310600372
2.079441541679836,2.153654488180754
4.532599493153256,4.826947203434126
3.091042453358316,2.7427463202408275
6.311734809152915,6.27903602537072
6.013715156042802,5.549778752347068
2.6390573296152584,3.4214001759009833
3.1780538303479458,2.3873168390274175
3.4657359027997265,3.6518722944669713
5.308267697401205,5.017072659609659
3.8918202981106265,4.087578030273282
0.0,0.07383147521751543
1.9459101490553128,1.3112201734887474
0.0,0.25988460095182175
6.2166061010848646,6.452127780851351
2.70805020110221,3.463319560202737
0.0,0.19751344783629976
0.0,0.0
0.0,1.8865409227436707
0.0,0.6600285179793458
3.367295829986474,2.244578510589368
0.0,0.3667449719421693
2.4849066497880004,2.6034894292802635
2.70805020110221,2.864225956988553
3.091042453358316,4.607379826795328
3.951243718581428,4.027419860875121
2.3978952727983707,2.2397157432026455
0.0,0.357457877280226
0.0,0.8419249748295797
2.079441541679836,2.040148679698873
4.983606621708336,4.6695136699091675
3.367295829986474,2.3911299779101145
6.300785794663244,7.352292317210562
0.6931471805599453,0.2837216254814489
3.6375861597263857,2.2922313112501316
3.044522437723423,2.82900407853242
1.3862943611198906,1.4024483965975287
0.0,0.08180635045011155
6.190315405853148,5.788141910009863
2.19722457733622,3.1119929051404105
2.302585092994046,2.332273146366799
2.302585092994046,1.6601105629139292
2.19722457733622,2.5829735180351387
5.043425116919247,5.0940854808868155
0.0,0.3733489237887687
4.962844630259907,4.379351310957694
0.0,0.02313903862715132
0.6931471805599453,0.568148960398298
5.697093486505405,5.573760583181256
6.670766320845874,4.788894202317644
0.0,0.6039276542725982
1.6094379124341005,2.064335655180602
9.169976605786628,6.456936094327049
2.302585092994046,3.228563886484874
2.5649493574615367,1.6828233857129795
3.367295829986474,3.1694854749797994
1.0986122886681098,0.4633358679899098
0.0,0.992739340285829
0.0,0.26124344486298584
0.0,0.06467377877069841
0.0,0.2245491253301277
0.0,0.51318651623694
4.934473933130692,4.9652530784643005
0.6931471805599453,1.1686749812334896
0.6931471805599453,1.3314442926182128
0.0,0.03919623123653375
0.0,0.6047187657652695
5.3706380281276624,4.494648908759718
2.079441541679836,3.197849406677095
4.174387269895637,3.2172494186211074
2.302585092994046,2.0395351046995476
3.713572066704308,3.8804707340256646
3.218875824868201,2.6859611231462153
0.6931471805599453,1.006009045309371
1.3862943611198906,1.6795688878508934
1.0986122886681098,0.3292409444178985
4.948759890378168,5.004004599924534
0.6931471805599453,0.5514591271732254
4.204692619390966,3.647053705173267
7.302496423727326,7.326944564051222
3.1354942159291497,4.335989556670841
5.209486152841421,6.676921405157846
0.0,1.5325019783925535
0.6931471805599453,1.1992763847506387
0.0,0.4024376217032534
0.0,0.11751169886500386
0.0,0.060184531848075755
0.0,0.4960543814108828
1.6094379124341005,2.1042251974692867
1.0986122886681098,0.6036517939412906
0.6931471805599453,1.9395693506755236
2.8903717578961645,2.508258860555575
1.3862943611198906,1.7966729080134416
0.0,1.1417401112032666
4.23410650459726,5.834920710285438
0.0,0.8024562425412407
3.4339872044851463,3.079426121636767
2.079441541679836,1.5638781736137166
0.6931471805599453,2.5545183068296473
2.70805020110221,2.302378059397203
0.0,0.6931471805599453
1.3862943611198906,0.5973143143763434
2.772588722239781,2.791772322927655
0.6931471805599453,0.37450396668654956
3.555348061489413,3.9248195783025337
5.049856007249537,4.307867089417641
2.6390573296152584,2.5593675925160673
0.0,1.0157734115215427
8.53346016388011,4.078320083987026
1.6094379124341005,2.1775608663149857
3.9318256327243257,3.8982347408275375
2.6390573296152584,2.192811699229733
0.0,0.43863885083371607
2.5649493574615367,2.39654421245809
2.70805020110221,2.8603189175634287
1.0986122886681098,1.0743532740919843
2.772588722239781,2.0531867586794745
2.079441541679836,3.0898953030871295
0.0,0.2334811658760381
0.6931471805599453,1.8166639365718278
4.941642422609304,4.907025797794828
0.0,0.0487979970047845
0.6931471805599453,0.7027390517520352
0.6931471805599453,0.9057965756981323
1.0986122886681098,0.24150748413291895
4.477336814478207,4.364777459469705
1.791759469228055,0.7720605842313232
0.0,0.5814943196693945
4.574710978503383,4.8397934664006765
3.367295829986474,4.115708547039017
4.61512051684126,5.22654511607633
3.091042453358316,2.183525059356029
3.6375861597263857,3.76051804430957
4.691347882229144,4.5491308275451585
3.8918202981106265,3.9890591125012853
0.6931471805599453,0.6899871076810179
3.295836866004329,4.028828963104841
2.6390573296152584,3.3255206861224913
2.5649493574615367,2.9541776698200817
2.833213344056216,2.1997759219095334
0.6931471805599453,0.9384430146729108
5.814130531825066,5.31029845220267
6.532334292222349,6.45212413845158
5.332718793265369,4.680412777603239
0.0,0.39490442179852886
0.0,0.027544692195646755
0.6931471805599453,0.8357980821573288
0.0,0.23978535703525886
1.6094379124341005,1.0616476173753309
0.0,0.201845536869112
3.80666248977032,2.8970448567544937
1.0986122886681098,1.4312903365375145
0.0,0.5775285934293642
0.0,1.2262844715575094
2.3978952727983707,2.2890618825681757
0.0,0.39357138827312854
0.0,0.09681461148862193
3.4339872044851463,3.082842089053223
2.6390573296152584,2.891132446006968
0.0,0.20993704812236713
1.3862943611198906,1.3207075482576494
0.0,0.07798273173941676
9.169976605786628,5.399232448370678
1.3862943611198906,1.7094861735405473
4.406719247264253,4.786149215517797
0.0,0.0
2.6390573296152584,2.500696943871501
0.0,0.017585520784114433
0.0,0.06559529411829985
0.6931471805599453,5.720648216004213
0.6931471805599453,0.08493754616761515
3.1780538303479458,2.3880802558070817
6.595780513961311,6.846772213568458
2.5649493574615367,2.612102439104923
2.19722457733622,3.930711789614111
3.4011973816621555,2.554892500950949
2.079441541679836,2.3553148914708752
0.0,0.17357587932804244
3.1354942159291497,1.199464386433737
0.0,3.4948721695273277
5.1647859739235145,6.165388349816412
0.0,0.08524079437712902
1.3862943611198906,0.42696438584999796
0.0,0.09452315473712623
6.1224928095143865,6.954047207971595
4.07753744390572,3.2682216672207307
0.6931471805599453,0.5549598045791074
0.0,0.30620447135519996
0.0,0.9459502119581665
6.884486652042782,5.310414681024216
4.04305126783455,4.766085971689061
0.6931471805599453,0.6281898862707032
3.258096538021482,3.455218479652626
4.0943445622221,4.057613739646878
0.0,0.19685473168608203
2.5649493574615367,2.7597390533388855
4.709530201312334,3.6209267359989514
7.934513463882263,8.22214125466993
0.6931471805599453,1.042282463707606
0.0,0.032155193033115474
4.23410650459726,3.8522564850573824
2.833213344056216,2.7023758116683663
3.912023005428146,4.496478787216104
3.367295829986474,3.572809758879732
1.9459101490553128,1.186889841397999
0.0,0.4576427934422088
7.659171367666058,7.219695120541583
3.4011973816621555,4.051406966866217
0.0,0.6604415785140211
0.6931471805599453,0.5026889504759007
1.3862943611198906,0.41917049204257234
2.079441541679836,2.676993643362211
1.0986122886681098,2.095102341980515
4.663439094112067,4.124218886070164
0.0,0.7136641298364687
3.8501476017100575,3.9455381362495032
3.4657359027997265,3.4554083777293743
0.0,0.8251952696133736
2.5649493574615367,2.9952575703327984
0.0,0.0
4.060443010546419,3.7994857102935593
1.0986122886681098,0.5009719117135442
3.4657359027997265,3.7276406247531884
0.0,0.3402196851976153
0.0,0.25540541946351497
0.0,0.15868569758093137
2.19722457733622,1.6135426784436206
2.70805020110221,2.461310671937158
3.951243718581428,3.311909416146122
5.438079308923196,5.0251259463464955
0.0,0.6184013745867951
3.044522437723423,2.8310870893803806
4.382026634673881,3.7462472186700158
0.6931471805599453,1.9533615770446773
0.0,0.04721135435688367
4.574710978503383,3.903248449148712
0.0,0.24576603124188756
0.0,0.9936619465424119
0.0,0.0
0.0,0.029134669478591876
0.0,0.6036789963506204
5.676753802268282,4.700843805710475
4.0943445622221,3.355742847421613
3.58351893845611,4.167914876481133
3.367295829986474,2.7766984804322203
0.0,0.4071317402140309
0.6931471805599453,0.5159905987678503
0.0,1.7812675884840603
0.0,1.8818295299748113
2.19722457733622,1.9646860165840374
0.0,0.044903256375982664
4.143134726391533,4.650011175084967
0.0,0.7635739162131923
3.4011973816621555,3.508110196243428
0.0,0.16633839666287287
4.23410650459726,4.773237284929485
2.079441541679836,1.5387198990104596
1.9459101490553128,2.5463390497640908
3.367295829986474,3.2132978375499315
0.0,0.005581692594531637
0.0,0.36853050807201776
0.0,0.16161427104163084
0.0,0.6725679114105017
3.258096538021482,2.3516811469603
0.0,0.9967475374775683
0.0,0.1569576542788839
3.1780538303479458,3.3537092149181045
3.5263605246161616,2.1503692873485933
6.79794041297493,6.740052636779368
6.131226489483141,5.308067527181999
9.169976605786628,8.500640840696802
3.49650756146648,3.4382424719865767
4.584967478670572,4.144294054487819
2.079441541679836,2.6189931361869005
0.6931471805599453,1.1619284700746826
0.0,0.05097865806007976
5.298317366548036,5.815119597815443
0.0,0.0
2.19722457733622,2.2200864893998467
0.6931471805599453,1.3504254617200104
3.7612001156935615,3.9047089036405898
0.0,0.31327384290243265
4.02535169073515,3.537788571276909
1.0986122886681098,2.0979920783841135
2.5649493574615367,2.639678763078083
0.0,0.031206625056817695
4.8283137373023015,4.948919359266005
0.0,3.1333298934748304
0.0,0.016667275660740066
3.970291913552122,4.250215497923407
0.0,0.8380329709615922
0.0,0.06131879563020596
0.0,0.07684877145389714
2.9444389791664403,1.6680245931615407
0.0,0.6458369248885547
1.0986122886681098,0.6670621561350687
0.0,0.7447916491748058
2.833213344056216,2.041347443411021
8.44741429680832,10.081887285140944
4.990432586778736,5.020944799451525
0.0,1.3006069689097637
3.1780538303479458,3.528631831957996
3.4339872044851463,3.0697668945048884
0.0,0.656987633607301
0.0,0.0
6.218600119691729,6.230995262697217
2.3978952727983707,2.205719796398224
6.29156913955832,7.331052311060124
3.218875824868201,3.839406204116865
0.0,0.22789880257290163
0.0,0.22896142760329782
0.0,0.33790370344328224
4.543294782270004,4.5710288531204215
0.0,0.703997358844347
1.6094379124341005,0.6094520073665036
1.3862943611198906,0.7020311468478746
8.881558488638976,5.194541914677763
5.262690188904886,5.528164437257062
1.3862943611198906,2.370836822546308
0.0,0.07611102331034134
0.0,0.09396813267249364
0.6931471805599453,0.4149026377138059
0.6931471805599453,2.6318545551267785
0.0,0.027191581335883536
7.906915488678587,7.572540283586937
1.0986122886681098,0.8250702669950735
2.079441541679836,2.0051383601223844
1.6094379124341005,2.1345558814719023
2.3978952727983707,2.3763740462126326
0.6931471805599453,0.4525135854825598
4.110873864173311,3.6696571360013395
0.0,0.5463291807199139
0.6931471805599453,1.6064291206016852
5.332718793265369,4.366442828150396
0.0,0.08770247207556772
5.236441962829949,5.164241304831401
3.258096538021482,1.8324162909078314
0.0,0.3722882582985728
3.1354942159291497,2.059171296008365
6.498282149476434,6.080831779886068
3.912023005428146,4.970294127846096
0.0,0.12998574479199299
6.244166900663736,4.796369078370954
5.560681631015528,5.104733445558665
6.416732282512326,5.926886630989459
2.772588722239781,2.446923369989765
0.0,0.8706410020895117
5.41164605185504,5.247595486779214
1.791759469228055,1.5020824510370618
2.079441541679836,2.0480095759291324
1.9459101490553128,3.0860433149893916
2.19722457733622,2.165193000386627
1.0986122886681098,0.5437319989772134
3.555348061489413,3.5285709522251993
0.0,0.2628163391733939
0.0,0.015701290006434547
3.610917912644224,3.0039007172546843
1.3862943611198906,1.6754267685172808
3.7612001156935615,3.0330242846150384
1.3862943611198906,1.5315279048506505
0.0,0.602930744497596
4.110873864173311,4.303839595413957
0.6931471805599453,0.7042407241081664
6.102558594613569,5.788133762583329
5.0238805208462765,5.206678739702797
2.079441541679836,1.17280373814567
1.9459101490553128,1.8107029562998826
0.0,0.12231171287431787
1.6094379124341005,0.8259167179834968
0.0,0.014341415366393044
1.0986122886681098,1.2375030739534474
3.367295829986474,3.2958705719887282
0.0,0.01428317994506871
3.58351893845611,3.3488048520989535
0.0,0.03151307556985224
0.0,0.01714735765055137
1.0986122886681098,1.5903275372448884
1.9459101490553128,2.210357840312475
1.0986122886681098,2.8809513953987724
2.079441541679836,2.061099372264346
4.04305126783455,3.6514262964966613
0.6931471805599453,0.2971143464937935
1.3862943611198906,0.46660486378037813
1.3862943611198906,0.6604958008365462
0.0,0.3890351630989368
0.0,0.7031354623364711
0.0,0.5134300004093789
1.791759469228055,1.9049253217711954
0.0,0.5621888797877347
8.375860015299594,8.45109846001136
1.0986122886681098,1.4223485334064014
0.6931471805599453,0.22115241427802407
0.0,1.136878952696258
0.0,0.9386833023363752
2.9444389791664403,3.163399659682362
0.0,0.2432633481544819
0.0,0.09110808001669052
0.0,0.2202335481776542
0.0,0.43060734751783736
1.0986122886681098,1.8310958861412285
2.302585092994046,1.3937159210124963
0.0,0.0
2.772588722239781,2.1600751812124988
3.367295829986474,4.012114755883172
0.0,0.2796131612137949
1.3862943611198906,1.6476264260719595
0.0,0.03522746893510587
3.555348061489413,2.575522400482697
5.655991810819852,5.205470542706642
0.0,0.0
0.0,0.038574907644090745
1.0986122886681098,2.1557818153948105
1.3862943611198906,1.406801223124272
6.419994928147142,5.880141017061303
1.3862943611198906,2.701039000383915
2.4849066497880004,0.8736220643263322
1.3862943611198906,1.0852323107576243
0.0,0.0
6.326149473155099,6.2010275727728725
1.3862943611198906,0.6603176427267796
0.0,0.33183899704168
3.044522437723423,3.1867872625189295
0.0,2.2111850011467733
2.772588722239781,2.503425971388586
2.70805020110221,3.0740195679568716
5.641907070938114,5.126744405526932
1.3862943611198906,2.6618893011679625
0.0,0.1180818168931221
9.169976605786628,8.407200656436162
0.0,0.47584951705989637
2.19722457733622,1.6815081994900913
3.1354942159291497,2.919260651762907
0.0,2.363610531789562
0.0,1.6325440470832822
4.04305126783455,4.359221849223258
0.0,0.0
1.6094379124341005,2.3467082511751607
0.6931471805599453,1.45990213102048
2.9444389791664403,2.398654172916882
0.0,1.86298277811242
0.6931471805599453,0.8031892090219218
0.0,0.3103480784022728
2.70805020110221,3.029646731926184
4.3694478524670215,3.9296628307048027
0.0,0.702535792855523
3.555348061489413,3.636886815805057
1.0986122886681098,2.0048890554835896
0.6931471805599453,1.4196283894587873
0.6931471805599453,1.8115590854013082
1.791759469228055,1.669213875500158
1.0986122886681098,2.0493790612652445
0.0,0.5264468541509199
3.1780538303479458,2.838562043657897
1.791759469228055,2.251246534508474
7.042286171939743,6.232772235887306
1.0986122886681098,2.125071856313706
5.840641657373398,7.906481507610527
4.663439094112067,4.271714589986906
3.555348061489413,4.138488736187437
5.717027701406222,4.475434898970358
5.846438775057725,6.077084581080442
1.6094379124341005,1.089089272385888
3.8501476017100575,3.858470142733998
0.0,0.4441225868897306
9.076237387452702,8.366227100113392
0.0,0.11918944040497496
0.0,0.16233309338988589
0.0,1.3693085929788953
1.3862943611198906,1.9296707468409924
3.58351893845611,3.8921897077545937
0.6931471805599453,1.1614372665592305
0.0,0.2266170912091429
5.153291594497779,4.8925362857923655
0.0,0.20260209834224627
0.0,0.06425603919896261
1.0986122886681098,0.5800498937805572
1.6094379124341005,1.8727025184935955
0.6931471805599453,0.6472223914841987
6.306275286948016,5.749724912545685
2.70805020110221,2.9187467869918042
4.844187086458591,5.111496395522191
5.093750200806762,5.0330841357003875
1.0986122886681098,0.8147468398757882
1.0986122886681098,1.849104401922386
1.6094379124341005,1.5523640691216807
4.418840607796598,6.1533965366016234
7.374001859350161,7.671763251101075
0.0,0.2651915450991215
0.0,0.5361551372012117
0.0,0.4141017974044489
1.0986122886681098,2.3856636719212023
0.0,0.12307161163105754
0.0,0.5572186722040061
7.868636894184167,7.9948058790206105
2.6390573296152584,2.112577718331111
0.0,0.2910171887130314
3.80666248977032,3.6545421439182224
2.3978952727983707,3.2228100215907896
7.518607216815252,8.268362986558506
1.3862943611198906,1.6446640728619133
5.030437921392435,3.9816346585242366
3.1780538303479458,3.340493906202302
2.4849066497880004,2.8702985297774153
0.6931471805599453,1.082564010086553
0.0,0.5739653806179583
3.737669618283368,3.383280199048379
3.1780538303479458,1.3512381358982002
2.9444389791664403,2.839312373143481
4.68213122712422,4.380307208393804
7.888709524182015,6.690792565065342
0.0,0.15494749176349104
0.0,0.32092455499960043
3.4339872044851463,5.163500794360271
3.1780538303479458,3.8757312531668933
1.0986122886681098,1.074837368895752
1.6094379124341005,2.1409608773692677
0.6931471805599453,0.938366835373668
4.574710978503383,4.785497657424322
0.6931471805599453,0.5851486741582126
3.091042453358316,3.3627343406056975
4.23410650459726,3.1468194616655243
1.0986122886681098,1.0279343722554592
3.7612001156935615,4.85536244692437
1.0986122886681098,0.44167855465583455
6.190315405853148,6.193867585841083
2.19722457733622,2.0255336458968003
0.0,0.1404960037552407
0.0,0.0
0.0,0.2013462173195889
7.107425474110705,7.13427763716524
0.0,0.0
4.219507705176107,3.7711833231228185
2.833213344056216,3.40296674858794
2.6390573296152584,1.890200328732565
1.3862943611198906,2.1086633650484137
6.0867747269123065,6.11600437689618
1.0986122886681098,1.9570100334191771
0.0,0.24290925253537665
1.0986122886681098,1.5921426042152957
2.5649493574615367,2.9318096929036086
3.218875824868201,3.2147827817357357
7.500529485395295,5.755087072735662
5.575949103146316,5.110833427703389
1.9459101490553128,2.1358285905415286
0.0,0.004096138042666177
0.0,0.017432046274621294
0.0,0.044180136257476466
5.666426688112432,4.886696066994075
4.882801922586371,4.1934736682101965
4.23410650459726,3.839661797749256
3.80666248977032,4.660886410774038
2.5649493574615367,2.1547391151748703
5.746203190540153,7.522668829222563
0.6931471805599453,1.5609920702593727
0.0,0.08572163892664562
0.0,0.274379564718285
7.068172000388042,7.002145304674279
5.003946305945459,4.188998167405014
3.610917912644224,3.7808946738231497
1.6094379124341005,0.5996536062126061
4.394449154672439,3.606347978663771
0.0,0.6072849959197113
3.091042453358316,4.336136502383194
1.0986122886681098,1.7440956671686947
1.0986122886681098,0.8413926126248704
0.6931471805599453,0.8843194069474193
2.19722457733622,2.028638304276874
0.0,0.5628393521177103
5.0369526024136295,3.6801730310457366
3.4657359027997265,3.7527216149428915
0.0,1.7792346020727803
0.0,0.3075456615201028
4.532599493153256,4.745436306054467
4.02535169073515,4.272008916845354
0.0,0.03774256639534414
0.6931471805599453,0.974970390478726
1.0986122886681098,0.08815392274871832
2.3978952727983707,2.3581100188671646
0.0,0.050297798289544546
5.948034989180646,5.8656150709802475
0.0,0.33847747309602205
0.0,0.12536129884160618
0.0,1.0139983522327303
0.0,0.08512161029529045
2.079441541679836,3.3266348072731193
0.6931471805599453,0.9860638217913902
0.0,0.2489507757510112
0.0,0.27918280517567434
0.0,0.48291986701249945
0.0,0.06095209166785232
0.0,0.05707629508302836
0.6931471805599453,0.49273513855608375
7.408530566894626,6.948817674291307
0.6931471805599453,0.12091072738638545
5.402677381872279,5.307607196768207
4.584967478670572,3.9668584367119912
1.9459101490553128,1.7456092544750528
2.3978952727983707,2.3633856789155847
0.0,0.2769369167336938
0.0,1.060976653678912
5.613128106388071,6.053890237317928
7.620214770574455,7.322145200116336
3.6635616461296463,3.3864268977340757
0.0,0.0841612665708267
3.044522437723423,1.5581401929409138
6.86484777797086,7.023493256181241
4.276666119016055,2.6978713063136532
2.19722457733622,2.9976040194388616
0.0,0.08810881771003479
2.6390573296152584,2.5455256195245908
1.9459101490553128,1.8465533661998612
1.6094379124341005,2.207245053660997
0.0,0.0
7.60887062919126,7.125184060346451
7.004881989712859,4.604602321536519
7.80954132465341,7.508096258927693
2.3978952727983707,2.892277455120273
4.04305126783455,3.493487903623213
6.023447592961033,6.492500715989566
4.204692619390966,1.5303342504997945
1.9459101490553128,2.0335263113713196
0.6931471805599453,0.4285635704576486
0.0,0.7179548657086603
3.6635616461296463,3.3356044768118434
3.295836866004329,2.6186920418880644
3.871201010907891,4.433897242764175
0.0,0.5911222873872984
1.3862943611198906,0.8386362774035486
0.6931471805599453,2.0841362869106597
5.849324779946859,5.033424270087614
0.0,0.3104270248867337
9.013838751608397,8.190650332908767
0.0,0.5847486102918309
0.6931471805599453,0.7173591836310371
2.302585092994046,1.6720046012700658
0.6931471805599453,1.0604949197989317
6.90975328164481,6.636209869678147
0.6931471805599453,2.0395905255490634
1.9459101490553128,1.1075356231543407
1.6094379124341005,2.6602170058419494
0.0,0.15151925621902046
3.713572066704308,3.9402830787544567
2.772588722239781,2.8080529027899996
6.008813185442595,5.965260475990688
8.855805992536562,8.535085677539074
0.0,0.029464211531043005
1.6094379124341005,2.688574661980869
4.290459441148391,4.418182844222022
2.079441541679836,2.7348493639106217
4.770684624465665,4.004142700027406
5.1647859739235145,5.891197689152993
0.0,0.38009905902890395
1.6094379124341005,2.516814154889166
9.169976605786628,8.521030448625027
0.0,0.06295006137572746
8.244071270295786,7.433237542717951
1.3862943611198906,1.0042530973826167
2.995732273553991,2.9276547400891038
1.0986122886681098,1.4874614290251635
3.6375861597263857,3.627131217283834
4.574710978503383,4.800217132130959
1.6094379124341005,1.8580534530745048
5.332718793265369,4.871544630113841
5.298317366548036,5.168737896901286
0.6931471805599453,1.0762734152201205
2.833213344056216,2.8454847137561154
4.68213122712422,3.9255067569516005
0.0,0.33988132710467167
4.6443908991413725,4.22507547963388
0.6931471805599453,1.2370637113281615
1.3862943611198906,1.6800062694018012
1.6094379124341005,2.345304764499709
0.0,0.5874572626514383
1.0986122886681098,0.37447143974845254
0.0,0.09569269219701698
0.6931471805599453,0.526654289656419
6.253828811575473,5.8667958625846826
0.6931471805599453,2.095610549544284
1.6094379124341005,1.6312196604466693
0.0,0.5321108310842085
9.169976605786628,8.247172336410006
1.3862943611198906,1.0220133870048786
4.31748811353631,4.558016894852289
0.0,0.33330346888719714
7.3938782901077555,7.351178898759371
3.332204510175204,2.660935735334766
0.0,2.0239101213934303
0.0,1.6898839418687688
0.0,0.05363263796539042
0.6931471805599453,2.1299730469583262
4.330733340286331,5.598724701786031
1.3862943611198906,0.7075223294238013
4.454347296253507,3.5422433992766025
0.0,0.09841481113957264
4.007333185232471,3.117180954325546
0.6931471805599453,0.576846253139516
4.934473933130692,5.406937979595873
1.0986122886681098,0.3715735084878171
0.0,0.1231180109228898
0.0,0.0
0.0,0.12604475337167428
1.9459101490553128,1.9343449804272919
0.0,0.8004345035770087
4.143134726391533,4.163945269762523
0.0,0.6439217506028576
4.31748811353631,3.0795350740268512
1.791759469228055,2.502401332691598
5.187385805840755,4.878240417544134
1.6094379124341005,1.3456508789407933
0.0,0.33790019621775536
2.19722457733622,2.1751062566793986
5.068904202220232,4.131896040576003
5.247024072160486,5.467857463765633
0.0,0.648176990125895
2.079441541679836,1.9411635964580436
1.6094379124341005,2.7258769277369876
0.0,0.15403270679109898
0.0,0.1361331619838935
2.6390573296152584,1.7512629827672566
6.77078942390898,6.655214801209289
0.0,0.06474129568740773
0.0,0.0
3.5263605246161616,3.340966815316468
6.100318952020064,8.258207329924293
0.0,0.0
0.0,0.0
2.302585092994046,2.8085138117823494
3.1354942159291497,1.802919848953823
8.448271745949816,9.281612428001822
3.6375861597263857,3.6105082743703925
0.0,0.0
0.0,0.10939411495941898
2.9444389791664403,2.2832561345646143
4.969813299576001,6.019180301312905
0.6931471805599453,1.9422856927266139
0.0,0.9408174932795574
0.0,0.06372115527326773
1.0986122886681098,1.5138586322800074
0.0,0.33109933836194616
2.302585092994046,2.4702982581216264
1.6094379124341005,2.8236415908271786
2.6390573296152584,2.816068353209907
5.468060141135132,5.796077229880839
0.0,0.5655400037052956
3.258096538021482,3.090002135625997
0.0,0.0
2.4849066497880004,1.8314746504946142
2.19722457733622,2.360140350637555
4.990432586778736,4.977637285812943
7.110696122978827,7.5148634878092
0.6931471805599453,1.627766642594318
3.367295829986474,3.1851010682033123
5.823045895483019,5.892691719775613
3.8918202981106265,4.551559140994014
0.0,0.029278577171596175
4.442651256490317,3.464258060111789
5.3471075307174685,4.596601474721765
1.0986122886681098,1.305167659796595
3.9889840465642745,4.563048363165126
1.0986122886681098,1.7792872322736257
4.762173934797756,5.73120454296109
1.0986122886681098,1.5175499029220787
3.8501476017100575,3.0257126375464596
1.6094379124341005,0.843334643794142
7.602401335665818,8.609136512432636
0.6931471805599453,0.3942418554644904
0.6931471805599453,0.06814440236562823
4.248495242049359,4.610157183998585
0.0,0.6960833538121128
9.169976605786628,8.55632873342453
6.983789965258135,6.696961907087005
1.791759469228055,2.5281626514397177
3.1354942159291497,2.9915348728906554
6.804614520062624,6.772456116457626
4.07753744390572,3.715458764979801
2.3978952727983707,3.0636332733014586
0.0,0.030918016780907137
2.70805020110221,2.1886801403861837
3.871201010907891,4.2100057329716325
0.0,0.21176592860184523
3.688879454113936,3.4094482312100753
0.0,0.9130745443189618
0.6931471805599453,0.5884992901306777
0.0,0.6486254373467206
5.231108616854587,5.537789824319382
0.0,0.15269788347834307
0.0,0.2355168427078496
0.0,0.6255444699718873
7.436617265234227,7.369960530816852
0.0,0.17696174070119675
8.575462099540212,4.829750478787365
3.7612001156935615,4.057008999887796
5.010635294096256,2.962216636998076
5.056245805348308,5.130961593211434
4.77912349311153,3.9974152555615627
3.367295829986474,3.4249719910746115
1.3862943611198906,0.36708176843447593
0.0,0.053298528141460515
6.263398262591624,6.6663915309624535
0.6931471805599453,0.08412467750528041
0.0,0.9851144365110481
1.6094379124341005,3.225005637292547
0.0,0.6572004115018262
0.0,0.21937130420504972
0.6931471805599453,1.4076733775204084
0.0,0.23562495956942053
1.3862943611198906,2.3387316571236543
0.0,0.35959341013710017
1.0986122886681098,2.1790378613183163
4.836281906951478,5.089790889879898
5.993961427306569,5.661439358024692
0.0,0.2631353914403683
6.082218910376446,6.2105585751202925
2.772588722239781,2.576315655757359
0.6931471805599453,0.1617579535928522
0.0,0.060732842703295306
3.713572066704308,2.99134211852835
2.70805020110221,2.5272274383453115
0.0,0.18632775759055067
2.772588722239781,3.800165600918349
0.0,0.20733008416507726
1.6094379124341005,2.1304408218661406
9.169976605786628,5.339575606632881
4.143134726391533,4.54105673049745
0.0,0.05946616056992004
5.575949103146316,6.132478253254217
2.079441541679836,1.71363314203817
0.0,0.43401236712336794
1.0986122886681098,2.795855744871872
3.1354942159291497,3.4544472984729735
0.0,0.7992044635938362
5.556828061699537,4.411556624094178
0.6931471805599453,1.775711707265854
1.0986122886681098,2.436765048637045
3.1354942159291497,2.4364611201929707
3.258096538021482,2.9038139811232972
6.481577129276431,5.866877580933968
1.3862943611198906,0.9522157644984466
0.0,0.08036794208389057
2.079441541679836,2.7816048145292362
0.0,1.2729137788560014
5.673323267171493,4.826104362894948
0.0,0.0
1.0986122886681098,1.8777858965031289
0.6931471805599453,0.03512252800164935
5.560681631015528,6.2226701733954135
0.0,0.15403270679109898
4.007333185232471,3.2224497813785287
0.6931471805599453,1.2755742797025433
4.343805421853684,4.016675942528268
1.0986122886681098,0.30447141579621584
1.3862943611198906,0.6286697429975867
0.6931471805599453,0.3122166165315157
0.6931471805599453,1.764125243593892
4.04305126783455,3.561786558637907
0.0,1.2624954865302318
0.6931471805599453,0.5587292007197885
1.3862943611198906,1.0892648361306418
2.302585092994046,2.4107384530937934
1.6094379124341005,2.141615099738068
0.0,0.9915399291640294
4.624972813284271,4.059107208775709
0.6931471805599453,0.5885024177615625
0.0,2.606795316545985
1.9459101490553128,2.395579912996342
2.302585092994046,2.488131282864988
4.007333185232471,3.203762495080711
6.257667587882639,6.021097263363149
2.6390573296152584,2.2720486620168368
0.0,0.11662445782643886
0.6931471805599453,0.4334928328427542
0.0,0.004685486809155687
0.6931471805599453,0.9557738656107521
7.180069874302796,7.775382479293613
4.30406509320417,4.07810371714411
0.0,0.09852926083495336
6.16541785423142,5.897802069636925
3.258096538021482,3.412787362517378
1.6094379124341005,1.3459510874075171
1.9459101490553128,1.9001225149782792
6.171700597410915,6.59456348977485
1.3862943611198906,1.353787157580615
1.0986122886681098,2.053896255799537
3.295836866004329,3.428705378067195
0.6931471805599453,0.29056744288724184
0.0,0.2534736964260277
7.116394144093465,7.159413303283593
0.0,0.36844419072792156
0.6931471805599453,0.4578566112067667
3.5263605246161616,3.9481535269198647
1.6094379124341005,1.5814840232636913
2.6390573296152584,2.484112824395934
1.6094379124341005,1.9150124640924528
2.079441541679836,2.6886319096858524
0.0,0.3169387919180601
1.9459101490553128,0.7282656592957902
1.3862943611198906,1.8592713458739951
0.0,0.8231155848764237
1.6094379124341005,1.9449366119266005
5.583496308781699,5.5259210932915614
5.525452939131784,5.868322711841595
0.6931471805599453,1.1921997317591082
0.6931471805599453,1.2030422290396294
2.3978952727983707,1.5467066745440867
1.0986122886681098,0.5119544068446995
6.759255270663693,6.117551295282056
3.367295829986474,3.324282978367152
0.6931471805599453,1.4779493167568825
0.0,0.3999578017270819
1.3862943611198906,2.680391014221478
5.556828061699537,5.823678465310559
0.0,0.03889089286184751
2.995732273553991,2.890110070062238
5.14166355650266,4.500177499211395
2.772588722239781,1.0938299837553873
0.0,0.693181354822078
2.302585092994046,2.7983269336610537
0.0,0.9950674402519446
0.0,2.819006370828568
2.70805020110221,2.5163614653232846
0.0,0.013115497453494033
0.0,0.0817644751151139
1.9459101490553128,1.6232192295267034
1.0986122886681098,1.7016209632814439
3.295836866004329,2.0313647662671155
0.0,0.0
5.135798437050262,5.614638809975993
2.19722457733622,3.1774248158404097
0.6931471805599453,0.8757120223242871
3.4657359027997265,3.7300751849894866
0.0,0.016050104413830826
0.0,0.6409229072011615
6.602587892189336,5.528775234881961
1.0986122886681098,1.9553028300228725
0.0,0.017920467461797377
0.0,0.4325641057688534
3.044522437723423,3.330238441937256
1.791759469228055,3.251680997437964
0.0,0.4084561491817526
0.6931471805599453,1.9930876603834224
2.5649493574615367,1.8022846716413052
3.8918202981106265,4.287076317527865
1.0986122886681098,1.408768304048499
0.0,2.164948691673083
3.58351893845611,4.062383625415549
2.772588722239781,2.3332698759960864
0.0,0.02025289953931414
1.9459101490553128,2.200204209817205
0.0,0.4081075478673397
1.0986122886681098,1.167642737184089
4.532599493153256,4.676670581985874
5.087596335232384,4.440521718208094
6.813444599510896,5.730402039662339
0.6931471805599453,0.6760161774725263
1.3862943611198906,2.0882918945989606
2.079441541679836,1.3585163230710755
0.0,0.4315788667963354
1.3862943611198906,1.681591789204297
2.4849066497880004,2.090789581434241
7.045776576879511,7.656070286881541
3.737669618283368,4.3854228334661025
0.0,0.6772141318949221
4.3694478524670215,4.927565450719879
5.375278407684165,5.933249246303274
0.0,1.117045892673278
1.0986122886681098,2.4506245291676665
0.0,0.07924495648426831
2.5649493574615367,2.687618605480076
4.3694478524670215,4.424662688983747
0.6931471805599453,2.0807987777542767
1.0986122886681098,1.081132112265971
1.0986122886681098,1.9646793692545221
1.6094379124341005,3.5140531348807333
1.791759469228055,2.5990143522449776
7.597897950521784,7.25274709835356
0.0,0.2212148193628331
1.3862943611198906,0.6722543964486709
1.0986122886681098,1.7538502304304417
3.091042453358316,4.017163623494803
1.9459101490553128,2.331613600495626
1.6094379124341005,1.711339120532712
7.906915488678587,7.755176406941533
0.0,3.8160949902716115
2.302585092994046,1.7585311022455545
0.0,0.0
2.70805020110221,2.6541584206631224
2.302585092994046,1.6552463769430115
3.4657359027997265,2.599122732047836
4.624972813284271,4.234988952256946
4.007333185232471,3.7409744573087416
0.0,0.18692552748909402
3.9889840465642745,4.420297645668539
0.0,0.8899814944628366
3.737669618283368,3.569726574757216
1.0986122886681098,1.4203312894556115
0.0,0.6626505004585677
0.0,0.0
3.258096538021482,3.097306975760733
2.4849066497880004,2.4806524736306304
0.0,0.15403270679109898
2.995732273553991,3.0619966754764256
0.0,0.16898877652044259
1.791759469228055,0.8844446106774005
5.153291594497779,5.280373916865501
8.77770959579525,6.429030145631329
0.0,1.2824048666753909
0.0,0.1345754362491292
0.0,0.35529984746544974
0.0,1.3336466503464586
0.6931471805599453,1.3803861884731308
0.6931471805599453,1.6117500563950562
2.9444389791664403,2.9889468334290537
0.0,0.07702758447077719
2.079441541679836,1.9260276725567849
2.8903717578961645,2.643395682821141
0.0,0.10933027351357182
1.9459101490553128,0.4167983701247329
1.0986122886681098,0.4152533820241495
0.0,0.5090474820017736
0.0,0.005721769940662244
1.6094379124341005,0.5876092675438356
2.70805020110221,2.1446899633517242
0.0,0.990937174296419
0.0,0.06460156993458334
4.499809670330265,4.408294685118933
0.6931471805599453,1.4512124394338566
0.0,0.20251780208236758
3.044522437723423,1.5199997600314303
1.3862943611198906,1.1462307312984945
0.0,0.6746181710176578
4.477336814478207,3.1573029620449535
0.0,0.11832846363024896
9.169976605786628,9.486509302689747
3.218875824868201,1.7089190954087339
1.0986122886681098,1.498339340223638
0.0,0.23449092865134852
3.970291913552122,4.376793377419984
0.6931471805599453,2.118933390349285
1.6094379124341005,1.5557688601593835
3.332204510175204,2.3212154482159635
5.921578419643816,5.979189729526203
0.0,0.07778514396853257
0.0,0.7780074401314937
1.6094379124341005,2.5696738443131797
0.6931471805599453,0.6931471805599453
1.0986122886681098,1.5656284932771456
0.0,0.04223138660265778
0.0,2.553824382428992
4.276666119016055,4.60701166767497
0.6931471805599453,0.8655620642732932
0.0,0.12662623287940683
3.4339872044851463,2.851696622081755
6.8966943316227125,7.493374815999495
3.9318256327243257,4.076097855524878
6.333279628139691,6.879064325113852
5.926926025970411,6.009033232709036
2.19722457733622,1.5673117072161018
0.0,0.11904672572932953
3.58351893845611,3.184040686420591
0.0,0.3098282938944225
0.6931471805599453,1.5384269619627102
0.0,0.691147548694056
0.0,0.12553775308513856
5.733341276897746,6.361255672316377
1.0986122886681098,1.2940421977977736
0.0,0.12447095253514336
0.0,0.7211602878653459
0.0,0.5830506181907161
6.7580945044277305,6.032564139813045
0.6931471805599453,0.6352805453647967
0.0,0.015760548278855598
1.0986122886681098,1.833608453172625
2.772588722239781,3.0566789183837817
0.0,1.592931076181646
5.187385805840755,5.8104732462890585
2.5649493574615367,2.665724054030172
2.302585092994046,0.491616947342348
2.5649493574615367,2.508503293874047
0.0,0.791067332602983
5.081404364984463,4.814810991567257
3.871201010907891,3.9116941608944718
1.791759469228055,2.557102919608992
3.7612001156935615,4.058411041724887
4.31748811353631,5.269215512213404
0.6931471805599453,1.2252304517395538
8.32093496888341,7.96518370482067
1.3862943611198906,0.12805405742405612
2.302585092994046,2.843903058253476
0.0,0.642433076059904
4.30406509320417,3.75314212659581
0.6931471805599453,1.2799496245391748
0.0,0.5850049570242856
0.0,0.3452791463449503
2.9444389791664403,2.671362235836691
3.218875824868201,2.9989542030266203
0.0,0.10815988204204917
1.6094379124341005,1.4497896047607723
0.0,0.0
0.6931471805599453,2.362057985165344
3.951243718581428,4.224941361339924
1.791759469228055,1.3785265784083909
1.6094379124341005,1.6774738443260833
8.126222529458525,7.834655255920626
0.0,0.23669477465950556
1.3862943611198906,1.7681178219787008
0.0,0.11562134168185634
5.204006687076795,6.081730200743827
3.828641396489095,3.535985157531728
0.6931471805599453,0.3779927163543116
3.8918202981106265,4.148594690465766
2.833213344056216,2.49952153123159
1.6094379124341005,1.7718903841407554
1.6094379124341005,1.876312494460747
1.3862943611198906,0.1031637292833783
7.020190708311925,6.702381599805483
4.709530201312334,4.51821927346973
3.9318256327243257,4.084202284084706
7.7501841622578365,7.739593537476149
2.302585092994046,2.2551171562181778
2.772588722239781,3.452006348356561
2.833213344056216,2.0065412005284413
0.6931471805599453,1.9928237754182458
7.425357887027151,7.0625047164228665
0.6931471805599453,0.09553139719722759
3.80666248977032,3.0817161735088883
1.0986122886681098,1.7484826077515898
0.6931471805599453,0.8387026113052338
0.0,0.4978684220313936
0.6931471805599453,0.7430359571597472
1.3862943611198906,0.5730907512142882
0.6931471805599453,0.18979989788892088
1.6094379124341005,0.5810807473755418
0.6931471805599453,0.5811856186792921
4.248495242049359,3.3175196565296003
0.0,0.37679406509190916
1.0986122886681098,1.3621768844300002
3.49650756146648,3.6887004272398554
1.6094379124341005,0.8041995140509731
2.302585092994046,1.5659690486562083
1.0986122886681098,0.724200218281858
4.290459441148391,4.271108585149437
0.6931471805599453,1.1736254229884042
1.0986122886681098,1.6985791304530307
4.158883083359672,3.872737988737696
8.570165076182343,4.790812483690686
7.018401799069201,6.434469889965234
0.0,0.32098183082366216
0.0,0.1145262574816864
2.3978952727983707,1.6742253993784353
9.169976605786628,5.078065371993404
1.791759469228055,3.260703643421361
2.19722457733622,2.5825008641144658
1.6094379124341005,2.427609171169682
5.968707559985366,5.992446021717283
1.791759469228055,2.02519782304422
0.0,2.8329134618597
2.302585092994046,2.6391403697305074
1.791759469228055,1.8817900101882057
0.0,0.39852479816430647
3.4011973816621555,4.132544332667773
1.0986122886681098,1.1596904314932477
0.0,0.22720236603130137
0.0,0.4598009923835186
2.302585092994046,0.4730183665689328
1.6094379124341005,2.071572035459192
0.0,0.004722502075889482
4.143134726391533,4.604325333783787
1.6094379124341005,2.3803962385063038
2.079441541679836,1.8073592993434033
3.688879454113936,3.200180583686968
3.1780538303479458,3.049275285450079
2.8903717578961645,3.261425936765574
4.962844630259907,4.978445532963356
2.302585092994046,2.021634588028743
8.449128460502108,7.774430276505371
0.0,0.0
1.3862943611198906,2.679030354473237
3.610917912644224,2.6245709561236037
7.407924322559599,6.173510362603284
0.0,1.8872818716576023
3.332204510175204,3.6150506757925456
0.0,0.7826878552881931
0.6931471805599453,1.532138561808124
1.3862943611198906,0.6344637904415495
2.302585092994046,2.4967562857629755
7.554334823725748,7.127270184404229
2.4849066497880004,2.2271421547670145
1.6094379124341005,2.8367279680676085
0.0,0.9858696828125441
0.6931471805599453,0.3330523472328288
8.575650760987806,8.439197548858333
5.700443573390687,5.264638348965546
2.079441541679836,2.6470209908583606
1.3862943611198906,0.544708903326822
3.367295829986474,3.1718825014427927
4.718498871295094,4.6086896654808385
7.655864017616056,6.1453647770485
2.833213344056216,2.5167155720981733
0.6931471805599453,1.3681532810327708
0.0,0.4652934474254358
1.6094379124341005,2.0360576604293685
3.091042453358316,3.754711379551424
0.0,0.12090458030809285
1.6094379124341005,2.3241108120859253
1.0986122886681098,1.3392640048527602
0.6931471805599453,0.2757628773035004
0.0,0.0
4.07753744390572,4.026760941519185
5.356586274672012,5.8609078909422045
5.0369526024136295,5.913974762085462
0.0,0.3864835425245524
0.0,1.0298385062515172
2.833213344056216,2.143015700790524
5.438079308923196,6.197086344518006
0.6931471805599453,0.1535696919429898
5.87493073085203,7.153899654387532
5.762051382780177,5.987141741950938
3.970291913552122,4.526825347973442
2.5649493574615367,2.781460780552028
6.333279628139691,6.2529144188437655
0.6931471805599453,0.9193594535463494
0.0,2.4295464044717607
