quantity_sold_ground_truth,quantity_sold_predicted
3.218875824868201,3.2533065110812474
0.0,0.42304296718767676
1.791759469228055,3.4390696425532736
3.4657359027997265,3.7385486896501745
0.0,0.7845910889399128
6.156978985585555,5.781132286882334
3.1354942159291497,2.813449525175105
0.0,0.1576081295957656
0.0,0.31475691188201954
3.5263605246161616,3.9542045246026336
0.6931471805599453,2.5056277677774386
3.1780538303479458,4.0305338323903
0.6931471805599453,1.9369937649138371
0.0,0.3708071288923572
3.58351893845611,3.871364249205433
0.0,0.10810749984272973
7.106606137727303,6.251465464186812
1.6094379124341005,0.0
3.7612001156935615,3.655458910838222
0.0,0.5037048215949581
0.0,0.46830685373103875
2.302585092994046,1.1820004375417799
6.92951677076365,7.284310710172642
2.5649493574615367,2.7228713694672475
9.169976605786628,8.591238021138587
9.169976605786628,6.9832326860960805
0.0,0.0
0.6931471805599453,0.46636788426404474
0.0,0.13828134373116216
0.0,0.7103270310712504
0.0,0.0810934175561513
4.110873864173311,3.9043929196594513
0.6931471805599453,1.663987879115912
0.0,0.10248781385055654
3.332204510175204,3.520565359826871
2.079441541679836,1.3129548089531902
3.9318256327243257,4.13103898895495
2.5649493574615367,4.4513000748446245
4.07753744390572,3.9854258103657942
0.6931471805599453,1.3084608959656296
0.0,0.5463228517245025
0.6931471805599453,0.0
1.791759469228055,1.2272545523539053
4.727387818712341,4.547053725475235
7.538494999413465,7.268038986983218
2.6390573296152584,2.227043046895382
1.3862943611198906,0.43869985252839944
1.3862943611198906,0.7467291167771373
0.0,1.446848257868234
0.0,0.126452219502481
0.0,0.0
6.16541785423142,6.199978336484071
6.8001700683022,7.199394124291912
0.0,0.0
9.169976605786628,7.434046122575083
4.394449154672439,4.460887697487018
5.062595033026967,4.884338892706213
0.0,0.9085990182365797
1.3862943611198906,2.4211855169093215
2.19722457733622,1.8760838276650773
5.7745515455444085,5.141047625236098
1.0986122886681098,2.304066158037479
0.0,0.0
0.0,0.5844780002359077
0.0,0.012623345666448798
3.4011973816621555,3.031212121952851
7.797291273547472,7.4650658192975525
0.0,1.3244909208365625
4.3694478524670215,3.863922944247831
0.0,0.5972531564093517
5.356586274672012,5.634488838434943
5.484796933490655,5.1734734728033756
4.882801922586371,4.9540024170195345
3.332204510175204,2.8710492518772246
1.9459101490553128,1.802751180178217
3.218875824868201,3.1945316736793985
0.6931471805599453,0.5537311074583255
0.0,0.04805348909837555
1.9459101490553128,4.138436899516338
2.302585092994046,2.5810779045486014
0.6931471805599453,0.5504328727193113
6.943122422819428,6.863860363240422
5.3230099791384085,6.7071412222363564
0.6931471805599453,0.9092307883585111
0.6931471805599453,1.555691083443927
5.068904202220232,4.997749850664024
5.950642552587727,6.155162243819419
5.327876168789581,4.834485262202201
2.8903717578961645,2.185257865337757
0.0,0.13930024391936127
1.791759469228055,1.5046448063493885
2.19722457733622,1.7375876951180806
9.169976605786628,9.027390055279772
2.9444389791664403,2.693722773834768
0.0,0.13846355817600928
0.0,3.9290265883934286
4.74493212836325,3.3553964333591035
2.6390573296152584,3.2300663521365864
2.833213344056216,2.3081753262682194
3.4657359027997265,2.988427196215979
2.3978952727983707,2.5392053095491014
1.9459101490553128,1.756551708499657
3.5263605246161616,3.459170173544116
2.4849066497880004,1.070968732586068
6.2166061010848646,5.669507880385401
0.0,0.0
3.871201010907891,4.512344457136423
1.3862943611198906,1.4403899989168594
3.912023005428146,4.383961070541251
0.6931471805599453,0.7690459195695487
2.079441541679836,1.1104747016949188
4.3694478524670215,4.430352318520885
0.0,0.39300455569129417
4.74493212836325,4.848423839052698
2.3978952727983707,0.2537695065702739
1.791759469228055,1.8323290190584314
0.6931471805599453,1.3335274505030836
1.6094379124341005,1.2375560138975032
3.555348061489413,3.4833336360985916
0.0,0.3692092687527302
0.0,0.3544998346404749
6.137727054086234,7.038768351286238
1.3862943611198906,2.4629799625784745
2.5649493574615367,2.9857274520971444
2.8903717578961645,2.656547241786097
0.6931471805599453,0.8596360821315302
0.0,0.09629011116781241
5.075173815233827,5.399472885142941
0.0,0.19305997837089994
0.6931471805599453,2.207616724965236
2.772588722239781,2.4260212617613313
0.6931471805599453,0.5506566433299245
1.6094379124341005,1.5391443597117798
2.8903717578961645,3.416726097212733
0.0,0.43550378857562805
0.0,0.15234195547690418
1.0986122886681098,0.6440685664774353
3.610917912644224,1.9881409647841801
4.143134726391533,3.706403322996782
0.0,0.09017629492444697
0.0,0.8936110060873755
1.0986122886681098,1.1887130310043454
0.0,0.0
4.672828834461906,5.038791570041482
1.791759469228055,1.6416605551824204
4.060443010546419,4.070216659355579
0.6931471805599453,2.5327055672554546
6.173786103901937,4.651673695207886
3.4011973816621555,3.6996939610453095
0.0,1.1790720116068725
4.820281565605037,4.219454977155971
1.0986122886681098,1.3285777737356166
0.0,0.05166927000346638
6.049733455231958,6.236702119091267
0.0,1.43008251312714
1.6094379124341005,2.8017208900409063
0.0,1.3761458172934435
0.0,0.2462080132041376
5.0238805208462765,5.1601649641952
1.791759469228055,1.9293249566003892
0.0,0.2333023550992194
0.6931471805599453,1.011424370371687
3.295836866004329,4.231618161573667
0.0,0.023007299851369865
2.5649493574615367,2.0648464208291855
0.0,0.14903595115108204
0.0,0.7557007908164556
0.0,0.5613409027576112
5.771441123130016,5.9412308344072615
0.0,0.6738705511639638
1.3862943611198906,1.1555695521801388
3.80666248977032,3.777102422369136
1.6094379124341005,2.0496509010839037
1.0986122886681098,2.5365809341556305
2.3978952727983707,2.2293943082588585
3.1354942159291497,3.876671085406368
0.0,0.04878897577945125
0.6931471805599453,1.5219039191635875
0.0,0.0
5.278114659230517,5.63124830029657
0.0,0.0
1.3862943611198906,1.5287857991535359
0.0,0.3820691352447996
3.555348061489413,1.8799225559756516
1.9459101490553128,2.0806909609476314
3.4657359027997265,3.7083024107275144
1.3862943611198906,1.7659472821880078
2.19722457733622,1.3964348471879484
0.0,0.9361845174397616
1.3862943611198906,0.9467980171090226
3.218875824868201,4.015142150200712
2.19722457733622,2.843658269454506
2.8903717578961645,3.2481638571191094
0.0,0.2931222752050046
2.079441541679836,3.0485074936664587
4.7535901911063645,4.344534277096481
0.0,0.1774836307525161
0.0,0.0
3.091042453358316,2.840124563830577
2.772588722239781,3.3402549267626664
4.663439094112067,3.538825314864459
0.0,0.02910390541838075
3.871201010907891,2.4730943333159288
4.962844630259907,5.23129446006363
1.791759469228055,1.927761635897477
2.19722457733622,2.3500465843842053
0.6931471805599453,0.05010255021900379
4.68213122712422,4.01300711730971
0.6931471805599453,0.6001102222846034
3.6635616461296463,3.151348976067163
2.079441541679836,2.8569217121987975
0.0,0.2503970122906885
1.3862943611198906,1.6322992572912172
0.0,0.21700784419428265
0.0,0.6220927129025183
0.0,0.735526137625708
3.1354942159291497,4.83279275467171
1.791759469228055,2.925298747986607
2.079441541679836,1.4116077928295874
5.958424693029782,6.142919144098468
2.302585092994046,0.9798144661412526
5.855071922202427,5.710030967742225
0.0,0.033759385533559
0.0,0.024235851020504764
0.0,0.15222914919125222
2.772588722239781,2.51119902422321
1.791759469228055,2.188240872017605
0.0,0.1269722981089864
0.0,0.9561415848435606
1.6094379124341005,2.658823344131272
3.044522437723423,2.576500855492235
0.0,0.06889859987403445
0.0,0.20211928129725837
3.970291913552122,3.4005919244976366
1.9459101490553128,2.7536349074179607
1.791759469228055,1.3071839606598628
0.0,0.0867782358507471
0.6931471805599453,2.505293110847216
2.9444389791664403,2.1480254485600083
0.0,0.16163757354876576
3.367295829986474,2.383829851896143
1.3862943611198906,0.8309181041825927
5.739792912179234,6.481211755592366
4.248495242049359,4.224220994343897
1.6094379124341005,2.2714381264081047
5.488937726156687,5.113753489646443
1.6094379124341005,2.238396051257534
2.833213344056216,3.2255486115423615
7.554334823725748,7.260612492857395
0.0,0.45117067838363656
5.14166355650266,4.433562335781565
4.007333185232471,3.88531687494573
1.9459101490553128,2.6379258286128704
0.0,1.1365603428887048
1.3862943611198906,1.662891924750017
7.269616749608169,6.950499087510683
1.791759469228055,1.9560396503461486
1.0986122886681098,1.6191902177542246
0.6931471805599453,0.4600516505258462
1.0986122886681098,1.3739374074957635
0.0,0.05504616303023345
6.124683390894205,5.6483957609208675
2.6390573296152584,2.83840851106799
3.8501476017100575,4.30787614648556
7.422373700986824,7.337549038985733
4.912654885736052,6.6355457601350265
4.7535901911063645,5.740040159439164
0.6931471805599453,0.2684507328747443
0.0,0.2480902759706045
2.5649493574615367,2.9149706957967796
0.0,0.0
1.3862943611198906,2.050729838907781
4.23410650459726,4.346449361326108
3.218875824868201,3.938756678666038
1.3862943611198906,0.47166697289628473
6.115892125483034,6.915755726794413
6.77078942390898,5.62536786919683
1.791759469228055,2.375936324112876
2.3978952727983707,1.9530077590599182
0.0,0.08034455836730889
4.770684624465665,3.330526669913083
0.0,0.01181722013376975
2.70805020110221,2.579414854208756
6.035481432524756,6.192342573532856
7.697121317282625,6.566040551229167
4.174387269895637,3.8288368472697036
5.389071729816501,4.879844284911774
4.59511985013459,3.762039251970237
9.169976605786628,7.887604423946313
7.307872780763706,6.9765575035232885
4.663439094112067,5.0882810365981666
6.228511003591184,5.6304615333537305
0.0,0.5578058052516549
0.0,0.5623528470431783
0.0,0.257313069142063
1.0986122886681098,1.7686105053026684
3.49650756146648,4.174801240147951
4.584967478670572,2.75543533756595
0.0,0.0
0.0,0.1990910797255019
2.5649493574615367,2.0746600061248537
1.3862943611198906,1.036889136724972
0.6931471805599453,0.8452419443603996
5.459585514144159,5.588279104422435
0.0,0.06371302705391803
4.143134726391533,4.147916055094688
2.9444389791664403,2.773688259956567
3.9318256327243257,3.416614336070681
0.0,0.8521588598047263
0.0,1.5971034442523864
1.0986122886681098,0.4174847359897197
3.9889840465642745,3.71595174668044
7.907651594711089,7.892695954513152
6.641182169740591,4.798033455549662
1.0986122886681098,1.060374916056053
3.80666248977032,4.3924355655039635
7.748028524432376,8.375915756424066
4.442651256490317,4.7948335361379995
2.4849066497880004,2.4935314228117242
0.6931471805599453,0.9392057233132436
0.0,0.029498513347769224
5.916202062607435,4.741105071360614
2.833213344056216,1.8204199033012716
0.0,0.12832500960627988
2.19722457733622,2.5574019371712042
2.70805020110221,3.140789980269138
0.0,0.17021545594165047
2.70805020110221,3.790889193938808
0.0,0.023328836392824924
4.356708826689592,4.891839521521442
3.9889840465642745,3.878175320014372
0.0,1.8231315997669946
1.0986122886681098,0.07325753536176627
4.709530201312334,4.209412478013006
2.3978952727983707,2.5845859424811715
0.0,2.122166958299908
0.0,0.07506552478580696
0.6931471805599453,0.5114313458341427
0.0,0.2574371206133243
6.171700597410915,5.835948602837735
5.53338948872752,5.08859206429758
4.812184355372417,3.558007136480608
0.0,0.4588722535573752
5.068904202220232,5.39137132971397
5.2832037287379885,4.514785517678983
4.110873864173311,3.2484493558633836
0.6931471805599453,0.24971843188323387
3.951243718581428,4.423321167304769
5.7745515455444085,5.743259388752382
1.0986122886681098,0.648348048658852
2.19722457733622,1.8219826064015965
0.6931471805599453,1.982727567749753
4.02535169073515,4.29232601017191
0.0,0.0771207061284739
1.6094379124341005,2.849368034863735
2.772588722239781,3.3241757314642504
4.382026634673881,4.242009175741299
1.0986122886681098,2.5738964071150767
0.0,1.32177796944532
0.6931471805599453,0.3943175480392411
0.0,0.7730679935448781
6.20455776256869,4.654111728068174
0.0,2.0524553170318813
0.6931471805599453,0.16295565960923045
4.330733340286331,3.756520379925414
1.9459101490553128,2.8083939309341255
0.0,0.8864722219326165
2.5649493574615367,2.702240427693145
0.6931471805599453,0.8493273708555913
4.859812404361672,4.748830937252335
3.295836866004329,3.9914781961519563
3.1354942159291497,2.867040390618793
2.079441541679836,2.3846101450790838
0.0,0.28111673960339745
1.3862943611198906,0.40545462819399514
2.4849066497880004,2.5068956633199067
3.6375861597263857,1.6097849382275804
0.6931471805599453,0.5113388181661779
5.476463551931511,5.171281533744656
4.382026634673881,4.885095577130149
1.6094379124341005,0.22945711641872046
0.0,0.6314086027897542
2.4849066497880004,2.5741671267513224
1.0986122886681098,0.1314672971178804
0.0,0.8560224992475096
2.19722457733622,2.1251421400205244
2.3978952727983707,3.0868869400533896
0.0,1.3337705961166757
2.302585092994046,1.7301187117552506
0.0,1.9217372545371074
2.302585092994046,1.928565465484922
2.6390573296152584,2.492271769425587
5.926926025970411,6.016805520681281
0.0,0.5292274651193589
2.5649493574615367,2.4383706698014174
0.6931471805599453,0.9557280387568377
2.5649493574615367,2.8255265005223014
0.6931471805599453,2.1384498746866445
0.0,0.0
1.3862943611198906,1.565358767018472
2.3978952727983707,2.9419042367590302
7.781973234434385,6.8221055131640735
1.3862943611198906,2.4969590439317857
2.4849066497880004,2.6359766407083454
5.1647859739235145,4.73049741831995
5.272999558563747,4.912811653237459
1.791759469228055,0.9845060412171476
0.0,0.14514509960686955
2.772588722239781,3.810599303796428
1.791759469228055,3.532451205596493
3.258096538021482,4.021031213714238
3.332204510175204,3.0350459056704135
2.772588722239781,2.4229748123186834
0.6931471805599453,0.16092209524245454
3.951243718581428,3.0294936290156067
1.0986122886681098,1.7313897331162875
3.295836866004329,3.2705109724282306
3.6635616461296463,3.1869621275372713
0.0,1.3501444170085897
3.871201010907891,4.301980572872315
0.0,0.6290204424773563
0.0,0.36637956715243514
0.6931471805599453,1.5773124706675647
0.0,0.24056732317330284
0.6931471805599453,0.7021056708817642
7.747596838692885,7.303558309901142
1.3862943611198906,1.4085295097471007
1.9459101490553128,1.2713559262031662
0.0,0.8204119825132472
1.3862943611198906,1.578994521455029
2.995732273553991,2.6812677890428485
3.044522437723423,3.244768129684856
5.056245805348308,6.296658342267465
0.0,0.7553540995142947
5.513428746164983,5.447054460556239
1.3862943611198906,3.165686962675912
4.700480365792417,5.2864609141172245
1.3862943611198906,1.0662145722343241
0.0,0.14751413081571438
1.791759469228055,2.8592188349286345
3.610917912644224,4.137871665901769
0.6931471805599453,0.17823765728305843
0.0,0.22261533175676057
2.302585092994046,2.656254454478054
0.0,0.6623024839705902
4.262679877041316,4.911301660378819
4.430816798843313,4.340160364820162
5.455321115357702,5.978427604289122
2.70805020110221,3.29936392018155
0.6931471805599453,0.7805024248177994
0.0,0.9192037762786898
5.1647859739235145,5.2323736878156275
0.0,1.1153196422631397
0.0,0.5785844609100348
3.218875824868201,3.4111494121127435
1.9459101490553128,2.136809374287245
1.0986122886681098,0.885305954184931
2.4849066497880004,2.231095325115185
5.613128106388071,5.952285746960731
0.0,0.444071095232445
0.6931471805599453,0.7075757258052978
0.0,0.31811235798490656
0.0,0.2869114559167525
0.0,0.3190737198273835
0.0,0.0
3.091042453358316,2.576697252389492
2.079441541679836,2.7111161496223857
0.0,0.8312690870824547
0.0,0.05583099401850458
3.737669618283368,3.1085090333788497
0.0,0.38939590551612435
4.672828834461906,3.748623113592704
3.784189633918261,3.918801213134797
2.833213344056216,2.2528985031097113
1.9459101490553128,2.175573183501568
0.0,0.2484428999358864
4.007333185232471,3.8318350143065762
1.9459101490553128,1.528843743750478
0.0,0.6805255214942958
0.6931471805599453,1.5246907378578045
1.6094379124341005,1.846538928276881
1.0986122886681098,1.429232347432413
0.0,0.04648363867676277
0.6931471805599453,1.4371974291250782
2.19722457733622,1.229507947071645
0.6931471805599453,2.1687081544436033
2.3978952727983707,2.3563683030192006
5.0369526024136295,4.781588010185715
0.0,1.0717021797415638
0.0,0.21223077262503143
0.6931471805599453,2.1250081995198364
1.0986122886681098,1.065880374623982
0.0,0.7475865528820476
2.302585092994046,2.1155475399562085
2.772588722239781,2.816182820634067
2.5649493574615367,2.5206291964385645
2.833213344056216,2.1745697419473324
2.4849066497880004,1.7224281960864003
3.4339872044851463,3.2822252094337805
3.58351893845611,3.6642192331699337
6.1092475827643655,6.669669413688216
5.66988092298052,5.908166733605815
0.0,0.2713231844186468
2.772588722239781,2.5194299292352342
0.0,0.20298073198188601
1.9459101490553128,2.906357415170912
1.791759469228055,1.7200327059896976
1.0986122886681098,0.9842689320774709
0.0,0.21519476760915646
0.6931471805599453,2.2544937609407247
3.713572066704308,4.014333373833174
0.0,0.7773204485089268
8.439880088313567,8.334944070874352
3.8501476017100575,5.122187011784066
4.07753744390572,4.751181870224621
0.6931471805599453,0.5407377684003876
1.9459101490553128,2.75729913897009
2.4849066497880004,1.9991893822977935
7.080867896690782,6.314288983185002
5.429345628954441,5.1872077889120085
0.0,0.29624138897182284
0.0,0.6821984194977934
0.6931471805599453,0.3016365432996505
0.0,0.1544312740667943
0.0,1.0212308940646224
0.0,0.03422707975772812
6.084499413075172,5.800107719600025
0.6931471805599453,0.7986769946797176
0.0,0.13455393644327662
2.4849066497880004,3.232388305999101
1.0986122886681098,1.8519437035453814
0.0,0.20850581748997626
2.70805020110221,3.422781940527707
0.0,0.012391795417050213
7.606387389772652,7.390836532137503
1.791759469228055,0.8953545934795502
0.0,0.016413751993273423
0.0,1.6535374706803003
3.8918202981106265,2.9706258964844263
3.6375861597263857,4.4600825350432025
1.3862943611198906,2.2205201839865074
9.169976605786628,6.715909540457828
0.0,0.05186454433267062
0.0,0.12676471397757813
1.6094379124341005,1.4902097999486699
4.663439094112067,5.139660195670238
1.6094379124341005,2.138686593243657
1.0986122886681098,1.359228357040567
2.772588722239781,3.3072735202380628
0.0,0.11072383209361783
6.077642243349034,6.362772967361077
6.635946555686647,5.952181228201956
0.6931471805599453,1.6936430492240868
2.302585092994046,1.3279479715533473
9.169976605786628,7.054700877040457
4.04305126783455,3.614666394118115
0.0,0.0
3.713572066704308,2.79526191885792
2.4849066497880004,2.2667318813666473
2.19722457733622,2.362267195487648
2.3978952727983707,2.5671374059897314
0.0,0.10737459034855167
0.6931471805599453,0.5493061443340549
2.19722457733622,1.692979208326955
5.123963979403259,4.399133354599607
2.772588722239781,2.905479107412654
0.0,0.8071060647560966
0.0,0.0
0.0,1.779553642624843
5.501258210544727,5.061933780742763
3.295836866004329,2.7839686590688713
0.0,0.07146041194916761
0.0,2.660478780666758
0.0,0.34657359027997264
0.0,0.025867065374057738
2.4849066497880004,2.1581757719332626
4.430816798843313,4.437132833424166
0.6931471805599453,1.6096405327812697
0.0,0.08559328880796765
0.6931471805599453,0.4546146666316075
2.4849066497880004,4.138576736289201
2.8903717578961645,3.4913011402401435
1.0986122886681098,1.3615296782382311
0.0,0.6407298716581725
6.956545443151569,6.781966171764393
3.7612001156935615,5.365820863388931
1.6094379124341005,0.5114333084087589
3.1354942159291497,3.2694957136480047
6.461468176353717,5.3007078036568975
4.23410650459726,4.199266541114731
4.882801922586371,4.576191847109064
0.6931471805599453,0.7430250216859237
2.833213344056216,3.2898260939493302
0.0,0.07046419924130141
6.595780513961311,7.226607628156652
0.0,0.09429182134635197
4.174387269895637,3.920785867490404
0.6931471805599453,0.2564281996871823
2.19722457733622,2.6929074475571175
1.791759469228055,3.0823486725318037
2.079441541679836,2.3747756582521884
1.6094379124341005,2.1851098897577232
3.1354942159291497,2.2094182101555493
0.6931471805599453,2.166176140352207
0.0,0.0
0.0,0.053836569146571124
0.0,0.6179869058699475
1.0986122886681098,0.7107006821543771
6.894670039433482,6.289377407827511
1.3862943611198906,1.122295495029033
2.8903717578961645,2.8377790470957227
0.0,0.743029892998788
0.0,1.5697580776739226
5.961005339623274,3.7209546317522193
5.7745515455444085,6.044798415588608
1.6094379124341005,1.0743718313873025
4.248495242049359,3.085670977366171
8.658692753689937,8.509144722803235
0.0,0.8135113278022991
0.0,0.49474184538428856
1.6094379124341005,1.698477176997625
3.912023005428146,3.975466647601292
0.0,0.05989257305748618
4.762173934797756,4.696015741428487
0.6931471805599453,1.8320398798460413
0.0,0.09241836888758186
0.0,0.44574786822052653
0.0,0.5675826940674971
5.680172609017068,5.340499115685982
1.0986122886681098,0.604084773112932
0.6931471805599453,1.8213561716569777
0.0,0.06191652904040729
0.0,0.37100659028490945
4.02535169073515,3.6955373136862146
3.737669618283368,2.9924635577974725
2.70805020110221,2.4430342174054327
0.6931471805599453,0.02739276689893251
0.0,0.3732841183327146
1.3862943611198906,2.0083937419165023
3.1780538303479458,3.634860168587395
3.4339872044851463,3.1816921397256026
1.0986122886681098,1.2973356052866976
0.0,0.6562405319525085
0.0,0.9342696311051032
4.23410650459726,3.793218423683965
0.0,0.1299947730463771
2.302585092994046,3.174416552506542
0.6931471805599453,1.8854641634455325
0.0,0.5473012601518442
1.791759469228055,2.6137239830380152
0.0,0.463833531292322
0.0,0.0
0.0,0.13026584627195711
3.8501476017100575,4.127439593825595
4.624972813284271,4.564613169357767
0.6931471805599453,1.4826912148641094
1.791759469228055,1.5836243646763357
3.332204510175204,3.419031318654992
0.0,0.059154217296442144
4.605170185988092,4.787562164727858
0.6931471805599453,2.3048877805272814
0.0,0.269084523782716
0.0,0.0
5.4510384535657,5.885460353892549
5.703782474656201,5.987986784421404
5.594711379601839,4.5898764609534055
0.6931471805599453,0.9388626923182722
0.6931471805599453,1.4646926267156781
4.663439094112067,4.46054713357103
0.0,0.04847306626932103
0.0,0.28575407790776747
1.0986122886681098,1.0257561146790561
2.079441541679836,1.5174576045135462
2.6390573296152584,3.5760025560014794
1.0986122886681098,1.3723814565970816
2.833213344056216,4.040238558633771
5.973809611869261,5.981513689334516
0.0,1.698142266861495
0.6931471805599453,0.4693805425912783
0.6931471805599453,0.4035559746268543
3.58351893845611,3.2858388659661353
0.6931471805599453,0.05511723180839871
4.174387269895637,4.163464583418773
3.367295829986474,3.1285986218616793
6.729824070489475,5.149108177976015
0.0,0.5057696030424635
0.6931471805599453,1.9051485726402182
4.3694478524670215,3.8327683235781347
3.8501476017100575,3.7956604479478693
1.6094379124341005,0.7343400382662727
0.0,0.6933909246314569
2.9444389791664403,3.314492161869652
0.6931471805599453,0.18446234803519962
2.833213344056216,2.8881596795222526
4.204692619390966,4.348358149437511
7.431299675155903,6.913244323545994
0.6931471805599453,1.1954176313037617
2.4849066497880004,1.9178582480813091
7.167809184316444,4.17883052912613
7.126087273299125,7.142407425222426
6.486160788944089,5.239340618524792
2.833213344056216,2.4355466265883208
0.0,1.1628492623540667
0.6931471805599453,0.6849218966497007
2.772588722239781,2.8964168077059753
3.8501476017100575,3.599123231673155
1.0986122886681098,1.296207594190917
0.6931471805599453,1.0991860998139384
0.0,0.7466002403232941
2.4849066497880004,3.7668958385502767
0.0,0.12632885692934862
0.0,1.6049344324054824
6.413458957167357,5.262987412782108
2.5649493574615367,3.182980104480512
0.0,0.6274756503121239
0.0,0.2109888218625196
5.7430031878094825,6.090307355888596
3.218875824868201,1.780633218161218
0.6931471805599453,1.2664845293860916
3.1354942159291497,3.7884107108497758
0.6931471805599453,2.718599713295538
1.3862943611198906,2.4039099245679174
0.0,0.5669113451714693
1.9459101490553128,1.1420874400817258
0.0,0.5962920780869084
3.332204510175204,2.0217188761907714
1.0986122886681098,0.17281539872796492
7.089243155027514,6.638533985499537
1.0986122886681098,1.3943407236020922
3.912023005428146,4.661721190457148
1.3862943611198906,2.1292152397140707
1.0986122886681098,1.6191902177542246
0.0,0.7208186216954784
3.6635616461296463,2.6565645448219497
4.127134385045092,4.711930004993786
3.49650756146648,2.7799356175329764
2.3978952727983707,2.5172189674938434
8.442685139241176,8.07357260465321
2.6390573296152584,1.6851482458790314
0.0,0.18246687565942743
3.5263605246161616,3.426068146564156
0.6931471805599453,0.9495990861117666
6.169610732491456,5.728763058751811
5.198497031265826,5.293755405851369
6.042632833682381,5.503799616748955
1.6094379124341005,2.041725585524589
1.791759469228055,1.5425270205916766
0.0,0.27164386035396193
0.0,0.7345350849035233
2.3978952727983707,2.6821127136138965
3.970291913552122,4.277701502750975
4.543294782270004,4.219503348063767
1.0986122886681098,1.0273366829245263
0.0,1.1181515805392985
5.236441962829949,4.066057700519073
3.8918202981106265,4.6036311193735475
2.302585092994046,2.0965633410230846
3.1780538303479458,3.611211166882517
4.406719247264253,2.820319402432642
5.262690188904886,5.274265292408442
2.772588722239781,1.6671686718598069
0.6931471805599453,0.3154841454557718
0.0,0.11711816383622906
6.765038976780541,7.0588635027389275
2.70805020110221,2.1356210390344748
2.772588722239781,2.755846858023028
5.3230099791384085,4.9250871214274285
0.0,0.009662399865893975
1.3862943611198906,3.2283835506218352
2.995732273553991,3.3771648245827146
0.0,0.9882783815393238
0.0,1.362608395137578
4.060443010546419,4.556568139590791
1.6094379124341005,0.886537978256419
0.0,0.05740536606725589
1.0986122886681098,2.06560882204651
0.0,0.09794627799052935
5.627621113690637,6.113131857480758
1.0986122886681098,1.4271314296683333
4.875197323201151,4.2059539285097625
1.3862943611198906,2.0421008833096375
0.0,0.06903119755955571
9.06577692078483,9.009752156162902
2.079441541679836,2.967447739836272
0.0,0.31159070030503816
3.912023005428146,3.735511570663828
1.9459101490553128,1.7695668645976848
0.0,0.312193573972612
3.4011973816621555,3.908832048060943
6.536691597591305,6.098644461548679
0.0,0.663332166175385
5.3612921657094255,4.637712652874954
0.0,0.32223529595196265
0.0,0.4104095969117503
0.0,0.029825569745339838
3.4011973816621555,1.499476848161252
0.0,1.246888305610881
0.0,0.39923542098900255
3.688879454113936,3.7513046411362883
0.0,0.9808730726327524
5.062595033026967,4.416272541802639
1.3862943611198906,1.2637965428795719
0.6931471805599453,0.9492192663885031
0.6931471805599453,1.295136077414187
2.70805020110221,3.593015281330234
0.0,0.6304045342402524
5.117993812416755,5.3349509647777085
0.0,0.02954112426918599
0.0,0.02845509967361901
7.711101251840158,7.529911312292467
0.0,0.03458343074280131
7.130098510125578,7.323414384046717
0.0,0.3828865500130364
0.0,0.28844825581619754
0.0,0.26585455480690584
3.49650756146648,4.084985971870916
0.6931471805599453,1.2680550752490929
0.0,0.7253281595233205
0.0,0.4063682024567049
0.0,0.0
2.19722457733622,2.3408460508166455
3.258096538021482,3.017765522188553
1.0986122886681098,0.7698787911295398
0.0,0.0932043138635031
2.079441541679836,1.5861956059331264
2.833213344056216,3.003288709566375
0.0,1.1468079125270376
9.169976605786628,8.85219697017524
7.954723334497908,8.187464241498695
0.0,0.3220680055334963
0.6931471805599453,1.6474795738495336
9.169976605786628,9.014696749712456
0.0,0.0
1.3862943611198906,2.282612548853057
4.219507705176107,4.756086672373265
2.4849066497880004,1.7779034619918141
2.8903717578961645,4.172549593569446
1.6094379124341005,2.4669753197575117
2.079441541679836,1.431660096103449
2.8903717578961645,2.3751810071460766
2.5649493574615367,1.7065284487471828
4.976733742420574,4.899416962486093
3.49650756146648,3.282189976467891
0.6931471805599453,0.6840948692753142
7.186901020411631,6.612708639194977
5.030437921392435,5.251302762255651
1.791759469228055,2.036497451362745
4.890349128221754,4.471684192497065
0.0,1.8079364584843816
1.3862943611198906,1.870023486288371
3.9889840465642745,4.113655741851087
0.0,0.0
7.43543801981455,7.247862351763648
1.3862943611198906,1.5898248572372944
1.6094379124341005,0.7338708036446187
0.0,0.11005557904986078
0.0,0.6567685185114606
0.0,0.9937050272711849
0.0,0.07904234436810804
7.398174092970465,6.654249469139214
5.802118375377063,4.460283500146346
8.866017398810255,8.625421774393084
5.613128106388071,3.391258038313087
0.0,0.4935664857930515
3.258096538021482,2.5600313939670154
0.0,0.5310064085968538
2.995732273553991,2.8856336554169766
0.0,0.1338279631725995
2.5649493574615367,2.972314965655679
2.4849066497880004,2.467724644167943
0.0,0.10031092400157521
4.219507705176107,3.703345316356971
4.0943445622221,4.1969173677459395
3.332204510175204,2.7543826012270856
0.6931471805599453,1.7901411270580503
2.079441541679836,1.5685374316316048
0.0,0.8835008886547772
3.367295829986474,3.377004143762932
0.0,0.07120965715855768
0.0,0.837102672541502
0.0,0.0619874639576089
1.0986122886681098,0.7822905398218937
2.70805020110221,2.111031757489694
0.0,0.9443570524047606
1.0986122886681098,0.9525646607851666
1.791759469228055,3.4687198583559025
7.519149957669823,6.733183153287658
2.772588722239781,2.8672628477948696
5.6937321388027,5.5267965151335225
3.1354942159291497,2.110701668313615
0.0,0.11684621619308895
0.0,1.8569896461861124
2.8903717578961645,3.149962599814146
1.6094379124341005,1.570155744857226
9.0320506762956,8.361726070102007
0.0,0.23493246690205283
2.302585092994046,2.471788374421762
2.302585092994046,2.2712611455082645
4.997212273764115,4.782978988192874
1.791759469228055,2.2091410926518495
4.882801922586371,5.006690732897233
0.6931471805599453,0.4441233365411047
2.3978952727983707,2.217157601291892
5.552959584921617,6.356343127257607
0.6931471805599453,0.17630498850084647
4.867534450455582,3.964896790414435
1.6094379124341005,2.797455846553603
1.791759469228055,0.30610541520746665
0.0,0.37497994642223886
4.564348191467836,4.863874123577322
0.0,0.7528065450693037
2.079441541679836,2.637672267434947
2.3978952727983707,2.985363341482794
2.3978952727983707,2.426227216136192
0.0,0.1281414162378917
6.324358962381311,4.287756585776348
0.0,0.1462502145077013
6.39024066706535,6.300159734605956
2.079441541679836,0.3785750140308741
0.0,0.15330586994618067
0.0,0.022951416622349934
0.0,0.04977224709609155
0.0,0.7867184411055154
5.225746673713202,5.554940522473174
0.0,0.0
4.060443010546419,2.554115613576059
1.3862943611198906,0.7346747110183309
0.0,0.19166651312841435
4.442651256490317,4.912860886665969
0.0,0.6574133280351112
4.5217885770490405,4.897663132059451
2.6390573296152584,3.4460284514240134
6.194405391104672,6.26429151977728
0.0,0.31287342993420736
0.0,0.5907966413754523
0.0,1.359352017646007
3.4657359027997265,3.6917086987312366
3.091042453358316,2.9958900309957914
0.0,0.04332726611792367
1.3862943611198906,2.4755388519147927
5.981414211254481,5.7772699177308064
0.0,0.7071000844524444
4.6443908991413725,4.106013481791011
0.0,0.1644436752534703
2.079441541679836,2.6034005745478246
2.3978952727983707,2.151604242655241
0.0,0.11847102206560559
3.044522437723423,3.281241492091564
0.0,1.7062008526252572
3.044522437723423,3.7857024050772363
2.302585092994046,2.249523084910257
1.791759469228055,2.6093480434680427
2.5649493574615367,2.812800897434359
9.169976605786628,8.549862705910082
3.58351893845611,3.806041333667895
1.3862943611198906,1.9270412357869988
5.780743515792329,4.940221461740006
7.094234845924755,7.127209132400906
3.295836866004329,3.256658281038827
0.0,0.29957982949789774
5.996452088619021,6.611427695050774
2.302585092994046,2.533980930072372
4.418840607796598,4.2530445941556545
4.543294782270004,4.056897206657896
7.05444965813294,5.68205996208464
0.0,0.7388940699229094
0.0,0.9096408823469931
2.772588722239781,3.1947959341774053
0.0,0.3106653817268034
2.19722457733622,1.8733322068176939
2.5649493574615367,2.8517657837866506
2.9444389791664403,3.4886294036982233
1.3862943611198906,0.8439515006251072
3.555348061489413,4.514763362951703
2.9444389791664403,3.3427402620837783
0.0,0.49731030075484584
0.6931471805599453,1.9932606910305786
1.791759469228055,2.010542768088976
3.1354942159291497,3.625817495320225
0.0,0.3399403916559245
3.784189633918261,3.017039217899977
0.0,0.4721763507102888
0.0,1.5924215315965018
0.6931471805599453,1.3765859497575657
2.079441541679836,1.8922670300291395
1.6094379124341005,1.4740923812275464
1.3862943611198906,2.129307701299219
3.332204510175204,3.204815832676914
3.044522437723423,3.4157315950040084
2.4849066497880004,3.1068551585484907
4.143134726391533,3.681984780465273
1.791759469228055,1.6078505981548266
2.833213344056216,2.7880035972311656
0.6931471805599453,0.539800269179402
2.079441541679836,2.6735379800588888
0.0,0.09587005854992538
4.158883083359672,3.8280440851134983
0.0,0.6235045948287447
2.079441541679836,0.646132306432846
0.0,0.007726712900714285
1.3862943611198906,1.7207842112609006
0.0,0.0529734064445878
0.0,1.7695384772481841
1.6094379124341005,2.1149077581281968
3.8918202981106265,3.550604963354691
0.0,0.5110628129559209
1.0986122886681098,1.7060672970489255
3.8501476017100575,3.0161229673200483
2.302585092994046,2.685071511896491
1.3862943611198906,0.3016038710648093
4.07753744390572,4.40583961308815
0.6931471805599453,1.4871545975694789
0.0,0.49846947506793315
0.6931471805599453,0.10187596194723562
0.6931471805599453,1.3156568781577882
0.0,1.0240521226118255
0.0,0.5751542152151066
1.3862943611198906,1.769228518972849
2.079441541679836,1.926542349438475
5.123963979403259,5.918571323294629
1.6094379124341005,2.0530469487464016
0.0,0.8204314817078361
0.0,2.2459266252860437
1.0986122886681098,1.9522573278405233
4.934473933130692,4.490164988920934
0.6931471805599453,0.9922431355783272
1.3862943611198906,2.736732261167193
2.9444389791664403,2.311071161372657
1.3862943611198906,0.282914340947414
0.0,0.013991239553311073
2.9444389791664403,1.9458213293453377
0.6931471805599453,0.5320767458257536
2.5649493574615367,2.636592464943637
5.638354669333745,5.974469400998555
1.0986122886681098,0.8283695442147856
0.0,0.3009386226830611
3.6635616461296463,3.7806994894180286
2.8903717578961645,1.861203668236315
0.6931471805599453,0.5565495324045354
1.6094379124341005,1.7542928812881866
3.80666248977032,3.3556466856596123
5.225746673713202,5.370047037329426
0.6931471805599453,1.307876294062062
3.258096538021482,3.062181464444121
0.0,0.49770679234897486
0.0,0.1107333878796388
1.6094379124341005,1.8060797856513229
7.938802248154481,7.02413212049706
0.6931471805599453,1.9241657995752808
5.214935757608986,4.753920550327292
0.0,0.5184426205968488
0.0,0.6655900326636868
0.6931471805599453,0.837102672541502
2.4849066497880004,2.0767983339335703
2.3978952727983707,2.5054596376265104
2.70805020110221,2.4742087907002013
6.180016653652572,5.754698780941908
1.0986122886681098,0.8319452148747021
0.0,1.8396078598928352
0.0,0.6640289895144429
0.0,0.13133843683832505
0.6931471805599453,1.6835803896236725
0.6931471805599453,1.6739333819261277
1.6094379124341005,2.7147906896330505
0.0,1.9016125808709141
1.3862943611198906,0.4617713598767991
0.0,1.1869647708636522
6.385194398997726,6.556964460199015
0.0,0.1638113597791723
0.6931471805599453,0.9333812375003833
1.0986122886681098,1.959675071729749
1.6094379124341005,1.874530323628024
5.3981627015177525,5.39567309163258
3.9318256327243257,3.4977924960691977
4.983606621708336,5.236166921346725
0.0,0.3994965381532692
3.218875824868201,2.5789285606085257
0.0,0.03640115787254735
0.0,0.023754072804160555
5.075173815233827,5.022799160005575
6.028278520230698,5.329451704749809
3.610917912644224,3.4569940034035214
0.0,0.10747237846055027
9.060447282401563,8.651080869786814
1.3862943611198906,1.4689485506136588
1.6094379124341005,0.40084610288307404
3.044522437723423,3.31282506068795
3.688879454113936,3.4019270985907593
0.0,0.07107856528536137
4.653960350157523,4.374415761190859
6.584791392385716,6.064501005695795
0.0,1.170996622244926
1.6094379124341005,1.7326941732917345
1.0986122886681098,0.836464918454154
6.274762021241939,6.244553351742058
0.0,0.02910390541838075
3.091042453358316,3.419817296959625
5.365976015021851,4.467285766000194
2.3978952727983707,2.2268316871128264
2.079441541679836,1.525058187076495
3.8918202981106265,3.8735740468490394
1.6094379124341005,0.5251668813886865
0.0,0.3122447772327604
2.70805020110221,2.659373042523907
4.584967478670572,4.301270307946942
6.508769136971682,6.497110354852549
0.0,0.3733285625181606
0.6931471805599453,2.3305539652070735
2.4849066497880004,2.1262929197729923
1.0986122886681098,0.44837555903764764
5.303304908059076,5.662963809926438
0.0,0.7229849917578002
5.241747015059643,3.9367301718364973
2.19722457733622,2.1059614054142695
6.030685260261263,5.562691321405953
1.791759469228055,3.1082088804603782
4.663439094112067,3.0533638591489076
1.791759469228055,2.9889250314259295
4.543294782270004,4.20351063127701
0.0,0.6083864809921063
0.6931471805599453,0.628835597951827
0.6931471805599453,1.6248569433216473
0.6931471805599453,0.6146948002791266
3.044522437723423,2.398570374940739
5.0369526024136295,4.1071425864102995
0.6931471805599453,2.353794494408836
4.454347296253507,4.595053932506341
1.6094379124341005,2.981530117637718
1.6094379124341005,2.7316580963056536
1.3862943611198906,1.4954739302726816
4.74493212836325,4.6420220500042815
4.276666119016055,3.9079015258654772
3.332204510175204,3.161924128614192
4.584967478670572,4.174552750891264
1.0986122886681098,1.8613558777705073
0.0,0.6191273575439895
0.0,0.6001350544265439
3.044522437723423,1.7687538948966066
2.079441541679836,1.9714300974826686
4.890349128221754,5.103538613613425
2.079441541679836,1.4125604303298807
8.289539484624141,8.454715424137342
0.6931471805599453,0.433555988760009
0.0,0.07129126954040886
0.6931471805599453,0.6931845141826177
0.0,0.15680940215412098
0.0,2.7193904982312844
0.0,0.06430379228643852
0.0,0.15892035042974403
0.6931471805599453,1.1357478681892637
0.6931471805599453,1.3310178937663248
0.0,0.0
0.6931471805599453,0.5834016881636392
5.58724865840025,4.820914184476027
3.610917912644224,3.5557914620711863
3.828641396489095,4.3953010084159185
2.4849066497880004,2.274742276328899
6.184148890937483,5.3925065576460725
6.519147287940395,5.870137941555583
6.0112671744041615,5.254929545027327
1.3862943611198906,0.46460755170266915
4.532599493153256,5.447058946970207
3.9889840465642745,3.4472814733828674
1.3862943611198906,2.1403719648085135
1.791759469228055,1.7411650825430203
1.9459101490553128,1.6936202553013977
0.6931471805599453,0.9442919599090989
2.4849066497880004,3.439356638207742
2.19722457733622,1.059509729767995
0.0,0.3136176779674798
4.867534450455582,4.387598600462341
0.6931471805599453,0.3410454296160816
0.0,0.4984675931443479
0.0,0.0
0.0,0.7555759766306339
0.0,1.5990857479930982
2.8903717578961645,3.3526956138279695
7.301822342137932,7.530612667910883
1.0986122886681098,0.6874812641047392
0.0,0.05022812552230391
0.0,1.2589356692568203
1.9459101490553128,1.8839696387118512
5.2832037287379885,5.548409918674106
0.0,0.060224928894828444
0.0,0.22374710061186343
0.0,0.07362776159713622
4.584967478670572,3.8363629840945856
2.4849066497880004,3.0997294054149864
0.0,2.2245903834324383
0.0,0.21045437585644639
2.8903717578961645,3.1433286878297126
3.8501476017100575,4.131597803206597
0.0,0.405812159334379
3.9318256327243257,1.8598752513852572
0.6931471805599453,0.4533009346032863
1.791759469228055,1.5067040406603323
0.6931471805599453,1.7031278220946962
7.10085190894405,6.49213951193116
0.6931471805599453,0.3956385808563669
0.0,0.4689730481571247
7.553810852008231,7.337161915880658
0.0,0.03184691465297227
2.19722457733622,2.1418780924228114
1.6094379124341005,1.7515431467248177
4.997212273764115,4.617876870666498
0.6931471805599453,2.0727857803138003
5.552959584921617,4.144829265152649
1.6094379124341005,1.7627865475509812
4.836281906951478,3.9107963783474435
2.5649493574615367,2.7818884671051682
2.70805020110221,2.7093244566023857
4.343805421853684,4.429330914472058
1.791759469228055,2.3778147882063863
0.0,0.0
3.367295829986474,2.1467214175487883
1.791759469228055,0.6390457316015151
9.169976605786628,8.828549156151237
1.791759469228055,1.5778679639682922
7.525639975041535,8.421261808247724
8.043984431221553,6.814134585954447
1.3862943611198906,2.172487259099407
1.0986122886681098,1.3127966103681996
0.0,1.6168218278529354
3.737669618283368,3.348803211776675
2.3978952727983707,0.8146525939892061
3.8918202981106265,4.904746055935183
5.513428746164983,2.9410203652937668
0.0,0.38914638733443424
1.3862943611198906,1.0843347448440182
5.976350909297934,5.461351107413614
4.465908118654584,3.772603279089901
3.367295829986474,4.582923194184423
1.9459101490553128,3.256298676106961
2.079441541679836,1.6539604223902438
3.7612001156935615,5.421945094620565
0.0,0.0921193105203909
2.079441541679836,2.345968581220142
1.6094379124341005,2.408334321173826
4.356708826689592,3.1275929093029675
1.6094379124341005,2.398082876957046
0.0,0.9264028320974582
4.356708826689592,3.510217516342695
0.0,0.4152973303192833
8.173575486634153,5.527742069698328
0.6931471805599453,1.5563869213970907
1.6094379124341005,1.967212738278949
3.295836866004329,3.1709058178933542
1.0986122886681098,1.6540712003236966
2.995732273553991,3.0119372452437534
3.044522437723423,2.6294250874448104
1.3862943611198906,0.9722488823211349
0.6931471805599453,0.7898379311538634
0.6931471805599453,0.7799609783817513
0.0,0.8930528108773151
5.030437921392435,3.5950950121496
4.204692619390966,4.866673964877546
0.0,0.7459721322001088
0.0,0.5900880697700408
0.0,0.1765327268523485
3.1354942159291497,4.001008075732632
3.218875824868201,3.1583971537102205
2.3978952727983707,3.167105725571593
1.6094379124341005,0.4798808507447817
0.6931471805599453,0.6103285484860339
0.0,0.0
1.3862943611198906,1.9335870904191879
0.0,0.09672346559910219
2.995732273553991,3.701000239236832
0.6931471805599453,1.6923877108633332
0.0,0.27100445536547735
1.3862943611198906,2.162395251119168
0.0,1.2445000474567
1.0986122886681098,2.118752042196583
0.0,0.4956808248818319
0.6931471805599453,0.8787355496310869
2.6390573296152584,3.0988754854226186
0.0,0.8533393382324648
1.6094379124341005,0.31831215814010355
5.303304908059076,5.102823692098245
3.1780538303479458,3.8340863380585772
4.143134726391533,4.568920543509856
3.4657359027997265,3.431114001086288
0.0,0.21113594899307528
2.079441541679836,1.9868700248396995
4.990432586778736,4.047470646692818
0.0,0.48070795953391876
0.0,0.7126101076267017
0.0,0.020465998569507357
1.3862943611198906,1.4615493826746093
2.079441541679836,1.0800639973572035
2.302585092994046,2.9260163238365617
0.0,0.4884803104888614
1.6094379124341005,1.5424479628590742
0.0,0.42805044062515063
6.902742737158593,5.273837600979606
4.691347882229144,3.9386959162851336
2.70805020110221,5.261624293529046
4.248495242049359,5.061657908679605
1.3862943611198906,0.8044822911999726
5.786897381366708,5.865850331318586
0.0,0.16060684364040168
0.0,0.046744504467244145
3.828641396489095,3.9114866386176455
4.852030263919617,5.162445259318347
1.3862943611198906,2.680415768361032
1.791759469228055,1.0442052797787869
2.3978952727983707,0.11312022665023136
8.15162164696975,7.876039322490998
0.6931471805599453,1.6372942792241227
1.3862943611198906,1.994881515755886
1.3862943611198906,0.8168844817227892
2.772588722239781,2.9185441926221927
0.0,0.0
2.19722457733622,2.6056944745657726
9.169976605786628,8.438027826957143
8.458716261657262,5.160043024553435
1.3862943611198906,0.9124420644338233
0.0,0.33538975893321865
3.80666248977032,3.0438006919284257
5.961005339623274,5.601574410304969
0.0,0.0684234940090167
4.8283137373023015,5.488418966529419
2.833213344056216,2.895309680511553
2.8903717578961645,2.5592071794784954
6.877296071497429,6.833378038194432
0.0,1.5932182318716641
0.6931471805599453,1.7028401303926781
0.6931471805599453,1.5195403002565506
0.0,0.9335501043849713
7.886832998955056,8.047451622123717
0.0,1.0919933913863717
3.218875824868201,3.371287664815392
5.049856007249537,4.924750992364894
1.3862943611198906,1.495366859993841
5.3981627015177525,5.821485923631643
4.07753744390572,4.60816380201471
2.5649493574615367,2.2721608172219647
0.0,0.19852726496251075
4.248495242049359,4.41534011210504
3.295836866004329,3.914650019161998
0.6931471805599453,0.23383915651845463
0.0,0.3022403187842691
5.384495062789089,5.785025382316726
6.961296045910167,6.542058129775881
2.5649493574615367,2.174138377830587
2.995732273553991,3.040082228755525
1.791759469228055,2.5365004209712936
0.0,0.3258253379058804
0.0,0.0
9.09952053687094,6.884397703426952
4.912654885736052,4.482337816666258
0.0,1.2615449288722096
0.0,0.5061342269528967
0.0,0.2546187793925511
1.6094379124341005,1.865398663522616
6.115892125483034,6.2399336281117845
3.367295829986474,4.04627320332309
2.302585092994046,2.369699009105878
2.772588722239781,2.9537257019051606
4.204692619390966,4.454207414180432
4.248495242049359,3.6997785102534144
2.6390573296152584,2.468571659915889
2.70805020110221,2.314434073694342
1.9459101490553128,2.1092893355459936
1.0986122886681098,2.188228734495024
1.3862943611198906,1.113530048179011
3.367295829986474,3.667456790951797
0.0,0.0
0.6931471805599453,1.8296519184586773
1.791759469228055,1.9594165251252684
0.0,0.5801164250517555
0.0,0.22485406063487817
2.302585092994046,2.6683213868569773
4.532599493153256,3.852186223065447
3.091042453358316,2.1940644394719584
6.159095388491933,5.499518242357147
2.079441541679836,1.6023346018060107
3.80666248977032,3.5085861063783006
1.791759469228055,1.6388583837958985
4.5217885770490405,2.870963563869551
6.907755278982137,6.989328281380983
0.0,1.134287880771919
2.5649493574615367,3.286674632688634
0.0,0.15081694399538675
2.5649493574615367,2.7551019405063317
2.8903717578961645,2.5500910515633946
0.6931471805599453,1.2611492580974242
1.0986122886681098,1.9841618533331875
1.0986122886681098,1.6917941239140843
1.0986122886681098,0.7872786241367343
1.0986122886681098,0.5974041371417709
2.079441541679836,1.5986819982647287
0.0,0.10967603119082994
0.0,0.3704934071510204
4.68213122712422,5.138711869474777
0.0,0.021072807880549636
4.934473933130692,5.163647898475541
0.0,0.32447117210226173
2.4849066497880004,1.074297486281386
3.4011973816621555,3.190857463759481
0.0,0.7497098051753421
1.9459101490553128,2.5483668461585647
2.6390573296152584,3.114090289502523
2.5649493574615367,1.894491486478938
1.0986122886681098,0.45618140781856664
0.0,0.5286426419778746
0.6931471805599453,0.6036775194184281
2.4849066497880004,2.588172330356948
0.0,0.07418350525413057
3.912023005428146,4.643021532680452
0.0,1.7340787797617474
0.0,0.31882787987069283
0.6931471805599453,0.6434185416865199
2.3978952727983707,2.0565053770657484
4.110873864173311,3.1863527529280287
3.044522437723423,3.1522314585251823
2.772588722239781,3.0116009184683272
0.0,0.6609004105915924
0.0,1.0808779925139582
1.791759469228055,2.938217540156865
0.0,0.4163584278098289
7.113956109566034,6.831715414157948
0.6931471805599453,0.6124731352805033
0.6931471805599453,0.4303574485846448
0.0,0.5302756918315916
1.3862943611198906,1.5830680743043162
7.537430036586509,7.894894558015651
1.0986122886681098,1.9527422202702365
0.6931471805599453,1.3824258817537614
5.075173815233827,4.729151788996144
1.0986122886681098,2.244845734336141
3.4011973816621555,3.194970323945772
2.8903717578961645,1.7998984360300314
1.791759469228055,1.2994257115853864
0.6931471805599453,0.2468407138633972
0.0,0.021257740384833756
5.968707559985366,5.585787321019
0.0,0.30701124621948633
5.056245805348308,5.03362534906998
0.6931471805599453,1.5432907237893791
2.079441541679836,1.7739115987818983
3.1780538303479458,3.854161005765318
4.04305126783455,4.600044402097113
0.6931471805599453,0.17022151117293616
2.19722457733622,3.4828375678507815
1.6094379124341005,1.0787332616844039
0.0,0.02314657945202741
2.079441541679836,2.517326543279318
1.791759469228055,2.456781401691502
2.3978952727983707,2.474054258992684
4.59511985013459,4.9355613655590265
0.0,0.3933018946530157
5.752572638825633,4.91856025975557
5.541263545158426,5.503657084850406
5.407171771460119,5.107092771545358
0.0,0.03398909957906195
2.079441541679836,1.7898437080584224
5.768320995793772,6.2905830439198915
1.0986122886681098,1.3400084926551914
0.0,0.755217248444413
1.791759469228055,2.2877963774548045
6.684611727667927,6.421978350547096
8.57828829077605,8.09662358863112
0.0,1.6733761726120615
0.0,0.07767451068022967
0.6931471805599453,1.5354743203298153
3.1780538303479458,3.5185371558413063
5.19295685089021,4.898957235860515
0.0,0.6129786504722474
6.192362489474872,6.567103123784675
0.6931471805599453,1.7903072418348351
4.59511985013459,4.61190970745851
3.9318256327243257,3.5974203374922964
2.6390573296152584,3.3076877733626144
5.14166355650266,5.702271695806525
6.928537818164665,6.03253343119138
6.198478716492308,4.854277823250542
4.30406509320417,4.905157290028468
0.0,0.9692356305966899
2.302585092994046,2.3029841632919164
4.394449154672439,3.544579156809836
3.6375861597263857,3.3023547838531213
0.6931471805599453,4.9970348276808085
0.0,0.1221454633951321
2.70805020110221,2.889229497174721
4.343805421853684,4.66014689845766
3.1354942159291497,3.2902421583717736
0.0,0.4122643727664944
1.0986122886681098,0.5869118134896079
1.3862943611198906,2.5306029321267545
1.0986122886681098,0.18802416572600741
4.700480365792417,5.1287415648587675
1.0986122886681098,0.9823013589344328
0.0,0.2360902078261679
4.624972813284271,4.797146532600655
2.4849066497880004,2.6417510965224085
1.3862943611198906,0.999964566311571
3.367295829986474,2.892968277295027
1.791759469228055,2.298862702811739
0.6931471805599453,0.0
2.079441541679836,2.4375805031871014
4.605170185988092,3.0658969632163964
0.6931471805599453,0.07976674777419787
1.6094379124341005,1.1924370229914218
0.0,0.14155240707159128
0.0,0.29381337773050237
6.883462586413092,8.222056480926302
2.5649493574615367,2.278836933789956
0.0,0.9815652078372964
1.0986122886681098,2.1981264056304286
1.0986122886681098,1.4239377815509262
4.564348191467836,5.564344755736625
6.455198563340122,6.783824135173969
8.061486866871327,6.589489260128947
0.0,0.541805263487353
0.0,0.24355617940486388
1.0986122886681098,1.5993504735017718
5.087596335232384,3.539897154992668
0.0,0.22096445974347964
0.6931471805599453,0.7063997290316076
3.9889840465642745,4.205310392194193
1.0986122886681098,0.7186302826034541
0.0,0.19813448199944717
6.9865664594064265,7.376958928403531
4.290459441148391,5.590071316243139
4.23410650459726,3.6328326592490083
0.0,0.08200368342771197
3.4011973816621555,2.4229589755702254
4.07753744390572,4.143479712563979
3.091042453358316,3.4214522642218625
2.70805020110221,2.9079043644675435
0.0,0.17674213808250225
6.699500340161678,6.859029417812291
1.791759469228055,2.5627518051231206
2.302585092994046,2.3494065183345985
5.82600010738045,6.4113382719571925
1.3862943611198906,1.6091079919296825
1.9459101490553128,2.5427591077164773
3.80666248977032,3.8166209812792697
4.543294782270004,4.806384970117825
6.56244409369372,6.450748621479462
9.169976605786628,5.264778655723
2.302585092994046,2.363606393253546
1.6094379124341005,1.6181492868951475
6.736966958001855,6.234791598529129
0.0,0.05119879084136039
6.9865664594064265,7.306016292254611
2.8903717578961645,3.1695886255573344
2.6390573296152584,3.4811667731810765
1.0986122886681098,0.44620719943882386
2.079441541679836,1.7292174009034442
4.174387269895637,6.191460864896599
3.871201010907891,3.449667179551892
2.4849066497880004,2.3326871448112736
0.0,0.3081048747704762
0.0,1.740600556701315
3.871201010907891,3.3139635276273745
2.70805020110221,2.1388855801184277
0.0,0.0
0.0,0.08020925959765778
0.0,0.18944738569957906
0.0,0.3882302716584571
2.079441541679836,2.7473335565998385
0.0,0.44766634126702093
0.6931471805599453,0.9429277520065258
0.0,1.6824825788408446
0.0,0.2545328498505025
0.0,0.0
1.0986122886681098,0.3965480778882392
0.0,0.7112904739796065
0.0,0.1153212204001969
4.02535169073515,3.7200520099566905
1.3862943611198906,1.1956424317932532
0.0,1.1470845142380544
1.3862943611198906,2.3691886182032094
3.58351893845611,2.907305554570586
0.0,1.2418398275120313
0.6931471805599453,1.7555147457084264
2.19722457733622,0.9672980792193885
0.6931471805599453,1.7253480803691936
2.4849066497880004,2.5571381641198583
2.302585092994046,2.0121694318911962
5.075173815233827,4.443726332267401
2.3978952727983707,0.924839380651088
0.0,1.3950658116096113
4.882801922586371,5.116912737794718
0.0,0.23857805168110122
4.795790545596741,3.635551882324375
5.993961427306569,5.768903769269426
5.308267697401205,4.239179682547874
2.5649493574615367,3.2209210815121225
4.6443908991413725,4.5260158625172275
4.356708826689592,4.402785090188466
0.6931471805599453,0.2266283635426875
0.0,0.24119380482423386
1.6094379124341005,1.6083918371821897
7.167809184316444,7.516909716939072
0.0,0.15323094676587604
2.833213344056216,3.6507837059711736
4.955827057601261,4.335120575859369
0.0,0.09707915967243773
0.0,0.05753361909332632
0.6931471805599453,2.401668672552359
2.079441541679836,2.363990700358389
4.02535169073515,3.6147285601402404
1.6094379124341005,1.7635556056126342
0.0,0.09052199560036708
3.258096538021482,3.607956041541864
0.0,2.5801540348232566
5.755742213586912,4.689398234276327
3.332204510175204,2.3408265270047384
0.6931471805599453,2.5309369216044164
2.4849066497880004,2.6099043249840377
3.688879454113936,3.0798801321728764
1.6094379124341005,1.6928519027780078
1.9459101490553128,2.972406205924335
1.3862943611198906,1.6971103700766141
1.791759469228055,1.2435249091971574
9.169976605786628,8.55699891764981
2.3978952727983707,2.195110002071741
1.0986122886681098,4.440321779101321
2.772588722239781,2.790425258178821
4.219507705176107,4.055062176178563
0.0,0.17490924596181676
1.3862943611198906,2.951205189850927
0.6931471805599453,0.4954535334354028
0.0,0.8972811509917151
1.0986122886681098,1.3107837904826733
2.302585092994046,2.04355388100319
1.791759469228055,1.970057458603382
1.0986122886681098,1.5965672315979662
1.0986122886681098,2.2733769199496563
6.077642243349034,5.755407509939146
2.3978952727983707,1.9020035352941296
0.0,0.0
0.6931471805599453,0.04385760121317401
0.6931471805599453,1.3534422315504924
4.060443010546419,3.6119187969747846
4.543294782270004,4.505707778948073
1.3862943611198906,1.5696623222355452
8.68406264365127,8.515657734891203
1.0986122886681098,0.9286765518781206
0.0,0.2574884834808872
0.6931471805599453,0.8022066901897861
1.0986122886681098,1.1107889512543996
7.975908360165538,7.997894606845864
0.0,0.09889233977684786
4.691347882229144,4.779355398953377
9.169976605786628,8.834708303809071
5.855071922202427,6.047718001591549
2.079441541679836,3.218163470943966
6.98933526597456,6.612142748286558
0.6931471805599453,0.4339418407367152
2.19722457733622,1.6164864420181297
2.772588722239781,2.5318981354479564
1.0986122886681098,1.8091423071377295
2.6390573296152584,2.034450464798199
5.117993812416755,5.323792511275634
1.0986122886681098,1.0098305277324215
4.174387269895637,4.91723134222483
5.062595033026967,4.645266015062881
4.356708826689592,3.95338336773603
0.0,0.22603050129740673
0.0,0.6699874286301394
0.0,0.15512460797283892
0.0,1.5904130401617675
3.218875824868201,1.7113675993647866
0.0,0.045746522041352294
2.9444389791664403,5.476723853695189
0.6931471805599453,0.28840585646273476
0.0,0.12390315418099347
0.0,0.13198962497731345
1.3862943611198906,1.5482539015995536
0.0,0.31287327463744924
0.0,0.9923017129649448
0.0,0.7024277359178344
6.495265555937008,7.05928502525325
1.3862943611198906,1.798153511951864
0.0,0.8359509390299583
0.6931471805599453,0.829927219554025
3.610917912644224,2.692817796530886
0.0,0.27999011643128036
6.699500340161678,6.163551075081205
0.0,1.2434994795718157
6.511745329644728,7.027682120832341
3.49650756146648,3.506334784747654
5.351858133476067,4.338403305988028
0.0,0.02063180461556893
1.791759469228055,2.4055958297480085
1.3862943611198906,2.7498993675343146
2.079441541679836,3.983244517432927
1.6094379124341005,1.7177556285665543
6.907755278982137,6.688993209013694
0.0,0.024845036750728577
2.3978952727983707,2.100638858614963
0.6931471805599453,2.1609012611152205
3.8918202981106265,3.976793948450391
3.1354942159291497,4.419251753148597
0.0,1.477491071839507
1.6094379124341005,1.7685195426892533
3.091042453358316,3.0580084158846046
2.19722457733622,4.243032873686803
1.0986122886681098,1.5574210966250877
0.0,0.17194388591380635
0.6931471805599453,1.126880898460757
6.22455842927536,6.635136026298058
4.454347296253507,4.429176167303663
2.6390573296152584,2.5461456090093857
0.0,0.04383966140333524
0.0,0.02965691122315824
1.3862943611198906,0.9439302628759964
0.0,2.243739978021917
0.0,0.03446893572137681
1.0986122886681098,0.40426295574150206
6.269096283706261,6.271419811245531
5.3706380281276624,5.37020740558052
2.19722457733622,1.6261538782447056
1.791759469228055,1.3038505957743372
3.912023005428146,2.5361985104110403
3.4657359027997265,3.672276820354736
8.231642179973411,7.811474536066921
0.0,0.7196017913178918
0.6931471805599453,0.06305453229642892
1.3862943611198906,1.6278733225439488
2.19722457733622,1.99329739693226
2.4849066497880004,2.317785322935416
6.795705775173514,5.9031688546629795
0.0,0.061429341099267724
0.6931471805599453,0.556662258277318
5.942799375126701,5.773090185937856
0.0,0.7296420677684368
3.871201010907891,4.836805098683088
4.23410650459726,3.350387719509392
0.6931471805599453,0.989869050251619
2.3978952727983707,1.7580604963164619
1.0986122886681098,2.2516484603341658
2.302585092994046,3.3719291143618886
0.0,0.03150294299478366
4.219507705176107,3.54482739968538
1.6094379124341005,2.257538266862954
0.0,0.09790162570880939
1.0986122886681098,0.8851752509874352
2.772588722239781,3.027644245065704
9.169976605786628,8.834773490601807
4.382026634673881,4.558900898700657
3.044522437723423,3.8324107154967613
0.0,0.39447510035297473
2.302585092994046,1.7212499256095328
6.55250788703459,6.755433760327152
0.0,0.056999960572800594
4.653960350157523,3.3435669275178936
2.70805020110221,2.2189743224178047
0.6931471805599453,0.6997734011479481
3.58351893845611,3.005948697853141
1.0986122886681098,1.2895994458484141
0.0,0.04814587855587055
5.556828061699537,6.000279409198697
0.0,1.7191979568891622
0.0,1.9782322854652885
2.3978952727983707,2.3821836030353483
8.128290171607052,8.03201735820135
3.332204510175204,2.541522204895121
0.0,0.0
2.079441541679836,2.5704854004433435
3.5263605246161616,3.0546344423227785
3.912023005428146,3.258131598814142
2.4849066497880004,3.3261969764364254
4.875197323201151,4.87528194188615
1.9459101490553128,2.6976895027237378
2.302585092994046,4.086610759042521
0.6931471805599453,1.659431015068766
1.6094379124341005,2.351193947835699
0.0,0.40652645658909586
0.6931471805599453,0.12193401251052603
0.6931471805599453,0.42148731267347095
3.58351893845611,3.0544111474908906
4.574710978503383,4.734644415853099
3.6375861597263857,4.065349228250905
4.672828834461906,3.8162917596804027
3.6375861597263857,6.257375616056899
7.231287004327616,7.113342313885898
0.0,0.17648016175680187
0.6931471805599453,0.4149280777172867
0.6931471805599453,1.030494851050286
0.0,0.0319680552363506
0.0,0.3039708838287819
5.971261839790462,6.054469135622203
0.0,0.05079923740554009
4.204692619390966,4.845627343090323
3.044522437723423,2.556247552641632
0.6931471805599453,0.024746490494711393
0.0,0.177561309314746
8.018954683155718,8.313444485390105
0.0,1.061208914138156
4.110873864173311,4.268564674837008
1.791759469228055,2.707153165335427
4.060443010546419,4.45448388600317
3.9318256327243257,4.057002132106083
0.0,0.009106035086357827
0.0,0.07370063139882936
0.6931471805599453,1.477604598641158
0.0,0.22930008103805355
1.6094379124341005,2.019879254213455
2.302585092994046,2.480613384266868
0.0,0.282777531561113
4.969813299576001,5.020609471112583
3.367295829986474,3.371204020259968
0.0,0.3511323664247357
4.276666119016055,4.828902034389084
7.066466970136958,7.13840246798994
0.0,0.36477706319785813
3.9889840465642745,3.9430453842236273
4.07753744390572,6.241267798744052
4.51085950651685,4.137130325675782
1.0986122886681098,0.8301944332547542
7.247080584585756,7.082702000284169
6.467698726104354,6.408006570687571
6.0473721790462776,5.529009249437265
5.799092654460526,5.592725273749929
0.0,0.10824715280667367
0.6931471805599453,0.223326742347057
0.0,0.06254765913567245
2.19722457733622,2.7042940615789997
0.6931471805599453,0.5692273546205389
4.770684624465665,4.660157536965256
8.060855752934316,7.386863508074719
7.255591274253665,7.745842850499461
1.0986122886681098,0.3630684099347405
0.0,0.0242278238681159
0.6931471805599453,0.3294067106085949
2.5649493574615367,1.300131638719417
4.736198448394496,4.6357519752479694
2.3978952727983707,2.0186457075784405
2.302585092994046,2.332905516324547
2.079441541679836,2.0471444827058054
6.586171654854675,6.412624938102444
4.330733340286331,4.551190158407401
0.0,0.1253608373576964
1.3862943611198906,2.143026918994324
2.6390573296152584,1.521295539006825
0.0,0.45587075849499165
0.0,0.2801929227077294
0.0,0.5842429904435406
6.889591308354466,6.4312649768520895
0.0,0.9190233074672759
6.738152494595957,6.688593934753632
1.0986122886681098,0.8596312701188604
4.477336814478207,5.004631231961372
0.6931471805599453,0.21843506489646244
0.6931471805599453,2.1970694822979153
3.091042453358316,3.2612398364994335
0.0,0.024612302905415568
1.791759469228055,2.394489347186492
2.772588722239781,2.11978184292334
0.0,0.4918059760220029
0.6931471805599453,1.6775374972511377
5.68697535633982,4.567110891770595
2.302585092994046,2.120887623006794
2.302585092994046,1.0097877663702397
0.0,0.08881897752172076
0.0,0.7715610632474323
0.0,0.006786738985417373
3.332204510175204,3.0101656645154606
1.0986122886681098,1.6448355604508158
0.0,0.07659622732440627
3.7612001156935615,3.0657370072264505
0.0,0.3300520851422446
0.0,0.6832982141609577
2.3978952727983707,2.1026282827198335
2.772588722239781,2.5656657762548027
0.0,0.09694821174480346
3.737669618283368,3.561276424244249
2.4849066497880004,2.715728230547136
0.0,0.47756973755844534
3.4657359027997265,4.259996182400369
4.219507705176107,3.841506409173384
0.6931471805599453,1.773093962972461
3.80666248977032,2.920755669169926
1.3862943611198906,1.5183558920781566
2.9444389791664403,2.9537996564653075
3.784189633918261,3.551732639583215
0.0,0.15805285699473134
3.4011973816621555,2.788089448476212
0.6931471805599453,1.022680314873582
7.651595573857601,7.011560744510012
7.262628600974241,6.683963039887933
5.209486152841421,3.640138277218916
0.6931471805599453,1.3501657200662398
1.9459101490553128,2.2975765773657053
1.0986122886681098,1.5649069827186617
5.717027701406222,5.660906377194857
2.8903717578961645,2.4891448141359733
0.0,0.32685123657715603
2.079441541679836,1.5682714011765078
3.044522437723423,3.9241955962020825
0.6931471805599453,1.1385722980138702
0.0,0.09118079042362989
0.6931471805599453,0.19319227809922487
1.791759469228055,1.9564502576742628
2.302585092994046,2.3620998528898385
1.0986122886681098,1.9354836348176498
2.8903717578961645,2.4276372471195486
8.911934336161426,8.70040409273379
5.41610040220442,4.783736672776095
0.0,0.6117362968648193
0.6931471805599453,0.46290942653676037
3.091042453358316,1.8867416450261487
0.0,0.02474523409853142
0.0,0.15795234555661675
7.027314514039777,5.815725106476165
4.248495242049359,4.713130846339888
1.791759469228055,1.3358787275536377
0.0,0.08991076886735035
2.302585092994046,2.509618507374499
0.0,0.7026447987084536
0.6931471805599453,1.9134397882084142
4.02535169073515,3.785615354643057
2.3978952727983707,1.9553232350954275
5.676753802268282,7.474986890243573
8.700847193443972,5.07225266515299
2.6390573296152584,2.4457221732219225
4.343805421853684,4.494237610349763
0.0,0.2715843733380436
1.0986122886681098,1.2503313552126232
4.68213122712422,3.9290806544684123
1.3862943611198906,1.9712005811397777
4.143134726391533,4.082226552365113
6.163314804034641,6.316755843151415
6.516193076042964,7.3738488222399905
0.0,0.08702094328487955
4.68213122712422,4.6532547809258515
0.0,1.5958654461320705
1.6094379124341005,0.3334072479436701
2.772588722239781,2.3411568545222594
7.57455848420248,7.359978959901465
0.0,0.2120882384118425
1.0986122886681098,2.71441978510209
0.6931471805599453,0.9075390610421468
3.688879454113936,2.0078724123004403
0.0,0.0
0.0,1.390449290953194
4.0943445622221,3.58590537670816
2.6390573296152584,1.7799753523687234
0.6931471805599453,0.6090236221659941
4.02535169073515,4.1251833205680315
2.6390573296152584,2.467912898914243
7.938088726896952,8.811654092026535
7.480992162869525,8.535264707578285
4.74493212836325,4.507029779985116
4.844187086458591,4.818606890301698
1.0986122886681098,1.542511328917775
1.791759469228055,1.7753713606776345
0.0,0.03033186060240882
0.0,2.4320256236001843
2.079441541679836,1.5674280462924128
0.6931471805599453,0.7657953629513722
5.43372200355424,5.804470415055794
0.6931471805599453,0.7673948964054597
0.0,0.006954612253518297
0.0,0.5340722599421609
0.0,0.3421609100375473
1.3862943611198906,1.626532394361603
1.0986122886681098,0.21370935013920256
0.6931471805599453,0.5878965874951194
2.4849066497880004,3.2218386654605973
3.610917912644224,2.811920107477075
3.49650756146648,3.060899106794091
0.6931471805599453,0.6514059355158738
0.0,0.15356797055071783
1.6094379124341005,2.240790323850519
4.219507705176107,4.7672990262568495
5.834810737062605,5.326822809353214
0.6931471805599453,0.2627666182350832
0.0,1.5035055446196366
5.777652323222656,6.135829437152663
3.332204510175204,3.0877525243936814
0.0,0.3507136701426041
6.878326468291325,5.932975975791582
4.844187086458591,4.305887670334809
1.3862943611198906,2.095727453554038
1.3862943611198906,1.9602998101885818
0.0,0.0
4.04305126783455,4.251289172531919
2.079441541679836,5.027923687550648
2.4849066497880004,0.5686063118239241
0.6931471805599453,0.23838472821488518
1.3862943611198906,0.8725583916637089
2.8903717578961645,2.4376274888777014
4.23410650459726,4.230130630877381
0.0,0.09164757030161896
0.0,0.7118166563268807
1.3862943611198906,1.7725824201784348
9.169976605786628,8.714772515102608
1.9459101490553128,1.3509098429101982
2.9444389791664403,1.2579877509404394
1.3862943611198906,0.6560845930586185
4.574710978503383,4.980038405961151
3.5263605246161616,3.6031458262385057
0.0,0.07651200312078273
5.560681631015528,5.815538553125473
0.0,0.07406256473971891
2.772588722239781,3.199083967194566
0.0,0.37039140543757454
0.0,1.2878584050202024
0.0,0.12518194112167602
2.3978952727983707,3.1330139318750803
0.6931471805599453,0.23940727959540156
0.6931471805599453,0.5561991172215113
0.6931471805599453,0.32262108755775465
4.736198448394496,4.5059879252396415
3.5263605246161616,4.168892179241472
0.0,2.3222383440945062
2.6390573296152584,1.9866493463145425
0.0,1.1148204191182396
0.6931471805599453,0.590476236847179
4.51085950651685,3.367142266206596
3.4657359027997265,2.927383860459068
4.653960350157523,5.440397927508935
4.584967478670572,3.5281544583075983
0.0,0.12438569161828851
1.6094379124341005,3.352457389296893
1.3862943611198906,0.490302939171497
5.921578419643816,4.591817383751385
4.343805421853684,4.93788283283516
3.1354942159291497,2.0030123096050403
4.574710978503383,4.660807360355211
0.0,1.161085511043893
0.6931471805599453,1.0644550676788074
2.5649493574615367,2.5160708174410953
2.70805020110221,3.061362748613504
8.696510239189893,8.139473356678073
0.6931471805599453,0.14991101534934745
6.018593214496234,5.282648272458187
0.6931471805599453,1.7931129379223878
0.0,0.027337717885216054
2.70805020110221,3.156183789244417
4.762173934797756,5.225428853333481
0.0,0.023513839644110506
0.0,1.1825182482048608
3.091042453358316,2.3670838566059293
0.0,0.9365358578873529
2.5649493574615367,2.9014801737643983
6.732210706467206,6.419439647091387
0.0,0.3123641821730386
0.6931471805599453,0.43158183812867784
3.80666248977032,2.206907909968068
3.951243718581428,3.8226649328317674
2.5649493574615367,0.7701060400781424
9.169976605786628,7.906976667389074
1.6094379124341005,2.21475995502246
1.3862943611198906,1.3797358798523331
0.0,0.2600905238614465
0.0,0.5340526167544368
1.791759469228055,2.6977253962179657
7.569927655242652,6.636972044962606
0.0,0.09530508355386498
0.0,0.3994752639659048
0.0,0.8354817090999174
7.910957382845589,7.970773433179619
2.302585092994046,2.9165525649196873
3.044522437723423,2.933529162789746
4.795790545596741,4.655139298571392
0.0,0.6434091686376926
4.74493212836325,3.52393523558759
6.285998094508865,6.256238388947343
3.737669618283368,3.897677421190099
0.0,0.5544365417713688
0.0,0.40341974283472837
3.091042453358316,3.3182581399524578
0.0,0.46577680532437915
0.0,0.0
0.6931471805599453,0.5040496718241207
7.53689712956617,7.203865611630534
0.0,0.24058576018180608
0.0,0.2726544019194452
0.0,0.36795411363646463
0.0,0.5413769362450169
2.6390573296152584,1.5700866378256826
0.0,0.0
6.954638864880987,5.980086425606675
0.0,0.17267503734004555
3.258096538021482,2.7885771101024823
0.0,0.397652239225498
1.3862943611198906,1.7665138480071636
0.0,1.1278349586844272
1.6094379124341005,1.2097831655094622
3.4339872044851463,3.5074063322682263
2.302585092994046,2.547489996488341
0.0,1.1965198792321035
2.4849066497880004,1.1305716999453135
5.293304824724492,5.131100032864612
1.0986122886681098,0.4161273294251058
4.465908118654584,4.907737737329053
9.169976605786628,7.489682382902556
1.3862943611198906,1.6065842662222853
1.3862943611198906,2.0791754595843432
0.0,0.1887435331369716
2.772588722239781,2.9657848937403744
0.0,1.6105454437073146
1.6094379124341005,0.6801856568100073
1.6094379124341005,1.8327366615563674
4.553876891600541,3.000894850781569
5.472270673671475,5.394437041372277
0.0,0.044719651853527796
0.0,0.18297305286910684
0.0,0.4844463890738103
0.0,0.3690612192884313
3.58351893845611,3.120882820705834
5.7745515455444085,4.403595359855708
0.6931471805599453,0.20291476212029141
5.342334251964811,5.234497353407231
4.844187086458591,3.2801066140873414
0.0,0.15368682897219377
1.0986122886681098,2.358561023967843
1.791759469228055,1.8001716802025396
0.0,0.5718358774701852
0.0,0.0747010988956826
2.9444389791664403,1.8239772281489377
2.70805020110221,2.6086555780497203
0.6931471805599453,1.6081234312045283
0.0,0.09160529218274599
0.0,0.991428704397603
0.0,0.1219734275429847
0.0,1.3412693721527997
0.0,1.1390742455577625
0.6931471805599453,1.3697179841012643
0.0,0.3205242108533965
3.6635616461296463,3.576184953155446
0.0,2.2022917587698267
0.0,0.1064366856906584
6.522092798170152,5.937660679221716
3.1780538303479458,2.974864665639029
3.951243718581428,3.736509280423894
0.6931471805599453,1.721156510206383
2.3978952727983707,2.8542689201913114
1.6094379124341005,2.7833747756002167
0.0,0.016569765905551672
5.849324779946859,5.251745784522201
3.713572066704308,2.9980429207497035
0.0,0.10055756080773776
2.6390573296152584,1.6957126849783375
7.452402451223638,6.847285265806406
0.0,0.020414900577888456
3.258096538021482,3.580128659775102
1.6094379124341005,2.018541660595354
5.3612921657094255,4.668159198649057
1.0986122886681098,2.2468032195817216
3.332204510175204,2.7246028419717643
3.970291913552122,5.167028908680817
1.3862943611198906,0.3455159359970544
0.0,1.2222293918825555
0.0,0.11645228489655907
0.0,0.11228190752296263
0.0,0.19289840758903362
2.70805020110221,2.8325415481995804
2.302585092994046,1.9302021720916958
0.0,0.29759597909272406
4.795790545596741,4.698301838505475
0.0,0.18021112918882232
3.218875824868201,3.448974674517333
0.0,0.402567713852885
0.0,0.29199702702764063
4.5217885770490405,3.4463475873691767
0.6931471805599453,0.9600836002489035
1.791759469228055,2.1492773992614036
0.0,0.04652716455948734
2.70805020110221,2.276465093727253
0.0,0.13597282288212764
2.6390573296152584,0.44974812744041304
2.302585092994046,2.054080641192626
3.6635616461296463,2.5710105653446846
7.400620577371135,6.392772791889766
3.49650756146648,3.7048417784182326
1.0986122886681098,1.311393901153214
0.0,1.587009055951824
0.6931471805599453,1.746924209680562
4.770684624465665,5.4247462378604085
6.586171654854675,6.476027828231799
0.0,0.08705320698941903
8.258422462458876,8.174701961037268
5.049856007249537,4.605589797639075
0.6931471805599453,0.6343308474841511
0.6931471805599453,0.45851805043976634
1.6094379124341005,1.46717773704791
4.382026634673881,4.604967516174687
3.912023005428146,3.338827491776253
4.204692619390966,4.579589077713765
6.322565239927284,6.071139054683919
2.833213344056216,2.9465855127999068
0.0,0.12306100523874475
3.871201010907891,4.154277248048031
0.0,2.137671491455551
3.218875824868201,3.2614996396710327
2.772588722239781,3.1139110028926873
1.6094379124341005,0.0
2.70805020110221,2.7173956764952685
4.174387269895637,1.9966888070914235
2.70805020110221,2.4603302964254987
3.367295829986474,3.039708810566252
0.6931471805599453,0.5772939731723629
3.713572066704308,3.915355429034208
0.0,0.5696675624730432
5.220355825078324,5.1872119976652264
1.0986122886681098,0.3874001100439837
1.6094379124341005,2.251167354465885
2.079441541679836,2.0622933299580546
0.0,0.858484197335049
0.0,0.5137437138024833
8.108021221376747,7.392987221483806
0.0,0.7039330541454396
7.303843225277705,5.310525170778459
0.0,1.8869711443212542
0.0,0.09668938820674361
1.0986122886681098,2.3075916990852585
4.219507705176107,3.5236791615379284
0.0,0.18063609149858528
7.126087273299125,6.904835541155125
0.0,0.12041675600713093
9.169976605786628,8.778930556136222
5.501258210544727,4.794354781310008
1.791759469228055,2.3356860971916693
1.0986122886681098,1.1284170759276941
6.9167150203536085,6.5130290535112865
3.610917912644224,3.8837054970903724
3.1780538303479458,2.95373900411075
1.791759469228055,2.431963291598963
1.0986122886681098,1.889233267385522
0.6931471805599453,0.6368093736663458
3.912023005428146,4.650346164626317
0.0,0.6212177635566191
5.799092654460526,5.884206287219236
5.968707559985366,7.741016319552746
0.0,0.02506077232225339
3.713572066704308,3.500208797284277
0.0,0.4527654074973356
3.1354942159291497,1.8791620323474787
0.0,0.09113133885295176
3.4657359027997265,3.3418328465540044
0.0,1.0401429937758018
0.0,1.1863329710855766
5.159055299214529,4.2548566229082
3.332204510175204,1.4877017379425974
6.401917196727186,6.393161901345095
4.3694478524670215,3.8488966819462265
5.1298987149230735,5.192779675173554
2.9444389791664403,2.5725652274179387
3.713572066704308,4.3487696364232376
1.6094379124341005,1.1580314093519022
4.605170185988092,3.856475181574756
4.127134385045092,4.145144417608815
5.955837369464831,6.144736739655135
0.0,0.2843456318872172
2.3978952727983707,3.3123232638068054
5.583496308781699,4.40737556260707
0.0,0.38117012652153287
2.9444389791664403,2.147717037105713
5.891644211825772,4.515422565339971
5.730099782973574,6.031329196869331
0.0,0.15429898211164925
0.0,0.0
6.968850378341948,6.528431213275228
0.0,0.5458124381117492
0.0,0.16041477428207868
2.079441541679836,3.0161590594737127
1.9459101490553128,2.465663896778604
1.6094379124341005,1.3697097102789975
0.0,0.10780756780558169
0.0,0.08047293248497606
2.19722457733622,1.2280554907735655
2.4849066497880004,2.1488711683768122
8.546169299652755,7.088084123619325
3.4657359027997265,3.966175066347815
4.158883083359672,4.152206314875922
0.0,0.6344025820415023
4.499809670330265,4.209960528615429
4.418840607796598,3.4365122531723657
0.0,0.6300274957512284
3.5263605246161616,3.7657113459977385
7.047517221357296,6.527156853328441
1.3862943611198906,1.5886212096966295
3.6635616461296463,2.8338245103187805
0.0,0.4250160226762744
2.995732273553991,3.73211567345923
2.3978952727983707,3.007044152270216
0.0,0.24590662380886666
1.3862943611198906,0.5848290171478513
1.0986122886681098,0.8992367537807905
0.6931471805599453,1.5919628743306038
6.068425588244111,5.9965792321780755
1.791759469228055,1.7296165107058052
0.0,0.4126499214971435
2.772588722239781,1.8859417436197041
5.905361848054571,4.126854994264561
5.41164605185504,5.087351989379314
5.579729825986222,5.036801432049116
4.406719247264253,3.378828462383193
7.504942068396171,7.29598590363805
0.0,0.7500204465901985
1.3862943611198906,2.855424336695708
0.0,0.08638736304838432
5.3981627015177525,4.142704746914013
2.772588722239781,3.027764588269533
3.784189633918261,2.3843697551894714
5.541263545158426,6.480273107962489
7.018401799069201,6.7571317026471736
0.0,1.0769278659421797
4.060443010546419,3.931260474961792
0.0,1.1791311600722103
3.49650756146648,2.6436463927215397
0.0,0.33003017879514135
1.6094379124341005,2.3136440569939665
3.091042453358316,3.6892598193541453
3.218875824868201,2.231844842997516
0.6931471805599453,0.2626100416621524
0.0,0.34127006770415275
2.302585092994046,2.8263968158951642
5.10594547390058,5.461797981403504
4.31748811353631,4.813527338473044
9.169976605786628,8.535519270839687
0.6931471805599453,0.618803242665253
0.6931471805599453,0.8659980774792981
0.0,0.4034439569546683
4.532599493153256,4.100267743699404
0.0,0.03431591182151551
0.0,0.0
7.768110378525988,7.798857435229461
0.0,0.915243889805027
0.0,0.16324764204921477
0.0,0.18063609149858528
2.079441541679836,2.3450128041500085
0.0,0.0055971471804923826
0.0,0.28843684793004726
2.079441541679836,0.822660418183631
0.0,0.0
0.0,2.2397951020365605
0.0,0.5629093299303379
0.6931471805599453,1.362250973735717
1.0986122886681098,0.26701669455138693
0.6931471805599453,0.23255123733075006
9.169976605786628,8.578335585626016
0.0,0.2656560134178125
0.0,3.4915053489793006
0.0,0.004831718088430585
0.0,0.7098560597057673
0.6931471805599453,0.6451936950996457
0.0,0.10745318499469803
0.0,0.10038197595642644
0.6931471805599453,0.9189981016850103
2.3978952727983707,2.192750755707191
1.3862943611198906,0.19615642217607138
0.0,0.0
2.079441541679836,2.2427571685704892
4.8283137373023015,4.853378250064211
8.178358165605836,7.035956939269183
3.044522437723423,3.4680992307603176
0.0,0.09914340004143413
4.02535169073515,4.9605234998076755
4.343805421853684,4.12889380635216
0.0,0.3405968694927501
6.309918278226516,5.904632713961025
0.6931471805599453,0.07520621832165103
3.091042453358316,3.466190660794282
0.0,0.06015339822313631
2.5649493574615367,1.908301291037689
3.4657359027997265,4.036528355960615
0.0,0.0
0.0,0.12990109865104
1.0986122886681098,2.6891458193459665
0.6931471805599453,2.3767814835680334
4.718498871295094,4.7747518598329775
2.70805020110221,3.3755229226465335
1.0986122886681098,1.177978158807509
1.791759469228055,1.82076647934405
3.80666248977032,4.201828069641247
0.6931471805599453,0.9469348615002834
0.0,0.9481348538649339
0.6931471805599453,1.165865641737797
2.5649493574615367,2.7703370481820055
0.6931471805599453,2.455000102292261
1.9459101490553128,1.7435401203224545
0.0,0.31615251354609
0.6931471805599453,0.2694147394767279
0.0,0.05776073229917204
0.0,0.17907304244222427
2.70805020110221,3.567156985916225
0.0,0.11252670573478209
6.025865973825314,5.892504699916212
0.0,0.8188702979621139
4.8283137373023015,4.435065053997245
1.0986122886681098,2.6098740151203583
4.465908118654584,4.676799650967821
5.572154032177765,5.525449427430369
3.218875824868201,2.9757456067360497
4.248495242049359,3.5907215789762748
3.218875824868201,3.003765050003626
1.0986122886681098,2.741461025120393
0.0,0.5967982030153912
0.0,0.1512770062737099
0.0,0.0686991037128901
6.57507584059962,4.4853477248858
3.784189633918261,3.518247729815459
0.0,1.9132068082839204
0.0,0.6668082396414761
0.6931471805599453,0.4918407272422808
3.688879454113936,3.790494615446646
2.302585092994046,2.3391397577300626
0.6931471805599453,0.03677022644757133
0.0,0.03026734942276371
0.0,0.3303551985902079
4.07753744390572,4.10450554259776
0.0,0.38388878749080035
2.4849066497880004,2.2434631290969813
4.04305126783455,4.741693901582456
3.332204510175204,3.503472306688845
3.258096538021482,3.5198580805057116
0.0,0.759076606902305
0.0,0.021468976669744563
0.0,0.35856411048502596
0.0,0.2998324716246989
5.765191102784844,5.389886992290969
6.084499413075172,6.154822030632147
4.795790545596741,4.053405644958853
2.302585092994046,2.2908707221000033
7.305188215393037,7.630072687295778
3.49650756146648,2.3746207898964697
0.0,0.13124703209838232
0.0,0.10472225155149485
0.6931471805599453,0.7821905248114278
2.4849066497880004,3.19938813468966
0.0,0.12971543594320004
3.713572066704308,3.524408656927128
5.303304908059076,5.189462474927156
0.0,0.0
0.0,0.37073883345548403
1.6094379124341005,2.2850899414852908
3.555348061489413,5.149726585592139
0.0,0.05954521339015875
6.025865973825314,5.610902527577337
0.0,0.1688741715990533
5.926926025970411,5.627876313639688
1.791759469228055,2.7524178344653074
2.6390573296152584,2.8749683305812903
0.6931471805599453,1.4382546990257974
4.060443010546419,4.570701715740185
5.3706380281276624,5.389330771817425
3.044522437723423,2.5879375329161474
2.19722457733622,2.881814859083235
1.3862943611198906,1.6137126349752497
0.6931471805599453,1.3159039133167596
4.727387818712341,4.529851579026752
2.3978952727983707,0.9369021461237896
1.0986122886681098,2.0933115461624414
0.0,0.422712179298053
0.6931471805599453,0.38556315153440074
0.0,0.6836986118222437
1.0986122886681098,1.9564811611741733
8.458504195067558,7.0880832214249825
1.3862943611198906,2.4894926407006195
5.634789603169249,5.816647574485125
0.0,0.04373223531742188
0.0,0.16815209073319787
1.3862943611198906,1.855412406950206
2.302585092994046,2.154608876665214
0.0,0.5740408531949824
2.19722457733622,1.8895336828922866
0.0,0.16721841684640795
4.465908118654584,3.937508756862024
0.0,0.6607265329626406
0.0,0.13208406398139497
2.772588722239781,1.518985268607685
3.8501476017100575,3.2074008552765134
2.302585092994046,3.029430932067466
1.6094379124341005,2.807866234125528
1.3862943611198906,0.8445990202316126
3.044522437723423,2.6368087492180776
1.0986122886681098,1.1939930104429053
1.0986122886681098,0.15014809590688155
0.0,0.24340434128932267
4.0943445622221,3.4452360060219336
3.295836866004329,3.0187430585296755
1.0986122886681098,1.4300620172556762
1.791759469228055,1.860638780032237
1.791759469228055,1.1564770802798074
0.0,0.24707977655493668
2.833213344056216,2.565792607338704
4.74493212836325,4.159312983165884
3.6635616461296463,3.2853836468693505
0.0,0.8640162306227631
0.0,1.3697020716989163
4.605170185988092,3.3375293740351086
0.0,2.3020034247977037
5.746203190540153,5.676536540341873
0.0,0.02607044087890318
6.946013991099227,7.030728384179475
0.0,0.7605100978151801
0.0,0.0
3.367295829986474,2.6232480042234845
1.9459101490553128,2.125553612812788
1.3862943611198906,2.787071322769732
6.093569770045136,5.793069453753563
8.621733370690162,7.920200260207123
1.791759469228055,2.168314983111679
0.0,0.04879931410240433
3.4011973816621555,3.4907090330062105
0.6931471805599453,0.417618041789582
0.6931471805599453,0.42818214606495625
0.6931471805599453,0.9906868127411108
4.23410650459726,4.260320608787398
0.0,0.20991813935665357
0.0,0.0
1.0986122886681098,0.7792655481809769
4.709530201312334,4.133117940868154
0.0,0.15403270679109898
4.564348191467836,4.302799596447195
1.3862943611198906,1.7838450954724279
0.6931471805599453,0.23320104129680683
0.6931471805599453,0.25180577246737385
3.8918202981106265,4.1737327117309855
4.343805421853684,2.730795603584441
1.6094379124341005,1.6390051440793139
0.0,0.04870827812264861
0.0,0.024277400063264603
0.0,0.22707547408959539
0.0,0.0
3.258096538021482,3.73207493822444
0.0,0.053677891513477315
0.0,0.7761761131663294
2.6390573296152584,1.5033591273428757
2.9444389791664403,2.7912073699807856
0.0,1.051346784750403
3.1354942159291497,3.324593710615322
5.497168225293202,4.808264286866436
4.770684624465665,3.948057365718517
0.0,0.0
0.6931471805599453,1.3246973816744514
1.6094379124341005,1.5915679745158744
5.849324779946859,5.68201428812339
0.0,0.793678033428834
6.421622267806518,6.355323185489749
0.0,0.7919139286497215
0.0,0.3013663167164026
1.0986122886681098,1.4718962020007178
0.0,0.22125130405308913
0.0,0.8729872656332598
2.5649493574615367,3.329459448566735
1.3862943611198906,2.1228323049806397
0.0,0.12265564591288998
0.0,0.044695356604223156
0.0,1.4175604637440864
0.0,0.5423858430843039
8.025516386489008,7.905829328724251
0.0,0.4164106563701947
0.6931471805599453,0.7006568743579467
0.0,0.7219775496677825
1.6094379124341005,1.5786348621433324
4.48863636973214,5.643453236497432
3.5263605246161616,4.053876190846326
0.0,0.16324276841321517
0.0,0.41603941570127106
5.752572638825633,4.50218297289764
3.737669618283368,3.8552558216708386
0.0,0.0
2.302585092994046,1.9277289114123388
2.772588722239781,2.7613738725644708
4.74493212836325,4.895747012225507
3.610917912644224,3.2897963123433938
0.0,0.4080434224015463
5.5909869805108565,6.190557394431236
0.6931471805599453,1.8525917678430586
1.0986122886681098,0.4212803688674643
2.5649493574615367,2.706150217959379
0.0,0.0
1.0986122886681098,0.7250933437442043
3.8918202981106265,3.748854622979899
6.895682697747868,8.052996853914097
2.772588722239781,3.5343815649208215
1.6094379124341005,1.912996266162262
0.0,0.9471453595626357
3.258096538021482,3.6875633667166605
0.0,0.4610341873060064
1.3862943611198906,0.48686089352950723
1.3862943611198906,0.9932867493831625
0.6931471805599453,0.9256382331488716
0.0,1.4068500873135323
4.6443908991413725,4.486591589199783
6.827629234502852,5.982001040291588
2.19722457733622,3.3027201033937006
4.976733742420574,4.66934381653933
2.079441541679836,3.2979681334505244
0.6931471805599453,1.7189426198257476
4.574710978503383,5.092735191426293
1.0986122886681098,1.871299200010529
3.295836866004329,3.3523443742693586
0.6931471805599453,0.8397650224268518
4.867534450455582,5.021643813267824
0.0,0.6693265516210525
0.6931471805599453,2.8222222757887865
4.127134385045092,4.499394271554104
0.0,0.2555312903355032
1.9459101490553128,1.0939906132274744
0.0,0.4674389319681216
4.23410650459726,3.928114864549374
0.0,0.6607265329626406
0.0,0.32328864865345097
0.0,0.21034722671841996
3.49650756146648,2.9066101805524682
0.6931471805599453,0.38084322601854936
1.791759469228055,2.6254747869863495
0.0,0.004448999348951932
0.0,0.5860358313466378
0.6931471805599453,0.4676862074706118
0.6931471805599453,0.7021881781520887
4.262679877041316,4.5750161970107275
0.0,0.20166322933822903
7.267525427828172,7.472637685382011
4.30406509320417,4.07052033830696
0.0,0.49124505549225045
2.70805020110221,3.0488078093230206
0.0,1.7245636197222707
0.0,0.2742929703095294
4.07753744390572,4.213352937458894
0.0,0.20087703095482207
0.0,0.11393976854266812
0.6931471805599453,0.9063723243197375
0.0,0.09419986767421216
0.0,0.46589255963217496
2.4849066497880004,2.7137190134844977
0.0,0.09985069075080283
2.6390573296152584,1.8115548765808278
4.836281906951478,4.801329043320463
3.610917912644224,2.795902351510834
3.091042453358316,2.0347954882779256
9.169976605786628,7.383525405554858
0.6931471805599453,0.919505497943708
3.951243718581428,4.310069250173745
2.6390573296152584,3.5718005921720666
0.0,0.028276211823937046
0.0,0.914245810443682
3.555348061489413,3.091110845170169
0.0,0.4544841103742694
0.0,0.10914618297117427
0.0,0.15403270679109898
0.0,0.14422913243582275
2.9444389791664403,2.494037056671688
7.389563953677635,6.502779644541053
0.6931471805599453,2.1594061767884583
4.882801922586371,5.329495853537332
6.269096283706261,5.725237662171048
5.062595033026967,4.455338008380636
2.3978952727983707,1.2274092996894257
5.5093883366279774,6.006904994903963
0.0,0.0
7.463936604468925,5.361825558956987
3.218875824868201,3.51206416353895
6.144185634125646,6.038455343874785
6.678342114654332,7.006558707148674
7.704811922932594,7.33093572399018
1.0986122886681098,1.6098735700094926
3.49650756146648,5.768778954270194
0.0,0.04829106788476798
0.0,0.6178081052590937
0.0,0.638640808984987
0.0,0.22772527317765662
2.70805020110221,3.4494390397755295
2.19722457733622,0.9335177663056404
1.6094379124341005,1.8330757633476689
5.529429087511423,4.619692735841049
5.891644211825772,6.323524858529656
2.772588722239781,2.082009852751784
0.0,0.30903702761102125
3.4011973816621555,3.264012026906397
1.9459101490553128,3.0323040960879584
0.0,0.02535098509620904
3.218875824868201,3.2574048659023394
4.8283137373023015,4.549273792566553
0.6931471805599453,0.9810317853854567
0.0,0.34858918895507396
6.118097198041348,6.098074382878986
2.6390573296152584,2.5683293610435545
4.875197323201151,4.837811406536052
2.302585092994046,3.47041193938193
1.791759469228055,2.209280598900751
5.525452939131784,3.9978087567649037
0.6931471805599453,0.0
2.19722457733622,2.0202970614154223
0.0,0.5517428879201838
3.9889840465642745,2.5722627593582708
2.995732273553991,2.8301451312664185
0.0,1.2543758620971777
2.302585092994046,1.6584026015460902
0.6931471805599453,1.500565531997974
2.70805020110221,3.105920164431767
1.9459101490553128,2.523810736861913
0.0,0.25228015386749086
0.0,0.4798050768832436
0.0,0.0
0.6931471805599453,0.5238157132730135
0.6931471805599453,1.0719775544043804
2.70805020110221,2.3434910788203163
0.0,0.1792287452232623
0.0,0.0
2.772588722239781,3.6797060966713673
0.0,2.008895761415186
0.0,0.14881422558921184
9.169976605786628,6.395532157249204
2.772588722239781,3.1768337815826837
7.076653815443951,7.142482575958159
0.0,0.07322826850415012
4.574710978503383,4.086801072443452
2.70805020110221,2.3653959836484746
2.5649493574615367,3.1071734721574495
5.298317366548036,4.4782638101131464
3.8918202981106265,3.423567557251763
5.0238805208462765,5.14835607913395
4.574710978503383,3.5470578622616635
2.079441541679836,1.780175502302863
3.49650756146648,3.346442184004437
1.3862943611198906,2.5388847940160835
0.0,0.04608831157332439
0.0,1.9430472146102153
0.0,0.0
6.230481447578482,6.033427424678953
9.169976605786628,7.427214639358781
6.249975242259483,6.389577791845105
0.0,0.024700149894209465
1.3862943611198906,2.05367581861264
0.0,0.2779220845485323
0.6931471805599453,0.08379165801322505
5.0369526024136295,4.5433440157563485
2.19722457733622,0.5413232268744809
2.5649493574615367,2.28409981900257
0.6931471805599453,0.22433312793021046
1.0986122886681098,2.4458176720286144
5.365976015021851,5.575134483229807
0.0,0.1640091057127465
0.6931471805599453,1.6485233353961246
0.6931471805599453,0.43954702231952947
7.2875606403097235,7.329250706419715
0.6931471805599453,0.5156856109808939
2.4849066497880004,2.846959194806811
1.6094379124341005,0.9315230986016698
2.19722457733622,0.999658130351843
2.079441541679836,2.1284542088736065
4.532599493153256,4.752528728821795
3.091042453358316,2.8878841607761956
6.311734809152915,6.180869526161226
6.013715156042802,5.520235458785927
2.6390573296152584,3.4357326370151258
3.1780538303479458,2.4491751169981493
3.4657359027997265,3.7615633420799774
5.308267697401205,5.159526654022778
3.8918202981106265,4.301646296652963
0.0,0.07625103733088649
1.9459101490553128,1.3934909626363394
0.0,0.29143940585338723
6.2166061010848646,6.787404330277809
2.70805020110221,3.7980157440371434
0.0,0.2201127607306341
0.0,0.0
0.0,1.8700031112007405
0.0,0.6961647834225225
3.367295829986474,2.388537516205518
0.0,0.3855218915162447
2.4849066497880004,2.6060796038997838
2.70805020110221,2.923208684543542
3.091042453358316,4.25861715103649
3.951243718581428,4.347494700259957
2.3978952727983707,2.212831802647
0.0,0.3821511120281225
0.0,0.8910539379615214
2.079441541679836,2.112681429341553
4.983606621708336,4.6776508651624455
3.367295829986474,2.589120269765554
6.300785794663244,7.064543183610713
0.6931471805599453,0.2837216254814489
3.6375861597263857,2.1478855751966464
3.044522437723423,2.843318970114476
1.3862943611198906,1.6929760271144019
0.0,0.11421483490358207
6.190315405853148,5.951694810756599
2.19722457733622,3.052492263965281
2.302585092994046,2.714522682806773
2.302585092994046,1.8290414103337396
2.19722457733622,2.5253840543110533
5.043425116919247,5.303039342084669
0.0,0.5072133308454759
4.962844630259907,4.223225041560604
0.0,0.026945693309241577
0.6931471805599453,0.6234395387199094
5.697093486505405,5.543368601182229
6.670766320845874,4.340192343578684
0.0,0.6780802785473596
1.6094379124341005,1.9759576167133186
9.169976605786628,7.070687286006503
2.302585092994046,3.181895751073687
2.5649493574615367,1.7387138400411637
3.367295829986474,3.0229695045312015
1.0986122886681098,0.4638450728350064
0.0,1.0040515129087098
0.0,0.37389213581227065
0.0,0.09861166057710004
0.0,0.2670425781720667
0.0,0.5176586623467286
4.934473933130692,5.086231221595308
0.6931471805599453,1.1671922507991235
0.6931471805599453,1.4662552913436058
0.0,0.04486833314152678
0.0,0.6299095372405753
5.3706380281276624,4.477778697312457
2.079441541679836,3.2653011028898877
4.174387269895637,3.3860521935234176
2.302585092994046,2.1329197686554893
3.713572066704308,3.9149197809701732
3.218875824868201,2.758368618450573
0.6931471805599453,1.2532633094711114
1.3862943611198906,1.641540843145359
1.0986122886681098,0.34468961416389243
4.948759890378168,5.210605096451121
0.6931471805599453,0.6049265123941308
4.204692619390966,3.787264848968809
7.302496423727326,6.882969631295471
3.1354942159291497,4.298881018687357
5.209486152841421,6.786522611297944
0.0,1.6503286531612238
0.6931471805599453,1.2894391204520408
0.0,0.40878438712709225
0.0,0.11751169886500386
0.0,0.0676451224997916
0.0,0.5036181306282143
1.6094379124341005,2.151448832607326
1.0986122886681098,0.6357235176762587
0.6931471805599453,2.032387783232434
2.8903717578961645,2.5908530754677295
1.3862943611198906,1.918356733040079
0.0,1.2139638563057276
4.23410650459726,5.874605124770651
0.0,0.893737393627796
3.4339872044851463,3.31333384514034
2.079441541679836,1.586750218864632
0.6931471805599453,2.5140508693361188
2.70805020110221,2.0568361965262407
0.0,0.6931471805599453
1.3862943611198906,0.6208681529382627
2.772588722239781,2.6283665367957973
0.6931471805599453,0.37450396668654956
3.555348061489413,4.070579012971594
5.049856007249537,4.1936203998480375
2.6390573296152584,2.7590104622375224
0.0,1.0286776052291604
8.53346016388011,4.325059789221736
1.6094379124341005,2.288868684277114
3.9318256327243257,3.88450915746532
2.6390573296152584,2.3110699775513557
0.0,0.5402776110487618
2.5649493574615367,2.747134445179056
2.70805020110221,3.0320022740715253
1.0986122886681098,1.148213322336455
2.772588722239781,2.2377384323616183
2.079441541679836,2.9978882811449235
0.0,0.28253916763400816
0.6931471805599453,1.9316675106876826
4.941642422609304,5.023973596197991
0.0,0.05828465936245995
0.6931471805599453,0.708725815699199
0.6931471805599453,0.9890778284092612
1.0986122886681098,0.2472894056185902
4.477336814478207,4.647205173481394
1.791759469228055,0.6834178460966365
0.0,0.6506097113396937
4.574710978503383,4.904966191702121
3.367295829986474,3.897629977258943
4.61512051684126,5.270061320065659
3.091042453358316,2.548772585358455
3.6375861597263857,3.799564074214149
4.691347882229144,4.2893270024574885
3.8918202981106265,3.9471786873059798
0.6931471805599453,0.7078700658866083
3.295836866004329,4.253188053760652
2.6390573296152584,3.3188869229362847
2.5649493574615367,2.783104290232356
2.833213344056216,2.253722552551096
0.6931471805599453,0.951320706302257
5.814130531825066,5.433808834108136
6.532334292222349,6.352765204032078
5.332718793265369,4.7545522823866
0.0,0.4217124982095431
0.0,0.027544692195646755
0.6931471805599453,0.8525430270151784
0.0,0.26055807781409057
1.6094379124341005,1.3010803587512307
0.0,0.21000055055272215
3.80666248977032,3.078592351187951
1.0986122886681098,1.6025037172386574
0.0,0.5893180184364867
0.0,1.3548184419951113
2.3978952727983707,2.1695316413054635
0.0,0.39714245189119063
0.0,0.10824715280667367
3.4339872044851463,3.4019619214731125
2.6390573296152584,2.9960626019045598
0.0,0.21546063372454538
1.3862943611198906,1.641903185345256
0.0,0.08723255629264265
9.169976605786628,6.418786943487255
1.3862943611198906,1.700390898125881
4.406719247264253,4.836712247867922
0.0,0.0
2.6390573296152584,2.5317175096592606
0.0,0.024610061778143455
0.0,0.0825847681069272
0.6931471805599453,5.483914761219553
0.6931471805599453,0.08525896972310786
3.1780538303479458,2.37757644890903
6.595780513961311,7.713211545029532
2.5649493574615367,2.663195202239183
2.19722457733622,3.9540792645341463
3.4011973816621555,2.708849554283251
2.079441541679836,2.5065462963772323
0.0,0.18246957252143856
3.1354942159291497,1.1805536947081776
0.0,4.43839463121183
5.1647859739235145,6.252476079498466
0.0,0.08596855369604674
1.3862943611198906,0.4571519702650784
0.0,0.09646313391333215
6.1224928095143865,6.5945197239074655
4.07753744390572,3.239850317708642
0.6931471805599453,0.7027445766369054
0.0,0.3487782319513214
0.0,1.0310037208169072
6.884486652042782,5.165603247614219
4.04305126783455,4.475451130060016
0.6931471805599453,0.6575714163239853
3.258096538021482,3.3378202930014362
4.0943445622221,4.255561183128641
0.0,0.1572286011551702
2.5649493574615367,2.7493864393597356
4.709530201312334,4.315743445500766
7.934513463882263,7.982933016061057
0.6931471805599453,1.1126123567637314
0.0,0.046374784789418234
4.23410650459726,4.117968775621663
2.833213344056216,2.655510180907639
3.912023005428146,4.5337790342176945
3.367295829986474,3.584531734199134
1.9459101490553128,1.3238598695942454
0.0,0.4802815204892386
7.659171367666058,7.490971805038281
3.4011973816621555,4.0772687607207025
0.0,0.673230168012886
0.6931471805599453,0.5118253543129565
1.3862943611198906,0.4063558081766244
2.079441541679836,3.009147938739517
1.0986122886681098,2.0164380185680404
4.663439094112067,4.215641323112823
0.0,0.7323844962930917
3.8501476017100575,4.301177999191103
3.4657359027997265,3.2785277322656925
0.0,0.7783302977090529
2.5649493574615367,2.903149954110631
0.0,0.0
4.060443010546419,3.807490721699132
1.0986122886681098,0.51705445625922
3.4657359027997265,3.6760201876027536
0.0,0.34633371963129467
0.0,0.27761754634739866
0.0,0.183535203094923
2.19722457733622,1.5330765031614368
2.70805020110221,2.6867107796796907
3.951243718581428,3.5030035925252125
5.438079308923196,4.987651728723085
0.0,0.6948880784728761
3.044522437723423,2.894507789754888
4.382026634673881,4.073699009288562
0.6931471805599453,1.9615959123998248
0.0,0.05359912905588352
4.574710978503383,3.8581741096414275
0.0,0.2485933968762746
0.0,1.0292440400009362
0.0,0.0
0.0,0.029134669478591876
0.0,0.6090300157998407
5.676753802268282,4.729156815168249
4.0943445622221,3.2901297533460436
3.58351893845611,3.977730530595214
3.367295829986474,3.026222272324731
0.0,0.42727472145634937
0.6931471805599453,0.5601047980040863
0.0,1.9087182202715791
0.0,2.0774123945784333
2.19722457733622,1.9633804834093294
0.0,0.044903256375982664
4.143134726391533,4.2682305212237805
0.0,0.8124531225912092
3.4011973816621555,3.59729676147948
0.0,0.16633839666287287
4.23410650459726,4.344937580664538
2.079441541679836,1.575187329411124
1.9459101490553128,2.3508534738147415
3.367295829986474,3.248978712144233
0.0,0.005581692594531637
0.0,0.37544904177068683
0.0,0.15851589266157234
0.0,0.7342487377453173
3.258096538021482,2.4477909323662166
0.0,1.031294946908089
0.0,0.1604817036091696
3.1780538303479458,3.6894520461342983
3.5263605246161616,2.3888466165871765
6.79794041297493,6.337889037917986
6.131226489483141,5.172937709397456
9.169976605786628,8.46190794634308
3.49650756146648,3.425773143943072
4.584967478670572,4.213521434529638
2.079441541679836,2.9105774997221574
0.6931471805599453,1.1989424674318827
0.0,0.05097865806007976
5.298317366548036,5.932702959658943
0.0,0.0
2.19722457733622,2.352956626070184
0.6931471805599453,1.4230319234521642
3.7612001156935615,4.27282146427882
0.0,0.3488489382507803
4.02535169073515,3.3762844206719227
1.0986122886681098,2.055643596835106
2.5649493574615367,2.567029287930935
0.0,0.03502233068815824
4.8283137373023015,4.956141181612057
0.0,2.8098283193782696
0.0,0.025408917127827384
3.970291913552122,4.01591951618128
0.0,0.9640889676814067
0.0,0.06131879563020596
0.0,0.08632210486349032
2.9444389791664403,1.5504326584131964
0.0,0.7012681309521012
1.0986122886681098,0.7283195412013888
0.0,0.9327140049471621
2.833213344056216,2.2236491194147785
8.44741429680832,8.59107280480969
4.990432586778736,5.071461345988816
0.0,1.4728039311956385
3.1780538303479458,3.5325424873073024
3.4339872044851463,3.1991062661592173
0.0,0.6610947458946876
0.0,0.0
6.218600119691729,6.142610582600536
2.3978952727983707,2.232513137173749
6.29156913955832,7.577286292055812
3.218875824868201,3.872912748452525
0.0,0.22789880257290163
0.0,0.3567644035154772
0.0,0.37961598479285363
4.543294782270004,4.447207663774197
0.0,0.7209415041670728
1.6094379124341005,0.6208166854318451
1.3862943611198906,0.7043235924019214
8.881558488638976,5.360667078127326
5.262690188904886,5.491713580629691
1.3862943611198906,2.5893153471117776
0.0,0.0801169409958577
0.0,0.139099006070619
0.6931471805599453,0.4752293449125042
0.6931471805599453,2.933613757529693
0.0,0.027191581335883536
7.906915488678587,7.693448772529366
1.0986122886681098,0.9246711056343806
2.079441541679836,2.0455247605488465
1.6094379124341005,2.240415581377317
2.3978952727983707,2.561127361439796
0.6931471805599453,0.4905845986836599
4.110873864173311,3.5992564449553366
0.0,0.5610545110473952
0.6931471805599453,1.5230097785866101
5.332718793265369,4.383918382961577
0.0,0.09937653193001117
5.236441962829949,4.88768607353583
3.258096538021482,1.813270916158776
0.0,0.4205169562310424
3.1354942159291497,2.041659143050161
6.498282149476434,6.2351720052739745
3.912023005428146,5.716919398311237
0.0,0.13041586440767125
6.244166900663736,4.852729882690276
5.560681631015528,5.329051748990776
6.416732282512326,6.665420567294719
2.772588722239781,2.2875948972094964
0.0,1.0324647858944143
5.41164605185504,5.352862184843194
1.791759469228055,1.5469443874926383
2.079441541679836,2.0621637485260838
1.9459101490553128,3.10241365407614
2.19722457733622,2.1184503564825943
1.0986122886681098,0.5493926610992748
3.555348061489413,3.531080412677058
0.0,0.2812914297948657
0.0,0.022852778450855475
3.610917912644224,3.172072713735117
1.3862943611198906,1.4164881799666016
3.7612001156935615,3.145180070619737
1.3862943611198906,1.493789225306137
0.0,0.6331461459488997
4.110873864173311,4.166181365732293
0.6931471805599453,0.8120430728812225
6.102558594613569,6.029510973154831
5.0238805208462765,5.419207429528266
2.079441541679836,1.2083240537178688
1.9459101490553128,1.976119632169531
0.0,0.13721258514713458
1.6094379124341005,0.8544441234214464
0.0,0.014341415366393044
1.0986122886681098,1.230705314007426
3.367295829986474,3.3653091282600767
0.0,0.01428317994506871
3.58351893845611,3.3600012293152974
0.0,0.04666171232133752
0.0,0.020774725810212297
1.0986122886681098,1.8158250756253804
1.9459101490553128,2.4656064919066663
1.0986122886681098,2.793688738277638
2.079441541679836,2.1809512955955364
4.04305126783455,3.7067543275343504
0.6931471805599453,0.32346023338682356
1.3862943611198906,0.48026820523347313
1.3862943611198906,0.6674832898940422
0.0,0.4184111843835983
0.0,0.7261809676350204
0.0,0.5246958720759501
1.791759469228055,1.859898391548852
0.0,0.5883060613076908
8.375860015299594,7.996887098835741
1.0986122886681098,1.3802089173639085
0.6931471805599453,0.236567552739594
0.0,1.1168812495816467
0.0,0.9937154020941017
2.9444389791664403,3.105382741770054
0.0,0.2508377257006413
0.0,0.11984916492827644
0.0,0.2202335481776542
0.0,0.4543987105461217
1.0986122886681098,2.1496945436389154
2.302585092994046,1.3626154138650046
0.0,0.0
2.772588722239781,2.213518298701506
3.367295829986474,4.019111055075777
0.0,0.2814799866562585
1.3862943611198906,1.7753970294114325
0.0,0.03522746893510587
3.555348061489413,2.6468772230499953
5.655991810819852,4.877526920285479
0.0,0.0
0.0,0.038574907644090745
1.0986122886681098,2.0643182998709557
1.3862943611198906,1.4815358099735851
6.419994928147142,5.887965610599693
1.3862943611198906,2.9424207867111605
2.4849066497880004,0.9056058828005522
1.3862943611198906,1.3361434521186057
0.0,0.0
6.326149473155099,6.295311084031587
1.3862943611198906,0.9472395973198603
0.0,0.33183899704168
3.044522437723423,3.340950827548262
0.0,2.024902757795726
2.772588722239781,2.4804609814325485
2.70805020110221,3.232312070945725
5.641907070938114,5.190323479272732
1.3862943611198906,2.58463442932564
0.0,0.1180818168931221
9.169976605786628,7.694496386664804
0.0,0.5147785174183245
2.19722457733622,1.5406143362444706
3.1354942159291497,3.136790894801217
0.0,2.1677369069978742
0.0,1.6794896078223702
4.04305126783455,4.21244384319761
0.0,0.0
1.6094379124341005,2.3970693211438965
0.6931471805599453,1.45990213102048
2.9444389791664403,2.412918683815155
0.0,1.7262488712544048
0.6931471805599453,0.8641345815563374
0.0,0.32907490929783373
2.70805020110221,2.8607706946871696
4.3694478524670215,3.90432428660859
0.0,0.7907675104532299
3.555348061489413,3.3668969316060338
1.0986122886681098,2.0153408057257707
0.6931471805599453,1.5339246359186998
0.6931471805599453,1.8691227664716885
1.791759469228055,1.8620081009099345
1.0986122886681098,2.1088399790981254
0.0,0.5241931220246789
3.1780538303479458,2.7628645276511867
1.791759469228055,2.3977732182518454
7.042286171939743,6.062244832704547
1.0986122886681098,2.3202892703977334
5.840641657373398,6.737865756453168
4.663439094112067,4.230567552585303
3.555348061489413,4.017628625575759
5.717027701406222,4.464172252538009
5.846438775057725,5.647796409275995
1.6094379124341005,1.0702827246835356
3.8501476017100575,4.111905175892558
0.0,0.4980934152620319
9.076237387452702,8.581634281554985
0.0,0.1329929283186358
0.0,0.19068294941288008
0.0,1.2190837084825668
1.3862943611198906,1.8639791878756105
3.58351893845611,3.7743413172122855
0.6931471805599453,1.187067753916495
0.0,0.2266170912091429
5.153291594497779,4.563877801760168
0.0,0.22287844175177698
0.0,0.06532193995866252
1.0986122886681098,0.6089080275865316
1.6094379124341005,1.8748637934188774
0.6931471805599453,0.6590960706355438
6.306275286948016,5.791648405735184
2.70805020110221,2.8932804272936004
4.844187086458591,5.232463198265542
5.093750200806762,5.207364774726479
1.0986122886681098,0.8649328040248642
1.0986122886681098,2.0494328062172666
1.6094379124341005,1.618248687941857
4.418840607796598,6.094381896530185
7.374001859350161,7.596668847797503
0.0,0.2651915450991215
0.0,0.5489916138338315
0.0,0.48951334449875544
1.0986122886681098,2.3533309002259046
0.0,0.07004827629191063
0.0,0.5572186722040061
7.868636894184167,8.31254999583771
2.6390573296152584,2.169372543966657
0.0,0.29198029279896404
3.80666248977032,3.7050992920882626
2.3978952727983707,3.188121218169139
7.518607216815252,8.126222067240882
1.3862943611198906,1.650228766758609
5.030437921392435,3.9904619055095307
3.1780538303479458,3.487393460735878
2.4849066497880004,2.7421569864212127
0.6931471805599453,1.1098720173360856
0.0,0.5691806023193869
3.737669618283368,3.0205618251703514
3.1780538303479458,1.458623408501634
2.9444389791664403,2.721922810638886
4.68213122712422,4.234760769554655
7.888709524182015,7.017568704174469
0.0,0.18694596783961043
0.0,0.33271664228178327
3.4339872044851463,5.048165166912788
3.1780538303479458,3.801184484530606
1.0986122886681098,1.2053566866992638
1.6094379124341005,2.4423191005355767
0.6931471805599453,0.9781677768535452
4.574710978503383,4.70665558868034
0.6931471805599453,0.621455564606629
3.091042453358316,3.356262060700417
4.23410650459726,3.360565547466992
1.0986122886681098,1.0754795594968087
3.7612001156935615,4.546940058979583
1.0986122886681098,0.4650633575491028
6.190315405853148,6.1496553243127465
2.19722457733622,2.2786239479555905
0.0,0.1404960037552407
0.0,0.0
0.0,0.21236129051846983
7.107425474110705,6.9257462936414615
0.0,0.0
4.219507705176107,3.784688185886081
2.833213344056216,3.5030006361289687
2.6390573296152584,1.9950136976895658
1.3862943611198906,2.4244094240346796
6.0867747269123065,6.017451050528635
1.0986122886681098,1.8909645318321853
0.0,0.284355136108437
1.0986122886681098,1.6875966003855005
2.5649493574615367,2.9287055305117136
3.218875824868201,3.2463430135386053
7.500529485395295,5.7050273821166755
5.575949103146316,5.693058065880045
1.9459101490553128,2.400006156819595
0.0,0.004096138042666177
0.0,0.017432046274621294
0.0,0.044180136257476466
5.666426688112432,4.737706268557785
4.882801922586371,4.089874706901779
4.23410650459726,3.966516003066012
3.80666248977032,4.106800745026476
2.5649493574615367,2.288365831247328
5.746203190540153,7.859881059483201
0.6931471805599453,1.5805352250654896
0.0,0.09034159584598017
0.0,0.2729519594259935
7.068172000388042,6.605670503536955
5.003946305945459,4.402852414344579
3.610917912644224,3.6976024656399638
1.6094379124341005,0.6951064205012847
4.394449154672439,3.565640128322643
0.0,0.6402339720446794
3.091042453358316,4.300458424161256
1.0986122886681098,1.8133492706320231
1.0986122886681098,0.8796583676046771
0.6931471805599453,0.888570301756624
2.19722457733622,2.0586504918672857
0.0,0.5845323258280556
5.0369526024136295,3.8834036967962775
3.4657359027997265,3.6683989908048558
0.0,1.7630971767595243
0.0,0.3229833519533885
4.532599493153256,4.837674119836739
4.02535169073515,4.4411674249294535
0.0,0.03774256639534414
0.6931471805599453,1.1194289449085164
1.0986122886681098,0.09485430893923806
2.3978952727983707,2.597423049211287
0.0,0.050297798289544546
5.948034989180646,6.137757129735678
0.0,0.3429174847139695
0.0,0.12536129884160618
0.0,1.0009270981665712
0.0,0.10237218526393908
2.079441541679836,3.474107322055156
0.6931471805599453,0.9700011754424334
0.0,0.2630398374529863
0.0,0.2982107255983899
0.0,0.48291986701249945
0.0,0.07222551437035454
0.0,0.07511405456842193
0.6931471805599453,0.5236296303870024
7.408530566894626,7.057614821559098
0.6931471805599453,0.14363695239893248
5.402677381872279,5.466488914225822
4.584967478670572,4.022489557608408
1.9459101490553128,1.745025257202121
2.3978952727983707,2.459739574324602
0.0,0.2769369167336938
0.0,1.2176425121291312
5.613128106388071,6.142616097063507
7.620214770574455,7.021745404459019
3.6635616461296463,3.9359387904461434
0.0,0.08580697881749814
3.044522437723423,1.6302041848338162
6.86484777797086,7.14233212240482
4.276666119016055,2.8233865342118527
2.19722457733622,2.9441351464458703
0.0,0.10493207449698828
2.6390573296152584,3.0405215362950213
1.9459101490553128,1.9442543386884261
1.6094379124341005,2.2750213741719785
0.0,0.0
7.60887062919126,6.916562094346702
7.004881989712859,5.414293980251844
7.80954132465341,6.95661071701104
2.3978952727983707,2.980098046437837
4.04305126783455,3.4242456504197127
6.023447592961033,6.561271838249286
4.204692619390966,1.562147283358693
1.9459101490553128,2.0846695245894127
0.6931471805599453,0.4872448355120673
0.0,0.7568439179255749
3.6635616461296463,3.492705233931383
3.295836866004329,2.7584014804909707
3.871201010907891,4.469937103639515
0.0,0.7053203204769695
1.3862943611198906,0.8417576852956163
0.6931471805599453,2.0530208543570807
5.849324779946859,4.798122015002614
0.0,0.32870903749550545
9.013838751608397,7.507773898105679
0.0,0.6723506874112551
0.6931471805599453,0.7689345694241321
2.302585092994046,1.7571341690811606
0.6931471805599453,1.1114904534834755
6.90975328164481,6.743135463358222
0.6931471805599453,2.292985818131974
1.9459101490553128,1.1256034552543166
1.6094379124341005,2.6529857429623953
0.0,0.15151925621902046
3.713572066704308,3.993453009518321
2.772588722239781,2.5039290488690633
6.008813185442595,6.031750162699783
8.855805992536562,8.08069822041435
0.0,0.029464211531043005
1.6094379124341005,2.6996200882925354
4.290459441148391,4.246315540847699
2.079441541679836,2.819059212132667
4.770684624465665,3.976130675779804
5.1647859739235145,6.254774163240283
0.0,0.38723636467871364
1.6094379124341005,2.656519386203151
9.169976605786628,8.31598660528071
0.0,0.06715015159276214
8.244071270295786,7.719695224128347
1.3862943611198906,1.0837457223269233
2.995732273553991,2.977995396823137
1.0986122886681098,1.775083850989698
3.6375861597263857,3.6837128502324608
4.574710978503383,4.660447803844221
1.6094379124341005,1.9594972210874808
5.332718793265369,4.962240489976226
5.298317366548036,4.975304273947354
0.6931471805599453,1.1192957022997057
2.833213344056216,3.087879164370034
4.68213122712422,3.942857356484955
0.0,0.37150938421988106
4.6443908991413725,4.2738785871774185
0.6931471805599453,1.196630809464347
1.3862943611198906,1.722117721560889
1.6094379124341005,2.372051653082351
0.0,0.6657473019618333
1.0986122886681098,0.37447143974845254
0.0,0.10130094057264752
0.6931471805599453,0.5397104443905556
6.253828811575473,5.707445749219679
0.6931471805599453,2.1097806498568965
1.6094379124341005,1.6731899377139632
0.0,0.5349035016696901
9.169976605786628,8.073156427727302
1.3862943611198906,1.0918267346678279
4.31748811353631,4.389140858724824
0.0,0.41856860477624636
7.3938782901077555,6.932610092370601
3.332204510175204,2.591322427209538
0.0,2.396124323834963
0.0,1.6619272609428808
0.0,0.057473823618207645
0.6931471805599453,1.9490475143921278
4.330733340286331,5.371974727747644
1.3862943611198906,0.7226195014908314
4.454347296253507,3.3986949524366383
0.0,0.09841481113957264
4.007333185232471,3.0971739793330935
0.6931471805599453,0.6097267534521862
4.934473933130692,5.40600576915422
1.0986122886681098,0.3815589576007383
0.0,0.12831142749332286
0.0,0.0
0.0,0.14193164178047327
1.9459101490553128,1.97941713331287
0.0,0.8526945703682322
4.143134726391533,4.388835392495936
0.0,0.6578613944890364
4.31748811353631,3.0049798422726015
1.791759469228055,2.3238830578801912
5.187385805840755,4.556774384152912
1.6094379124341005,1.328799927209188
0.0,0.34019819688152736
2.19722457733622,2.0996516562998933
5.068904202220232,4.305215947755535
5.247024072160486,5.607041809704852
0.0,0.6702176161807437
2.079441541679836,1.9097344124061773
1.6094379124341005,3.108858422696688
0.0,0.15403270679109898
0.0,0.1425160178980069
2.6390573296152584,1.9349656841098841
6.77078942390898,6.720052852114996
0.0,0.07492793187940312
0.0,0.0
3.5263605246161616,3.3321112783485263
6.100318952020064,8.034868928936532
0.0,0.0
0.0,0.0
2.302585092994046,2.728419640557331
3.1354942159291497,1.7746857063424055
8.448271745949816,8.519940994696277
3.6375861597263857,3.57073324348962
0.0,0.0
0.0,0.10769434634621436
2.9444389791664403,2.200700056045129
4.969813299576001,6.140038069662909
0.6931471805599453,1.9340366258037338
0.0,1.0053418706682125
0.0,0.06372115527326773
1.0986122886681098,1.4807656744890587
0.0,0.4445367997911515
2.302585092994046,2.4320898180154185
1.6094379124341005,2.6709953076921202
2.6390573296152584,2.914008381674048
5.468060141135132,5.711930578713344
0.0,0.5796527316687188
3.258096538021482,3.263383125465534
0.0,0.0
2.4849066497880004,1.9668735415153804
2.19722457733622,2.4490487180846294
4.990432586778736,5.131452993874492
7.110696122978827,8.135307358024649
0.6931471805599453,1.7522769589467475
3.367295829986474,3.328100487461479
5.823045895483019,5.851449319154864
3.8918202981106265,4.218776063398089
0.0,0.03156482862852253
4.442651256490317,3.660575682403026
5.3471075307174685,4.728948911540665
1.0986122886681098,1.36153140944122
3.9889840465642745,4.633522032823596
1.0986122886681098,1.847450564747209
4.762173934797756,6.020245376521749
1.0986122886681098,1.5550099706124902
3.8501476017100575,3.081623960529406
1.6094379124341005,0.8922642674274848
7.602401335665818,7.816906792685864
0.6931471805599453,0.4053504377377285
0.6931471805599453,0.06814440236562823
4.248495242049359,4.460707734069565
0.0,0.7019088692327915
9.169976605786628,8.821092005996448
6.983789965258135,6.523565646004244
1.791759469228055,2.959215233793696
3.1354942159291497,2.8062211553952303
6.804614520062624,6.473042369180495
4.07753744390572,4.015269663685037
2.3978952727983707,3.1936146193063157
0.0,0.030918016780907137
2.70805020110221,2.2376545885220667
3.871201010907891,4.002353293447409
0.0,0.2140068533806768
3.688879454113936,3.6625999723393123
0.0,1.0324614876755607
0.6931471805599453,0.5876918754588712
0.0,0.5679933432676658
5.231108616854587,5.369669359712588
0.0,0.15535526819379863
0.0,0.2408396947528773
0.0,0.7402261997588796
7.436617265234227,7.431061174024291
0.0,0.23873743909250528
8.575462099540212,5.276787133598331
3.7612001156935615,3.8450919258855754
5.010635294096256,2.8291541858559217
5.056245805348308,5.064049200005764
4.77912349311153,3.8561031907938688
3.367295829986474,3.6338156958487167
1.3862943611198906,0.5152189081022237
0.0,0.057257222206819544
6.263398262591624,7.036636644043334
0.6931471805599453,0.09345792800428933
0.0,1.0654134512789513
1.6094379124341005,3.276037260246998
0.0,0.7424875166483871
0.0,0.21937130420504972
0.6931471805599453,1.549328592809145
0.0,0.3105063637758932
1.3862943611198906,2.5326475671820137
0.0,0.36556938602338185
1.0986122886681098,2.2126017798050883
4.836281906951478,4.97046383725159
5.993961427306569,5.5905186431634615
0.0,0.27371575161485495
6.082218910376446,6.024350613335764
2.772588722239781,2.492191037925585
0.6931471805599453,0.1964345600870482
0.0,0.07699405284257738
3.713572066704308,3.2724943650820646
2.70805020110221,2.611491639588278
0.0,0.2242222761985137
2.772588722239781,3.6554593450928485
0.0,0.21080514267212247
1.6094379124341005,2.232122049751399
9.169976605786628,6.072497419623871
4.143134726391533,4.7202671901666955
0.0,0.06526952017545672
5.575949103146316,6.268677298821429
2.079441541679836,1.747820966494689
0.0,0.43401236712336794
1.0986122886681098,2.951954118241351
3.1354942159291497,3.183071804187217
0.0,0.8067809437742945
5.556828061699537,4.3701902843557985
0.6931471805599453,1.9573889107925
1.0986122886681098,2.4102357626344313
3.1354942159291497,2.742244716372809
3.258096538021482,3.030442836113913
6.481577129276431,5.754318696738306
1.3862943611198906,0.9420828179740328
0.0,0.09329122157052233
2.079441541679836,2.746246294712725
0.0,1.395416490160687
5.673323267171493,4.887003867395106
0.0,0.0
1.0986122886681098,2.0628443278040534
0.6931471805599453,0.03512252800164935
5.560681631015528,5.7680578301530545
0.0,0.15403270679109898
4.007333185232471,3.0001980586334853
0.6931471805599453,1.3110127755531105
4.343805421853684,4.193571832270595
1.0986122886681098,0.30447141579621584
1.3862943611198906,0.6583400370742782
0.6931471805599453,0.30360533512063764
0.6931471805599453,1.9004388774961922
4.04305126783455,3.7027608070933673
0.0,1.4347219457792975
0.6931471805599453,0.5704981927382945
1.3862943611198906,1.3736157344724933
2.302585092994046,2.4016239023888266
1.6094379124341005,2.2480182606093506
0.0,1.0025515146067998
4.624972813284271,3.938410311499071
0.6931471805599453,0.5957986038479383
0.0,2.5474845918586873
1.9459101490553128,2.688057381283961
2.302585092994046,2.840880221800707
4.007333185232471,3.514315502676654
6.257667587882639,6.1718717573395265
2.6390573296152584,2.4117153467845256
0.0,0.13952717201496329
0.6931471805599453,0.4385453828387792
0.0,0.004685486809155687
0.6931471805599453,1.0008492335998938
7.180069874302796,7.455954123951631
4.30406509320417,4.061594827716067
0.0,0.1154509983167645
6.16541785423142,5.73831419479649
3.258096538021482,3.490205057331287
1.6094379124341005,1.3617630133713063
1.9459101490553128,1.9610470144596162
6.171700597410915,6.516197107501822
1.3862943611198906,1.4983231210495356
1.0986122886681098,2.23485016449918
3.295836866004329,3.3424915696864685
0.6931471805599453,0.3076523622852756
0.0,0.2534736964260277
7.116394144093465,7.006878974482701
0.0,0.4728394914024981
0.6931471805599453,0.4578566112067667
3.5263605246161616,3.401573592757925
1.6094379124341005,1.6712584877161036
2.6390573296152584,2.5293372378511116
1.6094379124341005,2.111088111789927
2.079441541679836,2.688162149504287
0.0,0.27240795059858997
1.9459101490553128,0.7553662054095012
1.3862943611198906,2.041020628563544
0.0,0.7735996684804959
1.6094379124341005,2.1064095566129044
5.583496308781699,5.533909898668452
5.525452939131784,5.665571032820527
0.6931471805599453,1.1508082641561719
0.6931471805599453,1.2288658048219323
2.3978952727983707,1.5912628135747424
1.0986122886681098,0.5213188524946492
6.759255270663693,5.9857683137446855
3.367295829986474,3.36222693292583
0.6931471805599453,1.449286513021247
0.0,0.4125277580596059
1.3862943611198906,2.5793617366564683
5.556828061699537,5.470595590688893
0.0,0.030499220332626153
2.995732273553991,2.9988148670163746
5.14166355650266,4.693002089228991
2.772588722239781,1.119594421796895
0.0,0.7822527542585782
2.302585092994046,2.624658075775251
0.0,0.9898475222525325
0.0,2.800535723354442
2.70805020110221,2.3792579642786498
0.0,0.013115497453494033
0.0,0.1085967762441122
1.9459101490553128,1.5443591971976778
1.0986122886681098,1.8891922086992734
3.295836866004329,2.086631556425183
0.0,0.0
5.135798437050262,5.467610024972244
2.19722457733622,3.2407843094550333
0.6931471805599453,0.8694049556624927
3.4657359027997265,3.802684735963788
0.0,0.016050104413830826
0.0,0.6859345317490553
6.602587892189336,5.425313886817509
1.0986122886681098,2.0549693725084786
0.0,0.017920467461797377
0.0,0.44189521147009764
3.044522437723423,3.319672954733182
1.791759469228055,3.596343709176627
0.0,0.46111136837976063
0.6931471805599453,2.0890694622570134
2.5649493574615367,1.855394006625786
3.8918202981106265,4.084885503041673
1.0986122886681098,1.430440497565955
0.0,2.2754079048243883
3.58351893845611,3.8599575864572166
2.772588722239781,2.334864460267551
0.0,0.02829912069281812
1.9459101490553128,2.402632926730935
0.0,0.4273122030496499
1.0986122886681098,1.1329742924102415
4.532599493153256,4.636116402497943
5.087596335232384,4.271134694486008
6.813444599510896,5.51864373837042
0.6931471805599453,0.783508720602642
1.3862943611198906,1.9783193057358723
2.079441541679836,1.4479106550015326
0.0,0.46182318133384986
1.3862943611198906,1.7540828722914639
2.4849066497880004,2.1201341411983377
7.045776576879511,7.584733831581027
3.737669618283368,3.922861260672484
0.0,0.7224230573262047
4.3694478524670215,4.96351912456395
5.375278407684165,5.883186256113213
0.0,1.196089285837193
1.0986122886681098,2.4301168580773242
0.0,0.0972603731677577
2.5649493574615367,2.6285148921246235
4.3694478524670215,4.3398088837130935
0.6931471805599453,2.121001733160397
1.0986122886681098,1.0669709978012052
1.0986122886681098,1.9365479561660341
1.6094379124341005,3.4176856745621067
1.791759469228055,2.743957854378688
7.597897950521784,7.19568712097264
0.0,0.2285085664971123
1.3862943611198906,0.6724266963426746
1.0986122886681098,1.9222237300610978
3.091042453358316,4.291625306652149
1.9459101490553128,2.3566941384631988
1.6094379124341005,1.7989472358054643
7.906915488678587,7.921657472706519
0.0,3.2841279294706047
2.302585092994046,1.8253746144639342
0.0,0.0
2.70805020110221,2.6353803800844102
2.302585092994046,1.8312136617045156
3.4657359027997265,2.6957733241360327
4.624972813284271,4.12128632111715
4.007333185232471,3.9355911116000337
0.0,0.19535554728667248
3.9889840465642745,4.5809887062788555
0.0,0.8853639165631713
3.737669618283368,3.5198137299272707
1.0986122886681098,1.4774303783978195
0.0,0.6749828394449522
0.0,0.0
3.258096538021482,3.2554115450704737
2.4849066497880004,2.438754393466766
0.0,0.15403270679109898
2.995732273553991,2.996468154373253
0.0,0.17187724237939742
1.791759469228055,0.8942190944016783
5.153291594497779,5.02542108547509
8.77770959579525,6.563887192085759
0.0,1.4662566319014187
0.0,0.1345754362491292
0.0,0.3689477766381265
0.0,1.3258887177773784
0.6931471805599453,1.4750858691081157
0.6931471805599453,1.706456336859736
2.9444389791664403,3.1235971643244365
0.0,0.09839997712281262
2.079441541679836,2.0552075478693945
2.8903717578961645,2.933021090449009
0.0,0.12244516645568398
1.9459101490553128,0.45560391145844414
1.0986122886681098,0.4464356384452592
0.0,0.5443956943036194
0.0,0.005721769940662244
1.6094379124341005,0.6065820832259884
2.70805020110221,2.2717215238397754
0.0,1.0348558712712808
0.0,0.07386776159649129
4.499809670330265,4.174758782538286
0.6931471805599453,1.4596754475629703
0.0,0.21247985094014657
3.044522437723423,1.5736252568402809
1.3862943611198906,1.205717518494082
0.0,0.6751440860346364
4.477336814478207,3.170110017001919
0.0,0.16591562631697143
9.169976605786628,8.793986428997185
3.218875824868201,1.8326611569706348
1.0986122886681098,1.496476240911255
0.0,0.24748107095270483
3.970291913552122,4.534184626041926
0.6931471805599453,2.036731683073645
1.6094379124341005,1.559447677110999
3.332204510175204,2.5761906214786046
5.921578419643816,5.681360936542941
0.0,0.07778514396853257
0.0,0.8116024963539643
1.6094379124341005,2.492833342952692
0.6931471805599453,0.6931471805599453
1.0986122886681098,1.5851601521750898
0.0,0.0421352735381036
0.0,2.3816481895153276
4.276666119016055,4.336822555749808
0.6931471805599453,0.920185664582181
0.0,0.1527227252534424
3.4339872044851463,3.175194126215963
6.8966943316227125,7.427919679494012
3.9318256327243257,4.127960249370587
6.333279628139691,6.622644488047557
5.926926025970411,6.389424173114325
2.19722457733622,1.663202180743497
0.0,0.11904672572932953
3.58351893845611,3.0703577471808905
0.0,0.30830638244889746
0.6931471805599453,1.6325599498909056
0.0,0.9087331194535468
0.0,0.15337843560402
5.733341276897746,6.612780085590138
1.0986122886681098,1.3165996548497356
0.0,0.1395658926694625
0.0,0.7336199087487604
0.0,0.6017253024433845
6.7580945044277305,6.001283679896239
0.6931471805599453,0.6382578364330341
0.0,0.024563901448321903
1.0986122886681098,1.7821692073278812
2.772588722239781,3.2462191873376964
0.0,1.6637480488573222
5.187385805840755,5.55601468883719
2.5649493574615367,2.7477902293472747
2.302585092994046,0.5155512586744708
2.5649493574615367,2.46883096266811
0.0,0.9598946160476239
5.081404364984463,4.575283798380285
3.871201010907891,4.257032522620985
1.791759469228055,2.9380122930421564
3.7612001156935615,3.873773882133413
4.31748811353631,5.373960087060118
0.6931471805599453,1.2378615411694467
8.32093496888341,7.870818887080373
1.3862943611198906,0.12805405742405612
2.302585092994046,2.8369718761022966
0.0,0.7223803929360325
4.30406509320417,3.7444491465539373
0.6931471805599453,1.3522188249201976
0.0,0.6608326410762488
0.0,0.3452791463449503
2.9444389791664403,2.690655129555354
3.218875824868201,3.1123729205575104
0.0,0.13524064894431423
1.6094379124341005,1.5882285223258898
0.0,0.0
0.6931471805599453,2.491024691479193
3.951243718581428,4.179267304873936
1.791759469228055,1.461431426767267
1.6094379124341005,1.8252828338063944
8.126222529458525,7.699308494231725
0.0,0.22507039494746875
1.3862943611198906,1.7845404602443202
0.0,0.13502571551724288
5.204006687076795,5.809511542268868
3.828641396489095,3.880417258494384
0.6931471805599453,0.4253305435571145
3.8918202981106265,4.452777343889238
2.833213344056216,2.5643829856679465
1.6094379124341005,1.7123503792273487
1.6094379124341005,1.8841093374841258
1.3862943611198906,0.1031637292833783
7.020190708311925,6.445067020506229
4.709530201312334,4.406711652300658
3.9318256327243257,4.067745803090644
7.7501841622578365,7.780806383386423
2.302585092994046,2.3627411803055915
2.772588722239781,3.6237234380250207
2.833213344056216,2.050662790368004
0.6931471805599453,1.9584606135688245
7.425357887027151,6.676160245349541
0.6931471805599453,0.10739756597485983
3.80666248977032,3.2758843907936916
1.0986122886681098,1.9790192017413113
0.6931471805599453,0.8444631683122409
0.0,0.4917806346191755
0.6931471805599453,0.7483184431149614
1.3862943611198906,0.6084764198179594
0.6931471805599453,0.18782224269653672
1.6094379124341005,0.5960464064355362
0.6931471805599453,0.5961590059608193
4.248495242049359,3.2994549062408356
0.0,0.512492353101594
1.0986122886681098,1.326349100913936
3.49650756146648,3.5976551144438984
1.6094379124341005,0.810239498516936
2.302585092994046,1.6440667030040628
1.0986122886681098,0.7327202649416487
4.290459441148391,4.37488901883728
0.6931471805599453,1.1312422864260383
1.0986122886681098,1.72986314446191
4.158883083359672,3.8304930770325742
8.570165076182343,5.487639453073324
7.018401799069201,6.2090226091034815
0.0,0.3394774770442116
0.0,0.12362356072469108
2.3978952727983707,1.762637463810999
9.169976605786628,4.341694999695438
1.791759469228055,3.3566075881779716
2.19722457733622,2.337268937563668
1.6094379124341005,2.2715473665871495
5.968707559985366,6.0332185244133
1.791759469228055,2.3249137930776875
0.0,2.623720048329079
2.302585092994046,2.8479396643880497
1.791759469228055,1.8013541096414425
0.0,0.40401266286460047
3.4011973816621555,3.9470381793516895
1.0986122886681098,1.3225292728431743
0.0,0.21288158197712806
0.0,0.4819092434089359
2.302585092994046,0.5327225053922967
1.6094379124341005,2.2560808496097287
0.0,0.004722502075889482
4.143134726391533,4.416783056810509
1.6094379124341005,2.503215800525429
2.079441541679836,1.8767704672576921
3.688879454113936,3.4720767724116772
3.1780538303479458,3.1672327235736812
2.8903717578961645,3.252437712006782
4.962844630259907,4.934293405586973
2.302585092994046,2.0004858065534274
8.449128460502108,7.568319238602162
0.0,0.0
1.3862943611198906,3.0339750902518365
3.610917912644224,2.6967831308676398
7.407924322559599,6.643543226526182
0.0,1.9746990433785778
3.332204510175204,3.489603311484116
0.0,0.7902029751752168
0.6931471805599453,1.63275446027302
1.3862943611198906,0.691058551802608
2.302585092994046,2.5526061491117753
7.554334823725748,7.047950295475429
2.4849066497880004,2.1456347409616505
1.6094379124341005,2.781236981691545
0.0,1.1491625469355182
0.6931471805599453,0.3377051718646356
8.575650760987806,8.350102143044545
5.700443573390687,5.427857372821643
2.079441541679836,2.852490408445301
1.3862943611198906,0.5782304168200232
3.367295829986474,3.405396476691395
4.718498871295094,4.538906608493562
7.655864017616056,6.223238660286741
2.833213344056216,2.9094877624783333
0.6931471805599453,1.6146163169688275
0.0,0.5879720810342969
1.6094379124341005,2.0855656518505965
3.091042453358316,3.6406852750420633
0.0,0.11677621791282018
1.6094379124341005,2.6293600263728
1.0986122886681098,1.3538481025198452
0.6931471805599453,0.28519785254189
0.0,0.0
4.07753744390572,4.001168821938343
5.356586274672012,5.934249350565636
5.0369526024136295,5.937009021210054
0.0,0.4073617867596016
0.0,1.168568379560211
2.833213344056216,2.401103373173251
5.438079308923196,5.968307656672553
0.6931471805599453,0.18606283937207427
5.87493073085203,7.033946245315042
5.762051382780177,5.795347528974711
3.970291913552122,4.213965038740019
2.5649493574615367,2.8902888287119364
6.333279628139691,5.999752582155269
0.6931471805599453,0.9912062852315651
0.0,2.6755527217627977
