quantity_sold_ground_truth,quantity_sold_predicted
3.218875824868201,3.242144244092403
0.0,0.3339411619673528
1.791759469228055,1.3207314739067595
3.4657359027997265,3.7751062803985693
0.0,0.3939096274071025
6.156978985585555,5.8928427070322655
3.1354942159291497,2.7769888717148286
0.0,0.05460182804364885
0.0,0.2957033901392412
3.5263605246161616,4.0581914984984975
0.6931471805599453,1.582802694605458
3.1780538303479458,4.2766950475013665
0.6931471805599453,1.2131165973085016
0.0,-0.05227255836811599
3.58351893845611,3.8853246729437307
0.0,0.2578225304898107
7.106606137727303,6.2874845238395904
1.6094379124341005,0.3319731779614544
3.7612001156935615,3.6651705270917367
0.0,0.1842149446253922
0.0,0.31955445739408533
2.302585092994046,2.6004806502511024
6.92951677076365,7.227069254791251
2.5649493574615367,3.0543266770231283
9.169976605786628,8.571772714445153
9.169976605786628,7.160018158478791
0.0,0.05182401779720125
0.6931471805599453,0.17043820248621303
0.0,0.29362364151710363
0.0,0.8730322141968975
0.0,0.0266164574826112
4.110873864173311,3.9468305446769456
0.6931471805599453,1.050384785602337
0.0,0.15140901258674203
3.332204510175204,3.525893930063782
2.079441541679836,2.873353823336742
3.9318256327243257,4.099224773962902
2.5649493574615367,4.6443924680968065
4.07753744390572,4.009959872760328
0.6931471805599453,0.6002156904537456
0.0,0.237818996909115
0.6931471805599453,0.033242791596882315
1.791759469228055,0.8711153826786961
4.727387818712341,4.703739478510225
7.538494999413465,7.301362839342636
2.6390573296152584,2.919566831188379
1.3862943611198906,0.48124854152361374
1.3862943611198906,0.5235450458762725
0.0,0.6748869795622494
0.0,0.0415671038243109
0.0,0.0123938725004328
6.16541785423142,6.20092280088762
6.8001700683022,7.122282405815651
0.0,0.25670550291899913
9.169976605786628,7.433218083624346
4.394449154672439,4.376901567053654
5.062595033026967,4.897184569014681
0.0,0.40427431696014804
1.3862943611198906,1.032743743330638
2.19722457733622,2.7822530658359983
5.7745515455444085,5.09699616013548
1.0986122886681098,1.374900692130378
0.0,0.3251264604053757
0.0,0.41604652409937576
0.0,0.070530872034501
3.4011973816621555,3.140546621466734
7.797291273547472,7.553160311154229
0.0,0.7285603741485552
4.3694478524670215,3.838881043244479
0.0,0.4137367584410643
5.356586274672012,5.623782375597619
5.484796933490655,5.170125084967422
4.882801922586371,5.035354551993589
3.332204510175204,2.926395184555554
1.9459101490553128,1.22875422344052
3.218875824868201,3.229166821020055
0.6931471805599453,0.13162181647455393
0.0,0.07013843087368898
1.9459101490553128,1.1891474483374755
2.302585092994046,2.9437961906087877
0.6931471805599453,0.3803647858616055
6.943122422819428,6.860226764740572
5.3230099791384085,6.594861916853434
0.6931471805599453,0.6250863253437993
0.6931471805599453,0.6069426847752318
5.068904202220232,4.924456281599177
5.950642552587727,6.182111996836258
5.327876168789581,4.813445417261196
2.8903717578961645,3.0560478001715206
0.0,0.12232443724693687
1.791759469228055,0.42071747310229946
2.19722457733622,2.677464069512659
9.169976605786628,9.022423553215292
2.9444389791664403,2.8472857934326585
0.0,0.08389565261723196
0.0,1.1749345053422253
4.74493212836325,3.472880518246944
2.6390573296152584,3.2977833323279686
2.833213344056216,3.059553417092952
3.4657359027997265,3.193944681134234
2.3978952727983707,2.8457964726405556
1.9459101490553128,0.9052455517611807
3.5263605246161616,3.4491147926914265
2.4849066497880004,2.8307127655944
6.2166061010848646,5.658890108823357
0.0,-0.016149310941567345
3.871201010907891,4.495202393482281
1.3862943611198906,1.0828538304051525
3.912023005428146,4.449646435111027
0.6931471805599453,0.35801704650527244
2.079441541679836,2.7858300574784467
4.3694478524670215,4.451276824293022
0.0,0.03432276560332675
4.74493212836325,4.840267986535563
2.3978952727983707,2.525005014057238
1.791759469228055,1.2582772470365495
0.6931471805599453,1.1267018780100055
1.6094379124341005,1.0077707248891477
3.555348061489413,3.6184991855512108
0.0,0.380524470608168
0.0,0.05125413899858987
6.137727054086234,7.196363356100806
1.3862943611198906,1.4592600815549694
2.5649493574615367,3.015103725530808
2.8903717578961645,2.921017421225291
0.6931471805599453,0.3939096274071025
0.0,0.026697826898559526
5.075173815233827,5.496547285048864
0.0,0.0854642076109846
0.6931471805599453,1.0892366035062775
2.772588722239781,3.115722529087781
0.6931471805599453,0.41998357119131174
1.6094379124341005,0.42947445009605306
2.8903717578961645,3.447523174662557
0.0,0.2510874485268246
0.0,-0.007063508238548422
1.0986122886681098,0.5149032483050978
3.610917912644224,2.8935151029829704
4.143134726391533,3.7614582963485437
0.0,0.13181752798917434
0.0,0.5505449986767176
1.0986122886681098,0.681242249643654
0.0,-0.024448173493939657
4.672828834461906,5.001728618044635
1.791759469228055,1.2383235832810853
4.060443010546419,4.1252157413322506
0.6931471805599453,1.4376583226453374
6.173786103901937,4.675729518829986
3.4011973816621555,3.701985078223038
0.0,0.2883912715160958
4.820281565605037,4.193607967792201
1.0986122886681098,0.9990607124438583
0.0,0.06633782730197624
6.049733455231958,6.08232909906175
0.0,0.17010605772389958
1.6094379124341005,1.4822910651826484
0.0,0.7436987528239951
0.0,0.07227432820112643
5.0238805208462765,5.16057906515266
1.791759469228055,1.5204130137713243
0.0,0.5115039943651636
0.6931471805599453,0.447466195601086
3.295836866004329,4.343822880359951
0.0,0.11556805193310837
2.5649493574615367,2.629973982056827
0.0,0.18985924273423477
0.0,0.43736965410742695
0.0,0.428268258058211
5.771441123130016,6.016284967731573
0.0,0.40408029373109167
1.3862943611198906,1.1731609929766134
3.80666248977032,3.73365722136345
1.6094379124341005,1.2199556725253518
1.0986122886681098,1.2743649507276036
2.3978952727983707,2.6176152619155793
3.1354942159291497,3.9742429721303223
0.0,0.032378279625028254
0.6931471805599453,1.101514648745485
0.0,0.02147572833003242
5.278114659230517,5.5611186826245795
0.0,0.055688077921233405
1.3862943611198906,0.8927837074006245
0.0,0.4232099814001261
3.555348061489413,2.6211432487192305
1.9459101490553128,1.34837981658366
3.4657359027997265,3.8197825938870817
1.3862943611198906,0.9992465410908753
2.19722457733622,2.586732417462377
0.0,0.6589699206373205
1.3862943611198906,0.5002719182439158
3.218875824868201,4.070770852051312
2.19722457733622,3.326375618578015
2.8903717578961645,3.377018349316844
0.0,0.17089224419940993
2.079441541679836,3.109437154898329
4.7535901911063645,4.370007065280344
0.0,0.09184313287962717
0.0,0.15765237287578934
3.091042453358316,2.9766142119862864
2.772588722239781,3.3686553898834135
4.663439094112067,3.4821525403617124
0.0,0.017679641768066842
3.871201010907891,3.312769748279902
4.962844630259907,5.241850547674448
1.791759469228055,1.567004357949197
2.19722457733622,2.603063632439059
0.6931471805599453,-0.034056723942398774
4.68213122712422,4.015057423691618
0.6931471805599453,0.292456790908392
3.6635616461296463,3.1718336201339787
2.079441541679836,2.947728310344877
0.0,0.1043489292145699
1.3862943611198906,1.1339104105260098
0.0,0.23421871344907405
0.0,0.5485634449174347
0.0,0.6851529243614233
3.1354942159291497,4.88445782768015
1.791759469228055,1.6942450694456959
2.079441541679836,2.4431824511192355
5.958424693029782,6.155376249042816
2.302585092994046,2.6755325519977924
5.855071922202427,5.701255353980742
0.0,0.11321783020051514
0.0,0.02595867124412083
0.0,0.3914245398753808
2.772588722239781,2.9165126001924606
1.791759469228055,1.347923849469278
0.0,0.14465378845603966
0.0,0.5422813010525092
1.6094379124341005,1.481804366510968
3.044522437723423,2.9697154772098124
0.0,0.05212924095742045
0.0,0.2229940326028352
3.970291913552122,3.4132679000158013
1.9459101490553128,1.5177208619738793
1.791759469228055,1.1430913691554927
0.0,0.03172878730551485
0.6931471805599453,1.107801558948119
2.9444389791664403,2.576482957376984
0.0,0.25523740203530776
3.367295829986474,2.8431652959522715
1.3862943611198906,0.6276381501096613
5.739792912179234,6.563616621014054
4.248495242049359,4.2198414318314565
1.6094379124341005,1.5019904466474059
5.488937726156687,5.114117638170607
1.6094379124341005,1.5615001351186348
2.833213344056216,3.2737791242773753
7.554334823725748,7.338558026195493
0.0,0.06319524920714403
5.14166355650266,4.423576332643486
4.007333185232471,3.999262842125043
1.9459101490553128,1.531412881596614
0.0,0.16536797243735815
1.3862943611198906,0.6634599602738774
7.269616749608169,6.99395619376432
1.791759469228055,1.2079513348850637
1.0986122886681098,1.089478382809546
0.6931471805599453,0.8453568789618134
1.0986122886681098,1.1621029193432149
0.0,0.13924557086492928
6.124683390894205,5.738949768761933
2.6390573296152584,3.03247182270593
3.8501476017100575,4.268158345121699
7.422373700986824,7.230516993693012
4.912654885736052,6.581212552474263
4.7535901911063645,5.7813793224148515
0.6931471805599453,0.1474212164220148
0.0,0.2316974037684387
2.5649493574615367,2.96090657287862
0.0,0.007301763767686309
1.3862943611198906,1.0399433382791259
4.23410650459726,4.348968858461172
3.218875824868201,4.066600069214754
1.3862943611198906,0.5590902971726673
6.115892125483034,6.992977376244084
6.77078942390898,5.580939029591235
1.791759469228055,1.7794769123086775
2.3978952727983707,2.824327488298947
0.0,0.07115903855966768
4.770684624465665,3.354174478287288
0.0,0.03810909575782149
2.70805020110221,2.888188756545486
6.035481432524756,6.203289245537965
7.697121317282625,6.63856630547296
4.174387269895637,3.8631474391042824
5.389071729816501,4.832356138871434
4.59511985013459,3.7992253007504138
9.169976605786628,7.931173141527967
7.307872780763706,7.038286387848752
4.663439094112067,5.020417580441931
6.228511003591184,5.590022194656138
0.0,0.10828144945296239
0.0,0.5368648826516678
0.0,0.3794287381957254
1.0986122886681098,1.0491259231117842
3.49650756146648,4.087601606643859
4.584967478670572,2.971341553029402
0.0,0.05549819414884804
0.0,0.052488935072322516
2.5649493574615367,2.7026356988805875
1.3862943611198906,0.71994065761559
0.6931471805599453,0.6937784170861858
5.459585514144159,5.594940402730657
0.0,0.19002838474407024
4.143134726391533,4.226490985500943
2.9444389791664403,2.9691319350709353
3.9318256327243257,3.485954429752766
0.0,0.35021103775255125
0.0,0.5705803355306523
1.0986122886681098,0.4916499249208211
3.9889840465642745,3.7209285416153706
7.907651594711089,7.816329210473117
6.641182169740591,4.852796380510626
1.0986122886681098,0.6414991275167723
3.80666248977032,4.487033829200442
7.748028524432376,8.482306150864254
4.442651256490317,4.764494874371534
2.4849066497880004,3.025467716156408
0.6931471805599453,0.6108138921265411
0.0,0.05656202334077944
5.916202062607435,4.9195249436035065
2.833213344056216,2.544599067854021
0.0,0.06427160232944212
2.19722457733622,2.8043538014781046
2.70805020110221,3.4296012672421528
0.0,0.04019089645675817
2.70805020110221,3.901726102385537
0.0,0.40657448885148334
4.356708826689592,4.880612670995659
3.9889840465642745,3.8705242382965976
0.0,0.4087372406202852
1.0986122886681098,0.3355729792216637
4.709530201312334,4.254418998969888
2.3978952727983707,2.7711755595380927
0.0,1.0954836645142123
0.0,0.02154368298298985
0.6931471805599453,0.36728553341528175
0.0,0.3168691521545597
6.171700597410915,5.906999062082184
5.53338948872752,5.174009017560516
4.812184355372417,3.6428135618787705
0.0,0.08004509081936545
5.068904202220232,5.373222522455513
5.2832037287379885,4.446911071552773
4.110873864173311,3.279958959970165
0.6931471805599453,0.18799299188240645
3.951243718581428,4.435403115356402
5.7745515455444085,5.718636259372249
1.0986122886681098,0.47814656150564194
2.19722457733622,2.6970347278089943
0.6931471805599453,0.6183498412849775
4.02535169073515,4.2942156090061845
0.0,0.08344429003455253
1.6094379124341005,1.6394378257758728
2.772588722239781,3.291356718297919
4.382026634673881,4.249336393270314
1.0986122886681098,1.4318086633665061
0.0,0.3631943476866887
0.6931471805599453,0.24172943708210431
0.0,0.2070433958288212
6.20455776256869,4.610308739994632
0.0,-0.15893964953851808
0.6931471805599453,0.39481045701928147
4.330733340286331,4.210588057333535
1.9459101490553128,0.8050008968703228
0.0,0.5083807309634664
2.5649493574615367,3.5459437810616317
0.6931471805599453,0.5713088907998474
4.859812404361672,4.7678797481741775
3.295836866004329,4.0072782121501245
3.1354942159291497,3.005534153758108
2.079441541679836,2.7116030211016966
0.0,0.11635474632105786
1.3862943611198906,0.29472638888669256
2.4849066497880004,2.8731237675060153
3.6375861597263857,2.510388376625969
0.6931471805599453,0.285840817050938
5.476463551931511,5.244025293859622
4.382026634673881,4.911484192697419
1.6094379124341005,0.17168064343645834
0.0,0.09921247763149661
2.4849066497880004,2.793255022921191
1.0986122886681098,0.05756489582094174
0.0,0.038970016000849685
2.19722457733622,3.0404665144726026
2.3978952727983707,3.238755891252685
0.0,0.6042326233161652
2.302585092994046,2.4823759686802904
0.0,0.9599670319547455
2.302585092994046,2.7177316111839027
2.6390573296152584,2.68450571092318
5.926926025970411,6.067006368449553
0.0,0.2287485749147109
2.5649493574615367,2.9608368019204345
0.6931471805599453,0.8290679589621833
2.5649493574615367,2.964044461965385
0.6931471805599453,1.2296151658121697
0.0,0.03392120224228136
1.3862943611198906,0.612711735093627
2.3978952727983707,2.998187027643983
7.781973234434385,6.812641154482808
1.3862943611198906,1.6057871136303017
2.4849066497880004,2.692823393816524
5.1647859739235145,4.73284475552077
5.272999558563747,4.89964282877228
1.791759469228055,0.6905002879478707
0.0,0.09073596332325577
2.772588722239781,3.819199933477932
1.791759469228055,1.483083536420099
3.258096538021482,4.017978882922838
3.332204510175204,3.1566816376645983
2.772588722239781,2.6574188565316383
0.6931471805599453,0.19437847801354644
3.951243718581428,3.368598846890748
1.0986122886681098,1.1420948868684935
3.295836866004329,3.273437638014448
3.6635616461296463,3.2468904948125337
0.0,0.04292778790775822
3.871201010907891,4.179635016807788
0.0,0.3210355112953818
0.0,0.11183727541307427
0.6931471805599453,1.185926688110695
0.0,0.12828287407312772
0.6931471805599453,0.29086678514757314
7.747596838692885,7.3217391261263876
1.3862943611198906,1.2359081623283592
1.9459101490553128,0.727909675935347
0.0,0.7012424532706241
1.3862943611198906,1.1220810680828506
2.995732273553991,3.112384984917546
3.044522437723423,3.2904106441685075
5.056245805348308,6.035088373305397
0.0,0.4076249876211602
5.513428746164983,5.509353344159709
1.3862943611198906,1.6616980875300327
4.700480365792417,5.017343147217533
1.3862943611198906,0.64061712786668
0.0,0.19480508533941807
1.791759469228055,1.5601829255105382
3.610917912644224,4.392537803961941
0.6931471805599453,0.025507804058267185
0.0,0.3687010160601927
2.302585092994046,3.0682703757338103
0.0,0.6341088038398959
4.262679877041316,4.898819760351383
4.430816798843313,4.335950853110282
5.455321115357702,5.980238143978425
2.70805020110221,3.409270689646861
0.6931471805599453,0.3874656276937328
0.0,0.5763502878770339
5.1647859739235145,5.2966425803175365
0.0,0.5525860099121925
0.0,0.5237129348816136
3.218875824868201,3.492717578485142
1.9459101490553128,1.5088673518170268
1.0986122886681098,0.6723359232627639
2.4849066497880004,2.5338276748106723
5.613128106388071,5.908353140030482
0.0,0.6515098657426782
0.6931471805599453,0.6576874872015039
0.0,0.13300179754869124
0.0,0.23071638231694522
0.0,0.38010714197059803
0.0,0.06277761796335442
3.091042453358316,2.7423448679628066
2.079441541679836,2.7358199792767497
0.0,0.62718885711771
0.0,0.11100311562224643
3.737669618283368,3.304239391465461
0.0,0.5422837924757484
4.672828834461906,3.745680267777548
3.784189633918261,3.845629413978319
2.833213344056216,2.8691543434677174
1.9459101490553128,1.4511907535760449
0.0,0.36882101025778663
4.007333185232471,3.918764983890717
1.9459101490553128,1.1145746009389244
0.0,0.3824855188579094
0.6931471805599453,1.1748774063771392
1.6094379124341005,1.0010321222004877
1.0986122886681098,1.23289213675562
0.0,0.0749214970021538
0.6931471805599453,1.2629477916417102
2.19722457733622,2.8426524511161606
0.6931471805599453,1.3133582140341558
2.3978952727983707,3.0590279159136498
5.0369526024136295,4.844158421001657
0.0,0.6500174789210221
0.0,0.08020101067660365
0.6931471805599453,0.9816325538342855
1.0986122886681098,0.6824985498180001
0.0,0.17380764816175984
2.302585092994046,2.9344258422147362
2.772588722239781,2.939878801471769
2.5649493574615367,2.6887821891425894
2.833213344056216,2.8132953646898256
2.4849066497880004,2.6333786918153854
3.4339872044851463,3.2755165072240082
3.58351893845611,3.717569997580311
6.1092475827643655,6.452982020383106
5.66988092298052,5.881555737305261
0.0,0.48683549340981697
2.772588722239781,3.0565577083374857
0.0,0.17214198087984026
1.9459101490553128,1.67510691995968
1.791759469228055,1.26542419467964
1.0986122886681098,1.0273406802521425
0.0,0.16841684069773497
0.6931471805599453,1.3864898620375061
3.713572066704308,4.006544356212789
0.0,0.5763518728739204
8.439880088313567,8.437521549204309
3.8501476017100575,5.185027465645588
4.07753744390572,4.732629917607955
0.6931471805599453,0.47608918672117606
1.9459101490553128,1.6991053748537541
2.4849066497880004,2.5281589312493784
7.080867896690782,6.282287405573994
5.429345628954441,5.2583461750578
0.0,0.05095487876460788
0.0,0.6354903145335073
0.6931471805599453,0.4141071054577238
0.0,0.16688878631272988
0.0,0.46926731132657384
0.0,0.04570629108320682
6.084499413075172,5.88615572833197
0.6931471805599453,0.5337832636942734
0.0,0.1623203103958414
2.4849066497880004,3.4094829185898465
1.0986122886681098,1.40487674602301
0.0,0.04197866543192008
2.70805020110221,3.351767256686848
0.0,0.03011791979296677
7.606387389772652,7.421511500227557
1.791759469228055,1.1404596343332671
0.0,0.033737014320807834
0.0,0.8584923677172593
3.8918202981106265,3.091278618004014
3.6375861597263857,4.577175455771999
1.3862943611198906,1.3436468939545243
9.169976605786628,6.866282465125359
0.0,0.07797596500178448
0.0,0.11457220492776386
1.6094379124341005,0.9466972608069693
4.663439094112067,5.1122200546450145
1.6094379124341005,1.2595447837967628
1.0986122886681098,0.7035287802137976
2.772588722239781,3.419213388672153
0.0,0.04967149645117623
6.077642243349034,6.477418030159533
6.635946555686647,6.008124370808711
0.6931471805599453,0.34320507778670667
2.302585092994046,2.768691036683533
9.169976605786628,7.046023707713805
4.04305126783455,3.623530730421383
0.0,0.09692813093458141
3.713572066704308,3.00125232093075
2.4849066497880004,2.800342590521034
2.19722457733622,2.8214640461674136
2.3978952727983707,2.8157131012531957
0.0,0.20230025680851174
0.6931471805599453,0.5588917464657517
2.19722457733622,2.5092538672678177
5.123963979403259,4.3210559298011475
2.772588722239781,3.096644433524026
0.0,0.5444051102242057
0.0,0.04449967287059143
0.0,0.7837454936839834
5.501258210544727,5.150812765976859
3.295836866004329,2.880819740371317
0.0,0.08344429003455253
0.0,0.9353920747828166
0.0,0.21444909022108283
0.0,0.04082486399971333
2.4849066497880004,2.382308232681763
4.430816798843313,4.419797271495465
0.6931471805599453,1.203056265196781
0.0,-0.04116290718446841
0.6931471805599453,0.4195782591758707
2.4849066497880004,4.276907010481461
2.8903717578961645,3.520848369267896
1.0986122886681098,1.0660329308671885
0.0,0.5367901681184848
6.956545443151569,6.710849782774519
3.7612001156935615,5.070706754275817
1.6094379124341005,0.37060477172801376
3.1354942159291497,3.3263970876704114
6.461468176353717,5.3103756126619235
4.23410650459726,4.214763678060645
4.882801922586371,4.45045222834801
0.6931471805599453,0.4770354629894256
2.833213344056216,3.460936209610863
0.0,0.15476425558663334
6.595780513961311,7.1809087030185434
0.0,0.08501438398334454
4.174387269895637,3.902428613895285
0.6931471805599453,0.30042662618337457
2.19722457733622,2.9509929779179944
1.791759469228055,1.717810659830722
2.079441541679836,2.956984749686442
1.6094379124341005,1.5371040405697025
3.1354942159291497,2.5399660766493253
0.6931471805599453,1.1483539136561742
0.0,0.047030327847901815
0.0,0.040493976071945215
0.0,0.4478436135172316
1.0986122886681098,0.4233051213698642
6.894670039433482,6.152049542729839
1.3862943611198906,0.8147507631537149
2.8903717578961645,2.9923383550469107
0.0,0.6899804578055898
0.0,0.1436646468390073
5.961005339623274,4.0540670032373685
5.7745515455444085,6.064631094473191
1.6094379124341005,0.30453425880745205
4.248495242049359,3.1462747437876613
8.658692753689937,8.58661309460105
0.0,0.42038479589315514
0.0,0.3734636530128991
1.6094379124341005,1.23057214391135
3.912023005428146,3.949064792650571
0.0,0.1644441753575558
4.762173934797756,4.741669468127458
0.6931471805599453,0.9943091218692971
0.0,0.1095644898790964
0.0,0.49383309523317803
0.0,0.2111934942809173
5.680172609017068,5.273584480966719
1.0986122886681098,0.551442379993745
0.6931471805599453,0.9710202263982766
0.0,0.1287408264632052
0.0,0.21857574784325343
4.02535169073515,3.6741041870858178
3.737669618283368,2.999839512738866
2.70805020110221,2.5743011474734208
0.6931471805599453,0.08435924609400526
0.0,0.023198143021225272
1.3862943611198906,1.2530437161585777
3.1780538303479458,3.5709174256073934
3.4339872044851463,3.4065470635678943
1.0986122886681098,0.7867253778657887
0.0,0.45281420976559245
0.0,0.6130128226875051
4.23410650459726,3.8090684556518655
0.0,0.07992225449351094
2.302585092994046,3.3261556625419626
0.6931471805599453,1.1724775093961
0.0,0.28603689434970886
1.791759469228055,1.5276006953465466
0.0,0.2565671836839585
0.0,-0.009540558528977058
0.0,0.3019425355822615
3.8501476017100575,4.137138123156409
4.624972813284271,4.59359441621335
0.6931471805599453,0.31159671622549523
1.791759469228055,1.2241869347525227
3.332204510175204,3.497750988298114
0.0,0.25670550291899913
4.605170185988092,4.819901782979893
0.6931471805599453,1.3196214884345236
0.0,0.4593004059952371
0.0,0.04464425835145277
5.4510384535657,5.873485154241569
5.703782474656201,6.006103178051172
5.594711379601839,4.563290969487212
0.6931471805599453,0.8796236653434383
0.6931471805599453,1.080283948487515
4.663439094112067,4.3367862545457845
0.0,0.03598760099620688
0.0,0.14176673160918088
1.0986122886681098,1.0001227378930997
2.079441541679836,2.783429756739854
2.6390573296152584,3.439713444768612
1.0986122886681098,1.1135554103080734
2.833213344056216,4.326038272902208
5.973809611869261,5.982549997706186
0.0,0.47362710250025153
0.6931471805599453,0.5849211448903467
0.6931471805599453,0.41380359680664597
3.58351893845611,3.2655525659347555
0.6931471805599453,0.00956821405935602
4.174387269895637,4.227402632050797
3.367295829986474,3.1184644105879586
6.729824070489475,5.101275810139988
0.0,0.3074985629033107
0.6931471805599453,1.2244196860640688
4.3694478524670215,3.67035220855394
3.8501476017100575,3.8662865501074606
1.6094379124341005,0.5127823665767488
0.0,0.5812759633935747
2.9444389791664403,3.2636931298437495
0.6931471805599453,0.2403595741964973
2.833213344056216,2.953162080897445
4.204692619390966,4.338095356015669
7.431299675155903,6.836062507920878
0.6931471805599453,1.0636149432206794
2.4849066497880004,2.5174080089162243
7.167809184316444,4.127321625921595
7.126087273299125,7.1726245798167545
6.486160788944089,4.923399955370956
2.833213344056216,2.9869845515252194
0.0,0.40641332064357133
0.6931471805599453,0.18740069912789145
2.772588722239781,2.8190804075903166
3.8501476017100575,3.559971181928394
1.0986122886681098,0.914783713665978
0.6931471805599453,0.9009006956981133
0.0,0.4041715782692678
2.4849066497880004,3.775209628587956
0.0,0.09375233460771935
0.0,0.3814241020980405
6.413458957167357,5.460658985928173
2.5649493574615367,3.2896941014319214
0.0,0.415962393945455
0.0,0.17453870784755807
5.7430031878094825,6.171049667432626
3.218875824868201,2.7387588180800226
0.6931471805599453,1.0899825136510484
3.1354942159291497,3.842610278278137
0.6931471805599453,1.431692028886386
1.3862943611198906,1.5445165361960274
0.0,0.364479938998241
1.9459101490553128,0.8180453521745297
0.0,0.43525429907381774
3.332204510175204,2.665158086740518
1.0986122886681098,0.2031452730539866
7.089243155027514,6.731302273825285
1.0986122886681098,1.133718123528728
3.912023005428146,4.620081737657226
1.3862943611198906,1.4861857087991197
1.0986122886681098,1.089478382809546
0.0,0.11934056070550655
3.6635616461296463,3.186337177245829
4.127134385045092,4.74102720562095
3.49650756146648,3.064668914151752
2.3978952727983707,2.8096735305962532
8.442685139241176,8.059806514934959
2.6390573296152584,2.669587296002359
0.0,0.094342219375449
3.5263605246161616,3.4373245086706503
0.6931471805599453,0.5928324294462206
6.169610732491456,5.72214944054025
5.198497031265826,5.303337991355949
6.042632833682381,5.528965776596384
1.6094379124341005,1.135926107710302
1.791759469228055,0.7815133715596121
0.0,0.26114128861380287
0.0,0.5556990102406973
2.3978952727983707,3.09631520933281
3.970291913552122,4.29034323520347
4.543294782270004,4.31392292049093
1.0986122886681098,0.6703381049371576
0.0,0.3951252016601018
5.236441962829949,4.046135699761328
3.8918202981106265,4.637212180805309
2.302585092994046,2.783331714595552
3.1780538303479458,3.6019111434250792
4.406719247264253,3.1220916024285192
5.262690188904886,5.336265724064496
2.772588722239781,2.670501729673597
0.6931471805599453,0.17440614365265664
0.0,0.2179747558383196
6.765038976780541,7.059465325458591
2.70805020110221,2.7030657437020467
2.772588722239781,3.1139224914076062
5.3230099791384085,4.931911464369786
0.0,0.1379360620125236
1.3862943611198906,1.2623995321604575
2.995732273553991,3.4800236913588374
0.0,0.7853399758140678
0.0,0.86353937562265
4.060443010546419,4.52461117946369
1.6094379124341005,0.7795715416969531
0.0,0.12296218966093703
1.0986122886681098,1.2270020881638728
0.0,0.007158027031668149
5.627621113690637,6.0748993215800615
1.0986122886681098,1.2405511669980025
4.875197323201151,4.254353280139535
1.3862943611198906,1.3321630295054738
0.0,0.019844242980203295
9.06577692078483,9.034568922867763
2.079441541679836,3.4202861383286005
0.0,0.09208274636400943
3.912023005428146,3.7602609641094364
1.9459101490553128,1.4047326830517517
0.0,0.08564965269404141
3.4011973816621555,4.002897317099789
6.536691597591305,6.20676946067131
0.0,0.4686819286503746
5.3612921657094255,4.6950345277088905
0.0,0.3542092572064293
0.0,0.44357998658408565
0.0,0.052019840806845755
3.4011973816621555,2.577361922185781
0.0,0.45833102940525117
0.0,0.46522872077769256
3.688879454113936,3.7046440172677557
0.0,0.6171087441343185
5.062595033026967,4.465676722898822
1.3862943611198906,1.1784638142001647
0.6931471805599453,0.493957177578388
0.6931471805599453,1.0137409259617483
2.70805020110221,3.5519908482483937
0.0,0.5196042552926384
5.117993812416755,5.2298718952327325
0.0,0.22713837302677284
0.0,0.053010478514600466
7.711101251840158,7.5146560739833195
0.0,0.002743386689042973
7.130098510125578,7.344287558366575
0.0,0.2650857290865748
0.0,0.14315372417310382
0.0,0.08797430404562628
3.49650756146648,3.992052311625692
0.6931471805599453,0.9768863550488324
0.0,0.30506201904871444
0.0,0.419231579621943
0.0,0.13613120890619013
2.19722457733622,2.8876836641758046
3.258096538021482,3.1870781537948734
1.0986122886681098,0.36091066931364907
0.0,0.11151055655973183
2.079441541679836,2.640304195192565
2.833213344056216,3.1964368032169457
0.0,0.705029142884171
9.169976605786628,8.890748060405633
7.954723334497908,8.241701551557298
0.0,0.15900964524387742
0.6931471805599453,0.9480202352295809
9.169976605786628,9.004048029213125
0.0,0.019923033464677872
1.3862943611198906,1.4742983485833372
4.219507705176107,4.814110755471426
2.4849066497880004,2.7471283970399947
2.8903717578961645,4.193998608433284
1.6094379124341005,0.8067487290163358
2.079441541679836,2.417061070155702
2.8903717578961645,2.948476253262121
2.5649493574615367,2.6196770156195477
4.976733742420574,5.025444630451248
3.49650756146648,3.2600211753656736
0.6931471805599453,0.3843860361646486
7.186901020411631,6.513001625523523
5.030437921392435,5.243987837001112
1.791759469228055,1.585539022453066
4.890349128221754,4.496362882039472
0.0,0.9927757126959164
1.3862943611198906,1.307587884538499
3.9889840465642745,4.079170954105649
0.0,0.020681857169370464
7.43543801981455,7.192325943796762
1.3862943611198906,1.1588412585284882
1.6094379124341005,0.41894762991237405
0.0,0.08704691745647673
0.0,0.46178474245382645
0.0,0.8073244692025796
0.0,0.18831611988840816
7.398174092970465,6.655778848027202
5.802118375377063,4.4937601738276065
8.866017398810255,8.628977919040269
5.613128106388071,3.4706074347180444
0.0,0.5075218123935618
3.258096538021482,2.902488157286107
0.0,0.27389442725141855
2.995732273553991,3.298501836343285
0.0,0.192003616607063
2.5649493574615367,3.1879525141183036
2.4849066497880004,2.668994431179663
0.0,0.05216062298311448
4.219507705176107,3.798619611146223
4.0943445622221,4.184319282368826
3.332204510175204,2.8288091530903814
0.6931471805599453,1.203990392602772
2.079441541679836,2.483295429318871
0.0,0.8888058941471438
3.367295829986474,3.471178308469427
0.0,0.18857856689751643
0.0,0.7969356946785495
0.0,0.34680440947683855
1.0986122886681098,0.486693581815714
2.70805020110221,2.930999466717908
0.0,0.6546736248037377
1.0986122886681098,0.4313535514375801
1.791759469228055,0.9908452214131985
7.519149957669823,6.714020917678148
2.772588722239781,3.06652934050099
5.6937321388027,5.557306638354082
3.1354942159291497,2.9107550224372662
0.0,0.09762904098651708
0.0,0.46054222980100895
2.8903717578961645,3.1791301655327944
1.6094379124341005,0.6246263772410613
9.0320506762956,8.304751160810136
0.0,0.290303591356773
2.302585092994046,2.912149836909711
2.302585092994046,2.6725944702791393
4.997212273764115,4.859228525647548
1.791759469228055,1.2235820229334562
4.882801922586371,4.933649107365131
0.6931471805599453,0.3865848554489409
2.3978952727983707,2.8840715526151293
5.552959584921617,6.358806611724781
0.6931471805599453,0.1799707749187236
4.867534450455582,3.8611549878099853
1.6094379124341005,1.575854263954346
1.791759469228055,0.43090913910539896
0.0,0.1939667862269776
4.564348191467836,4.883170083991335
0.0,0.5384603186077174
2.079441541679836,2.9939773329473596
2.3978952727983707,3.060525199779622
2.3978952727983707,2.972793413214715
0.0,0.09191141422015724
6.324358962381311,4.277745147747731
0.0,0.3538909896978041
6.39024066706535,6.233797981320332
2.079441541679836,2.626178442933439
0.0,0.06581118948613635
0.0,0.08824657325718155
0.0,0.11061226320269515
0.0,0.48900641278322127
5.225746673713202,5.464433928086908
0.0,0.14616293892153764
4.060443010546419,2.7872283602079198
1.3862943611198906,0.4630798343460413
0.0,0.02854721633600771
4.442651256490317,4.871861038881198
0.0,0.32776127951626655
4.5217885770490405,4.815080528059454
2.6390573296152584,3.4575846975489006
6.194405391104672,6.235803714686682
0.0,0.30233958597437327
0.0,0.3567045576495245
0.0,0.8549043284491119
3.4657359027997265,3.7262826185166653
3.091042453358316,3.134790592476226
0.0,-0.019793541226041197
1.3862943611198906,1.3634640047905038
5.981414211254481,5.747168451679812
0.0,0.4298699203997079
4.6443908991413725,4.1857643967472935
0.0,0.0767292717861627
2.079441541679836,2.859394075668924
2.3978952727983707,2.5561995870451066
0.0,0.07514847634703156
3.044522437723423,3.3582330628951604
0.0,0.6916041839305421
3.044522437723423,3.8307304228786516
2.302585092994046,2.8440403454474303
1.791759469228055,1.5214520735885904
2.5649493574615367,2.9452587372474652
9.169976605786628,8.541794796847826
3.58351893845611,3.8438734202180354
1.3862943611198906,1.2030996524218258
5.780743515792329,4.977000626093358
7.094234845924755,7.123483969512498
3.295836866004329,3.2629567731607905
0.0,0.13163105655069965
5.996452088619021,6.584860371781799
2.302585092994046,2.6363610275263656
4.418840607796598,4.192475852076376
4.543294782270004,4.127836306481942
7.05444965813294,5.812579464401685
0.0,0.5629873666006402
0.0,0.6561057126003461
2.772588722239781,3.323563383245483
0.0,0.14985154131868034
2.19722457733622,2.574431122520185
2.5649493574615367,3.502170952994077
2.9444389791664403,3.4635199291386503
1.3862943611198906,0.5013230264119377
3.555348061489413,4.53627362204128
2.9444389791664403,3.600422135306008
0.0,0.3934778176298091
0.6931471805599453,1.615200604719386
1.791759469228055,0.9437086197002162
3.1354942159291497,3.679943326791316
0.0,0.47136923514286433
3.784189633918261,3.187042205147995
0.0,0.5178834248002863
0.0,0.9380517264012488
0.6931471805599453,0.12062114146011116
2.079441541679836,2.747324048884549
1.6094379124341005,0.9700142277755701
1.3862943611198906,1.4047704971902688
3.332204510175204,3.3284257010984626
3.044522437723423,3.3890871550499893
2.4849066497880004,3.305024238111606
4.143134726391533,3.8127348491912527
1.791759469228055,1.3749238336067724
2.833213344056216,2.7867904317532597
0.6931471805599453,0.45314180586946995
2.079441541679836,2.9572540026931815
0.0,0.06702319805838063
4.158883083359672,3.840666958966529
0.0,0.4142180925557392
2.079441541679836,2.491523350189462
0.0,0.013476626420458312
1.3862943611198906,1.1306334834593936
0.0,0.030361727585725265
0.0,1.1123973056142002
1.6094379124341005,0.6955388207643423
3.8918202981106265,3.5812155005600315
0.0,-0.03913700163218635
1.0986122886681098,0.6326574529106923
3.8501476017100575,3.0265734838034986
2.302585092994046,3.067486466990456
1.3862943611198906,0.7022384396011578
4.07753744390572,4.39347950338639
0.6931471805599453,0.9763978336309542
0.0,0.3861270445209417
0.6931471805599453,0.18437472054618478
0.6931471805599453,0.4728839483058471
0.0,0.5521705134740237
0.0,0.6065059014170445
1.3862943611198906,0.7226790842296721
2.079441541679836,2.4922462442483093
5.123963979403259,5.844573222555172
1.6094379124341005,0.8234113287621675
0.0,0.2706548183675419
0.0,0.6910886235600178
1.0986122886681098,0.8838282172069514
4.934473933130692,4.435892613790154
0.6931471805599453,0.5027000373543444
1.3862943611198906,1.5020574473229837
2.9444389791664403,2.844363319800624
1.3862943611198906,0.23787725707599014
0.0,0.04966243843900367
2.9444389791664403,2.938968843982655
0.6931471805599453,-0.04305338747671724
2.5649493574615367,2.8844526367103205
5.638354669333745,5.936517494392866
1.0986122886681098,0.5843061382644227
0.0,0.22726399556832758
3.6635616461296463,3.776712972782947
2.8903717578961645,2.648140086893887
0.6931471805599453,0.2891413433141867
1.6094379124341005,0.6740212465301899
3.80666248977032,3.3614058973473737
5.225746673713202,5.340392972004126
0.6931471805599453,0.5672906020518281
3.258096538021482,3.2395460416291306
0.0,0.20343840938613575
0.0,0.11428349114557379
1.6094379124341005,1.2968103929366979
7.938802248154481,7.183433874888946
0.6931471805599453,0.6692912477242478
5.214935757608986,4.751503907108037
0.0,0.20655247460630582
0.0,0.5118740422309077
0.6931471805599453,0.7969356946785495
2.4849066497880004,2.63609182109331
2.3978952727983707,2.8266323928124115
2.70805020110221,2.674852113334313
6.180016653652572,5.742730311169635
1.0986122886681098,0.41120453253893147
0.0,0.9511855215005005
0.0,0.5107590010296731
0.0,0.15386131319950289
0.6931471805599453,1.2398976875647763
0.6931471805599453,0.9893949425455209
1.6094379124341005,1.754481036956978
0.0,1.321193435601249
1.3862943611198906,0.38157714583630126
0.0,0.3669302346602237
6.385194398997726,6.456603560263345
0.0,0.027426899592117575
0.6931471805599453,0.3791460890390604
1.0986122886681098,1.1819310592992063
1.6094379124341005,1.0513285885666943
5.3981627015177525,5.4340965126229595
3.9318256327243257,3.5520934008543787
4.983606621708336,5.294534527403643
0.0,0.38639078962828566
3.218875824868201,2.7859873627286627
0.0,0.10886510529476663
0.0,0.043756901480477145
5.075173815233827,4.946920626412507
6.028278520230698,5.247674175383553
3.610917912644224,3.3882388772932783
0.0,0.09113370374854163
9.060447282401563,8.656826033279279
1.3862943611198906,1.1873659033420179
1.6094379124341005,0.2548273038991856
3.044522437723423,3.3050173089766686
3.688879454113936,3.4286832592550978
0.0,0.07852452418181886
4.653960350157523,4.379156197544475
6.584791392385716,6.0497366574040505
0.0,0.21999390614908781
1.6094379124341005,1.1251954596780382
1.0986122886681098,0.5707363092540432
6.274762021241939,6.243384436750737
0.0,0.017679641768066842
3.091042453358316,3.479238512717243
5.365976015021851,4.525257849748378
2.3978952727983707,2.8561498587445096
2.079441541679836,2.5532682984909894
3.8918202981106265,3.869901786922848
1.6094379124341005,0.13343859875922845
0.0,0.21257878683220036
2.70805020110221,2.811762361747004
4.584967478670572,4.320224516578528
6.508769136971682,6.524327411136282
0.0,0.35647597002477427
0.6931471805599453,1.0003693333618
2.4849066497880004,2.9804459891215624
1.0986122886681098,0.36727206175997135
5.303304908059076,5.752514925607227
0.0,0.5977586772948089
5.241747015059643,3.956168391047691
2.19722457733622,2.66763180297064
6.030685260261263,5.782219633423293
1.791759469228055,1.5399494910388813
4.663439094112067,3.1589122903172884
1.791759469228055,1.3721213455247798
4.543294782270004,4.356113503575979
0.0,0.43535456433447467
0.6931471805599453,0.3121219209410681
0.6931471805599453,0.8749494286496491
0.6931471805599453,0.5337197034137597
3.044522437723423,2.8089694204435753
5.0369526024136295,4.007769437739685
0.6931471805599453,0.9694838595817323
4.454347296253507,4.68880746180983
1.6094379124341005,1.6676570475042467
1.6094379124341005,1.1373346601711247
1.3862943611198906,0.9783715286223571
4.74493212836325,4.616496445538116
4.276666119016055,3.8581527109321305
3.332204510175204,3.2903664242769297
4.584967478670572,4.196842940355305
1.0986122886681098,1.0111852895093876
0.0,0.08488195455560595
0.0,0.262212759271119
3.044522437723423,2.6689928228359774
2.079441541679836,2.7556279452731243
4.890349128221754,5.097407917749753
2.079441541679836,2.748710555670975
8.289539484624141,8.496363713252203
0.6931471805599453,0.19823385544481442
0.0,0.14186233061376158
0.6931471805599453,0.4559840460237592
0.0,0.23226356395278472
0.0,0.14613417026229714
0.0,0.1419283882669365
0.0,0.23600531220460727
0.6931471805599453,1.0473140404610335
0.6931471805599453,0.6842816253374084
0.0,0.06266887856893742
0.6931471805599453,0.26605664460560663
5.58724865840025,4.8490790060789895
3.610917912644224,3.5965780941597383
3.828641396489095,4.373205687958023
2.4849066497880004,3.0082587012304622
6.184148890937483,5.395394775077285
6.519147287940395,6.240118708505359
6.0112671744041615,5.29576726901349
1.3862943611198906,0.47613501578556067
4.532599493153256,5.511713170053805
3.9889840465642745,3.4332677457681124
1.3862943611198906,1.205742028002517
1.791759469228055,0.7794178337409079
1.9459101490553128,1.4236953369223946
0.6931471805599453,0.5351973283786258
2.4849066497880004,3.5721326312886226
2.19722457733622,2.853121046928253
0.0,0.14579976815991913
4.867534450455582,4.389849033551849
0.6931471805599453,0.1125946433660928
0.0,0.15338419807019743
0.0,0.04863391358911076
0.0,0.6137437460369021
0.0,0.9659692546522053
2.8903717578961645,3.375484773263855
7.301822342137932,7.473770417716157
1.0986122886681098,0.36727206175997135
0.0,0.04192185797934897
0.0,0.8516885112604892
1.9459101490553128,0.6905447095998971
5.2832037287379885,5.53818476495394
0.0,0.10738564963281187
0.0,0.2532270766181258
0.0,0.2540933961293641
4.584967478670572,3.814495517752626
2.4849066497880004,3.2429821097945077
0.0,0.8685904902311172
0.0,0.24752227533194052
2.8903717578961645,3.2087580899934793
3.8501476017100575,4.204461301540192
0.0,0.4583366218819941
3.9318256327243257,2.785369945134496
0.6931471805599453,0.3031549434574887
1.791759469228055,1.0668148425782649
0.6931471805599453,1.1458806101829377
7.10085190894405,6.416109576364352
0.6931471805599453,0.18888294620547053
0.0,0.2491631066215824
7.553810852008231,7.357067301077169
0.0,0.19002838474407024
2.19722457733622,2.6576704874183656
1.6094379124341005,1.0285912183127766
4.997212273764115,4.7544427641181155
0.6931471805599453,1.4045514024101935
5.552959584921617,4.1366950073175595
1.6094379124341005,0.4831459824812771
4.836281906951478,3.902236173050586
2.5649493574615367,2.8798530599388164
2.70805020110221,2.8678783753866184
4.343805421853684,4.429432102217795
1.791759469228055,1.4986640086166887
0.0,0.07752944405027698
3.367295829986474,2.8958439974772205
1.791759469228055,0.7223356571686977
9.169976605786628,8.86292511841196
1.791759469228055,0.6477180667852168
7.525639975041535,8.458271854546672
8.043984431221553,6.867277666139345
1.3862943611198906,0.6955388207643423
1.0986122886681098,0.6652096222641507
0.0,0.48799338094356015
3.737669618283368,3.4537257320629364
2.3978952727983707,2.672341929857811
3.8918202981106265,4.7619331528624045
5.513428746164983,3.076716096249714
0.0,0.3075013576799407
1.3862943611198906,0.9090119199556363
5.976350909297934,5.493466585382822
4.465908118654584,3.8220964007625247
3.367295829986474,4.672727148467044
1.9459101490553128,1.7850737411836095
2.079441541679836,2.6056814406973694
3.7612001156935615,5.3018117911740426
0.0,0.32202316365208083
2.079441541679836,2.4881791771527273
1.6094379124341005,1.4977379460064515
4.356708826689592,3.166102857351186
1.6094379124341005,1.4294262145594643
0.0,0.3886763271442647
4.356708826689592,3.564543497470201
0.0,0.23700590006824973
8.173575486634153,5.506302714090791
0.6931471805599453,1.0364116766687161
1.6094379124341005,1.1909198868474435
3.295836866004329,3.232101086372099
1.0986122886681098,1.175313823041195
2.995732273553991,3.1326661674729683
3.044522437723423,2.816280375460993
1.3862943611198906,0.5554451537509063
0.6931471805599453,0.5647820840143536
0.6931471805599453,0.45873723005381745
0.0,0.5937555606343486
5.030437921392435,3.588089339074757
4.204692619390966,4.813174212487972
0.0,0.5427584593082514
0.0,0.30621512385166694
0.0,0.15549383535518094
3.1354942159291497,4.002692933787163
3.218875824868201,3.191006318643696
2.3978952727983707,3.3953630515910027
1.6094379124341005,0.20877147801993712
0.6931471805599453,0.5544638938267783
0.0,0.028638504245427195
1.3862943611198906,1.2152465039696771
0.0,0.2577702565674163
2.995732273553991,3.662497589909036
0.6931471805599453,1.2244913498218117
0.0,0.2847842417311397
1.3862943611198906,1.6850483169547672
0.0,0.21459211665489106
1.0986122886681098,1.287503466799962
0.0,0.34686453181152493
0.6931471805599453,0.4566551173809048
2.6390573296152584,3.1549599005539513
0.0,0.4540590197926533
1.6094379124341005,0.5198148817522275
5.303304908059076,5.199946651175878
3.1780538303479458,3.8618088171468403
4.143134726391533,4.734636208979095
3.4657359027997265,3.4155273429429736
0.0,0.15171127457667724
2.079441541679836,2.8305354563097516
4.990432586778736,4.012528671245707
0.0,0.3108356720281156
0.0,0.47869257280263444
0.0,0.0015131388926387357
1.3862943611198906,0.8403462340613183
2.079441541679836,2.4631853234179943
2.302585092994046,3.0357621469947262
0.0,0.18564487150471046
1.6094379124341005,1.0860063182545143
0.0,0.2743175336634605
6.902742737158593,5.816307820570477
4.691347882229144,3.987165886463789
2.70805020110221,5.2998036484440965
4.248495242049359,5.054573438089854
1.3862943611198906,0.4753910842139403
5.786897381366708,5.827491923057135
0.0,0.07856855323119641
0.0,0.05999191609327762
3.828641396489095,4.000079546836836
4.852030263919617,5.204408536992375
1.3862943611198906,1.4766571768276513
1.791759469228055,0.5386044238701211
2.3978952727983707,2.714663648372118
8.15162164696975,7.856494000066101
0.6931471805599453,0.9994944255118264
1.3862943611198906,1.5390672553489257
1.3862943611198906,0.4448087969464097
2.772588722239781,3.082513432487108
0.0,0.051839959594782534
2.19722457733622,2.7898636420508502
9.169976605786628,8.445531272971916
8.458716261657262,5.150642576330769
1.3862943611198906,0.4769737695588228
0.0,0.4728108345191758
3.80666248977032,3.09718145488696
5.961005339623274,5.593782930104432
0.0,0.06558955628131909
4.8283137373023015,5.512013720181083
2.833213344056216,3.037433546196931
2.8903717578961645,2.9422149028230686
6.877296071497429,6.824002236421816
0.0,1.033196169802877
0.6931471805599453,1.2249262912334278
0.6931471805599453,1.0266792651166523
0.0,0.5666725126978922
7.886832998955056,8.09348079514444
0.0,0.492222641249686
3.218875824868201,3.402755181514528
5.049856007249537,4.878969384903098
1.3862943611198906,0.8411903156636631
5.3981627015177525,5.776693568484414
4.07753744390572,4.591551502041049
2.5649493574615367,2.9402752567220984
0.0,0.2793814811116629
4.248495242049359,4.50195392990485
3.295836866004329,3.8091357135095567
0.6931471805599453,0.3989445802757522
0.0,0.479916631560787
5.384495062789089,5.856486617494053
6.961296045910167,6.54779699279254
2.5649493574615367,2.6160642995884786
2.995732273553991,3.1345413834203173
1.791759469228055,1.5535367230524761
0.0,0.2007329469812567
0.0,0.05164814513959387
9.09952053687094,6.8025356768246885
4.912654885736052,4.465722685567701
0.0,0.3993869974241938
0.0,0.4574002085373922
0.0,0.10161293119666302
1.6094379124341005,1.2911801958634823
6.115892125483034,6.268388598255262
3.367295829986474,4.113164496215827
2.302585092994046,2.7170115795525067
2.772588722239781,3.076496124483566
4.204692619390966,4.436491360785703
4.248495242049359,3.8215370260428942
2.6390573296152584,2.9083299420448827
2.70805020110221,2.748782233283474
1.9459101490553128,1.3859014495586188
1.0986122886681098,1.4158054986128443
1.3862943611198906,0.7162090185344603
3.367295829986474,3.631663619320867
0.0,0.07949933265987902
0.6931471805599453,0.7626038534241136
1.791759469228055,1.3553169150461997
0.0,0.5306157616550752
0.0,0.058782704692415186
2.302585092994046,3.006218144128351
4.532599493153256,3.8722780893080837
3.091042453358316,2.6536046988165047
6.159095388491933,5.498158681676446
2.079441541679836,2.756873108853087
3.80666248977032,3.516048114549185
1.791759469228055,1.4911890962788976
4.5217885770490405,3.229005686099508
6.907755278982137,7.019487845059588
0.0,0.16225806560084843
2.5649493574615367,3.5173230908432958
0.0,0.20727484439064578
2.5649493574615367,2.8682110270295555
2.8903717578961645,2.7766383904171286
0.6931471805599453,0.875424468035737
1.0986122886681098,1.3693427633858548
1.0986122886681098,0.8529597888650398
1.0986122886681098,0.49345571074338457
1.0986122886681098,0.18497138710719316
2.079441541679836,2.553795623994434
0.0,0.042388420375998
0.0,0.24229322313685792
4.68213122712422,5.152483490853217
0.0,0.04272879160250753
4.934473933130692,5.1853202630801745
0.0,0.3685033042993543
2.4849066497880004,2.5467073702838543
3.4011973816621555,3.208443132402831
0.0,0.44415139202242854
1.9459101490553128,1.6996728138874704
2.6390573296152584,3.1227727915393686
2.5649493574615367,2.6016704085858144
1.0986122886681098,0.3006130546128087
0.0,0.36230633909019266
0.6931471805599453,0.5776093114038163
2.4849066497880004,2.9339843403320818
0.0,0.055902687568953266
3.912023005428146,4.532052720029604
0.0,0.5818133853876435
0.0,0.08249555433457641
0.6931471805599453,0.414928338738741
2.3978952727983707,2.7103740671061307
4.110873864173311,3.2522188119402475
3.044522437723423,3.247830771294926
2.772588722239781,3.0519173494530114
0.0,0.38196540484980407
0.0,0.42445038902251553
1.791759469228055,1.500553954322315
0.0,0.3827050606207916
7.113956109566034,6.832980067243594
0.6931471805599453,0.47215073494513
0.6931471805599453,0.4493932213659865
0.0,0.7233743589540825
1.3862943611198906,1.226174546370667
7.537430036586509,7.897901697028564
1.0986122886681098,0.635577690035009
0.6931471805599453,0.8837389740915771
5.075173815233827,4.701529765767544
1.0986122886681098,1.364050380853438
3.4011973816621555,3.2640345122367598
2.8903717578961645,2.651876918458817
1.791759469228055,0.7116328684840258
0.6931471805599453,0.4904772731265477
0.0,0.0601248095203655
5.968707559985366,5.607423824701871
0.0,0.4391843603751002
5.056245805348308,5.0534749382838
0.6931471805599453,1.1941558617169294
2.079441541679836,2.86064503553898
3.1780538303479458,3.8357172513100624
4.04305126783455,4.64471372972524
0.6931471805599453,0.30945579271719587
2.19722457733622,3.879949336033534
1.6094379124341005,0.7037258971773372
0.0,0.0854502364057812
2.079441541679836,2.8075098746549787
1.791759469228055,0.8519700390397931
2.3978952727983707,2.552366767518196
4.59511985013459,4.990333864552505
0.0,0.31344305965076225
5.752572638825633,4.930207938007315
5.541263545158426,5.5155021325629345
5.407171771460119,5.160221274470321
0.0,0.25670550291899913
2.079441541679836,2.610004092508291
5.768320995793772,6.203800118133688
1.0986122886681098,0.9540401113023559
0.0,0.3928553929473847
1.791759469228055,1.2960277319007554
6.684611727667927,6.46859378143515
8.57828829077605,8.074347367317815
0.0,0.728651832340659
0.0,0.183337543916491
0.6931471805599453,1.0566463008544518
3.1780538303479458,3.8187784772687725
5.19295685089021,4.908917136304255
0.0,0.40851003661833274
6.192362489474872,6.590101181600395
0.6931471805599453,1.2193035228676985
4.59511985013459,4.538904117222137
3.9318256327243257,4.0153883049387264
2.6390573296152584,3.3421913765649465
5.14166355650266,5.65685565538963
6.928537818164665,5.991103174020348
6.198478716492308,4.902066308487345
4.30406509320417,4.902940291948111
0.0,0.5723317325255247
2.302585092994046,2.463963811216431
4.394449154672439,3.611118942955728
3.6375861597263857,3.3153151624875603
0.6931471805599453,1.2649767992739382
0.0,0.47416459103827485
2.70805020110221,3.1335707655839173
4.343805421853684,4.614611045218819
3.1354942159291497,3.2925902402065024
0.0,0.054123549663575604
1.0986122886681098,0.3625089785813491
1.3862943611198906,1.3465498816734929
1.0986122886681098,0.413222091510652
4.700480365792417,5.104916111936294
1.0986122886681098,0.6578517642940445
0.0,0.053114970204266476
4.624972813284271,4.683890636170417
2.4849066497880004,3.029261057489384
1.3862943611198906,0.7545087496930633
3.367295829986474,3.0288873940878682
1.791759469228055,1.50009961647176
0.6931471805599453,0.11133355625029301
2.079441541679836,3.041316464316753
4.605170185988092,3.221848558168328
0.6931471805599453,0.1536423953360145
1.6094379124341005,0.7681164760978434
0.0,0.21244745115384864
0.0,0.22019233191524507
6.883462586413092,8.158008729089403
2.5649493574615367,2.5147681635827217
0.0,0.6164995531752891
1.0986122886681098,1.3765863185107705
1.0986122886681098,0.7740873796426945
4.564348191467836,5.575924028604691
6.455198563340122,6.811634684354758
8.061486866871327,6.6198121459333406
0.0,0.45413855791980773
0.0,0.22296931142989715
1.0986122886681098,0.6790918114885485
5.087596335232384,3.840901384653343
0.0,0.3604797753444109
0.6931471805599453,0.46018620974384233
3.9889840465642745,4.228547094033396
1.0986122886681098,0.6571579482267691
0.0,0.26395812775012845
6.9865664594064265,7.348161263729647
4.290459441148391,5.752537342709102
4.23410650459726,3.6370368085539737
0.0,0.19002838474407024
3.4011973816621555,2.8786210929350307
4.07753744390572,4.200516613669311
3.091042453358316,3.5035332658384957
2.70805020110221,3.0470445017083225
0.0,0.2705169509726054
6.699500340161678,6.826079604073615
1.791759469228055,1.6423594465667215
2.302585092994046,2.8126582276610805
5.82600010738045,6.477235473440821
1.3862943611198906,0.6761689419944263
1.9459101490553128,1.6174502993313422
3.80666248977032,3.7526358143181096
4.543294782270004,4.789517520631562
6.56244409369372,6.476288976435808
9.169976605786628,5.346613293488305
2.302585092994046,2.950994214481944
1.6094379124341005,1.2289989190318389
6.736966958001855,6.231130303385004
0.0,0.04257332942654087
6.9865664594064265,7.290147273450607
2.8903717578961645,3.2400407195119514
2.6390573296152584,3.5396799988751653
1.0986122886681098,0.23806548591005877
2.079441541679836,2.670928611523037
4.174387269895637,6.080206302125084
3.871201010907891,3.6552705979177134
2.4849066497880004,2.586136188141581
0.0,0.20000837593837711
0.0,1.1566362091062818
3.871201010907891,3.4619356642491073
2.70805020110221,2.7820244929472087
0.0,-0.008813178162603014
0.0,0.07007578125831676
0.0,0.18615900118580883
0.0,0.3347074541209681
2.079441541679836,2.9257871328018012
0.0,0.5285508920754589
0.6931471805599453,0.7781539964536747
0.0,0.2648088507651847
0.0,0.17266575539623621
0.0,0.09688076137821702
1.0986122886681098,0.3869484776288407
0.0,0.6421740903325228
0.0,0.15433835565036677
4.02535169073515,3.7888481141165338
1.3862943611198906,1.0943483259894873
0.0,0.8786712656934954
1.3862943611198906,1.5132685280463396
3.58351893845611,2.96271697234738
0.0,0.6094842615394948
0.6931471805599453,0.7448689300590876
2.19722457733622,2.4237438908600746
0.6931471805599453,1.2051708783568955
2.4849066497880004,2.706027416119523
2.302585092994046,2.663259607720397
5.075173815233827,4.509275445992969
2.3978952727983707,2.497469860385256
0.0,0.5680011232486094
4.882801922586371,5.157663864918915
0.0,0.02516633782538502
4.795790545596741,3.6822892581195616
5.993961427306569,5.745219249930609
5.308267697401205,4.180331511778791
2.5649493574615367,3.2489614968608946
4.6443908991413725,4.572284386465479
4.356708826689592,4.415437006404119
0.6931471805599453,0.1328594075125156
0.0,0.19349127121330068
1.6094379124341005,0.7129898343615456
7.167809184316444,7.4613172997962085
0.0,0.2148699426466907
2.833213344056216,3.579738356865466
4.955827057601261,4.360482597516596
0.0,0.10410493844183816
0.0,0.13295932305376568
0.6931471805599453,1.563235209454968
2.079441541679836,2.8196368289629534
4.02535169073515,3.5775059111642347
1.6094379124341005,1.28108328606944
0.0,0.010551186555754224
3.258096538021482,3.6085746321959205
0.0,0.6130460443830033
5.755742213586912,4.745780328006475
3.332204510175204,2.6824877778070895
0.6931471805599453,1.2618046980617934
2.4849066497880004,2.7029860866663937
3.688879454113936,3.1263635942270613
1.6094379124341005,1.1913215840793625
1.9459101490553128,1.4408810086867816
1.3862943611198906,1.1597010159354308
1.791759469228055,0.6467402523766549
9.169976605786628,8.621179816836676
2.3978952727983707,2.6246933882319436
1.0986122886681098,1.309998609356442
2.772588722239781,2.949535565796672
4.219507705176107,3.9806828101695824
0.0,0.37058894926622793
1.3862943611198906,1.607612797688772
0.6931471805599453,0.44188135886758906
0.0,0.32868230819269023
1.0986122886681098,0.5374416754034341
2.302585092994046,2.7231122751117485
1.791759469228055,0.7932838100229901
1.0986122886681098,0.6347245730898852
1.0986122886681098,1.2741749530265352
6.077642243349034,5.842426073649979
2.3978952727983707,2.7189502967433783
0.0,0.04408430636387258
0.6931471805599453,0.5346566549868407
0.6931471805599453,0.45613509078754666
4.060443010546419,4.036514525800513
4.543294782270004,4.505746929909541
1.3862943611198906,1.2139462952924611
8.68406264365127,8.505686035284212
1.0986122886681098,0.5078419625153885
0.0,0.1302091066837725
0.6931471805599453,0.6294845821824914
1.0986122886681098,0.890548473172876
7.975908360165538,7.906377359611828
0.0,0.10151897874952463
4.691347882229144,4.821188524491959
9.169976605786628,8.861067393456763
5.855071922202427,6.088788123737943
2.079441541679836,3.237010477938862
6.98933526597456,6.66218649104313
0.6931471805599453,0.35467348053869324
2.19722457733622,2.4566199152060975
2.772588722239781,2.8784998792761223
1.0986122886681098,1.2534319480643716
2.6390573296152584,4.067038784675321
5.117993812416755,5.32021653923935
1.0986122886681098,0.6367638423314871
4.174387269895637,4.915420754992439
5.062595033026967,4.645077686244763
4.356708826689592,3.997532448744743
0.0,0.06546319722223351
0.0,0.3658770671172149
0.0,0.053535992337758576
0.0,0.5848551172809963
3.218875824868201,2.5880480327606636
0.0,0.015036682306118147
2.9444389791664403,5.479340829768294
0.6931471805599453,0.26097449950555207
0.0,0.09458548384080936
0.0,0.210693406297726
1.3862943611198906,1.1444110921349913
0.0,0.0942606548917142
0.0,0.5633605712187475
0.0,0.6033043606767131
6.495265555937008,7.023967855901129
1.3862943611198906,1.1620257535105891
0.0,0.6330150133840522
0.6931471805599453,0.6212580861074618
3.610917912644224,2.773472942225237
0.0,0.2556196092430292
6.699500340161678,6.140343679087858
0.0,0.8470800881362386
6.511745329644728,6.994206392458252
3.49650756146648,3.52657857263873
5.351858133476067,4.323715659825439
0.0,0.1494844242706199
1.791759469228055,1.4982642379979987
1.3862943611198906,1.4348907251844476
2.079441541679836,4.027291217714987
1.6094379124341005,0.9822171733261452
6.907755278982137,6.653251937917796
0.0,0.018010550730314198
2.3978952727983707,2.976149488321285
0.6931471805599453,1.2392162853155169
3.8918202981106265,4.034895407976166
3.1354942159291497,4.34949298099152
0.0,0.5662519921393355
1.6094379124341005,0.7849492249805575
3.091042453358316,3.1861924442003873
2.19722457733622,4.361199359308157
1.0986122886681098,0.6140879401240777
0.0,0.10019071470262854
0.6931471805599453,0.6398970147118181
6.22455842927536,6.730290301704482
4.454347296253507,4.388401312634971
2.6390573296152584,2.9124822721823205
0.0,0.15672251923441075
0.0,0.03238639848776297
1.3862943611198906,0.6530413266264911
0.0,1.186489113842994
0.0,0.08195462593013905
1.0986122886681098,0.4671468855119566
6.269096283706261,6.264672439036221
5.3706380281276624,5.367955227135991
2.19722457733622,2.6377805865947326
1.791759469228055,0.4429071327869171
3.912023005428146,3.5315144198143282
3.4657359027997265,3.7566456758849034
8.231642179973411,7.706360016490564
0.0,0.5267535826980618
0.6931471805599453,0.058456025348659305
1.3862943611198906,0.8688591213444401
2.19722457733622,2.594731641135013
2.4849066497880004,2.78280655637424
6.795705775173514,5.861363729924016
0.0,0.03383785520734492
0.6931471805599453,0.5732196834660582
5.942799375126701,5.725328477436493
0.0,0.4131498302177123
3.871201010907891,4.944106046253024
4.23410650459726,3.322485432576626
0.6931471805599453,0.5965202496888004
2.3978952727983707,2.496545570110342
1.0986122886681098,1.4742233235859576
2.302585092994046,3.244247547535315
0.0,0.011042388495424287
4.219507705176107,3.526804396106081
1.6094379124341005,1.5586783564937225
0.0,0.0645917070280881
1.0986122886681098,0.7457110821755543
2.772588722239781,3.0520708633915805
9.169976605786628,8.799662663132342
4.382026634673881,4.626604282098909
3.044522437723423,3.8937213588216073
0.0,0.3935343719220969
2.302585092994046,2.832553268272349
6.55250788703459,6.705454825612573
0.0,0.314498910866058
4.653960350157523,3.3249384570441762
2.70805020110221,2.701435186110121
0.6931471805599453,0.5309570768769254
3.58351893845611,3.021871410122781
1.0986122886681098,0.7275799708037226
0.0,0.03251213731747323
5.556828061699537,6.123887492129472
0.0,0.4743293888831182
0.0,0.8976071580673757
2.3978952727983707,3.0803355888258186
8.128290171607052,7.927976338872971
3.332204510175204,2.9264177717400477
0.0,0.03675908449123747
2.079441541679836,3.2882854287309105
3.5263605246161616,3.1339736358348507
3.912023005428146,3.297208477718267
2.4849066497880004,3.370682234409297
4.875197323201151,4.837452241924757
1.9459101490553128,1.5385988494226568
2.302585092994046,4.58793489965186
0.6931471805599453,0.6396050473896869
1.6094379124341005,1.5510985044314112
0.0,0.466267016154152
0.6931471805599453,0.27601842172550567
0.6931471805599453,0.48968917219287594
3.58351893845611,3.131306405820173
4.574710978503383,4.724909855207588
3.6375861597263857,4.079527510744946
4.672828834461906,3.861375541054462
3.6375861597263857,6.218604841044227
7.231287004327616,7.1257995762255595
0.0,0.11832658420186778
0.6931471805599453,0.30503001393577484
0.6931471805599453,0.5723377592213345
0.0,0.04290594459415238
0.0,0.3655247498773761
5.971261839790462,6.067927841084228
0.0,0.09669965933053351
4.204692619390966,4.811980709754144
3.044522437723423,2.9786169207870907
0.6931471805599453,0.04237447283947418
0.0,0.12213657274404921
8.018954683155718,8.287428009576894
0.0,0.06270921595566674
4.110873864173311,4.258450851282166
1.791759469228055,1.6907691909773466
4.060443010546419,4.500690409658718
3.9318256327243257,4.12677009212334
0.0,0.11778533398015639
0.0,0.0426013859256009
0.6931471805599453,0.5225421559534457
0.0,0.23415243842247072
1.6094379124341005,1.3091164964255755
2.302585092994046,3.2290686367079524
0.0,0.11429853073175963
4.969813299576001,5.123752393506634
3.367295829986474,3.405022172440739
0.0,0.1889122614543121
4.276666119016055,4.895341954287308
7.066466970136958,7.105514281933271
0.0,0.34884041968038104
3.9889840465642745,3.9077152178648955
4.07753744390572,6.282053157596103
4.51085950651685,4.161897062018599
1.0986122886681098,0.49345571074338457
7.247080584585756,7.077517245464053
6.467698726104354,6.07399709207632
6.0473721790462776,5.568677178148092
5.799092654460526,5.523858421672356
0.0,0.36728553341528175
0.6931471805599453,0.49647156841262624
0.0,0.13068261452358998
2.19722457733622,3.080315567899511
0.6931471805599453,0.4924540144593308
4.770684624465665,4.727964544256886
8.060855752934316,7.3019883057473045
7.255591274253665,7.837483794398498
1.0986122886681098,0.5935624404923052
0.0,0.07593204370141116
0.6931471805599453,0.2544183523268209
2.5649493574615367,2.4549200993533877
4.736198448394496,4.694885833855511
2.3978952727983707,2.762270720669274
2.302585092994046,2.764106964464716
2.079441541679836,2.6411232477376876
6.586171654854675,6.412532650679015
4.330733340286331,4.583666735565595
0.0,0.24308791450972214
1.3862943611198906,1.5479687685090542
2.6390573296152584,2.8063111804436924
0.0,0.28483469337270406
0.0,0.16643288223655747
0.0,0.25187004727194656
6.889591308354466,6.288915198179206
0.0,0.0068575154957080465
6.738152494595957,6.674133525994546
1.0986122886681098,0.5015464345276661
4.477336814478207,4.905581916190257
0.6931471805599453,0.15883932713313023
0.6931471805599453,1.6819333926833442
3.091042453358316,3.2398054436496597
0.0,0.010126196356410096
1.791759469228055,1.3954113417037943
2.772588722239781,2.8236058790038943
0.0,0.39359046452577323
0.6931471805599453,1.4244977697113885
5.68697535633982,4.5796583423689565
2.302585092994046,2.749000300316334
2.302585092994046,2.60998465138793
0.0,0.10126516394258815
0.0,0.39608244584445335
0.0,0.1288166955987937
3.332204510175204,3.1246460128237206
1.0986122886681098,1.2935370611060515
0.0,0.05248874168094957
3.7612001156935615,3.2461604503889983
0.0,0.23945081834419277
0.0,0.28338022249027045
2.3978952727983707,2.792538487057257
2.772588722239781,2.7277233275935187
0.0,0.08357797476461806
3.737669618283368,3.533219342252969
2.4849066497880004,2.891947923157133
0.0,0.3337176688097634
3.4657359027997265,4.211686766350914
4.219507705176107,3.9942004150526427
0.6931471805599453,1.0910584313597984
3.80666248977032,3.2390448227800963
1.3862943611198906,1.1938829949038414
2.9444389791664403,2.9568336815154037
3.784189633918261,3.5933992776276216
0.0,0.08792702026819069
3.4011973816621555,3.126912811322864
0.6931471805599453,0.592946565887479
7.651595573857601,6.977494406662958
7.262628600974241,6.6836664787496725
5.209486152841421,3.7312033141926806
0.6931471805599453,0.751822048797216
1.9459101490553128,1.448278335395752
1.0986122886681098,1.2423148659970682
5.717027701406222,5.610924552273816
2.8903717578961645,2.860541133254296
0.0,0.09074069333568605
2.079441541679836,2.6305914841887126
3.044522437723423,4.047900326847112
0.6931471805599453,1.1848518101713836
0.0,0.20411357876446262
0.6931471805599453,0.08249550990752226
1.791759469228055,1.2346532367908465
2.302585092994046,2.5273345927216813
1.0986122886681098,0.7221205004722024
2.8903717578961645,2.6375984382864757
8.911934336161426,8.641183023560895
5.41610040220442,4.842212953791104
0.0,0.4393582425853935
0.6931471805599453,0.47222384849812565
3.091042453358316,2.7633240619789667
0.0,0.02529693942846077
0.0,0.1363312700989012
7.027314514039777,5.834361283611536
4.248495242049359,4.772563798694894
1.791759469228055,0.9803178830811841
0.0,0.16003113989224999
2.302585092994046,2.92122551475406
0.0,0.5513331139918835
0.6931471805599453,1.126352091515496
4.02535169073515,3.7778556583433422
2.3978952727983707,2.5261291095159035
5.676753802268282,7.532331175715368
8.700847193443972,4.957643237360762
2.6390573296152584,2.7945458413626696
4.343805421853684,4.406402329444993
0.0,0.32494779964400194
1.0986122886681098,0.7247276273181831
4.68213122712422,3.87926027198441
1.3862943611198906,1.1928679393785702
4.143134726391533,3.991694287977322
6.163314804034641,6.398141851518911
6.516193076042964,7.350082699549159
0.0,0.06520437845848732
4.68213122712422,4.573750014083158
0.0,0.4011964056497801
1.6094379124341005,0.6612487732167835
2.772588722239781,2.760058544784249
7.57455848420248,7.383532759003165
0.0,0.04122674571311627
1.0986122886681098,1.0410318286239981
0.6931471805599453,0.8260648046384307
3.688879454113936,2.90400680692138
0.0,0.3380268333920196
0.0,0.20916546075603631
4.0943445622221,3.6000214572758855
2.6390573296152584,2.623292225204848
0.6931471805599453,1.0206833191804952
4.02535169073515,4.142826399797735
2.6390573296152584,2.7855253898909673
7.938088726896952,8.904879525267118
7.480992162869525,8.560945318523375
4.74493212836325,4.483620423281383
4.844187086458591,4.799351626819974
1.0986122886681098,1.1798472578828043
1.791759469228055,0.9694842500120171
0.0,0.09050521979416974
0.0,0.5497970518786834
2.079441541679836,2.735389116131003
0.6931471805599453,0.6218779374774186
5.43372200355424,5.9060209923667575
0.6931471805599453,0.6662351419530402
0.0,-0.006619583472770955
0.0,0.1868591003679683
0.0,0.15235653735278082
1.3862943611198906,1.1889655412945286
1.0986122886681098,0.23060300285737098
0.6931471805599453,0.6719727874663636
2.4849066497880004,3.219669461139144
3.610917912644224,3.0322993758798344
3.49650756146648,3.2247159883977674
0.6931471805599453,0.34299014202559375
0.0,0.12749331718666393
1.6094379124341005,1.5212440486864884
4.219507705176107,4.650225254283441
5.834810737062605,5.38595863246639
0.6931471805599453,0.13043105763560395
0.0,0.6976925340727389
5.777652323222656,6.130420058769944
3.332204510175204,3.207619894160705
0.0,0.08644089628365798
6.878326468291325,5.843655684312924
4.844187086458591,4.361027133713825
1.3862943611198906,0.7505192967593471
1.3862943611198906,1.4327093672040803
0.0,-0.0068767624226624465
4.04305126783455,4.22237888491664
2.079441541679836,5.075507522826255
2.4849066497880004,2.720741575405093
0.6931471805599453,0.36986002994664596
1.3862943611198906,0.4990967180355628
2.8903717578961645,3.15034922845923
4.23410650459726,4.20809166156379
0.0,0.08465173071216209
0.0,0.14333886277948074
1.3862943611198906,1.200738984188936
9.169976605786628,8.616906246263499
1.9459101490553128,1.0341168563070706
2.9444389791664403,2.4994102089733263
1.3862943611198906,0.5112580187928992
4.574710978503383,5.022315784143036
3.5263605246161616,3.6775990047960327
0.0,0.10627296957182744
5.560681631015528,5.838859454468742
0.0,0.0762642787601299
2.772588722239781,3.257793494824682
0.0,0.36528407527850365
0.0,0.35808693367678057
0.0,0.2368207935194921
2.3978952727983707,3.2305109775952863
0.6931471805599453,0.3561522619176866
0.6931471805599453,0.40113482061093786
0.6931471805599453,0.3881642452464643
4.736198448394496,4.4824698315994045
3.5263605246161616,4.081903676523738
0.0,0.9926234890320998
2.6390573296152584,2.722109535888238
0.0,0.7176696552047467
0.6931471805599453,0.48595149486405725
4.51085950651685,3.467387826896728
3.4657359027997265,2.992176006959888
4.653960350157523,5.5711228034778015
4.584967478670572,3.562116217015355
0.0,0.05074688965616733
1.6094379124341005,0.8652193919935253
1.3862943611198906,0.36148712621087675
5.921578419643816,4.733447847026976
4.343805421853684,4.972229398752167
3.1354942159291497,2.5537708897332823
4.574710978503383,4.6687248472214415
0.0,1.0115691339550323
0.6931471805599453,0.6917800343322207
2.5649493574615367,2.796116607482755
2.70805020110221,3.1629573126577206
8.696510239189893,8.20132004235839
0.6931471805599453,0.24153554546580358
6.018593214496234,5.293465943036458
0.6931471805599453,1.310411363865918
0.0,0.06671967024171839
2.70805020110221,3.1893693410699178
4.762173934797756,5.26338359760402
0.0,0.019923033464677872
0.0,0.4775549007327509
3.091042453358316,2.8626160855066862
0.0,0.46135543204059415
2.5649493574615367,2.908310447847316
6.732210706467206,6.323112650233807
0.0,0.27945377100095853
0.6931471805599453,0.24717994714947825
3.80666248977032,2.7326274535851205
3.951243718581428,3.8397712155963477
2.5649493574615367,2.601883464651329
9.169976605786628,7.658499367200027
1.6094379124341005,1.0177461925674243
1.3862943611198906,1.0749375378532073
0.0,0.17877068410432523
0.0,0.33542938622780555
1.791759469228055,1.3756886342562622
7.569927655242652,6.717147226070907
0.0,0.0013087423533300695
0.0,0.08573664883331157
0.0,0.32419317296996086
7.910957382845589,7.9742382986069025
2.302585092994046,2.9631230500657573
3.044522437723423,2.992209338423606
4.795790545596741,4.650542907329317
0.0,0.6818710848835613
4.74493212836325,3.536781911503495
6.285998094508865,6.304719738387206
3.737669618283368,3.9034059122382145
0.0,0.62295339070218
0.0,0.19005734915560685
3.091042453358316,3.348695942191796
0.0,0.4733249371613857
0.0,0.04024895469008802
0.6931471805599453,0.32932099481148075
7.53689712956617,7.262289493400542
0.0,0.13788302082631837
0.0,0.2228595059955569
0.0,0.2543757967188798
0.0,0.2402756388705982
2.6390573296152584,2.6808471701126835
0.0,0.018651295741308634
6.954638864880987,5.885408855923178
0.0,0.039946433294132506
3.258096538021482,2.9800236678233913
0.0,0.33047187518006477
1.3862943611198906,0.9186057260629562
0.0,0.8103088113401641
1.6094379124341005,1.0953348729847232
3.4339872044851463,3.4430033000390763
2.302585092994046,2.686255947448858
0.0,0.6540874452439481
2.4849066497880004,2.622695337329104
5.293304824724492,5.1956640753544745
1.0986122886681098,0.40279702318038335
4.465908118654584,4.897199697384671
9.169976605786628,7.510284745864304
1.3862943611198906,1.0597130538563515
1.3862943611198906,1.190968365272168
0.0,0.5613931892307655
2.772588722239781,2.9494171724753806
0.0,0.4995688606545521
1.6094379124341005,0.6276819743818641
1.6094379124341005,1.3285513130123656
4.553876891600541,3.155097905940427
5.472270673671475,5.414662479045784
0.0,0.06668027703454447
0.0,0.047801865982428506
0.0,0.16600295095501222
0.0,0.2751763571688301
3.58351893845611,3.14128868219867
5.7745515455444085,4.374277442148293
0.6931471805599453,0.18789000016483623
5.342334251964811,5.2246167956569876
4.844187086458591,3.420703149652694
0.0,0.11588055362144169
1.0986122886681098,1.366337576942858
1.791759469228055,1.4061162195027512
0.0,0.33881251359090786
0.0,0.3654834646462914
2.9444389791664403,2.869167793134082
2.70805020110221,2.999778998678802
0.6931471805599453,1.0692970765460543
0.0,0.05772177491963703
0.0,0.6229215054247229
0.0,0.3944706503409569
0.0,0.7066087809281624
0.0,0.6090364546786288
0.6931471805599453,1.0246629688915696
0.0,0.14679922677638851
3.6635616461296463,3.649742009424261
0.0,0.3943189533683598
0.0,0.08220493069488666
6.522092798170152,6.100993367470735
3.1780538303479458,3.1287082107273654
3.951243718581428,3.772997273338505
0.6931471805599453,1.203142719732623
2.3978952727983707,3.0592561078277205
1.6094379124341005,1.3461292927967063
0.0,0.0337529058664183
5.849324779946859,5.1361553317644635
3.713572066704308,3.1004944444898332
0.0,0.047206949368233726
2.6390573296152584,2.600819004535247
7.452402451223638,6.8473048423909075
0.0,0.22254377445210144
3.258096538021482,3.67006481940994
1.6094379124341005,1.5074452017381537
5.3612921657094255,4.755354979421388
1.0986122886681098,1.502802952981457
3.332204510175204,2.7207556868129457
3.970291913552122,5.2058858204832505
1.3862943611198906,0.29223061248998244
0.0,0.6201068843213573
0.0,0.02289904805743087
0.0,0.19586871848024034
0.0,0.16679624822326358
2.70805020110221,3.0373217270745836
2.302585092994046,2.892883048812333
0.0,0.14962459356204286
4.795790545596741,4.765533071496476
0.0,0.1363312700989012
3.218875824868201,3.4687531458428005
0.0,0.2362765527286973
0.0,0.6090883974739537
4.5217885770490405,3.4862266680030953
0.6931471805599453,0.6595893415405177
1.791759469228055,0.8666017393248854
0.0,0.13984777222978031
2.70805020110221,2.630561875524016
0.0,0.3341819555703061
2.6390573296152584,2.660726978111035
2.302585092994046,2.6836967727490784
3.6635616461296463,2.7362250774392445
7.400620577371135,6.308239782292083
3.49650756146648,3.667437337738666
1.0986122886681098,0.8205511745427283
0.0,1.2520233470306328
0.6931471805599453,1.3738280828484277
4.770684624465665,5.399010436484813
6.586171654854675,6.518242526400966
0.0,0.1379838469064874
8.258422462458876,8.153801212571238
5.049856007249537,4.590037256199357
0.6931471805599453,0.26629083410843574
0.6931471805599453,0.3695951962844621
1.6094379124341005,1.0070777389251258
4.382026634673881,4.60120392796613
3.912023005428146,3.4856680521002947
4.204692619390966,4.636186727327378
6.322565239927284,6.203809351269594
2.833213344056216,3.11467547698005
0.0,-0.03249810021216823
3.871201010907891,4.220220566147294
0.0,0.5953305254028293
3.218875824868201,3.3108365528976975
2.772588722239781,3.227896214504231
1.6094379124341005,0.043807161778167375
2.70805020110221,3.0932910369438633
4.174387269895637,2.906643900207047
2.70805020110221,2.696647506947765
3.367295829986474,3.0307473784724612
0.6931471805599453,0.4711403594158766
3.713572066704308,3.959717438936499
0.0,0.20200617057427098
5.220355825078324,5.367104686676486
1.0986122886681098,0.28237562199887734
1.6094379124341005,1.2216757931642543
2.079441541679836,2.560030703648516
0.0,0.4917079551987876
0.0,0.3134815129242495
8.108021221376747,7.349076099054557
0.0,0.4266098843708154
7.303843225277705,5.5327230780169145
0.0,0.9281137995827189
0.0,0.0013930095717229678
1.0986122886681098,1.5909615104091945
4.219507705176107,3.592807777209721
0.0,0.22830620986845612
7.126087273299125,6.924289664738264
0.0,0.014422893295426125
9.169976605786628,8.789527959658512
5.501258210544727,4.902985764343512
1.791759469228055,1.3761328141427343
1.0986122886681098,0.3355845067724808
6.9167150203536085,6.390310007845935
3.610917912644224,3.88294195377726
3.1780538303479458,3.0777097923338794
1.791759469228055,1.4825334240866033
1.0986122886681098,1.5083075276017825
0.6931471805599453,0.4928820078997705
3.912023005428146,4.636096866222478
0.0,0.4073564745302063
5.799092654460526,5.917096300741099
5.968707559985366,7.818070472389743
0.0,0.04136339137021493
3.713572066704308,3.5679095505377263
0.0,0.2792151350294382
3.1354942159291497,2.6583678847981638
0.0,0.03407235364947247
3.4657359027997265,3.4090866780257447
0.0,0.1807039615593413
0.0,0.32734286020918285
5.159055299214529,4.198102626867769
3.332204510175204,2.7985977821716777
6.401917196727186,6.442748213397207
4.3694478524670215,3.8697182597127937
5.1298987149230735,5.189169382869142
2.9444389791664403,2.9443431403857305
3.713572066704308,4.25845230983734
1.6094379124341005,0.48599721474696833
4.605170185988092,3.7601411176577293
4.127134385045092,4.190554910265311
5.955837369464831,6.166279295725681
0.0,0.08644089628365798
2.3978952727983707,3.658810455178318
5.583496308781699,4.407216447737924
0.0,0.09938397165898542
2.9444389791664403,2.930563088895963
5.891644211825772,4.470397672320688
5.730099782973574,6.096483194035103
0.0,0.07374775893831167
0.0,-0.024448173493939657
6.968850378341948,6.583937357020978
0.0,0.10227094083667779
0.0,0.25339023364885954
2.079441541679836,3.2180740492107645
1.9459101490553128,0.8967372920328317
1.6094379124341005,0.6175581357848099
0.0,0.15174768259587554
0.0,0.05636238757127191
2.19722457733622,2.6530168694418803
2.4849066497880004,2.625122815956199
8.546169299652755,6.981243925384926
3.4657359027997265,3.915125803805872
4.158883083359672,4.083088549049356
0.0,0.5740533729045355
4.499809670330265,4.316928991506006
4.418840607796598,3.408712997549678
0.0,0.5306001932228079
3.5263605246161616,3.7827103685175834
7.047517221357296,6.470571266901584
1.3862943611198906,1.1887910837705662
3.6635616461296463,3.1473886379804465
0.0,0.1460354196119373
2.995732273553991,3.690268189395943
2.3978952727983707,3.373011787756442
0.0,0.16688878631272988
1.3862943611198906,0.31989720728936033
1.0986122886681098,0.7518663539350684
0.6931471805599453,1.019373744799998
6.068425588244111,6.029237701888774
1.791759469228055,0.7550752525924247
0.0,0.6352041094355014
2.772588722239781,2.761530710679543
5.905361848054571,4.126045048685067
5.41164605185504,5.115046512417464
5.579729825986222,5.065310645276333
4.406719247264253,3.471765161764669
7.504942068396171,7.327835646333723
0.0,0.1866752771791999
1.3862943611198906,1.4371426163806231
0.0,0.26399007430978755
5.3981627015177525,4.174922576762693
2.772588722239781,3.04292347867967
3.784189633918261,2.8260431366247496
5.541263545158426,6.487305220564081
7.018401799069201,6.805091167796187
0.0,0.2970471289737535
4.060443010546419,3.99710251382993
0.0,0.6701627937350633
3.49650756146648,2.7044959543658633
0.0,0.1903464121806975
1.6094379124341005,1.3295178703063366
3.091042453358316,3.7360483764357637
3.218875824868201,2.7181531851634864
0.6931471805599453,0.13395094144275357
0.0,0.21528162961917469
2.302585092994046,3.3854652648037042
5.10594547390058,5.562061932780599
4.31748811353631,4.83914851453796
9.169976605786628,8.495892380262639
0.6931471805599453,0.4824317030289903
0.6931471805599453,0.4000110618409743
0.0,0.1358950269035193
4.532599493153256,4.1150098506098285
0.0,0.06854214487345721
0.0,0.03675908449123747
7.768110378525988,7.733517901887885
0.0,0.6156609692396677
0.0,0.29287988520838293
0.0,0.22830620986845612
2.079441541679836,2.575133125109328
0.0,0.06333775948153982
0.0,0.2811918424866328
2.079441541679836,2.8258997108956425
0.0,0.02343094283610054
0.0,0.3361428189731779
0.0,0.2625835379839705
0.6931471805599453,1.083273031367977
1.0986122886681098,0.5606978185100274
0.6931471805599453,0.11568949562586378
9.169976605786628,8.552597202561897
0.0,0.1368896390135596
0.0,0.5210402559182925
0.0,0.02076007458554756
0.0,0.307153445462568
0.6931471805599453,0.2632569648699783
0.0,0.10886510529476663
0.0,0.11222420870076451
0.6931471805599453,0.5086056949286899
2.3978952727983707,2.839750014971337
1.3862943611198906,0.1251765799430816
0.0,0.011788157690614138
2.079441541679836,2.665333850350287
4.8283137373023015,4.834533998849354
8.178358165605836,7.041585007221329
3.044522437723423,3.463634940728441
0.0,0.0828658422981983
4.02535169073515,4.98824775851163
4.343805421853684,4.141542449059659
0.0,0.37482296252683855
6.309918278226516,5.925526816466876
0.6931471805599453,0.09517711592019677
3.091042453358316,3.47236337713509
0.0,0.03128968596132027
2.5649493574615367,2.78602313248637
3.4657359027997265,4.037217322272175
0.0,0.037284663469779926
0.0,0.10874974437756103
1.0986122886681098,1.6373172480207678
0.6931471805599453,1.1942624253336893
4.718498871295094,4.7985847277790254
2.70805020110221,3.4218949283945195
1.0986122886681098,1.0675302505411042
1.791759469228055,1.2122277372348036
3.80666248977032,4.170335637753957
0.6931471805599453,0.5811707926227753
0.0,0.5835421012501913
0.6931471805599453,1.0050471392451386
2.5649493574615367,2.836459505775705
0.6931471805599453,1.4921297241190405
1.9459101490553128,0.5648125189986425
0.0,0.007885500887763484
0.6931471805599453,0.13300179754869124
0.0,0.07640393457234416
0.0,0.3317386070511062
2.70805020110221,3.5643416875425746
0.0,0.022751616179889803
6.025865973825314,5.816922639719065
0.0,0.5957044259480431
4.8283137373023015,4.441036572140414
1.0986122886681098,1.268188055236803
4.465908118654584,4.591012414682334
5.572154032177765,5.517236293596842
3.218875824868201,3.0851070544018624
4.248495242049359,3.6790709480463226
3.218875824868201,3.141614286216146
1.0986122886681098,1.2412755301964675
0.0,0.3951252016601018
0.0,0.19350254506229644
0.0,0.049833140739846175
6.57507584059962,4.464007381108191
3.784189633918261,3.502146297694235
0.0,0.9592356325659187
0.0,0.6561625027241834
0.6931471805599453,0.13138434546278688
3.688879454113936,3.749719205356006
2.302585092994046,2.6585903833173243
0.6931471805599453,0.11918996762797893
0.0,0.17889176741619195
0.0,0.16799715694913223
4.07753744390572,4.196889118613206
0.0,0.40816531858948824
2.4849066497880004,2.8090885131389434
4.04305126783455,4.797718323459759
3.332204510175204,3.595339330155669
3.258096538021482,3.5530521054599666
0.0,0.20566485149187158
0.0,0.05150234504205243
0.0,0.3776720917121977
0.0,0.3347074541209681
5.765191102784844,5.314078788443877
6.084499413075172,6.168956491456094
4.795790545596741,4.049454136064566
2.302585092994046,2.759671015105628
7.305188215393037,7.658015907548317
3.49650756146648,2.806329832857997
0.0,0.08441178395235874
0.0,0.1798795435369039
0.6931471805599453,0.7073903283085702
2.4849066497880004,3.227087856928938
0.0,0.2467851550241484
3.713572066704308,3.5760430955353044
5.303304908059076,5.240805258955427
0.0,0.05268192142845269
0.0,0.25493920349683113
1.6094379124341005,1.5491333303201944
3.555348061489413,5.344934636263711
0.0,0.054611592920863386
6.025865973825314,5.684726585429855
0.0,0.030912437231519405
5.926926025970411,5.6649368102894355
1.791759469228055,1.4137549650920636
2.6390573296152584,2.9649715770830842
0.6931471805599453,1.1605675493196246
4.060443010546419,4.5221879743900155
5.3706380281276624,5.443270541805311
3.044522437723423,2.943281712483838
2.19722457733622,2.9114772700332274
1.3862943611198906,1.194225627857425
0.6931471805599453,1.0965328978633546
4.727387818712341,4.479349899757316
2.3978952727983707,2.8423094986809256
1.0986122886681098,1.4279421984981577
0.0,0.2651999519283924
0.6931471805599453,0.5289746942342759
0.0,0.4499385708137102
1.0986122886681098,1.2877189338107633
8.458504195067558,7.083250346413672
1.3862943611198906,1.5953082817484365
5.634789603169249,5.728375482787816
0.0,-0.015519957058884783
0.0,0.06909004758910071
1.3862943611198906,0.7394258756138405
2.302585092994046,2.7139731062163484
0.0,0.5311113376364737
2.19722457733622,2.7574212868007555
0.0,0.05087696164053868
4.465908118654584,3.952303625821094
0.0,0.6128243879243414
0.0,0.3319731779614544
2.772588722239781,2.6789834494076326
3.8501476017100575,3.2086266742543086
2.302585092994046,3.090443298487837
1.6094379124341005,1.4174321013090134
1.3862943611198906,0.4996355619495516
3.044522437723423,2.7159493319424106
1.0986122886681098,0.8196208804725215
1.0986122886681098,0.15563195471810767
0.0,0.14792438705291602
4.0943445622221,3.4113088202454582
3.295836866004329,3.1881860507475417
1.0986122886681098,0.5883152878946146
1.791759469228055,0.8798551390086083
1.791759469228055,0.41146865541519306
0.0,0.2876709793004199
2.833213344056216,2.745520994698861
4.74493212836325,4.147608270642075
3.6635616461296463,3.3131953034495267
0.0,0.6357601679228568
0.0,0.7220919831663277
4.605170185988092,3.338232093943971
0.0,0.5926930687915474
5.746203190540153,5.761412802001848
0.0,0.01014573230489737
6.946013991099227,7.069702440209248
0.0,0.4654739540462427
0.0,0.05179077447614308
3.367295829986474,2.997940754994828
1.9459101490553128,0.9017468778444192
1.3862943611198906,1.7300868333806547
6.093569770045136,5.791369583108917
8.621733370690162,7.876008506909395
1.791759469228055,1.2251808696832505
0.0,0.032378279625028254
3.4011973816621555,3.52271386535082
0.6931471805599453,0.29238633959454663
0.6931471805599453,0.2424436679621874
0.6931471805599453,0.18838131332600674
4.23410650459726,4.244343967655407
0.0,0.005776713075969831
0.0,0.20776446323668044
1.0986122886681098,0.6078596326341225
4.709530201312334,4.212157296682694
0.0,0.3563592721682681
4.564348191467836,4.296292793526126
1.3862943611198906,1.3284730523943453
0.6931471805599453,0.154091327255841
0.6931471805599453,0.3383398498139813
3.8918202981106265,4.1735919009548486
4.343805421853684,2.998826974000838
1.6094379124341005,1.2174461210076009
0.0,0.08673760281491098
0.0,-0.013719017392872394
0.0,0.2098962668742809
0.0,0.26272551183070575
3.258096538021482,3.704578619674298
0.0,0.06811003482153279
0.0,0.4262893178018732
2.6390573296152584,2.9274440546737583
2.9444389791664403,2.9433503366000786
0.0,0.7404761236228343
3.1354942159291497,3.328836038090055
5.497168225293202,4.797991532689395
4.770684624465665,3.9505729514615244
0.0,0.01927581175845811
0.6931471805599453,0.5939808334095847
1.6094379124341005,1.2532140550773327
5.849324779946859,5.6554284672964625
0.0,0.6402324714819624
6.421622267806518,6.431296628155705
0.0,0.6799456684314815
0.0,0.11249375052881719
1.0986122886681098,0.09784520692640727
0.0,0.18082952055424809
0.0,0.3469339139487469
2.5649493574615367,3.270584073106115
1.3862943611198906,1.3021831135543884
0.0,0.011091623418259157
0.0,0.041629309916189634
0.0,0.46394596752548767
0.0,0.48050658234160953
8.025516386489008,7.969429290026248
0.0,0.320485439818766
0.6931471805599453,0.5476841712622621
0.0,0.5626448850231889
1.6094379124341005,1.2919314253136254
4.48863636973214,5.512634073563695
3.5263605246161616,4.087273831772417
0.0,0.16601420237354653
0.0,0.4135679442415014
5.752572638825633,4.385147850837577
3.737669618283368,3.901454575326984
0.0,0.05268192142845269
2.302585092994046,2.488770466254435
2.772588722239781,2.7977401119358216
4.74493212836325,5.326438318273523
3.610917912644224,3.204872264369823
0.0,0.4927549318718345
5.5909869805108565,6.120823432260177
0.6931471805599453,0.935013696329688
1.0986122886681098,0.14813367322481558
2.5649493574615367,3.1655787964605575
0.0,0.08366798112979182
1.0986122886681098,0.5923215819411652
3.8918202981106265,3.7249614495084726
6.895682697747868,8.022967580257484
2.772588722239781,3.503759884714744
1.6094379124341005,0.7005176826771352
0.0,0.27470087519742986
3.258096538021482,3.638105709444804
0.0,0.399506195016763
1.3862943611198906,0.5587848615463415
1.3862943611198906,0.6616452193526361
0.6931471805599453,0.7863206698687395
0.0,0.7664536075529349
4.6443908991413725,4.463733642419214
6.827629234502852,6.133973650574826
2.19722457733622,3.4748929422548582
4.976733742420574,4.610660967633504
2.079441541679836,3.380792073189268
0.6931471805599453,1.240701118933917
4.574710978503383,5.064659593442007
1.0986122886681098,1.2134949522682528
3.295836866004329,3.3506714063161267
0.6931471805599453,0.8671134655534805
4.867534450455582,5.076050312287338
0.0,0.13742666241043372
0.6931471805599453,1.0603753389018968
4.127134385045092,4.492810840481768
0.0,0.37259082571678953
1.9459101490553128,0.5879088422346181
0.0,0.14357964773187007
4.23410650459726,3.9055603767471516
0.0,0.6128243879243414
0.0,0.15645841135237087
0.0,0.17911306307840155
3.49650756146648,3.2809227062826714
0.6931471805599453,0.2893990471082869
1.791759469228055,1.7179281102792852
0.0,-0.013233516525407506
0.0,0.5520803644894856
0.6931471805599453,0.2132079842201742
0.6931471805599453,0.7581339174145204
4.262679877041316,4.610651548244596
0.0,0.04355492007169232
7.267525427828172,7.499800459359936
4.30406509320417,4.089927749501593
0.0,0.006738971305222686
2.70805020110221,3.0615409582265167
0.0,0.5994495228064302
0.0,0.33644856014287955
4.07753744390572,4.21328994677409
0.0,0.23317514298158382
0.0,0.03953360765272157
0.6931471805599453,0.525418864110784
0.0,0.09153413498910014
0.0,0.4075177075248219
2.4849066497880004,2.846567301423799
0.0,0.11640864100894395
2.6390573296152584,2.650435664238329
4.836281906951478,4.831668943034503
3.610917912644224,2.944889031751011
3.091042453358316,2.7524111767747765
9.169976605786628,7.411697813295012
0.6931471805599453,0.283660954739421
3.951243718581428,4.352183506774437
2.6390573296152584,3.6027716946904587
0.0,0.01484870540808742
0.0,0.5732728132918847
3.555348061489413,3.141418120731091
0.0,0.35730759458647604
0.0,-0.04419589315302556
0.0,0.3563592721682681
0.0,0.07482681259321493
2.9444389791664403,2.5466628253290353
7.389563953677635,6.518962550779753
0.6931471805599453,1.1554863241553524
4.882801922586371,5.341215038787771
6.269096283706261,5.749064648793619
5.062595033026967,4.489699137955588
2.3978952727983707,2.4900977746201374
5.5093883366279774,5.991454929639914
0.0,0.034051372718507285
7.463936604468925,5.381171428434879
3.218875824868201,3.721131847509874
6.144185634125646,5.9968829246632245
6.678342114654332,6.92433920746057
7.704811922932594,7.359592015710102
1.0986122886681098,1.0293994555188029
3.49650756146648,5.568338155863997
0.0,0.29464912582010533
0.0,0.5932981349524187
0.0,0.5782328036398643
0.0,0.5101518335423672
2.70805020110221,3.534556434699461
2.19722457733622,2.426507566910109
1.6094379124341005,1.3738280828484277
5.529429087511423,4.601402247119729
5.891644211825772,6.51941016150703
2.772588722239781,2.6742507806052647
0.0,0.05487631486082719
3.4011973816621555,3.3633183759737255
1.9459101490553128,1.5051435867272611
0.0,0.07009448188864358
3.218875824868201,3.262192279523539
4.8283137373023015,4.538445918953513
0.6931471805599453,0.4015102301905128
0.0,0.20823602323137566
6.118097198041348,6.127599807621783
2.6390573296152584,3.0439506104520007
4.875197323201151,4.903509642145197
2.302585092994046,3.4914035861852413
1.791759469228055,1.4256097789840732
5.525452939131784,4.26636130967043
0.6931471805599453,0.08673760281491098
2.19722457733622,2.642219567552291
0.0,0.4236302958355782
3.9889840465642745,2.894042355503374
2.995732273553991,2.9071958207257644
0.0,0.526796044817226
2.302585092994046,2.795226924520694
0.6931471805599453,1.001034456130801
2.70805020110221,3.2184025441135375
1.9459101490553128,1.1640738211429564
0.0,0.15280039263233425
0.0,0.5778034743624224
0.0,0.008476129367527528
0.6931471805599453,0.47079737894803714
0.6931471805599453,0.2964857853110575
2.70805020110221,2.7522097450492944
0.0,0.3004644170427301
0.0,0.009585925105938345
2.772588722239781,3.8290515207418965
0.0,0.4534052885626876
0.0,0.3465059654020941
9.169976605786628,6.645276001554405
2.772588722239781,3.1930525439751145
7.076653815443951,7.113459698846581
0.0,0.0013087423533300695
4.574710978503383,4.052651144970215
2.70805020110221,2.45560943174439
2.5649493574615367,3.1950572385649565
5.298317366548036,4.4351228682923765
3.8918202981106265,3.471287573764911
5.0238805208462765,5.181583511503247
4.574710978503383,3.6025538432108686
2.079441541679836,2.87468658990806
3.49650756146648,3.381916466385185
1.3862943611198906,1.0626526100734788
0.0,0.08932647318463298
0.0,0.5893269900057588
0.0,0.04464425835145277
6.230481447578482,6.059434630130196
9.169976605786628,7.199631396435388
6.249975242259483,6.443598247402665
0.0,0.03706560426899037
1.3862943611198906,1.1598645413444266
0.0,0.2588325089518096
0.6931471805599453,0.09923941680289657
5.0369526024136295,4.6607001283844
2.19722457733622,2.6072496995298504
2.5649493574615367,3.089672133729707
0.6931471805599453,0.233330344467814
1.0986122886681098,1.4777532757505167
5.365976015021851,5.647103913009389
0.0,0.3246236530325098
0.6931471805599453,1.1637729560062677
0.6931471805599453,0.38233607565308547
7.2875606403097235,7.226578571060534
0.6931471805599453,0.2598087078680993
2.4849066497880004,2.9055677432498936
1.6094379124341005,0.6233698979072959
2.19722457733622,2.656025913408587
2.079441541679836,2.848577562480846
4.532599493153256,4.803647744432777
3.091042453358316,3.1445374119906155
6.311734809152915,6.183161409552909
6.013715156042802,5.472527236844287
2.6390573296152584,3.4960709936293104
3.1780538303479458,3.0552615140700228
3.4657359027997265,3.7345187020756905
5.308267697401205,5.105238852226024
3.8918202981106265,4.22110881027658
0.0,0.1085204602828131
1.9459101490553128,0.5817376981087502
0.0,0.0891102652475321
6.2166061010848646,6.758342093377316
2.70805020110221,3.679996354663968
0.0,0.14444771072791526
0.0,0.01719460789912832
0.0,1.1544894753426924
0.0,0.12066323277760413
3.367295829986474,3.0990337373480825
0.0,0.0653346775731816
2.4849066497880004,3.045607168610591
2.70805020110221,3.0777737752452143
3.091042453358316,4.384296020536487
3.951243718581428,4.385518640422867
2.3978952727983707,2.6863638419762497
0.0,0.47433356676248295
0.0,0.22857559537141559
2.079441541679836,2.6179271987276818
4.983606621708336,4.7151459434852905
3.367295829986474,2.832021828396441
6.300785794663244,7.081070788165124
0.6931471805599453,0.3412978796667046
3.6375861597263857,2.719999805567095
3.044522437723423,2.87173002714656
1.3862943611198906,0.6772218349320257
0.0,0.09364711493495147
6.190315405853148,5.8012536348601715
2.19722457733622,3.1333503825470785
2.302585092994046,2.966091017339207
2.302585092994046,2.7629226747215565
2.19722457733622,2.838719918477429
5.043425116919247,5.238403862515356
0.0,0.1853709557032937
4.962844630259907,4.31366327152834
0.0,0.003117270709151988
0.6931471805599453,0.26112235648392546
5.697093486505405,5.519434995158848
6.670766320845874,4.430450295468601
0.0,0.37077744238124216
1.6094379124341005,0.9718401727847733
9.169976605786628,7.221493313531133
2.302585092994046,3.1130419851624556
2.5649493574615367,2.5352725678174566
3.367295829986474,2.991332974407044
1.0986122886681098,0.30111354675929675
0.0,0.8784987751579462
0.0,0.04088369438964174
0.0,0.07525249425154121
0.0,0.11182230620205993
0.0,0.5060102983317243
4.934473933130692,5.090928534541868
0.6931471805599453,0.33524492584133625
0.6931471805599453,0.5890923128974136
0.0,0.0005410663956654043
0.0,0.504062696295668
5.3706380281276624,4.460266406961497
2.079441541679836,3.2840158388361194
4.174387269895637,3.3884933096427554
2.302585092994046,2.587369990041985
3.713572066704308,3.9106325324390387
3.218875824868201,3.0420823677601407
0.6931471805599453,1.054572708846227
1.3862943611198906,1.3833822421105695
1.0986122886681098,0.4282753231833138
4.948759890378168,5.190479028386682
0.6931471805599453,0.2855501401565063
4.204692619390966,3.817251129188871
7.302496423727326,6.873456475489967
3.1354942159291497,4.570949625423628
5.209486152841421,6.765152176834555
0.0,1.199266194917521
0.6931471805599453,0.9935643636537599
0.0,0.3031549434574887
0.0,0.16150706058859535
0.0,0.1379838469064874
0.0,0.3110232215610368
1.6094379124341005,1.1418881821598075
1.0986122886681098,0.36076698424766923
0.6931471805599453,0.7076735135373325
2.8903717578961645,2.7863468771820243
1.3862943611198906,1.328223523837316
0.0,0.17194634984856166
4.23410650459726,5.819073747690774
0.0,0.5117773672748647
3.4339872044851463,3.382074440738022
2.079441541679836,2.6871890807710956
0.6931471805599453,0.9797256978891663
2.70805020110221,2.5944612451741027
0.0,0.4393404725584369
1.3862943611198906,0.5481651499318863
2.772588722239781,2.7142237564724114
0.6931471805599453,0.3151265213811509
3.555348061489413,4.011506503287141
5.049856007249537,4.1569858826181
2.6390573296152584,2.9628263170895854
0.0,0.5533691863376694
8.53346016388011,4.345135513843535
1.6094379124341005,1.0467075246511022
3.9318256327243257,3.93976534767429
2.6390573296152584,2.641177539754938
0.0,0.3035432273838812
2.5649493574615367,2.863812814574793
2.70805020110221,3.0273845801019723
1.0986122886681098,0.6429175144376913
2.772588722239781,2.935734721874291
2.079441541679836,3.2185275262615245
0.0,0.07692270357928793
0.6931471805599453,0.6703347136460935
4.941642422609304,5.147665912227091
0.0,0.03189168384001046
0.6931471805599453,0.4336654391781601
0.6931471805599453,0.6326346085950442
1.0986122886681098,0.18536180381707212
4.477336814478207,4.605253391433218
1.791759469228055,0.32992792708154994
0.0,0.47927432564704037
4.574710978503383,4.943648407542545
3.367295829986474,3.855779415877073
4.61512051684126,5.302214620857412
3.091042453358316,3.110990072102233
3.6375861597263857,3.8437828581872
4.691347882229144,4.382674687973017
3.8918202981106265,4.090195788864062
0.6931471805599453,0.6560227819661691
3.295836866004329,4.52176241792578
2.6390573296152584,3.3526493181233046
2.5649493574615367,2.9027576430127566
2.833213344056216,2.8591423506813967
0.6931471805599453,0.7863141677066238
5.814130531825066,5.477150445687446
6.532334292222349,6.415527029314957
5.332718793265369,4.864804403124753
0.0,0.2209897186333748
0.0,0.06511206939374937
0.6931471805599453,0.4384984082505693
0.0,0.3450965039517157
1.6094379124341005,0.707893681153411
0.0,0.11569690287766715
3.80666248977032,3.1557394866717914
1.0986122886681098,1.1725459829753748
0.0,0.4240781706725851
0.0,0.4067590524182123
2.3978952727983707,2.7529463700884045
0.0,0.31170699980315186
0.0,0.36728553341528175
3.4339872044851463,3.5350994328177867
2.6390573296152584,3.3910052392417884
0.0,0.031080327254069676
1.3862943611198906,1.171952760889776
0.0,0.2925081439172857
9.169976605786628,6.106968967987745
1.3862943611198906,0.4933558600475
4.406719247264253,4.8750489486821715
0.0,0.06277761796335442
2.6390573296152584,2.9306975887891165
0.0,0.06393795262187466
0.0,0.19402092117459344
0.6931471805599453,1.3219566091226038
0.6931471805599453,0.26067681662583375
3.1780538303479458,2.7403361712403447
6.595780513961311,7.591834231815705
2.5649493574615367,2.8764657962791715
2.19722457733622,4.232813948167431
3.4011973816621555,3.066774396703143
2.079441541679836,2.608051006835792
0.0,0.1502254015472366
3.1354942159291497,2.592043306766779
0.0,0.8573053087439493
5.1647859739235145,6.299334349785898
0.0,0.07470983373963289
1.3862943611198906,0.32694418282593457
0.0,0.30428778735535233
6.1224928095143865,6.736622255881903
4.07753744390572,3.3772354944995615
0.6931471805599453,0.2940371097117468
0.0,0.41295119851111534
0.0,0.5552146780062024
6.884486652042782,5.198343729860801
4.04305126783455,4.633955687404074
0.6931471805599453,0.19443476189494546
3.258096538021482,3.4010700114139567
4.0943445622221,4.325585642945992
0.0,0.017354869864003433
2.5649493574615367,2.9119357731708746
4.709530201312334,4.562959427790116
7.934513463882263,8.015332548755575
0.6931471805599453,0.551729514353155
0.0,0.04620016773659799
4.23410650459726,4.145564877183677
2.833213344056216,2.882706665599652
3.912023005428146,4.514645618620342
3.367295829986474,3.5804404360497584
1.9459101490553128,0.1997980065612731
0.0,0.44855762872102767
7.659171367666058,7.3756683892840496
3.4011973816621555,4.0121715398690005
0.0,0.4814248954498171
0.6931471805599453,0.28514379380637206
1.3862943611198906,0.44841978511932934
2.079441541679836,3.3374557112919288
1.0986122886681098,0.4643340570628376
4.663439094112067,4.245264402424395
0.0,0.3971569638285162
3.8501476017100575,4.190626262389477
3.4657359027997265,3.4000129180931777
0.0,0.11104376635516901
2.5649493574615367,3.0543474327168147
0.0,0.02959843462280115
4.060443010546419,3.8004316905223683
1.0986122886681098,0.5013230264119377
3.4657359027997265,3.7017845221553944
0.0,0.4673259628312205
0.0,0.2565490732611542
0.0,0.13918092414958233
2.19722457733622,2.390260514476259
2.70805020110221,3.052927211129765
3.951243718581428,3.5385096694563907
5.438079308923196,4.982764843507593
0.0,0.37874754861539756
3.044522437723423,3.0077223139855986
4.382026634673881,4.084960404140682
0.6931471805599453,1.307115751588757
0.0,0.08027616757502438
4.574710978503383,3.8548963662733473
0.0,0.12861736575509283
0.0,0.2785152064379058
0.0,0.07253242713480532
0.0,0.04847094289149922
0.0,0.5776093114038163
5.676753802268282,4.704421330904436
4.0943445622221,3.252181524805175
3.58351893845611,4.007619270129189
3.367295829986474,3.2785437387769405
0.0,0.4442579914651269
0.6931471805599453,0.355895255608822
0.0,0.22362337016770203
0.0,0.42568867432426954
2.19722457733622,2.6820985842871563
0.0,0.10865594576296163
4.143134726391533,4.31377173585697
0.0,0.12088119260865077
3.4011973816621555,3.6404004266210097
0.0,0.2803152968803405
4.23410650459726,4.384420735946003
2.079441541679836,2.603442451498005
1.9459101490553128,1.5426775790257758
3.367295829986474,3.315233713883871
0.0,0.11743572106141985
0.0,0.27442925933577755
0.0,0.11151055655973183
0.0,0.2698843155710881
3.258096538021482,3.0155248612109777
0.0,0.7045571166837886
0.0,0.025814001518943322
3.1780538303479458,3.623446766550462
3.5263605246161616,2.804629162169028
6.79794041297493,6.339253085542059
6.131226489483141,5.225757591254026
9.169976605786628,8.59981243485069
3.49650756146648,3.375306356662836
4.584967478670572,4.39268373226749
2.079441541679836,3.092903074686449
0.6931471805599453,0.8376957068071983
0.0,0.12106615071704985
5.298317366548036,5.910477274977699
0.0,0.013335292317381434
2.19722457733622,2.6384395679415737
0.6931471805599453,1.0752060419305518
3.7612001156935615,4.329518380647527
0.0,0.38734591091852927
4.02535169073515,3.457590119468753
1.0986122886681098,1.0872962095006125
2.5649493574615367,2.76923436012598
0.0,0.2574894158159065
4.8283137373023015,4.99294373421498
0.0,-0.2583876389708822
0.0,0.02878294807234455
3.970291913552122,4.049475478086342
0.0,0.5570728579548752
0.0,0.1289179482513754
0.0,0.08710392035657812
2.9444389791664403,2.6792116327141486
0.0,0.2861808629265462
1.0986122886681098,0.29963030785393985
0.0,0.4462441828170378
2.833213344056216,2.7033338080756164
8.44741429680832,8.520286887472976
4.990432586778736,5.035162003917944
0.0,0.6742316630302508
3.1780538303479458,3.495228243628665
3.4339872044851463,3.3273676200508153
0.0,0.6361837745896873
0.0,0.033737014320807834
6.218600119691729,6.122483959643274
2.3978952727983707,2.8186517024110582
6.29156913955832,7.506197195210454
3.218875824868201,3.7957544558337353
0.0,0.16601539903905377
0.0,0.2539323085104812
0.0,0.2843731967971951
4.543294782270004,4.474634141625244
0.0,0.7833868480736318
1.6094379124341005,0.39716831724277907
1.3862943611198906,0.3251264604053757
8.881558488638976,5.206499299214419
5.262690188904886,5.495164965033816
1.3862943611198906,1.33035548597446
0.0,0.03678944737934048
0.0,0.19402092117459344
0.6931471805599453,0.44949639064379354
0.6931471805599453,1.0555457629257994
0.0,0.05107061951746045
7.906915488678587,7.730489936219506
1.0986122886681098,0.6300956870053829
2.079441541679836,2.487802468988933
1.6094379124341005,1.6494578267973323
2.3978952727983707,3.3659497950123733
0.6931471805599453,0.4493672689451396
4.110873864173311,3.566132804470178
0.0,0.40504926770960303
0.6931471805599453,0.8418075778862163
5.332718793265369,4.404074246853512
0.0,0.15563195471810767
5.236441962829949,4.904981176070527
3.258096538021482,2.7505999853220175
0.0,0.0803970482237149
3.1354942159291497,2.917059622916329
6.498282149476434,6.309092510658608
3.912023005428146,5.609535318127643
0.0,0.24575265439397928
6.244166900663736,4.887791956816622
5.560681631015528,5.315497039632875
6.416732282512326,6.695889425946559
2.772588722239781,2.81169112214949
0.0,0.5805681609594465
5.41164605185504,5.373627994968434
1.791759469228055,1.1741879927539134
2.079441541679836,2.5472948515923286
1.9459101490553128,1.782558005519821
2.19722457733622,2.618672859798506
1.0986122886681098,0.5549652295781774
3.555348061489413,3.69044530589598
0.0,0.3580341881747541
0.0,0.043882086399195185
3.610917912644224,3.2355941781450603
1.3862943611198906,0.3543087724188089
3.7612001156935615,3.2034805318579127
1.3862943611198906,1.1392590294041127
0.0,0.6481912821934835
4.110873864173311,4.3993195131440626
0.6931471805599453,0.7299772294045032
6.102558594613569,5.938888406987287
5.0238805208462765,5.490815474769721
2.079441541679836,2.6167999767971155
1.9459101490553128,1.5509783037290148
0.0,0.0859320792747424
1.6094379124341005,0.2803305736767086
0.0,0.0541366690756938
1.0986122886681098,0.8988263292680619
3.367295829986474,3.3808706741002945
0.0,0.11774276728115926
3.58351893845611,3.5901622079714515
0.0,0.20458287801843028
0.0,0.21574789768845165
1.0986122886681098,0.4368900276978339
1.9459101490553128,1.6748509192418344
1.0986122886681098,1.4860529410750867
2.079441541679836,2.688391837161862
4.04305126783455,3.7682901661526356
0.6931471805599453,0.14685646558681362
1.3862943611198906,0.5852316128307751
1.3862943611198906,0.24428361598595083
0.0,0.11837873599198195
0.0,0.534571979643624
0.0,0.3899255950253544
1.791759469228055,1.0371647771230106
0.0,0.3892213299712511
8.375860015299594,8.091077783744984
1.0986122886681098,0.9227212843849422
0.6931471805599453,0.12942012519758644
0.0,0.7250411182534608
0.0,0.4564970993227645
2.9444389791664403,3.2402560160363163
0.0,0.2639073637228168
0.0,0.15720769785379016
0.0,0.17163693515271147
0.0,0.37084844083795127
1.0986122886681098,1.4316382358638107
2.302585092994046,2.7334584991175643
0.0,-0.004532868404448511
2.772588722239781,2.8773771210886183
3.367295829986474,3.9908164999258995
0.0,0.20811038960332645
1.3862943611198906,0.8845444937360266
0.0,0.003876490566420355
3.555348061489413,2.9216244254351293
5.655991810819852,4.782804428323949
0.0,0.06893182898569687
0.0,0.25670550291899913
1.0986122886681098,0.14499553836943901
1.3862943611198906,1.290714625594591
6.419994928147142,5.945623811686607
1.3862943611198906,1.1738194182209791
2.4849066497880004,2.360258774678777
1.3862943611198906,0.3884404086146605
0.0,0.13613120890619013
6.326149473155099,6.235823331731628
1.3862943611198906,0.4758111485618528
0.0,0.1347763891083775
3.044522437723423,3.3930874466840897
0.0,-0.051519576854393484
2.772588722239781,2.667196979477656
2.70805020110221,3.229792978796938
5.641907070938114,5.148661894579164
1.3862943611198906,0.6832121140676938
0.0,0.10126516394258815
9.169976605786628,7.70555099364519
0.0,0.6145219495568507
2.19722457733622,2.628922189891287
3.1354942159291497,3.265060175381706
0.0,0.17769819182194338
0.0,0.7573484198715673
4.04305126783455,4.217447526552815
0.0,0.05324187341603291
1.6094379124341005,1.5591889061936168
0.6931471805599453,0.6867292237719553
2.9444389791664403,2.6797436405397814
0.0,0.5663559727200536
0.6931471805599453,0.6621267754663672
0.0,0.4427595815007153
2.70805020110221,2.952722663816576
4.3694478524670215,3.9205905749404844
0.0,0.49153808247509423
3.555348061489413,3.3933723384571572
1.0986122886681098,1.381252280115333
0.6931471805599453,0.7858245059514691
0.6931471805599453,1.120138352423266
1.791759469228055,1.0705549548335473
1.0986122886681098,1.4007392768957454
0.0,0.11135370110967015
3.1780538303479458,2.7881610529435488
1.791759469228055,1.0609205080274258
7.042286171939743,6.092297251333952
1.0986122886681098,1.2817254317608244
5.840641657373398,6.799331902512589
4.663439094112067,4.205338157092053
3.555348061489413,4.08886599143429
5.717027701406222,4.414709018484801
5.846438775057725,5.682391063709954
1.6094379124341005,0.7321280445536381
3.8501476017100575,4.0840381316735614
0.0,0.20343840938613575
9.076237387452702,8.612289209655938
0.0,0.4359454422023384
0.0,0.17588765768531842
0.0,0.031246737384700622
1.3862943611198906,0.47722330906995336
3.58351893845611,3.7409520686261653
0.6931471805599453,1.0529350044785046
0.0,0.36713739633310477
5.153291594497779,4.509669536065726
0.0,0.3644314479029006
0.0,0.08446610891166342
1.0986122886681098,0.5139244639015137
1.6094379124341005,1.0839600377811682
0.6931471805599453,0.4928820078997705
6.306275286948016,5.766349989249399
2.70805020110221,2.9808251099214766
4.844187086458591,5.210741605798171
5.093750200806762,5.27078790528787
1.0986122886681098,0.4958256838247279
1.0986122886681098,1.164405519167472
1.6094379124341005,1.3268481921063404
4.418840607796598,5.838071516433976
7.374001859350161,7.522667177068666
0.0,0.4812888255176405
0.0,0.4008936267401001
0.0,0.14066037904612747
1.0986122886681098,1.21513051849707
0.0,-0.03227177224499718
0.0,0.5253921591438824
7.868636894184167,8.306795884782849
2.6390573296152584,2.7147913598283258
0.0,0.2719206841246051
3.80666248977032,3.660279356013826
2.3978952727983707,3.3463795114482506
7.518607216815252,8.090906817483093
1.3862943611198906,1.1445166759633458
5.030437921392435,4.061519207022203
3.1780538303479458,3.555834015912541
2.4849066497880004,2.984321616697619
0.6931471805599453,0.5569040418202789
0.0,0.5283574338123175
3.737669618283368,3.079744699383391
3.1780538303479458,2.7076719176459725
2.9444389791664403,2.8561212229735453
4.68213122712422,4.286874094063607
7.888709524182015,6.918520732704807
0.0,0.19757477736280973
0.0,0.4434957689544969
3.4339872044851463,5.018309703354946
3.1780538303479458,3.7879145347148393
1.0986122886681098,1.022345780812646
1.6094379124341005,1.5132595477817135
0.6931471805599453,0.8012429572683116
4.574710978503383,4.663591244408107
0.6931471805599453,0.42694538697120704
3.091042453358316,3.3637905848855394
4.23410650459726,3.294218497202605
1.0986122886681098,1.1247516911605404
3.7612001156935615,4.478131183672849
1.0986122886681098,0.41082207471908755
6.190315405853148,6.139241492352834
2.19722457733622,2.823301923297605
0.0,0.2403595741964973
0.0,0.04305053007501372
0.0,0.03705257848413173
7.107425474110705,6.93336801257635
0.0,0.017473775143628165
4.219507705176107,3.8641382646981017
2.833213344056216,3.547349554847209
2.6390573296152584,2.6415809478154175
1.3862943611198906,1.4605579143674452
6.0867747269123065,5.9656347251887345
1.0986122886681098,1.1847542474354418
0.0,0.46602446987568397
1.0986122886681098,0.7845165815314851
2.5649493574615367,2.9540983566349395
3.218875824868201,3.2959114731291246
7.500529485395295,6.149517140687059
5.575949103146316,5.723121765514554
1.9459101490553128,1.327621102866526
0.0,0.031662124522910694
0.0,0.030876733306210255
0.0,0.009219196822616814
5.666426688112432,4.857777377906621
4.882801922586371,4.027174791117542
4.23410650459726,4.014477741945722
3.80666248977032,4.177096047677309
2.5649493574615367,2.975182896174687
5.746203190540153,7.965549339046569
0.6931471805599453,1.1257683229348325
0.0,0.22728258953971328
0.0,0.37511850484602977
7.068172000388042,6.64346852702106
5.003946305945459,4.421578879161363
3.610917912644224,3.6537367237248923
1.6094379124341005,0.6573943853555726
4.394449154672439,3.5532948867648373
0.0,0.14086452527585927
3.091042453358316,4.530180926341953
1.0986122886681098,0.742526365596629
1.0986122886681098,0.4711889101777331
0.6931471805599453,0.8610821395691632
2.19722457733622,2.868898678429129
0.0,0.4300509039173028
5.0369526024136295,3.963332826387593
3.4657359027997265,3.7030475982741438
0.0,1.2114528054264262
0.0,0.38210244128643395
4.532599493153256,4.818894499336706
4.02535169073515,4.401273606500511
0.0,0.1497365280593509
0.6931471805599453,1.062117995235835
1.0986122886681098,0.2276295091958761
2.3978952727983707,3.0416352207733643
0.0,0.22305319579083407
5.948034989180646,6.109314801165077
0.0,0.320485439818766
0.0,0.20514164463059267
0.0,0.47419132127332414
0.0,0.057515997424428554
2.079441541679836,3.6206022835471883
0.6931471805599453,0.7339749761821668
0.0,0.10623226487788835
0.0,0.18470452894995817
0.0,0.22888118308854632
0.0,0.12296218966093703
0.0,-0.016942316912385996
0.6931471805599453,0.26917430979357576
7.408530566894626,7.11721486334617
0.6931471805599453,0.27016156426716215
5.402677381872279,5.5286441747315545
4.584967478670572,4.028522011332681
1.9459101490553128,1.0240022695407256
2.3978952727983707,2.8612260225736628
0.0,0.1914965023188812
0.0,0.3639023128599258
5.613128106388071,6.159012567837562
7.620214770574455,7.073445790404506
3.6635616461296463,3.885593229293876
0.0,0.3632723849056942
3.044522437723423,2.65162835510636
6.86484777797086,7.042853381740149
4.276666119016055,2.9299477591733774
2.19722457733622,3.0499885317882085
0.0,0.09016827040427625
2.6390573296152584,3.239977748746082
1.9459101490553128,1.237770644596553
1.6094379124341005,1.334509299468299
0.0,0.0582143778556784
7.60887062919126,6.878339605574235
7.004881989712859,5.33616447002154
7.80954132465341,7.084849044803886
2.3978952727983707,3.1405468896998423
4.04305126783455,3.424995070509877
6.023447592961033,6.494393660157381
4.204692619390966,2.772770989667384
1.9459101490553128,1.5602391228967898
0.6931471805599453,0.39494732645806035
0.0,0.6645224020483673
3.6635616461296463,3.6354008646791307
3.295836866004329,2.9125085417564356
3.871201010907891,4.507957922071951
0.0,0.0048255264616750854
1.3862943611198906,0.5413360995885673
0.6931471805599453,1.494157904247202
5.849324779946859,4.6905758262702335
0.0,0.22615157866042648
9.013838751608397,7.488840168792065
0.0,0.32776127951626655
0.6931471805599453,0.3786093130297101
2.302585092994046,3.0035936857398036
0.6931471805599453,0.7126080843962851
6.90975328164481,6.74514026817378
0.6931471805599453,1.3027769490236711
1.9459101490553128,0.45444672074694387
1.6094379124341005,1.5925974133500145
0.0,0.14407101555094115
3.713572066704308,3.9530313024799715
2.772588722239781,2.800365897566204
6.008813185442595,6.026773553197324
8.855805992536562,8.004593641195521
0.0,0.07760755295311202
1.6094379124341005,1.6195932135582365
4.290459441148391,4.294983056173846
2.079441541679836,3.3046301104038336
4.770684624465665,4.107843576680831
5.1647859739235145,6.224061514901678
0.0,0.5979524460978195
1.6094379124341005,1.5076654161428158
9.169976605786628,8.269295388393443
0.0,0.09284342774860826
8.244071270295786,7.794888890211757
1.3862943611198906,0.735118895782129
2.995732273553991,3.182548298309274
1.0986122886681098,0.9459177583956778
3.6375861597263857,3.5944327382083627
4.574710978503383,4.649855790620467
1.6094379124341005,1.1595344355976163
5.332718793265369,5.021894055652652
5.298317366548036,4.991432151749963
0.6931471805599453,0.69644158540641
2.833213344056216,3.0760103566212287
4.68213122712422,3.983596983688193
0.0,0.2435006526178599
4.6443908991413725,4.3059698837114295
0.6931471805599453,0.5252325455613668
1.3862943611198906,1.2251295207138162
1.6094379124341005,1.3695134042268686
0.0,0.33937426520410446
1.0986122886681098,0.44595518033618803
0.0,0.24286425860290167
0.6931471805599453,0.46132879729115706
6.253828811575473,5.770030759123588
0.6931471805599453,1.5086404636764388
1.6094379124341005,1.269014392825561
0.0,0.4132095001860774
9.169976605786628,8.044642369964157
1.3862943611198906,0.6186029053324227
4.31748811353631,4.465721144884794
0.0,0.36282783790680856
7.3938782901077555,6.825417298999668
3.332204510175204,3.14669625920809
0.0,-0.29366283473421745
0.0,0.7253308756265591
0.0,0.3347976105501782
0.6931471805599453,0.7082476904510998
4.330733340286331,5.376656619388487
1.3862943611198906,0.46109496106576586
4.454347296253507,3.41173826704516
0.0,0.24241800284985812
4.007333185232471,2.974557577888915
0.6931471805599453,0.5341455896440309
4.934473933130692,5.463620232337359
1.0986122886681098,0.4143783024429351
0.0,0.21398748366630407
0.0,0.04024895469008802
0.0,0.04532756224732658
1.9459101490553128,1.4549220366087883
0.0,0.4741757288859593
4.143134726391533,4.369239871003374
0.0,0.463252459145965
4.31748811353631,3.118940712876944
1.791759469228055,1.3217874964176284
5.187385805840755,4.54237423513429
1.6094379124341005,0.9921895727289126
0.0,0.12530655811220334
2.19722457733622,2.813378381392601
5.068904202220232,4.363167612048909
5.247024072160486,5.5389438834125455
0.0,0.2459787824238047
2.079441541679836,2.6771798264362308
1.6094379124341005,1.3964455991007145
0.0,0.3563592721682681
0.0,0.005567347190574701
2.6390573296152584,2.9340594278913654
6.77078942390898,6.606956217718557
0.0,0.1669373275225981
0.0,0.033242791596882315
3.5263605246161616,3.344850193766449
6.100318952020064,8.014496402075343
0.0,0.0341831341516346
0.0,0.01103714043485671
2.302585092994046,3.035232929587434
3.1354942159291497,2.9022667488579357
8.448271745949816,8.621040513123155
3.6375861597263857,3.6638230893411263
0.0,0.04325127601693378
0.0,0.16691856330226312
2.9444389791664403,2.7856261289246222
4.969813299576001,6.252245292120841
0.6931471805599453,1.1924205452000003
0.0,0.821678464307773
0.0,0.09369515067430953
1.0986122886681098,1.1221363770474353
0.0,0.01901531736012033
2.302585092994046,2.787437552592162
1.6094379124341005,1.693369608818147
2.6390573296152584,3.140184148126562
5.468060141135132,5.648740939704726
0.0,0.5661943567565351
3.258096538021482,3.2596518800661736
0.0,0.007645698760557024
2.4849066497880004,2.7814167490627644
2.19722457733622,2.76073341479634
4.990432586778736,4.9410965702490355
7.110696122978827,8.208468713319247
0.6931471805599453,0.968006929623408
3.367295829986474,3.3209875711488444
5.823045895483019,5.821541594360168
3.8918202981106265,4.232860745035236
0.0,0.10902012328084668
4.442651256490317,3.786075641354893
5.3471075307174685,4.576969826471073
1.0986122886681098,0.8863490655568882
3.9889840465642745,4.553815301884956
1.0986122886681098,1.1425624930343676
4.762173934797756,5.966554686144552
1.0986122886681098,0.7785427275730701
3.8501476017100575,3.3755299000384067
1.6094379124341005,0.5701039246868705
7.602401335665818,7.769684124887545
0.6931471805599453,0.47385398175098714
0.6931471805599453,0.0635647920275559
4.248495242049359,4.522284580803663
0.0,0.665250419407237
9.169976605786628,8.793348292429519
6.983789965258135,6.576549554506173
1.791759469228055,1.5200119969976302
3.1354942159291497,3.285839366789623
6.804614520062624,6.418678954337582
4.07753744390572,4.116065015838891
2.3978952727983707,3.2617295546886025
0.0,0.09369515067430953
2.70805020110221,2.7906587016613416
3.871201010907891,3.9177817259257566
0.0,0.3828340046047978
3.688879454113936,3.7387163235139713
0.0,0.36526718821409
0.6931471805599453,0.5337197034137597
0.0,0.45017055215549023
5.231108616854587,5.314054456593892
0.0,0.21203879216213056
0.0,0.2720627235081181
0.0,0.49757613661751887
7.436617265234227,7.500112450500276
0.0,0.15290294368215013
8.575462099540212,5.246297223799189
3.7612001156935615,3.8376668251890727
5.010635294096256,3.1022239108775667
5.056245805348308,5.132063163104482
4.77912349311153,3.846614963800417
3.367295829986474,3.605825562863538
1.3862943611198906,0.20640228437529645
0.0,0.0541366690756938
6.263398262591624,6.882729969945497
0.6931471805599453,-0.04178707885103591
0.0,0.5073118245231366
1.6094379124341005,1.7199555835391476
0.0,0.17380764816175984
0.0,0.09158337366287232
0.6931471805599453,1.1878328497367723
0.0,0.16688878631272988
1.3862943611198906,1.3720218934243311
0.0,0.2877993390137108
1.0986122886681098,1.2529791451935999
4.836281906951478,4.948258163727048
5.993961427306569,5.621400790497637
0.0,0.13935153281057402
6.082218910376446,6.018209477122473
2.772588722239781,2.9135235641726385
0.6931471805599453,0.3424659993580607
0.0,0.010219428049571988
3.713572066704308,3.3141479701329724
2.70805020110221,2.8773927359885834
0.0,0.1637018731579115
2.772588722239781,3.70805093461759
0.0,0.03639427020325601
1.6094379124341005,1.3780740721131661
9.169976605786628,6.266917043516777
4.143134726391533,4.73913391052498
0.0,0.05991761053869928
5.575949103146316,6.281002616054056
2.079441541679836,2.776715648892597
0.0,0.10637518281494975
1.0986122886681098,1.4587162160542317
3.1354942159291497,3.105941559865424
0.0,0.38321095602206684
5.556828061699537,4.4658371514524235
0.6931471805599453,0.9935593081383723
1.0986122886681098,1.1544043437571467
3.1354942159291497,3.077837440084598
3.258096538021482,2.9282324398122013
6.481577129276431,5.862525747031473
1.3862943611198906,0.8584981321922789
0.0,0.08239122287951745
2.079441541679836,2.8416783399449073
0.0,0.7402901961060954
5.673323267171493,4.8870804019042895
0.0,0.021322422062457234
1.0986122886681098,1.1880573235209277
0.6931471805599453,0.27856152809890783
5.560681631015528,5.912396853095935
0.0,0.3563592721682681
4.007333185232471,3.156917626082352
0.6931471805599453,1.1594057953721362
4.343805421853684,4.2708466013522735
1.0986122886681098,0.12158674865693081
1.3862943611198906,0.31290224168703035
0.6931471805599453,0.1409261615903096
0.6931471805599453,0.689797418172916
4.04305126783455,3.7901133313428397
0.0,0.6615735104181464
0.6931471805599453,0.49467484679028084
1.3862943611198906,0.697332722699161
2.302585092994046,2.743965525630727
1.6094379124341005,1.4872351426182822
0.0,0.5118835222500643
4.624972813284271,3.943447276719379
0.6931471805599453,0.46392543529592734
0.0,0.8542589107482325
1.9459101490553128,1.4650032483525781
2.302585092994046,3.176842651512689
4.007333185232471,3.544194022620452
6.257667587882639,6.01343435984093
2.6390573296152584,2.524876910920528
0.0,0.27016156426716215
0.6931471805599453,0.3814112740140114
0.0,0.05485080228946988
0.6931471805599453,0.4344425786081366
7.180069874302796,7.394167598190236
4.30406509320417,4.111009824675981
0.0,0.13554336518620053
6.16541785423142,5.841809880404635
3.258096538021482,3.541081518389695
1.6094379124341005,0.7436457268306349
1.9459101490553128,0.8599375925153483
6.171700597410915,6.516646760316928
1.3862943611198906,1.144783970892364
1.0986122886681098,1.1002075777706586
3.295836866004329,3.351438006274673
0.6931471805599453,0.41228265680731613
0.0,0.22702267351295824
7.116394144093465,6.96568559234534
0.0,0.34686453181152493
0.6931471805599453,0.35730759458647604
3.5263605246161616,3.4228211434477274
1.6094379124341005,1.253238021453714
2.6390573296152584,2.870288250265728
1.6094379124341005,0.8777828210177518
2.079441541679836,2.902830336113251
0.0,0.2783995065260224
1.9459101490553128,0.516756421309091
1.3862943611198906,1.4113451327624718
0.0,0.16705688198577534
1.6094379124341005,1.258478145385501
5.583496308781699,5.482627224646212
5.525452939131784,5.691841864058313
0.6931471805599453,0.7250411182534608
0.6931471805599453,0.5071702139589297
2.3978952727983707,2.533027729812353
1.0986122886681098,0.31503266040373745
6.759255270663693,6.0293468057729145
3.367295829986474,3.3624960207244574
0.6931471805599453,1.187055466377491
0.0,0.35510935054200615
1.3862943611198906,1.644632565794034
5.556828061699537,5.452935707071204
0.0,0.07267863836605869
2.995732273553991,3.03875698694645
5.14166355650266,4.657085819429088
2.772588722239781,2.4883767552213256
0.0,0.6835032753934519
2.302585092994046,2.545093716784598
0.0,0.1813506469390945
0.0,1.1234512805767936
2.70805020110221,2.6296747228072195
0.0,0.0054866445163456725
0.0,0.014422893295426125
1.9459101490553128,0.9138474074529654
1.0986122886681098,1.0246827162980607
3.295836866004329,2.692168781921089
0.0,0.04024895469008802
5.135798437050262,5.551607514838184
2.19722457733622,3.2474760547136015
0.6931471805599453,0.4808107917574884
3.4657359027997265,3.8060773342999705
0.0,0.017029254779906106
0.0,0.3079421401797419
6.602587892189336,5.450312900284373
1.0986122886681098,1.0334076182643421
0.0,0.0123938725004328
0.0,0.37849553859413587
3.044522437723423,3.402555383021081
1.791759469228055,1.4812439844295056
0.0,0.13261530956990394
0.6931471805599453,1.0673202670525181
2.5649493574615367,2.678768798630501
3.8918202981106265,4.093576139653886
1.0986122886681098,0.768940364616672
0.0,1.0108268014052935
3.58351893845611,3.8864014265161533
2.772588722239781,2.8431085943301078
0.0,0.07180621011644425
1.9459101490553128,1.4496788274124666
0.0,0.33457473057769166
1.0986122886681098,0.06143091417052048
4.532599493153256,4.5818888826787925
5.087596335232384,4.288114176414851
6.813444599510896,5.46313186868128
0.6931471805599453,0.6729537433123642
1.3862943611198906,1.2618136047923867
2.079441541679836,2.7636020139837933
0.0,0.5323504172499095
1.3862943611198906,0.7492247026000304
2.4849066497880004,2.6114079294096584
7.045776576879511,7.56418848273075
3.737669618283368,4.054513491003071
0.0,0.5543767582378842
4.3694478524670215,4.937298717736438
5.375278407684165,5.855276344155415
0.0,0.8447433549952046
1.0986122886681098,1.024422322342273
0.0,0.13971709403671873
2.5649493574615367,2.9324744906144056
4.3694478524670215,4.313213887179175
0.6931471805599453,1.5307127960219984
1.0986122886681098,0.7321280445536381
1.0986122886681098,1.221388715991082
1.6094379124341005,1.8135913997675996
1.791759469228055,1.5305497784149655
7.597897950521784,7.267239715365673
0.0,0.38095112334168185
1.3862943611198906,0.5932793991410278
1.0986122886681098,1.238664997184781
3.091042453358316,4.652245534343729
1.9459101490553128,1.4808982589126871
1.6094379124341005,1.2185090969218069
7.906915488678587,8.031683198715955
0.0,-0.07955242368878082
2.302585092994046,2.624380286788341
0.0,0.07673072996786251
2.70805020110221,2.9465625801371633
2.302585092994046,2.961661420879111
3.4657359027997265,2.8585904365706485
4.624972813284271,4.180717552752032
4.007333185232471,3.928107659880298
0.0,0.24241800284985812
3.9889840465642745,4.667904854415229
0.0,0.7961912826568458
3.737669618283368,3.623096419024345
1.0986122886681098,0.802941528402466
0.0,0.41042255490813434
0.0,0.08786082241569283
3.258096538021482,3.278266198190035
2.4849066497880004,2.781922407975039
0.0,0.3563592721682681
2.995732273553991,2.9683820444091693
0.0,0.22218753585732276
1.791759469228055,0.41875782435760406
5.153291594497779,5.117848462357378
8.77770959579525,6.600257694880104
0.0,0.8163841560938006
0.0,0.10214508861573256
0.0,0.45820074759791896
0.0,0.6553216801584456
0.6931471805599453,1.340975242095446
0.6931471805599453,1.2534886594136083
2.9444389791664403,3.135371600949349
0.0,0.08740087099817034
2.079441541679836,2.4938524476871664
2.8903717578961645,3.1461358386401863
0.0,0.4476347202464746
1.9459101490553128,0.44782831757702696
1.0986122886681098,0.32793764335571657
0.0,0.01645114654189614
0.0,0.13837725064130127
1.6094379124341005,0.5421413080228867
2.70805020110221,2.59300396995805
0.0,0.7138486172278807
0.0,0.1546973337432566
4.499809670330265,4.068476004964575
0.6931471805599453,1.1145867047841562
0.0,0.23611696141644078
3.044522437723423,2.615408398323276
1.3862943611198906,0.6498876209616599
0.0,0.597677115656671
4.477336814478207,3.2085854725308116
0.0,0.14956029340620827
9.169976605786628,8.874096875098918
3.218875824868201,2.7125051818204367
1.0986122886681098,1.211211309812959
0.0,0.14890529614145093
3.970291913552122,4.588922135546298
0.6931471805599453,0.9377528565225935
1.6094379124341005,1.1242708352249766
3.332204510175204,2.9004969080536798
5.921578419643816,5.801416418829548
0.0,0.19002838474407024
0.0,0.4216221814471332
1.6094379124341005,1.7479085543519137
0.6931471805599453,0.4584932629368354
1.0986122886681098,1.132475543489554
0.0,0.06388920884628987
0.0,0.8706248374361564
4.276666119016055,4.398674998353666
0.6931471805599453,0.5097790025891228
0.0,0.14451907129395408
3.4339872044851463,3.3818193729190886
6.8966943316227125,7.430531208129029
3.9318256327243257,4.093454071686689
6.333279628139691,6.593775929139445
5.926926025970411,6.391434859996182
2.19722457733622,2.6679097163628778
0.0,0.11556868908887664
3.58351893845611,3.085051179680786
0.0,0.3083277861284864
0.6931471805599453,1.1818546891696946
0.0,0.04108359321599685
0.0,0.060119002057797216
5.733341276897746,6.536472198982691
1.0986122886681098,1.1240019228172096
0.0,0.19270912682009228
0.0,0.5707208588578027
0.0,0.5483422809628584
6.7580945044277305,5.928606255026612
0.6931471805599453,0.4733558369725025
0.0,0.04088369438964174
1.0986122886681098,1.1742222642932836
2.772588722239781,3.342541474382189
0.0,0.693701030908217
5.187385805840755,5.576575536044869
2.5649493574615367,3.1258641955707116
2.302585092994046,2.7190129395956295
2.5649493574615367,2.9696342147141195
0.0,0.3142649572737065
5.081404364984463,4.566014745719355
3.871201010907891,4.254742740643126
1.791759469228055,1.7053703191351324
3.7612001156935615,3.8982762093001284
4.31748811353631,5.2422863810291815
0.6931471805599453,0.3362772125635466
8.32093496888341,7.854847272940298
1.3862943611198906,0.28957230393952
2.302585092994046,3.0769354653870638
0.0,0.4769112551374328
4.30406509320417,3.76086452945806
0.6931471805599453,1.1834045530906216
0.0,0.5092725702963419
0.0,0.24290154150851526
2.9444389791664403,2.869823663560846
3.218875824868201,3.1197745476064838
0.0,0.05433087861100879
1.6094379124341005,0.4073188752227053
0.0,0.35844097688601567
0.6931471805599453,1.5020340023170637
3.951243718581428,4.132673404205808
1.791759469228055,0.9224643579149592
1.6094379124341005,1.3997973875911973
8.126222529458525,7.668556193606651
0.0,0.09940951833365286
1.3862943611198906,1.217949166012169
0.0,0.0505210311294342
5.204006687076795,5.921023978423848
3.828641396489095,3.885610944854071
0.6931471805599453,0.1304284048870458
3.8918202981106265,4.471265891011682
2.833213344056216,3.2271652381214135
1.6094379124341005,0.7324712313047985
1.6094379124341005,1.1951787057677263
1.3862943611198906,0.1081738025718289
7.020190708311925,6.414161707955209
4.709530201312334,4.424620548105479
3.9318256327243257,4.11873613481
7.7501841622578365,7.830183700891356
2.302585092994046,2.7902567945010115
2.772588722239781,3.694517573685588
2.833213344056216,2.6224152156771456
0.6931471805599453,0.2889511059461243
7.425357887027151,6.699058345525685
0.6931471805599453,0.10920584691472503
3.80666248977032,3.333595157038432
1.0986122886681098,1.175340955252365
0.6931471805599453,0.6593915691180835
0.0,0.465224449034423
0.6931471805599453,0.6281716026776484
1.3862943611198906,0.5644639183901464
0.6931471805599453,0.26184053443970784
1.6094379124341005,0.45087604011466276
0.6931471805599453,0.40504926770960303
4.248495242049359,3.2634803934444254
0.0,0.1853709557032937
1.0986122886681098,0.7741753565386461
3.49650756146648,3.611119537901752
1.6094379124341005,0.4525692966573526
2.302585092994046,2.6521611269653604
1.0986122886681098,0.5338232249691972
4.290459441148391,4.420764490579784
0.6931471805599453,1.0512875919901425
1.0986122886681098,1.1336060977853077
4.158883083359672,3.8095823469873813
8.570165076182343,5.398523922771252
7.018401799069201,6.19271866241428
0.0,0.23695942176835705
0.0,0.08492833522867234
2.3978952727983707,2.658863218194954
9.169976605786628,4.439862675718742
1.791759469228055,1.7899055656097713
2.19722457733622,2.5625643730939345
1.6094379124341005,1.4036123946711965
5.968707559985366,5.948854949497311
1.791759469228055,1.5567699007091405
0.0,0.17769819182194338
2.302585092994046,2.952975649564529
1.791759469228055,1.1804067874636401
0.0,0.3920063061113834
3.4011973816621555,3.90258325864998
1.0986122886681098,0.8412791719718227
0.0,0.12188199820826735
0.0,0.457698683543007
2.302585092994046,2.652785713530095
1.6094379124341005,1.5465452164273594
0.0,0.08311421424711858
4.143134726391533,4.3525509306782775
1.6094379124341005,1.6562284541745442
2.079441541679836,2.6680066585001065
3.688879454113936,3.5474334273146058
3.1780538303479458,3.244140752329436
2.8903717578961645,3.3240503896210813
4.962844630259907,5.025624484375222
2.302585092994046,2.7928877721244576
8.449128460502108,7.57504478502892
0.0,0.08606606455989833
1.3862943611198906,1.3356036053830405
3.610917912644224,3.27667346458395
7.407924322559599,6.7732187947012665
0.0,1.0074801549232306
3.332204510175204,3.5757102038187583
0.0,0.26783351291295354
0.6931471805599453,1.1606355920099019
1.3862943611198906,0.5497354820531444
2.302585092994046,2.7993695662567273
7.554334823725748,7.063486567534079
2.4849066497880004,2.582868956820871
1.6094379124341005,1.48655777632554
0.0,0.42639742067013325
0.6931471805599453,0.47864252998550894
8.575650760987806,8.367392477525156
5.700443573390687,5.505615817771983
2.079441541679836,2.9912169703163256
1.3862943611198906,0.24626859370376344
3.367295829986474,3.425343315628699
4.718498871295094,4.554147142698922
7.655864017616056,6.206427650972702
2.833213344056216,3.1845306514830978
0.6931471805599453,1.0215947319314849
0.0,0.37765202283720506
1.6094379124341005,1.5734265985052418
3.091042453358316,3.75331927426222
0.0,0.25353830863758264
1.6094379124341005,1.5201129256146122
1.0986122886681098,1.2126232560170804
0.6931471805599453,0.3745354416129888
0.0,0.034051372718507285
4.07753744390572,4.011312418852491
5.356586274672012,5.860102725428859
5.0369526024136295,5.923732861662857
0.0,0.48216328122671115
0.0,0.2981805434019418
2.833213344056216,2.862592732459834
5.438079308923196,5.987325356165703
0.6931471805599453,0.3713426551081563
5.87493073085203,6.928566163825465
5.762051382780177,5.758918715593834
3.970291913552122,4.18590266608762
2.5649493574615367,2.938663036890501
6.333279628139691,5.98981330786362
0.6931471805599453,0.6382561245768855
0.0,1.3843812533117976
