quantity_sold_ground_truth,quantity_sold_predicted
3.218875824868201,2.9989250383178665
0.0,0.3339411619673528
1.791759469228055,1.3207314739067595
3.4657359027997265,3.634314620792658
0.0,0.3939096274071025
6.156978985585555,5.400770289398878
3.1354942159291497,3.457634629292765
0.0,0.05460182804364885
0.0,0.2957033901392412
3.5263605246161616,3.4407673340908826
0.6931471805599453,1.582802694605458
3.1780538303479458,3.49774896411021
0.6931471805599453,1.2131165973085016
0.0,-0.05227255836811599
3.58351893845611,3.6347553211295747
0.0,0.2578225304898107
7.106606137727303,6.675618636937722
1.6094379124341005,0.3319731779614544
3.7612001156935615,3.4576069880200313
0.0,0.1842149446253922
0.0,0.31955445739408533
2.302585092994046,2.3567207415108147
6.92951677076365,6.8272062807394525
2.5649493574615367,3.1833291165430704
9.169976605786628,8.62600270299751
9.169976605786628,6.8447234348430275
0.0,0.05182401779720125
0.6931471805599453,0.17043820248621303
0.0,0.29362364151710363
0.0,0.8730322141968975
0.0,0.0266164574826112
4.110873864173311,4.0181201756702265
0.6931471805599453,1.050384785602337
0.0,0.15140901258674203
3.332204510175204,3.7871302925086416
2.079441541679836,2.124761413221274
3.9318256327243257,4.313945961968054
2.5649493574615367,3.912934791015797
4.07753744390572,4.524956303235808
0.6931471805599453,0.6002156904537456
0.0,0.237818996909115
0.6931471805599453,0.033242791596882315
1.791759469228055,0.8711153826786961
4.727387818712341,4.139726457125174
7.538494999413465,6.841908896262957
2.6390573296152584,2.308457899657392
1.3862943611198906,0.48124854152361374
1.3862943611198906,0.5235450458762725
0.0,0.6748869795622494
0.0,0.0415671038243109
0.0,0.0123938725004328
6.16541785423142,6.428660480801723
6.8001700683022,7.063810320466702
0.0,0.25670550291899913
9.169976605786628,7.552249990438304
4.394449154672439,4.862263055715923
5.062595033026967,4.791684277710383
0.0,0.40427431696014804
1.3862943611198906,1.032743743330638
2.19722457733622,2.415722320703355
5.7745515455444085,5.018149035963692
1.0986122886681098,1.374900692130378
0.0,0.3251264604053757
0.0,0.41604652409937576
0.0,0.070530872034501
3.4011973816621555,2.863934384338588
7.797291273547472,7.616651531206875
0.0,0.7285603741485552
4.3694478524670215,3.790527419071336
0.0,0.4137367584410643
5.356586274672012,5.481314123074153
5.484796933490655,5.111246166329784
4.882801922586371,4.667762129986647
3.332204510175204,3.320153260770109
1.9459101490553128,1.22875422344052
3.218875824868201,3.390122017045143
0.6931471805599453,0.13162181647455393
0.0,0.07013843087368898
1.9459101490553128,1.1891474483374755
2.302585092994046,2.488215736391919
0.6931471805599453,0.3803647858616055
6.943122422819428,6.765552354570804
5.3230099791384085,6.007084436385263
0.6931471805599453,0.6250863253437993
0.6931471805599453,0.6069426847752318
5.068904202220232,4.819628902612024
5.950642552587727,6.130226740105654
5.327876168789581,4.512198033120297
2.8903717578961645,2.7421680943158195
0.0,0.12232443724693687
1.791759469228055,0.42071747310229946
2.19722457733622,2.114316424709282
9.169976605786628,9.21473104430972
2.9444389791664403,2.8570943362228594
0.0,0.08389565261723196
0.0,1.1749345053422253
4.74493212836325,3.4205515521549437
2.6390573296152584,3.321607937597312
2.833213344056216,3.232541619520794
3.4657359027997265,3.102553614263067
2.3978952727983707,3.460762764432819
1.9459101490553128,0.9052455517611807
3.5263605246161616,3.4373758596813357
2.4849066497880004,2.500873702998972
6.2166061010848646,5.839020702810749
0.0,-0.016149310941567345
3.871201010907891,4.340560656101217
1.3862943611198906,1.0828538304051525
3.912023005428146,4.547225427590599
0.6931471805599453,0.35801704650527244
2.079441541679836,2.8137276630148165
4.3694478524670215,4.516374895598625
0.0,0.03432276560332675
4.74493212836325,4.785555588467778
2.3978952727983707,2.3015699294244127
1.791759469228055,1.2582772470365495
0.6931471805599453,1.1267018780100055
1.6094379124341005,1.0077707248891477
3.555348061489413,3.893382051256051
0.0,0.380524470608168
0.0,0.05125413899858987
6.137727054086234,6.650721811683509
1.3862943611198906,1.4592600815549694
2.5649493574615367,3.600844755504611
2.8903717578961645,3.0912413745662812
0.6931471805599453,0.3939096274071025
0.0,0.026697826898559526
5.075173815233827,5.623194830380073
0.0,0.0854642076109846
0.6931471805599453,1.0892366035062775
2.772588722239781,2.672315617014836
0.6931471805599453,0.41998357119131174
1.6094379124341005,0.42947445009605306
2.8903717578961645,3.55709904249204
0.0,0.2510874485268246
0.0,-0.007063508238548422
1.0986122886681098,0.5149032483050978
3.610917912644224,3.2945302700836314
4.143134726391533,3.709749470872514
0.0,0.13181752798917434
0.0,0.5505449986767176
1.0986122886681098,0.681242249643654
0.0,-0.024448173493939657
4.672828834461906,5.164216292390412
1.791759469228055,1.2383235832810853
4.060443010546419,4.082333016594715
0.6931471805599453,1.4376583226453374
6.173786103901937,4.39453439828192
3.4011973816621555,3.461002390768928
0.0,0.2883912715160958
4.820281565605037,3.9973532989389464
1.0986122886681098,0.9990607124438583
0.0,0.06633782730197624
6.049733455231958,6.4621786298935735
0.0,0.17010605772389958
1.6094379124341005,1.4822910651826484
0.0,0.7436987528239951
0.0,0.07227432820112643
5.0238805208462765,4.9665494912398165
1.791759469228055,1.5204130137713243
0.0,0.5115039943651636
0.6931471805599453,0.447466195601086
3.295836866004329,3.901913252621686
0.0,0.11556805193310837
2.5649493574615367,2.4737958099850985
0.0,0.18985924273423477
0.0,0.43736965410742695
0.0,0.428268258058211
5.771441123130016,6.074997164852753
0.0,0.40408029373109167
1.3862943611198906,1.1731609929766134
3.80666248977032,3.526738114029457
1.6094379124341005,1.2199556725253518
1.0986122886681098,1.2743649507276036
2.3978952727983707,2.456426613502685
3.1354942159291497,3.8273089239705818
0.0,0.032378279625028254
0.6931471805599453,1.101514648745485
0.0,0.02147572833003242
5.278114659230517,5.438487386097995
0.0,0.055688077921233405
1.3862943611198906,0.8927837074006245
0.0,0.4232099814001261
3.555348061489413,2.4055776492130567
1.9459101490553128,1.34837981658366
3.4657359027997265,3.9150156692109377
1.3862943611198906,0.9992465410908753
2.19722457733622,2.1868444456015688
0.0,0.6589699206373205
1.3862943611198906,0.5002719182439158
3.218875824868201,3.5130136792677895
2.19722457733622,2.710531370866791
2.8903717578961645,3.4351604340719555
0.0,0.17089224419940993
2.079441541679836,3.259248943156193
4.7535901911063645,4.42336882471596
0.0,0.09184313287962717
0.0,0.15765237287578934
3.091042453358316,3.0867392332906736
2.772588722239781,3.5056785625689657
4.663439094112067,3.636013810389291
0.0,0.017679641768066842
3.871201010907891,2.8872902684791475
4.962844630259907,5.101867238810692
1.791759469228055,1.567004357949197
2.19722457733622,2.7704332707735904
0.6931471805599453,-0.034056723942398774
4.68213122712422,4.250919599599016
0.6931471805599453,0.292456790908392
3.6635616461296463,3.2476938632908388
2.079441541679836,2.9786287667427525
0.0,0.1043489292145699
1.3862943611198906,1.1339104105260098
0.0,0.23421871344907405
0.0,0.5485634449174347
0.0,0.6851529243614233
3.1354942159291497,4.531969076420467
1.791759469228055,1.6942450694456959
2.079441541679836,2.4194564720129206
5.958424693029782,6.273594155854892
2.302585092994046,1.9587779143008097
5.855071922202427,5.697173508304026
0.0,0.11321783020051514
0.0,0.02595867124412083
0.0,0.3914245398753808
2.772588722239781,2.8470637929765212
1.791759469228055,1.347923849469278
0.0,0.14465378845603966
0.0,0.5422813010525092
1.6094379124341005,1.481804366510968
3.044522437723423,3.3734156656615117
0.0,0.05212924095742045
0.0,0.2229940326028352
3.970291913552122,3.648500028602808
1.9459101490553128,1.5177208619738793
1.791759469228055,1.1430913691554927
0.0,0.03172878730551485
0.6931471805599453,1.107801558948119
2.9444389791664403,2.359207147149446
0.0,0.25523740203530776
3.367295829986474,2.681916239023331
1.3862943611198906,0.6276381501096613
5.739792912179234,6.01968827371809
4.248495242049359,4.248561469446983
1.6094379124341005,1.5019904466474059
5.488937726156687,5.687969516738836
1.6094379124341005,1.5615001351186348
2.833213344056216,3.1481910765810195
7.554334823725748,7.76091435602968
0.0,0.06319524920714403
5.14166355650266,4.801302736264067
4.007333185232471,4.3590308800283815
1.9459101490553128,1.531412881596614
0.0,0.16536797243735815
1.3862943611198906,0.6634599602738774
7.269616749608169,6.790215853275569
1.791759469228055,1.2079513348850637
1.0986122886681098,1.089478382809546
0.6931471805599453,0.8453568789618134
1.0986122886681098,1.1621029193432149
0.0,0.13924557086492928
6.124683390894205,5.88301156990419
2.6390573296152584,2.961184179049515
3.8501476017100575,4.05346444498095
7.422373700986824,7.264599286000734
4.912654885736052,6.2948553500208995
4.7535901911063645,4.335405584733299
0.6931471805599453,0.1474212164220148
0.0,0.2316974037684387
2.5649493574615367,2.9235573796758443
0.0,0.007301763767686309
1.3862943611198906,1.0399433382791259
4.23410650459726,4.172624680865726
3.218875824868201,4.237904634656427
1.3862943611198906,0.5590902971726673
6.115892125483034,6.718367435134099
6.77078942390898,5.084532313905171
1.791759469228055,1.7794769123086775
2.3978952727983707,2.824505688598501
0.0,0.07115903855966768
4.770684624465665,3.6784686669160056
0.0,0.03810909575782149
2.70805020110221,2.6951413940341515
6.035481432524756,6.425713024569859
7.697121317282625,7.322219631323012
4.174387269895637,4.182493155426103
5.389071729816501,5.174773347194439
4.59511985013459,4.087157541975411
9.169976605786628,8.998899304527628
7.307872780763706,7.082305117222963
4.663439094112067,5.442263259816041
6.228511003591184,5.7297996720803885
0.0,0.10828144945296239
0.0,0.5368648826516678
0.0,0.3794287381957254
1.0986122886681098,1.0491259231117842
3.49650756146648,4.325318534961208
4.584967478670572,3.2834243949086166
0.0,0.05549819414884804
0.0,0.052488935072322516
2.5649493574615367,2.5600760647526837
1.3862943611198906,0.71994065761559
0.6931471805599453,0.6937784170861858
5.459585514144159,5.59403387986639
0.0,0.19002838474407024
4.143134726391533,4.492273768891513
2.9444389791664403,2.663437795034267
3.9318256327243257,4.255049692282592
0.0,0.35021103775255125
0.0,0.5705803355306523
1.0986122886681098,0.4916499249208211
3.9889840465642745,3.3972106263916593
7.907651594711089,7.9234204506694494
6.641182169740591,4.834571322966514
1.0986122886681098,0.6414991275167723
3.80666248977032,4.503960635856805
7.748028524432376,8.52558399020711
4.442651256490317,4.892549991480971
2.4849066497880004,3.0962460178132094
0.6931471805599453,0.6108138921265411
0.0,0.05656202334077944
5.916202062607435,5.810446415287544
2.833213344056216,2.6910388979121898
0.0,0.06427160232944212
2.19722457733622,3.1429471496483075
2.70805020110221,3.123848302017663
0.0,0.04019089645675817
2.70805020110221,3.8855283813001456
0.0,0.40657448885148334
4.356708826689592,4.8043423427673995
3.9889840465642745,3.9517758454699417
0.0,0.4087372406202852
1.0986122886681098,0.3355729792216637
4.709530201312334,4.2983704288329925
2.3978952727983707,2.548366501280918
0.0,1.0954836645142123
0.0,0.02154368298298985
0.6931471805599453,0.36728553341528175
0.0,0.3168691521545597
6.171700597410915,6.461298814020045
5.53338948872752,4.2798043976999995
4.812184355372417,3.3748217831205976
0.0,0.08004509081936545
5.068904202220232,5.222788164255303
5.2832037287379885,4.67153264843969
4.110873864173311,3.647347803950509
0.6931471805599453,0.18799299188240645
3.951243718581428,4.50706193354061
5.7745515455444085,6.041239786653517
1.0986122886681098,0.47814656150564194
2.19722457733622,2.20174577091525
0.6931471805599453,0.6183498412849775
4.02535169073515,3.908140075811569
0.0,0.08344429003455253
1.6094379124341005,1.6394378257758728
2.772588722239781,3.4121709360624197
4.382026634673881,4.159337413163007
1.0986122886681098,1.4318086633665061
0.0,0.3631943476866887
0.6931471805599453,0.24172943708210431
0.0,0.2070433958288212
6.20455776256869,4.68153617975994
0.0,-0.15893964953851808
0.6931471805599453,0.39481045701928147
4.330733340286331,4.212929794963291
1.9459101490553128,0.8050008968703228
0.0,0.5083807309634664
2.5649493574615367,3.50022518826557
0.6931471805599453,0.5713088907998474
4.859812404361672,4.636203599197967
3.295836866004329,3.792594201893003
3.1354942159291497,2.590029258667032
2.079441541679836,2.4738187767986095
0.0,0.11635474632105786
1.3862943611198906,0.29472638888669256
2.4849066497880004,2.4980435245746433
3.6375861597263857,2.4128318634052572
0.6931471805599453,0.285840817050938
5.476463551931511,5.381484509231151
4.382026634673881,4.6849385649633435
1.6094379124341005,0.17168064343645834
0.0,0.09921247763149661
2.4849066497880004,2.9963159336600698
1.0986122886681098,0.05756489582094174
0.0,0.038970016000849685
2.19722457733622,3.1063314520016485
2.3978952727983707,3.014548025130906
0.0,0.6042326233161652
2.302585092994046,2.1933324819965403
0.0,0.9599670319547455
2.302585092994046,2.417642315556245
2.6390573296152584,3.173631062114728
5.926926025970411,5.998947172296334
0.0,0.2287485749147109
2.5649493574615367,3.023331458727391
0.6931471805599453,0.8290679589621833
2.5649493574615367,3.022628711311379
0.6931471805599453,1.2296151658121697
0.0,0.03392120224228136
1.3862943611198906,0.612711735093627
2.3978952727983707,3.0567198826731103
7.781973234434385,7.1698456178887495
1.3862943611198906,1.6057871136303017
2.4849066497880004,2.8054095985019147
5.1647859739235145,4.722061585496055
5.272999558563747,5.314476600700893
1.791759469228055,0.6905002879478707
0.0,0.09073596332325577
2.772588722239781,4.084141060114272
1.791759469228055,1.483083536420099
3.258096538021482,4.290828247628553
3.332204510175204,3.6363309375104125
2.772588722239781,2.3062019516486223
0.6931471805599453,0.19437847801354644
3.951243718581428,2.8652688454058683
1.0986122886681098,1.1420948868684935
3.295836866004329,3.8999406829717422
3.6635616461296463,3.3752377445141866
0.0,0.04292778790775822
3.871201010907891,4.632665268469466
0.0,0.3210355112953818
0.0,0.11183727541307427
0.6931471805599453,1.185926688110695
0.0,0.12828287407312772
0.6931471805599453,0.29086678514757314
7.747596838692885,7.675669404482118
1.3862943611198906,1.2359081623283592
1.9459101490553128,0.727909675935347
0.0,0.7012424532706241
1.3862943611198906,1.1220810680828506
2.995732273553991,3.1171588324466195
3.044522437723423,3.4384005973823593
5.056245805348308,5.616428371528604
0.0,0.4076249876211602
5.513428746164983,5.659928428440842
1.3862943611198906,1.6616980875300327
4.700480365792417,4.044546590716932
1.3862943611198906,0.64061712786668
0.0,0.19480508533941807
1.791759469228055,1.5601829255105382
3.610917912644224,3.734844527946695
0.6931471805599453,0.025507804058267185
0.0,0.3687010160601927
2.302585092994046,3.3245901915203033
0.0,0.6341088038398959
4.262679877041316,5.1537533995359235
4.430816798843313,4.561302392341577
5.455321115357702,6.298756500704895
2.70805020110221,3.4716075394871284
0.6931471805599453,0.3874656276937328
0.0,0.5763502878770339
5.1647859739235145,5.292200982609112
0.0,0.5525860099121925
0.0,0.5237129348816136
3.218875824868201,3.4874497478094355
1.9459101490553128,1.5088673518170268
1.0986122886681098,0.6723359232627639
2.4849066497880004,3.1710236727056365
5.613128106388071,6.215524588339335
0.0,0.6515098657426782
0.6931471805599453,0.6576874872015039
0.0,0.13300179754869124
0.0,0.23071638231694522
0.0,0.38010714197059803
0.0,0.06277761796335442
3.091042453358316,3.343856878398311
2.079441541679836,3.1720999669427035
0.0,0.62718885711771
0.0,0.11100311562224643
3.737669618283368,2.9753952791425093
0.0,0.5422837924757484
4.672828834461906,4.41411471639862
3.784189633918261,4.005155485772489
2.833213344056216,2.645361226950884
1.9459101490553128,1.4511907535760449
0.0,0.36882101025778663
4.007333185232471,3.7191693708996905
1.9459101490553128,1.1145746009389244
0.0,0.3824855188579094
0.6931471805599453,1.1748774063771392
1.6094379124341005,1.0010321222004877
1.0986122886681098,1.23289213675562
0.0,0.0749214970021538
0.6931471805599453,1.2629477916417102
2.19722457733622,2.342024492533191
0.6931471805599453,1.3133582140341558
2.3978952727983707,2.8537510368362256
5.0369526024136295,4.9948422289870145
0.0,0.6500174789210221
0.0,0.08020101067660365
0.6931471805599453,0.9816325538342855
1.0986122886681098,0.6824985498180001
0.0,0.17380764816175984
2.302585092994046,2.9190235312578117
2.772588722239781,3.3679930043466304
2.5649493574615367,2.5039658349049994
2.833213344056216,2.3136418145405937
2.4849066497880004,2.4927723717605614
3.4339872044851463,3.165243768855687
3.58351893845611,3.780012602665914
6.1092475827643655,7.002007687614563
5.66988092298052,5.934364571667905
0.0,0.48683549340981697
2.772588722239781,2.046345900053015
0.0,0.17214198087984026
1.9459101490553128,1.67510691995968
1.791759469228055,1.26542419467964
1.0986122886681098,1.0273406802521425
0.0,0.16841684069773497
0.6931471805599453,1.3864898620375061
3.713572066704308,4.243306277253031
0.0,0.5763518728739204
8.439880088313567,8.979780005440062
3.8501476017100575,4.473524371898022
4.07753744390572,4.972207680904751
0.6931471805599453,0.47608918672117606
1.9459101490553128,1.6991053748537541
2.4849066497880004,2.3681593163592174
7.080867896690782,5.125611727631943
5.429345628954441,5.551538135961027
0.0,0.05095487876460788
0.0,0.6354903145335073
0.6931471805599453,0.4141071054577238
0.0,0.16688878631272988
0.0,0.46926731132657384
0.0,0.04570629108320682
6.084499413075172,5.930062433646476
0.6931471805599453,0.5337832636942734
0.0,0.1623203103958414
2.4849066497880004,3.626530049839119
1.0986122886681098,1.40487674602301
0.0,0.04197866543192008
2.70805020110221,3.454740554173929
0.0,0.03011791979296677
7.606387389772652,8.7182331424331
1.791759469228055,1.1404596343332671
0.0,0.033737014320807834
0.0,0.8584923677172593
3.8918202981106265,3.6423730696144263
3.6375861597263857,4.733061130403024
1.3862943611198906,1.3436468939545243
9.169976605786628,6.226830899325403
0.0,0.07797596500178448
0.0,0.11457220492776386
1.6094379124341005,0.9466972608069693
4.663439094112067,5.110110054423935
1.6094379124341005,1.2595447837967628
1.0986122886681098,0.7035287802137976
2.772588722239781,2.934133304154323
0.0,0.04967149645117623
6.077642243349034,6.690883340051625
6.635946555686647,5.932822745786476
0.6931471805599453,0.34320507778670667
2.302585092994046,2.500424751011013
9.169976605786628,6.549254884826963
4.04305126783455,3.887332485899877
0.0,0.09692813093458141
3.713572066704308,2.6290667255054654
2.4849066497880004,3.0640845706582636
2.19722457733622,2.6576382061138557
2.3978952727983707,2.7587278984043158
0.0,0.20230025680851174
0.6931471805599453,0.5588917464657517
2.19722457733622,2.060192579039462
5.123963979403259,4.45635979140739
2.772588722239781,3.0695562823174187
0.0,0.5444051102242057
0.0,0.04449967287059143
0.0,0.7837454936839834
5.501258210544727,5.248300379403905
3.295836866004329,3.2289393964118656
0.0,0.08344429003455253
0.0,0.9353920747828166
0.0,0.21444909022108283
0.0,0.04082486399971333
2.4849066497880004,2.440317268137627
4.430816798843313,4.649495386613149
0.6931471805599453,1.203056265196781
0.0,-0.04116290718446841
0.6931471805599453,0.4195782591758707
2.4849066497880004,3.9335889249879226
2.8903717578961645,3.889714501286148
1.0986122886681098,1.0660329308671885
0.0,0.5367901681184848
6.956545443151569,7.103110420141433
3.7612001156935615,4.60255638746726
1.6094379124341005,0.37060477172801376
3.1354942159291497,3.3121179387416504
6.461468176353717,5.152084995834535
4.23410650459726,4.402426541156668
4.882801922586371,4.798828277977476
0.6931471805599453,0.4770354629894256
2.833213344056216,3.4804247934971073
0.0,0.15476425558663334
6.595780513961311,7.5029028808645
0.0,0.08501438398334454
4.174387269895637,4.234888314071573
0.6931471805599453,0.30042662618337457
2.19722457733622,2.87107382512785
1.791759469228055,1.717810659830722
2.079441541679836,2.773867128832709
1.6094379124341005,1.5371040405697025
3.1354942159291497,3.0222847704771825
0.6931471805599453,1.1483539136561742
0.0,0.047030327847901815
0.0,0.040493976071945215
0.0,0.4478436135172316
1.0986122886681098,0.4233051213698642
6.894670039433482,6.330391488527704
1.3862943611198906,0.8147507631537149
2.8903717578961645,2.9458614091662647
0.0,0.6899804578055898
0.0,0.1436646468390073
5.961005339623274,3.8430907317003236
5.7745515455444085,6.322953717822507
1.6094379124341005,0.30453425880745205
4.248495242049359,3.3540557797893427
8.658692753689937,9.018094276523193
0.0,0.42038479589315514
0.0,0.3734636530128991
1.6094379124341005,1.23057214391135
3.912023005428146,3.6851234714510146
0.0,0.1644441753575558
4.762173934797756,4.936893423027872
0.6931471805599453,0.9943091218692971
0.0,0.1095644898790964
0.0,0.49383309523317803
0.0,0.2111934942809173
5.680172609017068,5.336919780367021
1.0986122886681098,0.551442379993745
0.6931471805599453,0.9710202263982766
0.0,0.1287408264632052
0.0,0.21857574784325343
4.02535169073515,3.6699197737531466
3.737669618283368,3.259683575835763
2.70805020110221,2.9236282736966435
0.6931471805599453,0.08435924609400526
0.0,0.023198143021225272
1.3862943611198906,1.2530437161585777
3.1780538303479458,3.315838413397262
3.4339872044851463,3.198367629843866
1.0986122886681098,0.7867253778657887
0.0,0.45281420976559245
0.0,0.6130128226875051
4.23410650459726,3.9552285991599216
0.0,0.07992225449351094
2.302585092994046,3.6996277165260363
0.6931471805599453,1.1724775093961
0.0,0.28603689434970886
1.791759469228055,1.5276006953465466
0.0,0.2565671836839585
0.0,-0.009540558528977058
0.0,0.3019425355822615
3.8501476017100575,4.595213471462109
4.624972813284271,4.897702518748881
0.6931471805599453,0.31159671622549523
1.791759469228055,1.2241869347525227
3.332204510175204,3.1653161156248264
0.0,0.25670550291899913
4.605170185988092,5.219303339803437
0.6931471805599453,1.3196214884345236
0.0,0.4593004059952371
0.0,0.04464425835145277
5.4510384535657,5.665083119961154
5.703782474656201,5.770837737228328
5.594711379601839,4.731397571361234
0.6931471805599453,0.8796236653434383
0.6931471805599453,1.080283948487515
4.663439094112067,4.825220644122002
0.0,0.03598760099620688
0.0,0.14176673160918088
1.0986122886681098,1.0001227378930997
2.079441541679836,2.5025057449321864
2.6390573296152584,3.9496708932432676
1.0986122886681098,1.1135554103080734
2.833213344056216,3.8653293649952274
5.973809611869261,6.379388647957259
0.0,0.47362710250025153
0.6931471805599453,0.5849211448903467
0.6931471805599453,0.41380359680664597
3.58351893845611,3.0383898046369535
0.6931471805599453,0.00956821405935602
4.174387269895637,4.019971068654933
3.367295829986474,3.2586110944206714
6.729824070489475,5.827755475925366
0.0,0.3074985629033107
0.6931471805599453,1.2244196860640688
4.3694478524670215,3.8543666821769973
3.8501476017100575,3.7123769994051186
1.6094379124341005,0.5127823665767488
0.0,0.5812759633935747
2.9444389791664403,3.565932706145488
0.6931471805599453,0.2403595741964973
2.833213344056216,3.230282158674104
4.204692619390966,4.236729080181803
7.431299675155903,7.084987099888819
0.6931471805599453,1.0636149432206794
2.4849066497880004,2.1877438027288556
7.167809184316444,3.8843728477294586
7.126087273299125,7.80598952757923
6.486160788944089,5.271093997452828
2.833213344056216,2.5624686973123483
0.0,0.40641332064357133
0.6931471805599453,0.18740069912789145
2.772588722239781,3.2778627040671235
3.8501476017100575,3.5532922344997937
1.0986122886681098,0.914783713665978
0.6931471805599453,0.9009006956981133
0.0,0.4041715782692678
2.4849066497880004,4.146265515706064
0.0,0.09375233460771935
0.0,0.3814241020980405
6.413458957167357,4.972432775764877
2.5649493574615367,3.4940330678511144
0.0,0.415962393945455
0.0,0.17453870784755807
5.7430031878094825,6.307660957686481
3.218875824868201,2.532153007245353
0.6931471805599453,1.0899825136510484
3.1354942159291497,4.389220259443301
0.6931471805599453,1.431692028886386
1.3862943611198906,1.5445165361960274
0.0,0.364479938998241
1.9459101490553128,0.8180453521745297
0.0,0.43525429907381774
3.332204510175204,2.77660763316986
1.0986122886681098,0.2031452730539866
7.089243155027514,5.881721755547297
1.0986122886681098,1.133718123528728
3.912023005428146,4.20856228958258
1.3862943611198906,1.4861857087991197
1.0986122886681098,1.089478382809546
0.0,0.11934056070550655
3.6635616461296463,3.00599200273028
4.127134385045092,4.504329316226395
3.49650756146648,2.9824527801224847
2.3978952727983707,2.9308735435421402
8.442685139241176,7.738903958287281
2.6390573296152584,2.334735394582734
0.0,0.094342219375449
3.5263605246161616,3.8939160008474842
0.6931471805599453,0.5928324294462206
6.169610732491456,5.679544151177637
5.198497031265826,4.873023844643461
6.042632833682381,5.788461209218357
1.6094379124341005,1.135926107710302
1.791759469228055,0.7815133715596121
0.0,0.26114128861380287
0.0,0.5556990102406973
2.3978952727983707,2.779375231452753
3.970291913552122,5.019500830888198
4.543294782270004,4.052745761194184
1.0986122886681098,0.6703381049371576
0.0,0.3951252016601018
5.236441962829949,4.128924952124876
3.8918202981106265,4.482930523023933
2.302585092994046,2.866685916496615
3.1780538303479458,3.6966426981811944
4.406719247264253,2.807268248239641
5.262690188904886,5.863490079152677
2.772588722239781,1.9566400694489916
0.6931471805599453,0.17440614365265664
0.0,0.2179747558383196
6.765038976780541,7.4075004166000715
2.70805020110221,2.5232466525779413
2.772588722239781,2.763352134728277
5.3230099791384085,5.014515283550465
0.0,0.1379360620125236
1.3862943611198906,1.2623995321604575
2.995732273553991,3.3801887007427442
0.0,0.7853399758140678
0.0,0.86353937562265
4.060443010546419,4.438498131450397
1.6094379124341005,0.7795715416969531
0.0,0.12296218966093703
1.0986122886681098,1.2270020881638728
0.0,0.007158027031668149
5.627621113690637,6.4053422685516175
1.0986122886681098,1.2405511669980025
4.875197323201151,4.378296265380967
1.3862943611198906,1.3321630295054738
0.0,0.019844242980203295
9.06577692078483,9.2976856450485
2.079441541679836,3.868133002845291
0.0,0.09208274636400943
3.912023005428146,4.224999094438188
1.9459101490553128,1.4047326830517517
0.0,0.08564965269404141
3.4011973816621555,3.4228436460382596
6.536691597591305,6.191186707568608
0.0,0.4686819286503746
5.3612921657094255,4.234778129020257
0.0,0.3542092572064293
0.0,0.44357998658408565
0.0,0.052019840806845755
3.4011973816621555,1.8446734584670827
0.0,0.45833102940525117
0.0,0.46522872077769256
3.688879454113936,4.27600158749383
0.0,0.6171087441343185
5.062595033026967,4.452770050667281
1.3862943611198906,1.1784638142001647
0.6931471805599453,0.493957177578388
0.6931471805599453,1.0137409259617483
2.70805020110221,3.8357115684453476
0.0,0.5196042552926384
5.117993812416755,5.007288708433453
0.0,0.22713837302677284
0.0,0.053010478514600466
7.711101251840158,8.359431385066374
0.0,0.002743386689042973
7.130098510125578,7.733777300665016
0.0,0.2650857290865748
0.0,0.14315372417310382
0.0,0.08797430404562628
3.49650756146648,4.076246211544144
0.6931471805599453,0.9768863550488324
0.0,0.30506201904871444
0.0,0.419231579621943
0.0,0.13613120890619013
2.19722457733622,3.0552189643849292
3.258096538021482,2.9125506266811714
1.0986122886681098,0.36091066931364907
0.0,0.11151055655973183
2.079441541679836,2.5725693427597185
2.833213344056216,3.395150930962339
0.0,0.705029142884171
9.169976605786628,9.246518825638075
7.954723334497908,8.22597591401903
0.0,0.15900964524387742
0.6931471805599453,0.9480202352295809
9.169976605786628,8.99332060533149
0.0,0.019923033464677872
1.3862943611198906,1.4742983485833372
4.219507705176107,4.869049020680152
2.4849066497880004,2.216339341418233
2.8903717578961645,4.107850778067832
1.6094379124341005,0.8067487290163358
2.079441541679836,2.0743152244246423
2.8903717578961645,2.8487441526431807
2.5649493574615367,2.2548304084008093
4.976733742420574,4.856126128453745
3.49650756146648,3.353122655625805
0.6931471805599453,0.3843860361646486
7.186901020411631,6.8831425777445725
5.030437921392435,5.295384824084321
1.791759469228055,1.585539022453066
4.890349128221754,4.29403506372351
0.0,0.9927757126959164
1.3862943611198906,1.307587884538499
3.9889840465642745,4.225785759956083
0.0,0.020681857169370464
7.43543801981455,7.72463132239843
1.3862943611198906,1.1588412585284882
1.6094379124341005,0.41894762991237405
0.0,0.08704691745647673
0.0,0.46178474245382645
0.0,0.8073244692025796
0.0,0.18831611988840816
7.398174092970465,6.799149044821826
5.802118375377063,4.43205749322093
8.866017398810255,8.924438958207393
5.613128106388071,3.3202267284065563
0.0,0.5075218123935618
3.258096538021482,3.419147810436556
0.0,0.27389442725141855
2.995732273553991,3.243543840704527
0.0,0.192003616607063
2.5649493574615367,3.040838529573003
2.4849066497880004,2.487707445392281
0.0,0.05216062298311448
4.219507705176107,3.9393226818116704
4.0943445622221,4.33145392560476
3.332204510175204,3.0319677992068756
0.6931471805599453,1.203990392602772
2.079441541679836,2.042807632246133
0.0,0.8888058941471438
3.367295829986474,3.432783834582154
0.0,0.18857856689751643
0.0,0.7969356946785495
0.0,0.34680440947683855
1.0986122886681098,0.486693581815714
2.70805020110221,3.037572307183037
0.0,0.6546736248037377
1.0986122886681098,0.4313535514375801
1.791759469228055,0.9908452214131985
7.519149957669823,7.274065412098136
2.772588722239781,2.7383034303089655
5.6937321388027,5.7207288048787515
3.1354942159291497,2.9025245098450405
0.0,0.09762904098651708
0.0,0.46054222980100895
2.8903717578961645,3.3768064538703095
1.6094379124341005,0.6246263772410613
9.0320506762956,9.335699373941928
0.0,0.290303591356773
2.302585092994046,2.7909984727771286
2.302585092994046,2.9884296897647245
4.997212273764115,4.216126757678069
1.791759469228055,1.2235820229334562
4.882801922586371,5.18485938357109
0.6931471805599453,0.3865848554489409
2.3978952727983707,2.726694379869479
5.552959584921617,5.2536577534139965
0.6931471805599453,0.1799707749187236
4.867534450455582,3.8638938493053594
1.6094379124341005,1.575854263954346
1.791759469228055,0.43090913910539896
0.0,0.1939667862269776
4.564348191467836,4.4434334093658245
0.0,0.5384603186077174
2.079441541679836,2.9810375726360516
2.3978952727983707,2.8434186547624276
2.3978952727983707,2.6225786298651546
0.0,0.09191141422015724
6.324358962381311,3.755025883364174
0.0,0.3538909896978041
6.39024066706535,6.752319847849453
2.079441541679836,2.0258870529847672
0.0,0.06581118948613635
0.0,0.08824657325718155
0.0,0.11061226320269515
0.0,0.48900641278322127
5.225746673713202,5.677069255774264
0.0,0.14616293892153764
4.060443010546419,3.1147790740858174
1.3862943611198906,0.4630798343460413
0.0,0.02854721633600771
4.442651256490317,4.327373086187632
0.0,0.32776127951626655
4.5217885770490405,5.163224403265897
2.6390573296152584,3.361149422245747
6.194405391104672,6.560278674769358
0.0,0.30233958597437327
0.0,0.3567045576495245
0.0,0.8549043284491119
3.4657359027997265,3.8382512970918135
3.091042453358316,3.1244619110280327
0.0,-0.019793541226041197
1.3862943611198906,1.3634640047905038
5.981414211254481,5.832493417004625
0.0,0.4298699203997079
4.6443908991413725,4.334679040747662
0.0,0.0767292717861627
2.079441541679836,2.789985956528196
2.3978952727983707,2.4099041278886224
0.0,0.07514847634703156
3.044522437723423,3.234555338469449
0.0,0.6916041839305421
3.044522437723423,3.791898725606526
2.302585092994046,2.8149594080017963
1.791759469228055,1.5214520735885904
2.5649493574615367,3.2227052820193234
9.169976605786628,8.189279139336739
3.58351893845611,4.075650748331223
1.3862943611198906,1.2030996524218258
5.780743515792329,5.084922632092899
7.094234845924755,7.322212850716357
3.295836866004329,3.7664076440119483
0.0,0.13163105655069965
5.996452088619021,6.743284781042805
2.302585092994046,2.6320984454799707
4.418840607796598,3.815265781011784
4.543294782270004,4.041545297458694
7.05444965813294,5.678970062574013
0.0,0.5629873666006402
0.0,0.6561057126003461
2.772588722239781,2.851261994494708
0.0,0.14985154131868034
2.19722457733622,2.5307601628402754
2.5649493574615367,3.0241434479928353
2.9444389791664403,3.359401557491136
1.3862943611198906,0.5013230264119377
3.555348061489413,5.019252514062812
2.9444389791664403,2.9864229218604654
0.0,0.3934778176298091
0.6931471805599453,1.615200604719386
1.791759469228055,0.9437086197002162
3.1354942159291497,3.979526944993766
0.0,0.47136923514286433
3.784189633918261,3.326778313361396
0.0,0.5178834248002863
0.0,0.9380517264012488
0.6931471805599453,0.12062114146011116
2.079441541679836,2.492984232722778
1.6094379124341005,0.9700142277755701
1.3862943611198906,1.4047704971902688
3.332204510175204,3.5000347912060006
3.044522437723423,3.5678385724620925
2.4849066497880004,3.490007427806967
4.143134726391533,3.147751054371433
1.791759469228055,1.3749238336067724
2.833213344056216,3.190417912355706
0.6931471805599453,0.45314180586946995
2.079441541679836,2.621551702319759
0.0,0.06702319805838063
4.158883083359672,3.9072586263157456
0.0,0.4142180925557392
2.079441541679836,1.836360642229637
0.0,0.013476626420458312
1.3862943611198906,1.1306334834593936
0.0,0.030361727585725265
0.0,1.1123973056142002
1.6094379124341005,0.6955388207643423
3.8918202981106265,3.323086767692282
0.0,-0.03913700163218635
1.0986122886681098,0.6326574529106923
3.8501476017100575,3.33740760754943
2.302585092994046,2.7954888722943294
1.3862943611198906,0.7022384396011578
4.07753744390572,4.755738153483881
0.6931471805599453,0.9763978336309542
0.0,0.3861270445209417
0.6931471805599453,0.18437472054618478
0.6931471805599453,0.4728839483058471
0.0,0.5521705134740237
0.0,0.6065059014170445
1.3862943611198906,0.7226790842296721
2.079441541679836,2.0716234646211102
5.123963979403259,5.769998465165818
1.6094379124341005,0.8234113287621675
0.0,0.2706548183675419
0.0,0.6910886235600178
1.0986122886681098,0.8838282172069514
4.934473933130692,4.379069144051122
0.6931471805599453,0.5027000373543444
1.3862943611198906,1.5020574473229837
2.9444389791664403,2.5904891914800494
1.3862943611198906,0.23787725707599014
0.0,0.04966243843900367
2.9444389791664403,2.1433668909078083
0.6931471805599453,-0.04305338747671724
2.5649493574615367,3.28544547544545
5.638354669333745,6.418718795972622
1.0986122886681098,0.5843061382644227
0.0,0.22726399556832758
3.6635616461296463,3.9695875835770646
2.8903717578961645,2.8224780598839687
0.6931471805599453,0.2891413433141867
1.6094379124341005,0.6740212465301899
3.80666248977032,3.7617826857078254
5.225746673713202,4.895379317560694
0.6931471805599453,0.5672906020518281
3.258096538021482,3.4196989155497275
0.0,0.20343840938613575
0.0,0.11428349114557379
1.6094379124341005,1.2968103929366979
7.938802248154481,7.655215286672386
0.6931471805599453,0.6692912477242478
5.214935757608986,4.780248755734056
0.0,0.20655247460630582
0.0,0.5118740422309077
0.6931471805599453,0.7969356946785495
2.4849066497880004,2.7719259750634224
2.3978952727983707,2.645678540504152
2.70805020110221,2.7134122050383445
6.180016653652572,5.918978633689899
1.0986122886681098,0.41120453253893147
0.0,0.9511855215005005
0.0,0.5107590010296731
0.0,0.15386131319950289
0.6931471805599453,1.2398976875647763
0.6931471805599453,0.9893949425455209
1.6094379124341005,1.754481036956978
0.0,1.321193435601249
1.3862943611198906,0.38157714583630126
0.0,0.3669302346602237
6.385194398997726,6.9458461204472055
0.0,0.027426899592117575
0.6931471805599453,0.3791460890390604
1.0986122886681098,1.1819310592992063
1.6094379124341005,1.0513285885666943
5.3981627015177525,4.854233682019927
3.9318256327243257,3.8171709467364345
4.983606621708336,5.474249758234617
0.0,0.38639078962828566
3.218875824868201,2.8480579238676693
0.0,0.10886510529476663
0.0,0.043756901480477145
5.075173815233827,5.531748158517104
6.028278520230698,5.489417957435617
3.610917912644224,3.489305320130163
0.0,0.09113370374854163
9.060447282401563,9.035476967316617
1.3862943611198906,1.1873659033420179
1.6094379124341005,0.2548273038991856
3.044522437723423,3.3264936839942147
3.688879454113936,3.2713776969240094
0.0,0.07852452418181886
4.653960350157523,4.923908626476096
6.584791392385716,6.01417037510142
0.0,0.21999390614908781
1.6094379124341005,1.1251954596780382
1.0986122886681098,0.5707363092540432
6.274762021241939,6.2260696820190224
0.0,0.017679641768066842
3.091042453358316,3.6563673714038445
5.365976015021851,4.149133909363436
2.3978952727983707,3.4516081148600284
2.079441541679836,2.09424255540841
3.8918202981106265,3.9077278791304453
1.6094379124341005,0.13343859875922845
0.0,0.21257878683220036
2.70805020110221,2.7568024653776755
4.584967478670572,4.213310687173997
6.508769136971682,6.64429310152963
0.0,0.35647597002477427
0.6931471805599453,1.0003693333618
2.4849066497880004,2.4233859513887497
1.0986122886681098,0.36727206175997135
5.303304908059076,5.409000067563195
0.0,0.5977586772948089
5.241747015059643,4.050337729513397
2.19722457733622,2.5278203492023725
6.030685260261263,5.606043426463986
1.791759469228055,1.5399494910388813
4.663439094112067,3.7679347447000797
1.791759469228055,1.3721213455247798
4.543294782270004,4.3711402515350475
0.0,0.43535456433447467
0.6931471805599453,0.3121219209410681
0.6931471805599453,0.8749494286496491
0.6931471805599453,0.5337197034137597
3.044522437723423,3.1013882510514135
5.0369526024136295,4.234354888473813
0.6931471805599453,0.9694838595817323
4.454347296253507,4.3345151046573696
1.6094379124341005,1.6676570475042467
1.6094379124341005,1.1373346601711247
1.3862943611198906,0.9783715286223571
4.74493212836325,4.46347099363249
4.276666119016055,3.988040990009509
3.332204510175204,3.230370762926791
4.584967478670572,4.214490539648781
1.0986122886681098,1.0111852895093876
0.0,0.08488195455560595
0.0,0.262212759271119
3.044522437723423,2.1207751653888445
2.079441541679836,2.298519246484335
4.890349128221754,4.45122126583401
2.079441541679836,2.4953425396646427
8.289539484624141,8.525876432284564
0.6931471805599453,0.19823385544481442
0.0,0.14186233061376158
0.6931471805599453,0.4559840460237592
0.0,0.23226356395278472
0.0,0.14613417026229714
0.0,0.1419283882669365
0.0,0.23600531220460727
0.6931471805599453,1.0473140404610335
0.6931471805599453,0.6842816253374084
0.0,0.06266887856893742
0.6931471805599453,0.26605664460560663
5.58724865840025,5.124234109359847
3.610917912644224,4.021324417447987
3.828641396489095,4.073410512728333
2.4849066497880004,2.823921748883845
6.184148890937483,5.284443342184155
6.519147287940395,4.37154238407716
6.0112671744041615,5.087182556268621
1.3862943611198906,0.47613501578556067
4.532599493153256,5.505656112462345
3.9889840465642745,3.37669727026166
1.3862943611198906,1.205742028002517
1.791759469228055,0.7794178337409079
1.9459101490553128,1.4236953369223946
0.6931471805599453,0.5351973283786258
2.4849066497880004,3.1924284838387775
2.19722457733622,2.714820008122589
0.0,0.14579976815991913
4.867534450455582,4.346921404448956
0.6931471805599453,0.1125946433660928
0.0,0.15338419807019743
0.0,0.04863391358911076
0.0,0.6137437460369021
0.0,0.9659692546522053
2.8903717578961645,3.5487329968368284
7.301822342137932,7.559149263209063
1.0986122886681098,0.36727206175997135
0.0,0.04192185797934897
0.0,0.8516885112604892
1.9459101490553128,0.6905447095998971
5.2832037287379885,5.487964073950459
0.0,0.10738564963281187
0.0,0.2532270766181258
0.0,0.2540933961293641
4.584967478670572,3.8517763717112445
2.4849066497880004,3.4656802581557145
0.0,0.8685904902311172
0.0,0.24752227533194052
2.8903717578961645,3.2772311976621777
3.8501476017100575,4.409353030805124
0.0,0.4583366218819941
3.9318256327243257,2.170679827828461
0.6931471805599453,0.3031549434574887
1.791759469228055,1.0668148425782649
0.6931471805599453,1.1458806101829377
7.10085190894405,6.749013252162904
0.6931471805599453,0.18888294620547053
0.0,0.2491631066215824
7.553810852008231,7.58857800507554
0.0,0.19002838474407024
2.19722457733622,2.412337464408593
1.6094379124341005,1.0285912183127766
4.997212273764115,4.824430641296841
0.6931471805599453,1.4045514024101935
5.552959584921617,3.5365547446154797
1.6094379124341005,0.4831459824812771
4.836281906951478,4.435500677249206
2.5649493574615367,3.0009811124721857
2.70805020110221,3.211801261961278
4.343805421853684,4.382908346965589
1.791759469228055,1.4986640086166887
0.0,0.07752944405027698
3.367295829986474,2.4710530318215627
1.791759469228055,0.7223356571686977
9.169976605786628,8.52793835274181
1.791759469228055,0.6477180667852168
7.525639975041535,8.225516938630992
8.043984431221553,7.486719722121213
1.3862943611198906,0.6955388207643423
1.0986122886681098,0.6652096222641507
0.0,0.48799338094356015
3.737669618283368,3.273137383608417
2.3978952727983707,2.097372685045113
3.8918202981106265,4.359778541455573
5.513428746164983,3.0311932821263468
0.0,0.3075013576799407
1.3862943611198906,0.9090119199556363
5.976350909297934,5.472204587503423
4.465908118654584,3.451343201243462
3.367295829986474,4.663082607437127
1.9459101490553128,1.7850737411836095
2.079441541679836,2.541104121999173
3.7612001156935615,5.278312918857351
0.0,0.32202316365208083
2.079441541679836,2.5198246503276387
1.6094379124341005,1.4977379460064515
4.356708826689592,3.592577271507424
1.6094379124341005,1.4294262145594643
0.0,0.3886763271442647
4.356708826689592,3.6661876734031025
0.0,0.23700590006824973
8.173575486634153,4.3931373523484964
0.6931471805599453,1.0364116766687161
1.6094379124341005,1.1909198868474435
3.295836866004329,3.297497450376227
1.0986122886681098,1.175313823041195
2.995732273553991,3.1052629598604287
3.044522437723423,2.806148301646293
1.3862943611198906,0.5554451537509063
0.6931471805599453,0.5647820840143536
0.6931471805599453,0.45873723005381745
0.0,0.5937555606343486
5.030437921392435,3.3568451365869314
4.204692619390966,4.21926711166009
0.0,0.5427584593082514
0.0,0.30621512385166694
0.0,0.15549383535518094
3.1354942159291497,3.9984232933211143
3.218875824868201,3.3966679684558962
2.3978952727983707,3.0383889196015694
1.6094379124341005,0.20877147801993712
0.6931471805599453,0.5544638938267783
0.0,0.028638504245427195
1.3862943611198906,1.2152465039696771
0.0,0.2577702565674163
2.995732273553991,3.6962096224110255
0.6931471805599453,1.2244913498218117
0.0,0.2847842417311397
1.3862943611198906,1.6850483169547672
0.0,0.21459211665489106
1.0986122886681098,1.287503466799962
0.0,0.34686453181152493
0.6931471805599453,0.4566551173809048
2.6390573296152584,3.354672778129587
0.0,0.4540590197926533
1.6094379124341005,0.5198148817522275
5.303304908059076,5.219384762744113
3.1780538303479458,3.5891018714535736
4.143134726391533,4.8187700930199755
3.4657359027997265,3.5227885900544536
0.0,0.15171127457667724
2.079441541679836,2.7679290959160516
4.990432586778736,4.169676773528222
0.0,0.3108356720281156
0.0,0.47869257280263444
0.0,0.0015131388926387357
1.3862943611198906,0.8403462340613183
2.079441541679836,1.9021480896555802
2.302585092994046,2.9381273332460025
0.0,0.18564487150471046
1.6094379124341005,1.0860063182545143
0.0,0.2743175336634605
6.902742737158593,2.375686599681885
4.691347882229144,4.093895817621844
2.70805020110221,5.3096979044381545
4.248495242049359,5.320872574922755
1.3862943611198906,0.4753910842139403
5.786897381366708,5.849825509113917
0.0,0.07856855323119641
0.0,0.05999191609327762
3.828641396489095,3.939737334405121
4.852030263919617,4.8155062435671905
1.3862943611198906,1.4766571768276513
1.791759469228055,0.5386044238701211
2.3978952727983707,2.267152024425296
8.15162164696975,7.898406683820007
0.6931471805599453,0.9994944255118264
1.3862943611198906,1.5390672553489257
1.3862943611198906,0.4448087969464097
2.772588722239781,2.8173123690817747
0.0,0.051839959594782534
2.19722457733622,2.5745800468270126
9.169976605786628,8.634448510387962
8.458716261657262,3.9564110432471042
1.3862943611198906,0.4769737695588228
0.0,0.4728108345191758
3.80666248977032,3.305112942857755
5.961005339623274,5.94477902592835
0.0,0.06558955628131909
4.8283137373023015,6.076660553373532
2.833213344056216,2.819346543642664
2.8903717578961645,2.7734487672842896
6.877296071497429,7.188684745095504
0.0,1.033196169802877
0.6931471805599453,1.2249262912334278
0.6931471805599453,1.0266792651166523
0.0,0.5666725126978922
7.886832998955056,8.26105260650099
0.0,0.492222641249686
3.218875824868201,3.2741714211082886
5.049856007249537,4.842133170757973
1.3862943611198906,0.8411903156636631
5.3981627015177525,5.714171116783878
4.07753744390572,4.385196384371748
2.5649493574615367,2.2262793012650106
0.0,0.2793814811116629
4.248495242049359,4.744197244387729
3.295836866004329,4.48822832412858
0.6931471805599453,0.3989445802757522
0.0,0.479916631560787
5.384495062789089,5.941924098214296
6.961296045910167,6.266875188714426
2.5649493574615367,2.68223216730509
2.995732273553991,3.2482430370249276
1.791759469228055,1.5535367230524761
0.0,0.2007329469812567
0.0,0.05164814513959387
9.09952053687094,5.270359766148156
4.912654885736052,4.556443572691825
0.0,0.3993869974241938
0.0,0.4574002085373922
0.0,0.10161293119666302
1.6094379124341005,1.2911801958634823
6.115892125483034,6.147796490184746
3.367295829986474,3.60317856330887
2.302585092994046,2.8932080926679666
2.772588722239781,2.9393167830451654
4.204692619390966,4.392775671426051
4.248495242049359,3.914268547198495
2.6390573296152584,3.017608525750974
2.70805020110221,2.7644240473270365
1.9459101490553128,1.3859014495586188
1.0986122886681098,1.4158054986128443
1.3862943611198906,0.7162090185344603
3.367295829986474,3.515994528410358
0.0,0.07949933265987902
0.6931471805599453,0.7626038534241136
1.791759469228055,1.3553169150461997
0.0,0.5306157616550752
0.0,0.058782704692415186
2.302585092994046,3.46128220331658
4.532599493153256,3.5371650586937293
3.091042453358316,2.8646403707095085
6.159095388491933,4.3276775755935395
2.079441541679836,2.1075860915512963
3.80666248977032,3.45115740675451
1.791759469228055,1.4911890962788976
4.5217885770490405,3.147011472576898
6.907755278982137,7.128418019406466
0.0,0.16225806560084843
2.5649493574615367,3.3213213395215258
0.0,0.20727484439064578
2.5649493574615367,2.4967438320448414
2.8903717578961645,2.8640891032886735
0.6931471805599453,0.875424468035737
1.0986122886681098,1.3693427633858548
1.0986122886681098,0.8529597888650398
1.0986122886681098,0.49345571074338457
1.0986122886681098,0.18497138710719316
2.079441541679836,1.6831266786595447
0.0,0.042388420375998
0.0,0.24229322313685792
4.68213122712422,5.132848510037002
0.0,0.04272879160250753
4.934473933130692,5.060644925429851
0.0,0.3685033042993543
2.4849066497880004,2.6867333446928936
3.4011973816621555,3.1036667758942587
0.0,0.44415139202242854
1.9459101490553128,1.6996728138874704
2.6390573296152584,3.2744554904644
2.5649493574615367,3.220288330738156
1.0986122886681098,0.3006130546128087
0.0,0.36230633909019266
0.6931471805599453,0.5776093114038163
2.4849066497880004,3.1699003577757656
0.0,0.055902687568953266
3.912023005428146,4.516150870959641
0.0,0.5818133853876435
0.0,0.08249555433457641
0.6931471805599453,0.414928338738741
2.3978952727983707,2.738886073056194
4.110873864173311,3.487892486998925
3.044522437723423,2.8720650877245357
2.772588722239781,2.9115241729886145
0.0,0.38196540484980407
0.0,0.42445038902251553
1.791759469228055,1.500553954322315
0.0,0.3827050606207916
7.113956109566034,6.939554782764727
0.6931471805599453,0.47215073494513
0.6931471805599453,0.4493932213659865
0.0,0.7233743589540825
1.3862943611198906,1.226174546370667
7.537430036586509,8.097685646196762
1.0986122886681098,0.635577690035009
0.6931471805599453,0.8837389740915771
5.075173815233827,5.110690442512895
1.0986122886681098,1.364050380853438
3.4011973816621555,2.7366222689479924
2.8903717578961645,2.7139836014315217
1.791759469228055,0.7116328684840258
0.6931471805599453,0.4904772731265477
0.0,0.0601248095203655
5.968707559985366,5.650852174887678
0.0,0.4391843603751002
5.056245805348308,5.412308889672949
0.6931471805599453,1.1941558617169294
2.079441541679836,2.6108561039422256
3.1780538303479458,4.013846842671508
4.04305126783455,4.236540289610054
0.6931471805599453,0.30945579271719587
2.19722457733622,3.247012148873993
1.6094379124341005,0.7037258971773372
0.0,0.0854502364057812
2.079441541679836,2.551662120251387
1.791759469228055,0.8519700390397931
2.3978952727983707,2.605973634342213
4.59511985013459,4.958830527492235
0.0,0.31344305965076225
5.752572638825633,5.112615084114307
5.541263545158426,5.684713343259402
5.407171771460119,5.384662733056182
0.0,0.25670550291899913
2.079441541679836,2.5162272140372517
5.768320995793772,6.258097579942282
1.0986122886681098,0.9540401113023559
0.0,0.3928553929473847
1.791759469228055,1.2960277319007554
6.684611727667927,6.014815644823306
8.57828829077605,8.376038389336294
0.0,0.728651832340659
0.0,0.183337543916491
0.6931471805599453,1.0566463008544518
3.1780538303479458,3.6509789343496473
5.19295685089021,5.253500911443455
0.0,0.40851003661833274
6.192362489474872,6.505281597839307
0.6931471805599453,1.2193035228676985
4.59511985013459,4.861157693537055
3.9318256327243257,3.9014637982238662
2.6390573296152584,3.242695898637037
5.14166355650266,5.344237622007401
6.928537818164665,6.231483884826985
6.198478716492308,5.196864559896009
4.30406509320417,4.884135998867382
0.0,0.5723317325255247
2.302585092994046,2.5752617138403995
4.394449154672439,3.454779940866331
3.6375861597263857,3.3527554761354614
0.6931471805599453,1.2649767992739382
0.0,0.47416459103827485
2.70805020110221,3.135600381671417
4.343805421853684,4.206858626102293
3.1354942159291497,3.0929544504949735
0.0,0.054123549663575604
1.0986122886681098,0.3625089785813491
1.3862943611198906,1.3465498816734929
1.0986122886681098,0.413222091510652
4.700480365792417,4.97291467913893
1.0986122886681098,0.6578517642940445
0.0,0.053114970204266476
4.624972813284271,4.4900916135485485
2.4849066497880004,2.611010317488458
1.3862943611198906,0.7545087496930633
3.367295829986474,3.356626260760438
1.791759469228055,1.50009961647176
0.6931471805599453,0.11133355625029301
2.079441541679836,2.4864622456471976
4.605170185988092,4.453619267888112
0.6931471805599453,0.1536423953360145
1.6094379124341005,0.7681164760978434
0.0,0.21244745115384864
0.0,0.22019233191524507
6.883462586413092,7.866927419699264
2.5649493574615367,2.513139041585811
0.0,0.6164995531752891
1.0986122886681098,1.3765863185107705
1.0986122886681098,0.7740873796426945
4.564348191467836,5.291876232193634
6.455198563340122,6.86826350020133
8.061486866871327,6.868567544839147
0.0,0.45413855791980773
0.0,0.22296931142989715
1.0986122886681098,0.6790918114885485
5.087596335232384,3.309996183214822
0.0,0.3604797753444109
0.6931471805599453,0.46018620974384233
3.9889840465642745,4.150415572243701
1.0986122886681098,0.6571579482267691
0.0,0.26395812775012845
6.9865664594064265,7.583258093917845
4.290459441148391,5.5560801008348575
4.23410650459726,4.0438318331822085
0.0,0.19002838474407024
3.4011973816621555,2.644130932816365
4.07753744390572,3.9875558389537358
3.091042453358316,3.7691798479892173
2.70805020110221,2.922594771464845
0.0,0.2705169509726054
6.699500340161678,7.127220774519593
1.791759469228055,1.6423594465667215
2.302585092994046,2.6278095235385415
5.82600010738045,6.440440388161335
1.3862943611198906,0.6761689419944263
1.9459101490553128,1.6174502993313422
3.80666248977032,3.679408425039256
4.543294782270004,4.4984269831384
6.56244409369372,6.7136755140274404
9.169976605786628,4.182124176811207
2.302585092994046,2.5119600511319455
1.6094379124341005,1.2289989190318389
6.736966958001855,6.036045421558375
0.0,0.04257332942654087
6.9865664594064265,7.039008900731205
2.8903717578961645,2.9202980771300324
2.6390573296152584,3.4811716492912455
1.0986122886681098,0.23806548591005877
2.079441541679836,2.2034588503115344
4.174387269895637,5.586789610840975
3.871201010907891,3.4128703919622367
2.4849066497880004,2.494734411919806
0.0,0.20000837593837711
0.0,1.1566362091062818
3.871201010907891,3.2906833539146536
2.70805020110221,2.423270016292629
0.0,-0.008813178162603014
0.0,0.07007578125831676
0.0,0.18615900118580883
0.0,0.3347074541209681
2.079441541679836,2.6614487848569786
0.0,0.5285508920754589
0.6931471805599453,0.7781539964536747
0.0,0.2648088507651847
0.0,0.17266575539623621
0.0,0.09688076137821702
1.0986122886681098,0.3869484776288407
0.0,0.6421740903325228
0.0,0.15433835565036677
4.02535169073515,3.7799907150512184
1.3862943611198906,1.0943483259894873
0.0,0.8786712656934954
1.3862943611198906,1.5132685280463396
3.58351893845611,3.269560472850985
0.0,0.6094842615394948
0.6931471805599453,0.7448689300590876
2.19722457733622,2.1772367396893393
0.6931471805599453,1.2051708783568955
2.4849066497880004,3.057644690854048
2.302585092994046,2.8207453930777353
5.075173815233827,4.810181552726757
2.3978952727983707,2.274614473176636
0.0,0.5680011232486094
4.882801922586371,4.637795159214132
0.0,0.02516633782538502
4.795790545596741,3.2307412164144065
5.993961427306569,5.960298664662403
5.308267697401205,4.337333881751168
2.5649493574615367,3.284361079525013
4.6443908991413725,4.7372542207984685
4.356708826689592,4.248050021111466
0.6931471805599453,0.1328594075125156
0.0,0.19349127121330068
1.6094379124341005,0.7129898343615456
7.167809184316444,7.782580801184874
0.0,0.2148699426466907
2.833213344056216,3.951225318466243
4.955827057601261,4.622153492239063
0.0,0.10410493844183816
0.0,0.13295932305376568
0.6931471805599453,1.563235209454968
2.079441541679836,2.2043060939216272
4.02535169073515,3.866594192763416
1.6094379124341005,1.28108328606944
0.0,0.010551186555754224
3.258096538021482,3.5735261546998593
0.0,0.6130460443830033
5.755742213586912,4.460223487396169
3.332204510175204,3.2169278823102667
0.6931471805599453,1.2618046980617934
2.4849066497880004,2.8217255578909795
3.688879454113936,2.9716269262674553
1.6094379124341005,1.1913215840793625
1.9459101490553128,1.4408810086867816
1.3862943611198906,1.1597010159354308
1.791759469228055,0.6467402523766549
9.169976605786628,8.656399446127548
2.3978952727983707,2.521150103162338
1.0986122886681098,1.309998609356442
2.772588722239781,3.0717470862344536
4.219507705176107,3.6424395143101442
0.0,0.37058894926622793
1.3862943611198906,1.607612797688772
0.6931471805599453,0.44188135886758906
0.0,0.32868230819269023
1.0986122886681098,0.5374416754034341
2.302585092994046,2.4949210562423985
1.791759469228055,0.7932838100229901
1.0986122886681098,0.6347245730898852
1.0986122886681098,1.2741749530265352
6.077642243349034,5.651898940307547
2.3978952727983707,3.0043451208467626
0.0,0.04408430636387258
0.6931471805599453,0.5346566549868407
0.6931471805599453,0.45613509078754666
4.060443010546419,3.116513897333901
4.543294782270004,4.116545976512144
1.3862943611198906,1.2139462952924611
8.68406264365127,8.695626040723148
1.0986122886681098,0.5078419625153885
0.0,0.1302091066837725
0.6931471805599453,0.6294845821824914
1.0986122886681098,0.890548473172876
7.975908360165538,8.431028254579825
0.0,0.10151897874952463
4.691347882229144,4.608673417489772
9.169976605786628,8.772922544240023
5.855071922202427,6.393368498193794
2.079441541679836,3.3770090674781614
6.98933526597456,6.4587086472128945
0.6931471805599453,0.35467348053869324
2.19722457733622,2.3794367657296434
2.772588722239781,2.4697408768013487
1.0986122886681098,1.2534319480643716
2.6390573296152584,3.1570893867018124
5.117993812416755,5.589002707510138
1.0986122886681098,0.6367638423314871
4.174387269895637,4.907145728964581
5.062595033026967,4.638842408884505
4.356708826689592,4.043970624448217
0.0,0.06546319722223351
0.0,0.3658770671172149
0.0,0.053535992337758576
0.0,0.5848551172809963
3.218875824868201,2.0325619796743064
0.0,0.015036682306118147
2.9444389791664403,5.742646266475917
0.6931471805599453,0.26097449950555207
0.0,0.09458548384080936
0.0,0.210693406297726
1.3862943611198906,1.1444110921349913
0.0,0.0942606548917142
0.0,0.5633605712187475
0.0,0.6033043606767131
6.495265555937008,6.651611817328466
1.3862943611198906,1.1620257535105891
0.0,0.6330150133840522
0.6931471805599453,0.6212580861074618
3.610917912644224,3.3451165464695833
0.0,0.2556196092430292
6.699500340161678,6.367878914188163
0.0,0.8470800881362386
6.511745329644728,6.636444911081207
3.49650756146648,3.385461023957183
5.351858133476067,4.540248549472021
0.0,0.1494844242706199
1.791759469228055,1.4982642379979987
1.3862943611198906,1.4348907251844476
2.079441541679836,3.457661344717315
1.6094379124341005,0.9822171733261452
6.907755278982137,6.696630244115111
0.0,0.018010550730314198
2.3978952727983707,3.2447608732068884
0.6931471805599453,1.2392162853155169
3.8918202981106265,4.015380617463005
3.1354942159291497,4.150271640701689
0.0,0.5662519921393355
1.6094379124341005,0.7849492249805575
3.091042453358316,2.9935072298578618
2.19722457733622,3.5556565640356927
1.0986122886681098,0.6140879401240777
0.0,0.10019071470262854
0.6931471805599453,0.6398970147118181
6.22455842927536,6.811216185225867
4.454347296253507,4.511925959594555
2.6390573296152584,2.3714604429322206
0.0,0.15672251923441075
0.0,0.03238639848776297
1.3862943611198906,0.6530413266264911
0.0,1.186489113842994
0.0,0.08195462593013905
1.0986122886681098,0.4671468855119566
6.269096283706261,6.224184503364137
5.3706380281276624,5.687258259718835
2.19722457733622,2.731392492866686
1.791759469228055,0.4429071327869171
3.912023005428146,2.6866164554165244
3.4657359027997265,3.9006949049290807
8.231642179973411,7.589824954178361
0.0,0.5267535826980618
0.6931471805599453,0.058456025348659305
1.3862943611198906,0.8688591213444401
2.19722457733622,2.4217327997051292
2.4849066497880004,2.775347390476669
6.795705775173514,6.218439680205817
0.0,0.03383785520734492
0.6931471805599453,0.5732196834660582
5.942799375126701,5.452296937110981
0.0,0.4131498302177123
3.871201010907891,4.165386336389114
4.23410650459726,3.7516727550837494
0.6931471805599453,0.5965202496888004
2.3978952727983707,2.5575790664185165
1.0986122886681098,1.4742233235859576
2.302585092994046,3.6045324365505564
0.0,0.011042388495424287
4.219507705176107,3.81652179787309
1.6094379124341005,1.5586783564937225
0.0,0.0645917070280881
1.0986122886681098,0.7457110821755543
2.772588722239781,3.592669888877387
9.169976605786628,8.782185835710319
4.382026634673881,4.834647949132402
3.044522437723423,3.9572018427065956
0.0,0.3935343719220969
2.302585092994046,2.1062912809455034
6.55250788703459,6.968732077738908
0.0,0.314498910866058
4.653960350157523,3.6738917272005898
2.70805020110221,2.26046397444878
0.6931471805599453,0.5309570768769254
3.58351893845611,3.3319712289488566
1.0986122886681098,0.7275799708037226
0.0,0.03251213731747323
5.556828061699537,5.964211517835558
0.0,0.4743293888831182
0.0,0.8976071580673757
2.3978952727983707,2.81655178085508
8.128290171607052,7.640443559973088
3.332204510175204,3.292793313007214
0.0,0.03675908449123747
2.079441541679836,2.7729379787298285
3.5263605246161616,3.306164873767976
3.912023005428146,3.0280224190680833
2.4849066497880004,2.955054383107349
4.875197323201151,4.730105195448683
1.9459101490553128,1.5385988494226568
2.302585092994046,3.2356807502436946
0.6931471805599453,0.6396050473896869
1.6094379124341005,1.5510985044314112
0.0,0.466267016154152
0.6931471805599453,0.27601842172550567
0.6931471805599453,0.48968917219287594
3.58351893845611,3.392070282600402
4.574710978503383,4.652447611963175
3.6375861597263857,4.3966547898772115
4.672828834461906,3.9072332091444726
3.6375861597263857,6.3285470806823465
7.231287004327616,6.878679583808788
0.0,0.11832658420186778
0.6931471805599453,0.30503001393577484
0.6931471805599453,0.5723377592213345
0.0,0.04290594459415238
0.0,0.3655247498773761
5.971261839790462,6.116237524798997
0.0,0.09669965933053351
4.204692619390966,5.1585977545802475
3.044522437723423,2.8551610425408454
0.6931471805599453,0.04237447283947418
0.0,0.12213657274404921
8.018954683155718,8.336350989176772
0.0,0.06270921595566674
4.110873864173311,4.436619995951959
1.791759469228055,1.6907691909773466
4.060443010546419,4.172949512596173
3.9318256327243257,3.9368401691031876
0.0,0.11778533398015639
0.0,0.0426013859256009
0.6931471805599453,0.5225421559534457
0.0,0.23415243842247072
1.6094379124341005,1.3091164964255755
2.302585092994046,2.888376216915284
0.0,0.11429853073175963
4.969813299576001,5.1184463006379755
3.367295829986474,3.8095202000178694
0.0,0.1889122614543121
4.276666119016055,4.58874455397309
7.066466970136958,7.2294064643289175
0.0,0.34884041968038104
3.9889840465642745,3.637827051757184
4.07753744390572,5.794186755820211
4.51085950651685,3.846020102504533
1.0986122886681098,0.49345571074338457
7.247080584585756,7.084600595271662
6.467698726104354,5.249989821757226
6.0473721790462776,5.508536824622466
5.799092654460526,4.440150140509353
0.0,0.36728553341528175
0.6931471805599453,0.49647156841262624
0.0,0.13068261452358998
2.19722457733622,2.6052609823994377
0.6931471805599453,0.4924540144593308
4.770684624465665,4.882385084138831
8.060855752934316,8.34179358755205
7.255591274253665,7.755089419836656
1.0986122886681098,0.5935624404923052
0.0,0.07593204370141116
0.6931471805599453,0.2544183523268209
2.5649493574615367,2.146137452332141
4.736198448394496,4.827532053296999
2.3978952727983707,2.737941990752434
2.302585092994046,2.5734556395741617
2.079441541679836,2.108983776666197
6.586171654854675,6.451221345654215
4.330733340286331,4.719209828986514
0.0,0.24308791450972214
1.3862943611198906,1.5479687685090542
2.6390573296152584,3.113640578117015
0.0,0.28483469337270406
0.0,0.16643288223655747
0.0,0.25187004727194656
6.889591308354466,6.526323024356223
0.0,0.0068575154957080465
6.738152494595957,6.353645630614421
1.0986122886681098,0.5015464345276661
4.477336814478207,5.571432961212226
0.6931471805599453,0.15883932713313023
0.6931471805599453,1.6819333926833442
3.091042453358316,3.3859075971836865
0.0,0.010126196356410096
1.791759469228055,1.3954113417037943
2.772588722239781,2.1794940519040007
0.0,0.39359046452577323
0.6931471805599453,1.4244977697113885
5.68697535633982,4.4153108019306355
2.302585092994046,2.740747096846468
2.302585092994046,2.3341191541859896
0.0,0.10126516394258815
0.0,0.39608244584445335
0.0,0.1288166955987937
3.332204510175204,3.228129303727439
1.0986122886681098,1.2935370611060515
0.0,0.05248874168094957
3.7612001156935615,3.5186299482257684
0.0,0.23945081834419277
0.0,0.28338022249027045
2.3978952727983707,2.0599308909016205
2.772588722239781,3.066748471760519
0.0,0.08357797476461806
3.737669618283368,3.24848681477089
2.4849066497880004,2.8469667864320933
0.0,0.3337176688097634
3.4657359027997265,3.9626198145631446
4.219507705176107,3.2765280654415196
0.6931471805599453,1.0910584313597984
3.80666248977032,3.3250482963618957
1.3862943611198906,1.1938829949038414
2.9444389791664403,3.3998432462510912
3.784189633918261,3.476277930639532
0.0,0.08792702026819069
3.4011973816621555,2.9705212909797085
0.6931471805599453,0.592946565887479
7.651595573857601,7.384463076229573
7.262628600974241,5.475372824918512
5.209486152841421,3.9484718834834838
0.6931471805599453,0.751822048797216
1.9459101490553128,1.448278335395752
1.0986122886681098,1.2423148659970682
5.717027701406222,6.260225797061515
2.8903717578961645,2.659675385241611
0.0,0.09074069333568605
2.079441541679836,1.9654722808986747
3.044522437723423,3.7479374098337512
0.6931471805599453,1.1848518101713836
0.0,0.20411357876446262
0.6931471805599453,0.08249550990752226
1.791759469228055,1.2346532367908465
2.302585092994046,1.8919782409717891
1.0986122886681098,0.7221205004722024
2.8903717578961645,2.618109018170465
8.911934336161426,8.99470134816251
5.41610040220442,4.9440167594241515
0.0,0.4393582425853935
0.6931471805599453,0.47222384849812565
3.091042453358316,2.759530939558969
0.0,0.02529693942846077
0.0,0.1363312700989012
7.027314514039777,6.112151466021332
4.248495242049359,4.286736718456158
1.791759469228055,0.9803178830811841
0.0,0.16003113989224999
2.302585092994046,2.9438989018747344
0.0,0.5513331139918835
0.6931471805599453,1.126352091515496
4.02535169073515,4.078756956915791
2.3978952727983707,2.543482535132962
5.676753802268282,7.4170088873351885
8.700847193443972,4.835075151057993
2.6390573296152584,3.0725636206910183
4.343805421853684,4.548273648275947
0.0,0.32494779964400194
1.0986122886681098,0.7247276273181831
4.68213122712422,4.132062429655453
1.3862943611198906,1.1928679393785702
4.143134726391533,4.003632246306979
6.163314804034641,6.3173982845912775
6.516193076042964,7.3335728986752855
0.0,0.06520437845848732
4.68213122712422,5.323916503235463
0.0,0.4011964056497801
1.6094379124341005,0.6612487732167835
2.772588722239781,2.70978135410955
7.57455848420248,7.757231134089109
0.0,0.04122674571311627
1.0986122886681098,1.0410318286239981
0.6931471805599453,0.8260648046384307
3.688879454113936,2.4703095221973923
0.0,0.3380268333920196
0.0,0.20916546075603631
4.0943445622221,3.798618351026818
2.6390573296152584,2.6917163292097923
0.6931471805599453,1.0206833191804952
4.02535169073515,4.410452426464583
2.6390573296152584,2.61882708792103
7.938088726896952,8.597326784690754
7.480992162869525,7.8220132747197955
4.74493212836325,5.153092071286232
4.844187086458591,4.944516856520074
1.0986122886681098,1.1798472578828043
1.791759469228055,0.9694842500120171
0.0,0.09050521979416974
0.0,0.5497970518786834
2.079441541679836,2.349738491482734
0.6931471805599453,0.6218779374774186
5.43372200355424,5.8812798708321665
0.6931471805599453,0.6662351419530402
0.0,-0.006619583472770955
0.0,0.1868591003679683
0.0,0.15235653735278082
1.3862943611198906,1.1889655412945286
1.0986122886681098,0.23060300285737098
0.6931471805599453,0.6719727874663636
2.4849066497880004,3.4198896165281183
3.610917912644224,3.0547657763659206
3.49650756146648,2.7516137083943484
0.6931471805599453,0.34299014202559375
0.0,0.12749331718666393
1.6094379124341005,1.5212440486864884
4.219507705176107,4.66386612055899
5.834810737062605,4.358043737102926
0.6931471805599453,0.13043105763560395
0.0,0.6976925340727389
5.777652323222656,6.011462411528034
3.332204510175204,3.7514357569145953
0.0,0.08644089628365798
6.878326468291325,6.253363408165876
4.844187086458591,4.067668860457997
1.3862943611198906,0.7505192967593471
1.3862943611198906,1.4327093672040803
0.0,-0.0068767624226624465
4.04305126783455,4.421015585149982
2.079441541679836,5.297347334296551
2.4849066497880004,1.6856806363402086
0.6931471805599453,0.36986002994664596
1.3862943611198906,0.4990967180355628
2.8903717578961645,2.651641534626256
4.23410650459726,4.448903857343017
0.0,0.08465173071216209
0.0,0.14333886277948074
1.3862943611198906,1.200738984188936
9.169976605786628,8.1940166716402
1.9459101490553128,1.0341168563070706
2.9444389791664403,2.1503141866191373
1.3862943611198906,0.5112580187928992
4.574710978503383,4.7715843518823515
3.5263605246161616,4.1154298414772885
0.0,0.10627296957182744
5.560681631015528,5.354872811183699
0.0,0.0762642787601299
2.772588722239781,3.3740567257741603
0.0,0.36528407527850365
0.0,0.35808693367678057
0.0,0.2368207935194921
2.3978952727983707,3.3833382724199788
0.6931471805599453,0.3561522619176866
0.6931471805599453,0.40113482061093786
0.6931471805599453,0.3881642452464643
4.736198448394496,4.427189849009146
3.5263605246161616,3.835200638435767
0.0,0.9926234890320998
2.6390573296152584,2.230247030611136
0.0,0.7176696552047467
0.6931471805599453,0.48595149486405725
4.51085950651685,3.6946036421334343
3.4657359027997265,3.1771040068011365
4.653960350157523,5.426257501509552
4.584967478670572,3.056286643832227
0.0,0.05074688965616733
1.6094379124341005,0.8652193919935253
1.3862943611198906,0.36148712621087675
5.921578419643816,4.938236980024769
4.343805421853684,5.041538730760996
3.1354942159291497,2.3196161959800854
4.574710978503383,4.915852736020247
0.0,1.0115691339550323
0.6931471805599453,0.6917800343322207
2.5649493574615367,2.563733166971873
2.70805020110221,3.1764654766684295
8.696510239189893,8.579951672866152
0.6931471805599453,0.24153554546580358
6.018593214496234,5.758947575751751
0.6931471805599453,1.310411363865918
0.0,0.06671967024171839
2.70805020110221,3.568175151053197
4.762173934797756,4.938983703409668
0.0,0.019923033464677872
0.0,0.4775549007327509
3.091042453358316,2.818299306932352
0.0,0.46135543204059415
2.5649493574615367,2.518764980142615
6.732210706467206,6.332486782029274
0.0,0.27945377100095853
0.6931471805599453,0.24717994714947825
3.80666248977032,3.0045036281934503
3.951243718581428,4.309633132411951
2.5649493574615367,1.9386399346681702
9.169976605786628,7.302466615828225
1.6094379124341005,1.0177461925674243
1.3862943611198906,1.0749375378532073
0.0,0.17877068410432523
0.0,0.33542938622780555
1.791759469228055,1.3756886342562622
7.569927655242652,5.989901952869709
0.0,0.0013087423533300695
0.0,0.08573664883331157
0.0,0.32419317296996086
7.910957382845589,5.917604998095673
2.302585092994046,2.9445650728795565
3.044522437723423,3.255240634621625
4.795790545596741,4.501547280303972
0.0,0.6818710848835613
4.74493212836325,3.9878516237356574
6.285998094508865,6.339554594797823
3.737669618283368,4.063461655769506
0.0,0.62295339070218
0.0,0.19005734915560685
3.091042453358316,3.783903409463568
0.0,0.4733249371613857
0.0,0.04024895469008802
0.6931471805599453,0.32932099481148075
7.53689712956617,7.432205798531611
0.0,0.13788302082631837
0.0,0.2228595059955569
0.0,0.2543757967188798
0.0,0.2402756388705982
2.6390573296152584,2.633718678745171
0.0,0.018651295741308634
6.954638864880987,6.212146683113545
0.0,0.039946433294132506
3.258096538021482,2.959678222446639
0.0,0.33047187518006477
1.3862943611198906,0.9186057260629562
0.0,0.8103088113401641
1.6094379124341005,1.0953348729847232
3.4339872044851463,3.621698486189601
2.302585092994046,2.713549718517804
0.0,0.6540874452439481
2.4849066497880004,2.4848234588715004
5.293304824724492,4.856544442569501
1.0986122886681098,0.40279702318038335
4.465908118654584,5.176471995957996
9.169976605786628,7.920154562311837
1.3862943611198906,1.0597130538563515
1.3862943611198906,1.190968365272168
0.0,0.5613931892307655
2.772588722239781,3.261625997047447
0.0,0.4995688606545521
1.6094379124341005,0.6276819743818641
1.6094379124341005,1.3285513130123656
4.553876891600541,3.1473366880854896
5.472270673671475,5.394374653901993
0.0,0.06668027703454447
0.0,0.047801865982428506
0.0,0.16600295095501222
0.0,0.2751763571688301
3.58351893845611,2.984638795092337
5.7745515455444085,4.27396825576799
0.6931471805599453,0.18789000016483623
5.342334251964811,5.3588359344140795
4.844187086458591,3.707756227872112
0.0,0.11588055362144169
1.0986122886681098,1.366337576942858
1.791759469228055,1.4061162195027512
0.0,0.33881251359090786
0.0,0.3654834646462914
2.9444389791664403,2.88758586986708
2.70805020110221,2.4202928522442955
0.6931471805599453,1.0692970765460543
0.0,0.05772177491963703
0.0,0.6229215054247229
0.0,0.3944706503409569
0.0,0.7066087809281624
0.0,0.6090364546786288
0.6931471805599453,1.0246629688915696
0.0,0.14679922677638851
3.6635616461296463,4.085404738424128
0.0,0.3943189533683598
0.0,0.08220493069488666
6.522092798170152,5.853227968011225
3.1780538303479458,3.3113171027008717
3.951243718581428,3.777211141561343
0.6931471805599453,1.203142719732623
2.3978952727983707,3.0221909962089972
1.6094379124341005,1.3461292927967063
0.0,0.0337529058664183
5.849324779946859,5.03570408633643
3.713572066704308,3.083790662385871
0.0,0.047206949368233726
2.6390573296152584,2.205340005312751
7.452402451223638,7.0675713953050705
0.0,0.22254377445210144
3.258096538021482,3.3442039752282438
1.6094379124341005,1.5074452017381537
5.3612921657094255,4.599520404295804
1.0986122886681098,1.502802952981457
3.332204510175204,3.029676936757213
3.970291913552122,4.581956020122918
1.3862943611198906,0.29223061248998244
0.0,0.6201068843213573
0.0,0.02289904805743087
0.0,0.19586871848024034
0.0,0.16679624822326358
2.70805020110221,3.6541898283891268
2.302585092994046,2.2286210091532572
0.0,0.14962459356204286
4.795790545596741,5.06906566167315
0.0,0.1363312700989012
3.218875824868201,3.55528331839706
0.0,0.2362765527286973
0.0,0.6090883974739537
4.5217885770490405,3.4600635868702847
0.6931471805599453,0.6595893415405177
1.791759469228055,0.8666017393248854
0.0,0.13984777222978031
2.70805020110221,2.8783029412360066
0.0,0.3341819555703061
2.6390573296152584,2.006197773933149
2.302585092994046,2.5562901137107223
3.6635616461296463,2.9284308049360623
7.400620577371135,6.197440461374946
3.49650756146648,3.591124133735435
1.0986122886681098,0.8205511745427283
0.0,1.2520233470306328
0.6931471805599453,1.3738280828484277
4.770684624465665,5.707886271954719
6.586171654854675,6.945413908504131
0.0,0.1379838469064874
8.258422462458876,8.731048633588987
5.049856007249537,4.73118010516799
0.6931471805599453,0.26629083410843574
0.6931471805599453,0.3695951962844621
1.6094379124341005,1.0070777389251258
4.382026634673881,4.549473938322621
3.912023005428146,3.0422906268356
4.204692619390966,4.41326414726036
6.322565239927284,5.955294671914441
2.833213344056216,3.180571728683809
0.0,-0.03249810021216823
3.871201010907891,4.615853981026852
0.0,0.5953305254028293
3.218875824868201,3.387258451319223
2.772588722239781,3.7352170511090814
1.6094379124341005,0.043807161778167375
2.70805020110221,2.526838064418941
4.174387269895637,2.876240600282912
2.70805020110221,3.1503175275292907
3.367295829986474,3.157643096858521
0.6931471805599453,0.4711403594158766
3.713572066704308,3.856532108895056
0.0,0.20200617057427098
5.220355825078324,4.995050891592251
1.0986122886681098,0.28237562199887734
1.6094379124341005,1.2216757931642543
2.079441541679836,2.347796664477422
0.0,0.4917079551987876
0.0,0.3134815129242495
8.108021221376747,7.800991655087207
0.0,0.4266098843708154
7.303843225277705,4.894830705066199
0.0,0.9281137995827189
0.0,0.0013930095717229678
1.0986122886681098,1.5909615104091945
4.219507705176107,3.3685668702428755
0.0,0.22830620986845612
7.126087273299125,7.12801824598839
0.0,0.014422893295426125
9.169976605786628,8.877483388589116
5.501258210544727,5.115490048813201
1.791759469228055,1.3761328141427343
1.0986122886681098,0.3355845067724808
6.9167150203536085,7.0899341922337555
3.610917912644224,3.9753526198369635
3.1780538303479458,3.163281865054909
1.791759469228055,1.4825334240866033
1.0986122886681098,1.5083075276017825
0.6931471805599453,0.4928820078997705
3.912023005428146,4.1801826681868235
0.0,0.4073564745302063
5.799092654460526,6.248183818587512
5.968707559985366,7.181552023264472
0.0,0.04136339137021493
3.713572066704308,3.867767109621866
0.0,0.2792151350294382
3.1354942159291497,2.249552874851533
0.0,0.03407235364947247
3.4657359027997265,3.3722075685695243
0.0,0.1807039615593413
0.0,0.32734286020918285
5.159055299214529,4.37008178756635
3.332204510175204,2.6080019988418393
6.401917196727186,6.414213855615778
4.3694478524670215,4.101504782452674
5.1298987149230735,5.065156241645507
2.9444389791664403,2.8612473950452637
3.713572066704308,4.163115565640712
1.6094379124341005,0.48599721474696833
4.605170185988092,3.809216757383253
4.127134385045092,4.25678145970953
5.955837369464831,6.721044371327245
0.0,0.08644089628365798
2.3978952727983707,3.508472254308795
5.583496308781699,4.169660094193343
0.0,0.09938397165898542
2.9444389791664403,2.7410337903008744
5.891644211825772,4.66371621364626
5.730099782973574,5.924694533806257
0.0,0.07374775893831167
0.0,-0.024448173493939657
6.968850378341948,7.1464852687897835
0.0,0.10227094083667779
0.0,0.25339023364885954
2.079441541679836,3.0857841610968597
1.9459101490553128,0.8967372920328317
1.6094379124341005,0.6175581357848099
0.0,0.15174768259587554
0.0,0.05636238757127191
2.19722457733622,1.9337700215857674
2.4849066497880004,2.579812035320076
8.546169299652755,4.605687714460744
3.4657359027997265,3.991908286791407
4.158883083359672,4.394318261103614
0.0,0.5740533729045355
4.499809670330265,3.8606691156245114
4.418840607796598,3.8973516631449296
0.0,0.5306001932228079
3.5263605246161616,3.7722748986669945
7.047517221357296,7.107037735464748
1.3862943611198906,1.1887910837705662
3.6635616461296463,2.977267823891233
0.0,0.1460354196119373
2.995732273553991,3.8442646398424225
2.3978952727983707,2.991150991298121
0.0,0.16688878631272988
1.3862943611198906,0.31989720728936033
1.0986122886681098,0.7518663539350684
0.6931471805599453,1.019373744799998
6.068425588244111,5.8169624868209135
1.791759469228055,0.7550752525924247
0.0,0.6352041094355014
2.772588722239781,2.784691202279779
5.905361848054571,4.065204776708827
5.41164605185504,5.304521156971623
5.579729825986222,4.87048481158687
4.406719247264253,3.4843821419994705
7.504942068396171,7.956692876631886
0.0,0.1866752771791999
1.3862943611198906,1.4371426163806231
0.0,0.26399007430978755
5.3981627015177525,4.598201958158336
2.772588722239781,3.4926473893884444
3.784189633918261,2.49377343094596
5.541263545158426,6.751489484343047
7.018401799069201,6.91487253102172
0.0,0.2970471289737535
4.060443010546419,3.746221291163584
0.0,0.6701627937350633
3.49650756146648,2.745088054383862
0.0,0.1903464121806975
1.6094379124341005,1.3295178703063366
3.091042453358316,3.3916766623474306
3.218875824868201,2.245843702249291
0.6931471805599453,0.13395094144275357
0.0,0.21528162961917469
2.302585092994046,2.7400740382898237
5.10594547390058,5.4409494411445145
4.31748811353631,5.038072317965362
9.169976605786628,8.19897307239166
0.6931471805599453,0.4824317030289903
0.6931471805599453,0.4000110618409743
0.0,0.1358950269035193
4.532599493153256,4.3482675372063735
0.0,0.06854214487345721
0.0,0.03675908449123747
7.768110378525988,7.833826194326477
0.0,0.6156609692396677
0.0,0.29287988520838293
0.0,0.22830620986845612
2.079441541679836,3.4134434702541805
0.0,0.06333775948153982
0.0,0.2811918424866328
2.079441541679836,2.2077840937738036
0.0,0.02343094283610054
0.0,0.3361428189731779
0.0,0.2625835379839705
0.6931471805599453,1.083273031367977
1.0986122886681098,0.5606978185100274
0.6931471805599453,0.11568949562586378
9.169976605786628,8.295373309819738
0.0,0.1368896390135596
0.0,0.5210402559182925
0.0,0.02076007458554756
0.0,0.307153445462568
0.6931471805599453,0.2632569648699783
0.0,0.10886510529476663
0.0,0.11222420870076451
0.6931471805599453,0.5086056949286899
2.3978952727983707,2.345716272883859
1.3862943611198906,0.1251765799430816
0.0,0.011788157690614138
2.079441541679836,2.922894908941487
4.8283137373023015,4.790005792727061
8.178358165605836,7.262554994353179
3.044522437723423,3.771323771790966
0.0,0.0828658422981983
4.02535169073515,4.0833119554802515
4.343805421853684,4.239657578022375
0.0,0.37482296252683855
6.309918278226516,6.079193185563128
0.6931471805599453,0.09517711592019677
3.091042453358316,3.724488372046644
0.0,0.03128968596132027
2.5649493574615367,2.8166032512904744
3.4657359027997265,3.8749983489757414
0.0,0.037284663469779926
0.0,0.10874974437756103
1.0986122886681098,1.6373172480207678
0.6931471805599453,1.1942624253336893
4.718498871295094,4.886474887412003
2.70805020110221,2.8715962614510504
1.0986122886681098,1.0675302505411042
1.791759469228055,1.2122277372348036
3.80666248977032,3.914512114251306
0.6931471805599453,0.5811707926227753
0.0,0.5835421012501913
0.6931471805599453,1.0050471392451386
2.5649493574615367,2.9463632788173033
0.6931471805599453,1.4921297241190405
1.9459101490553128,0.5648125189986425
0.0,0.007885500887763484
0.6931471805599453,0.13300179754869124
0.0,0.07640393457234416
0.0,0.3317386070511062
2.70805020110221,3.5931162951256517
0.0,0.022751616179889803
6.025865973825314,6.176996251393457
0.0,0.5957044259480431
4.8283137373023015,4.3539726714511575
1.0986122886681098,1.268188055236803
4.465908118654584,4.582119640526369
5.572154032177765,5.847533473064368
3.218875824868201,3.3935962294102433
4.248495242049359,3.577106887299402
3.218875824868201,3.2617498462946988
1.0986122886681098,1.2412755301964675
0.0,0.3951252016601018
0.0,0.19350254506229644
0.0,0.049833140739846175
6.57507584059962,4.515052227353253
3.784189633918261,3.826667801793592
0.0,0.9592356325659187
0.0,0.6561625027241834
0.6931471805599453,0.13138434546278688
3.688879454113936,3.6743741607548195
2.302585092994046,2.3048743027268195
0.6931471805599453,0.11918996762797893
0.0,0.17889176741619195
0.0,0.16799715694913223
4.07753744390572,3.7881268358191904
0.0,0.40816531858948824
2.4849066497880004,2.5250774994520264
4.04305126783455,4.622246742633666
3.332204510175204,3.5500740451277863
3.258096538021482,3.7233326992046
0.0,0.20566485149187158
0.0,0.05150234504205243
0.0,0.3776720917121977
0.0,0.3347074541209681
5.765191102784844,5.286697262251516
6.084499413075172,6.210483582184816
4.795790545596741,4.293398788344294
2.302585092994046,2.2087555760239517
7.305188215393037,7.692174447200406
3.49650756146648,2.756741331790968
0.0,0.08441178395235874
0.0,0.1798795435369039
0.6931471805599453,0.7073903283085702
2.4849066497880004,3.226390344856868
0.0,0.2467851550241484
3.713572066704308,3.539357881319402
5.303304908059076,5.419132640233074
0.0,0.05268192142845269
0.0,0.25493920349683113
1.6094379124341005,1.5491333303201944
3.555348061489413,3.6653140761853162
0.0,0.054611592920863386
6.025865973825314,5.228211128442921
0.0,0.030912437231519405
5.926926025970411,5.702775990238376
1.791759469228055,1.4137549650920636
2.6390573296152584,3.1596615541307846
0.6931471805599453,1.1605675493196246
4.060443010546419,4.461525019962669
5.3706380281276624,5.199907943457925
3.044522437723423,3.3602069897242117
2.19722457733622,4.070972820333294
1.3862943611198906,1.194225627857425
0.6931471805599453,1.0965328978633546
4.727387818712341,4.58355712340129
2.3978952727983707,2.5408912878750516
1.0986122886681098,1.4279421984981577
0.0,0.2651999519283924
0.6931471805599453,0.5289746942342759
0.0,0.4499385708137102
1.0986122886681098,1.2877189338107633
8.458504195067558,7.766057673753329
1.3862943611198906,1.5953082817484365
5.634789603169249,5.804259217572239
0.0,-0.015519957058884783
0.0,0.06909004758910071
1.3862943611198906,0.7394258756138405
2.302585092994046,2.9221734452692054
0.0,0.5311113376364737
2.19722457733622,2.651052043323504
0.0,0.05087696164053868
4.465908118654584,4.554554903552879
0.0,0.6128243879243414
0.0,0.3319731779614544
2.772588722239781,3.0465583091877777
3.8501476017100575,3.861925871441511
2.302585092994046,3.346382783639622
1.6094379124341005,1.4174321013090134
1.3862943611198906,0.4996355619495516
3.044522437723423,2.9936878744660556
1.0986122886681098,0.8196208804725215
1.0986122886681098,0.15563195471810767
0.0,0.14792438705291602
4.0943445622221,4.051296966132948
3.295836866004329,3.229416766561151
1.0986122886681098,0.5883152878946146
1.791759469228055,0.8798551390086083
1.791759469228055,0.41146865541519306
0.0,0.2876709793004199
2.833213344056216,2.875346609025728
4.74493212836325,4.302206567507796
3.6635616461296463,3.3930463285170305
0.0,0.6357601679228568
0.0,0.7220919831663277
4.605170185988092,3.413472918998801
0.0,0.5926930687915474
5.746203190540153,6.305519275614236
0.0,0.01014573230489737
6.946013991099227,7.625922260321454
0.0,0.4654739540462427
0.0,0.05179077447614308
3.367295829986474,2.868432602473327
1.9459101490553128,0.9017468778444192
1.3862943611198906,1.7300868333806547
6.093569770045136,5.814118038470047
8.621733370690162,6.748537791509054
1.791759469228055,1.2251808696832505
0.0,0.032378279625028254
3.4011973816621555,3.4579590208387008
0.6931471805599453,0.29238633959454663
0.6931471805599453,0.2424436679621874
0.6931471805599453,0.18838131332600674
4.23410650459726,4.444632185601637
0.0,0.005776713075969831
0.0,0.20776446323668044
1.0986122886681098,0.6078596326341225
4.709530201312334,3.7758044782899822
0.0,0.3563592721682681
4.564348191467836,4.25178412460186
1.3862943611198906,1.3284730523943453
0.6931471805599453,0.154091327255841
0.6931471805599453,0.3383398498139813
3.8918202981106265,3.8125075813667797
4.343805421853684,3.1723997726140993
1.6094379124341005,1.2174461210076009
0.0,0.08673760281491098
0.0,-0.013719017392872394
0.0,0.2098962668742809
0.0,0.26272551183070575
3.258096538021482,4.028448889634669
0.0,0.06811003482153279
0.0,0.4262893178018732
2.6390573296152584,2.9264612374189416
2.9444389791664403,3.110809110418362
0.0,0.7404761236228343
3.1354942159291497,3.480985680514716
5.497168225293202,5.445817771375637
4.770684624465665,3.876348174193586
0.0,0.01927581175845811
0.6931471805599453,0.5939808334095847
1.6094379124341005,1.2532140550773327
5.849324779946859,5.602190893569757
0.0,0.6402324714819624
6.421622267806518,6.741801850114523
0.0,0.6799456684314815
0.0,0.11249375052881719
1.0986122886681098,0.09784520692640727
0.0,0.18082952055424809
0.0,0.3469339139487469
2.5649493574615367,3.3045772016678407
1.3862943611198906,1.3021831135543884
0.0,0.011091623418259157
0.0,0.041629309916189634
0.0,0.46394596752548767
0.0,0.48050658234160953
8.025516386489008,8.088714034583209
0.0,0.320485439818766
0.6931471805599453,0.5476841712622621
0.0,0.5626448850231889
1.6094379124341005,1.2919314253136254
4.48863636973214,5.885051529301619
3.5263605246161616,4.0816558701033445
0.0,0.16601420237354653
0.0,0.4135679442415014
5.752572638825633,4.456242647216521
3.737669618283368,4.078805073032537
0.0,0.05268192142845269
2.302585092994046,2.8034801540042986
2.772588722239781,2.8684476135332755
4.74493212836325,4.910920115878037
3.610917912644224,3.41968205526905
0.0,0.4927549318718345
5.5909869805108565,6.270952306853744
0.6931471805599453,0.935013696329688
1.0986122886681098,0.14813367322481558
2.5649493574615367,2.7823815447636964
0.0,0.08366798112979182
1.0986122886681098,0.5923215819411652
3.8918202981106265,3.607898591400219
6.895682697747868,8.145488888088043
2.772588722239781,3.7943468539695946
1.6094379124341005,0.7005176826771352
0.0,0.27470087519742986
3.258096538021482,3.3464301971170496
0.0,0.399506195016763
1.3862943611198906,0.5587848615463415
1.3862943611198906,0.6616452193526361
0.6931471805599453,0.7863206698687395
0.0,0.7664536075529349
4.6443908991413725,4.379840482658744
6.827629234502852,7.003131061765666
2.19722457733622,3.180238919531728
4.976733742420574,4.55909900241853
2.079441541679836,3.904746774425651
0.6931471805599453,1.240701118933917
4.574710978503383,5.110382924849015
1.0986122886681098,1.2134949522682528
3.295836866004329,3.342175055637675
0.6931471805599453,0.8671134655534805
4.867534450455582,5.089731204499542
0.0,0.13742666241043372
0.6931471805599453,1.0603753389018968
4.127134385045092,4.4500705079488805
0.0,0.37259082571678953
1.9459101490553128,0.5879088422346181
0.0,0.14357964773187007
4.23410650459726,4.035967344137914
0.0,0.6128243879243414
0.0,0.15645841135237087
0.0,0.17911306307840155
3.49650756146648,2.410000120884785
0.6931471805599453,0.2893990471082869
1.791759469228055,1.7179281102792852
0.0,-0.013233516525407506
0.0,0.5520803644894856
0.6931471805599453,0.2132079842201742
0.6931471805599453,0.7581339174145204
4.262679877041316,4.236049858104908
0.0,0.04355492007169232
7.267525427828172,7.547672462202838
4.30406509320417,4.01325205778805
0.0,0.006738971305222686
2.70805020110221,2.7024180288678683
0.0,0.5994495228064302
0.0,0.33644856014287955
4.07753744390572,4.327671958896809
0.0,0.23317514298158382
0.0,0.03953360765272157
0.6931471805599453,0.525418864110784
0.0,0.09153413498910014
0.0,0.4075177075248219
2.4849066497880004,3.186224317956214
0.0,0.11640864100894395
2.6390573296152584,2.415441087330681
4.836281906951478,5.1176618697920615
3.610917912644224,3.532339624011636
3.091042453358316,2.6672655300345864
9.169976605786628,8.494116050474748
0.6931471805599453,0.283660954739421
3.951243718581428,4.561311105740897
2.6390573296152584,3.6455156744390163
0.0,0.01484870540808742
0.0,0.5732728132918847
3.555348061489413,3.216500215456749
0.0,0.35730759458647604
0.0,-0.04419589315302556
0.0,0.3563592721682681
0.0,0.07482681259321493
2.9444389791664403,2.769595515224841
7.389563953677635,6.851044663274818
0.6931471805599453,1.1554863241553524
4.882801922586371,4.60982665093558
6.269096283706261,5.924922302652932
5.062595033026967,4.903819724813166
2.3978952727983707,2.336648513173676
5.5093883366279774,5.625492312505308
0.0,0.034051372718507285
7.463936604468925,5.259316004245885
3.218875824868201,3.5395583253926377
6.144185634125646,5.81485271657769
6.678342114654332,6.858440695636379
7.704811922932594,7.33314723029236
1.0986122886681098,1.0293994555188029
3.49650756146648,5.486926304514105
0.0,0.29464912582010533
0.0,0.5932981349524187
0.0,0.5782328036398643
0.0,0.5101518335423672
2.70805020110221,3.802156469830504
2.19722457733622,2.052187292222221
1.6094379124341005,1.3738280828484277
5.529429087511423,4.62541554492745
5.891644211825772,6.178417339647713
2.772588722239781,2.3877407840304326
0.0,0.05487631486082719
3.4011973816621555,3.843796676145855
1.9459101490553128,1.5051435867272611
0.0,0.07009448188864358
3.218875824868201,3.2611287786642937
4.8283137373023015,4.56064260156479
0.6931471805599453,0.4015102301905128
0.0,0.20823602323137566
6.118097198041348,6.134685157629095
2.6390573296152584,2.374979177568513
4.875197323201151,4.6546799432698
2.302585092994046,3.6991125024780818
1.791759469228055,1.4256097789840732
5.525452939131784,3.7814746534569106
0.6931471805599453,0.08673760281491098
2.19722457733622,2.3168868775257137
0.0,0.4236302958355782
3.9889840465642745,3.366563706332604
2.995732273553991,2.864013663246002
0.0,0.526796044817226
2.302585092994046,2.881803176524916
0.6931471805599453,1.001034456130801
2.70805020110221,2.90464695137013
1.9459101490553128,1.1640738211429564
0.0,0.15280039263233425
0.0,0.5778034743624224
0.0,0.008476129367527528
0.6931471805599453,0.47079737894803714
0.6931471805599453,0.2964857853110575
2.70805020110221,2.7736324067991625
0.0,0.3004644170427301
0.0,0.009585925105938345
2.772588722239781,4.08561992168968
0.0,0.4534052885626876
0.0,0.3465059654020941
9.169976605786628,5.29500699390451
2.772588722239781,3.4882545748177103
7.076653815443951,7.1925137563261785
0.0,0.0013087423533300695
4.574710978503383,4.850049555773979
2.70805020110221,2.291114652250262
2.5649493574615367,3.1234718041628637
5.298317366548036,5.15705389232025
3.8918202981106265,3.4230931783387604
5.0238805208462765,5.157830771224351
4.574710978503383,3.513781052830236
2.079441541679836,3.012628818541904
3.49650756146648,3.4438990505728357
1.3862943611198906,1.0626526100734788
0.0,0.08932647318463298
0.0,0.5893269900057588
0.0,0.04464425835145277
6.230481447578482,6.35074509928611
9.169976605786628,5.8546332878684755
6.249975242259483,6.837013871700261
0.0,0.03706560426899037
1.3862943611198906,1.1598645413444266
0.0,0.2588325089518096
0.6931471805599453,0.09923941680289657
5.0369526024136295,4.484180020251641
2.19722457733622,2.3571492133859415
2.5649493574615367,3.1130019625165892
0.6931471805599453,0.233330344467814
1.0986122886681098,1.4777532757505167
5.365976015021851,6.22954565099714
0.0,0.3246236530325098
0.6931471805599453,1.1637729560062677
0.6931471805599453,0.38233607565308547
7.2875606403097235,7.9754323306604995
0.6931471805599453,0.2598087078680993
2.4849066497880004,3.2864662278649233
1.6094379124341005,0.6233698979072959
2.19722457733622,2.5719201240790506
2.079441541679836,3.355557174714958
4.532599493153256,4.271789025218574
3.091042453358316,3.2315080545744834
6.311734809152915,6.246043134699702
6.013715156042802,5.460379746308086
2.6390573296152584,4.062460276841209
3.1780538303479458,2.9908171633453
3.4657359027997265,3.823375985355172
5.308267697401205,4.907932487210118
3.8918202981106265,3.9718637419484724
0.0,0.1085204602828131
1.9459101490553128,0.5817376981087502
0.0,0.0891102652475321
6.2166061010848646,6.8228983720233725
2.70805020110221,3.8631579562100176
0.0,0.14444771072791526
0.0,0.01719460789912832
0.0,1.1544894753426924
0.0,0.12066323277760413
3.367295829986474,2.814687410674712
0.0,0.0653346775731816
2.4849066497880004,2.6431492905965204
2.70805020110221,2.7314655999923376
3.091042453358316,4.692060601353143
3.951243718581428,4.137587942817053
2.3978952727983707,2.5046355504151085
0.0,0.47433356676248295
0.0,0.22857559537141559
2.079441541679836,2.38087927246061
4.983606621708336,4.657785728976735
3.367295829986474,3.2047864369244072
6.300785794663244,7.774366419014594
0.6931471805599453,0.3412978796667046
3.6375861597263857,2.4787840806678165
3.044522437723423,3.179390370021959
1.3862943611198906,0.6772218349320257
0.0,0.09364711493495147
6.190315405853148,5.743488667693527
2.19722457733622,3.154776871052004
2.302585092994046,2.6570578170110037
2.302585092994046,2.174055611870645
2.19722457733622,3.066337456061196
5.043425116919247,5.447725231785017
0.0,0.1853709557032937
4.962844630259907,3.85218044627413
0.0,0.003117270709151988
0.6931471805599453,0.26112235648392546
5.697093486505405,5.534417534123943
6.670766320845874,4.808419286609647
0.0,0.37077744238124216
1.6094379124341005,0.9718401727847733
9.169976605786628,6.405199939551154
2.302585092994046,3.460947072799508
2.5649493574615367,2.483568827286484
3.367295829986474,3.322932797303597
1.0986122886681098,0.30111354675929675
0.0,0.8784987751579462
0.0,0.04088369438964174
0.0,0.07525249425154121
0.0,0.11182230620205993
0.0,0.5060102983317243
4.934473933130692,4.732743265960799
0.6931471805599453,0.33524492584133625
0.6931471805599453,0.5890923128974136
0.0,0.0005410663956654043
0.0,0.504062696295668
5.3706380281276624,4.512322699656797
2.079441541679836,3.38340224492924
4.174387269895637,3.3170669512379383
2.302585092994046,2.403358552599693
3.713572066704308,3.9882221604323203
3.218875824868201,3.109072878152225
0.6931471805599453,1.054572708846227
1.3862943611198906,1.3833822421105695
1.0986122886681098,0.4282753231833138
4.948759890378168,4.903860580450606
0.6931471805599453,0.2855501401565063
4.204692619390966,3.65299253513131
7.302496423727326,7.3692739022749585
3.1354942159291497,4.456840488273483
5.209486152841421,6.230835661794104
0.0,1.199266194917521
0.6931471805599453,0.9935643636537599
0.0,0.3031549434574887
0.0,0.16150706058859535
0.0,0.1379838469064874
0.0,0.3110232215610368
1.6094379124341005,1.1418881821598075
1.0986122886681098,0.36076698424766923
0.6931471805599453,0.7076735135373325
2.8903717578961645,2.545590227167689
1.3862943611198906,1.328223523837316
0.0,0.17194634984856166
4.23410650459726,5.218902348782717
0.0,0.5117773672748647
3.4339872044851463,3.238229177694161
2.079441541679836,2.7991052684303614
0.6931471805599453,0.9797256978891663
2.70805020110221,2.7968316819149943
0.0,0.4393404725584369
1.3862943611198906,0.5481651499318863
2.772588722239781,3.1168571351155245
0.6931471805599453,0.3151265213811509
3.555348061489413,3.5085809753766712
5.049856007249537,4.869019774019511
2.6390573296152584,2.8762455913462235
0.0,0.5533691863376694
8.53346016388011,4.478844512672476
1.6094379124341005,1.0467075246511022
3.9318256327243257,4.113018070592436
2.6390573296152584,2.482880106146629
0.0,0.3035432273838812
2.5649493574615367,2.5588522961357802
2.70805020110221,3.089325656469057
1.0986122886681098,0.6429175144376913
2.772588722239781,2.5976542990400207
2.079441541679836,3.2118362145775405
0.0,0.07692270357928793
0.6931471805599453,0.6703347136460935
4.941642422609304,4.27945037442257
0.0,0.03189168384001046
0.6931471805599453,0.4336654391781601
0.6931471805599453,0.6326346085950442
1.0986122886681098,0.18536180381707212
4.477336814478207,4.576354167009174
1.791759469228055,0.32992792708154994
0.0,0.47927432564704037
4.574710978503383,5.34245775781953
3.367295829986474,3.8507281236828113
4.61512051684126,5.203633348933208
3.091042453358316,2.574266460719209
3.6375861597263857,3.9547121420091687
4.691347882229144,4.369830895194402
3.8918202981106265,4.173828323297549
0.6931471805599453,0.6560227819661691
3.295836866004329,3.7985475917912
2.6390573296152584,3.738590052093236
2.5649493574615367,3.4935129397649898
2.833213344056216,2.8530525548872157
0.6931471805599453,0.7863141677066238
5.814130531825066,5.21110664096776
6.532334292222349,6.319878068303795
5.332718793265369,4.3724124782617855
0.0,0.2209897186333748
0.0,0.06511206939374937
0.6931471805599453,0.4384984082505693
0.0,0.3450965039517157
1.6094379124341005,0.707893681153411
0.0,0.11569690287766715
3.80666248977032,3.213181650998094
1.0986122886681098,1.1725459829753748
0.0,0.4240781706725851
0.0,0.4067590524182123
2.3978952727983707,2.6212353172452927
0.0,0.31170699980315186
0.0,0.36728553341528175
3.4339872044851463,3.3052934279032136
2.6390573296152584,3.1840645020773577
0.0,0.031080327254069676
1.3862943611198906,1.171952760889776
0.0,0.2925081439172857
9.169976605786628,4.460883555917538
1.3862943611198906,0.4933558600475
4.406719247264253,4.76881624695511
0.0,0.06277761796335442
2.6390573296152584,2.9787194920312396
0.0,0.06393795262187466
0.0,0.19402092117459344
0.6931471805599453,1.3219566091226038
0.6931471805599453,0.26067681662583375
3.1780538303479458,3.0337335307830413
6.595780513961311,5.78053821133512
2.5649493574615367,3.2984529578964406
2.19722457733622,4.029581916454657
3.4011973816621555,2.6558498719792842
2.079441541679836,2.860730161720307
0.0,0.1502254015472366
3.1354942159291497,2.541614652847758
0.0,0.8573053087439493
5.1647859739235145,5.940107154776449
0.0,0.07470983373963289
1.3862943611198906,0.32694418282593457
0.0,0.30428778735535233
6.1224928095143865,6.181360850145652
4.07753744390572,3.749111863602319
0.6931471805599453,0.2940371097117468
0.0,0.41295119851111534
0.0,0.5552146780062024
6.884486652042782,5.683874828252719
4.04305126783455,4.794587022782571
0.6931471805599453,0.19443476189494546
3.258096538021482,3.979830382209506
4.0943445622221,3.7390028969626403
0.0,0.017354869864003433
2.5649493574615367,2.7145525271355204
4.709530201312334,4.031051226861264
7.934513463882263,8.38161709450496
0.6931471805599453,0.551729514353155
0.0,0.04620016773659799
4.23410650459726,3.842586084514023
2.833213344056216,3.1155017379515297
3.912023005428146,4.187213701306781
3.367295829986474,3.730924025827105
1.9459101490553128,0.1997980065612731
0.0,0.44855762872102767
7.659171367666058,7.528770129138969
3.4011973816621555,3.9269873967616893
0.0,0.4814248954498171
0.6931471805599453,0.28514379380637206
1.3862943611198906,0.44841978511932934
2.079441541679836,3.489586617070933
1.0986122886681098,0.4643340570628376
4.663439094112067,4.50158048007789
0.0,0.3971569638285162
3.8501476017100575,4.202495769752862
3.4657359027997265,3.4081484814839094
0.0,0.11104376635516901
2.5649493574615367,3.1545008340410168
0.0,0.02959843462280115
4.060443010546419,3.7597838958412972
1.0986122886681098,0.5013230264119377
3.4657359027997265,3.6969245433938354
0.0,0.4673259628312205
0.0,0.2565490732611542
0.0,0.13918092414958233
2.19722457733622,2.6486324779028414
2.70805020110221,2.3161618799484556
3.951243718581428,3.3106297985102784
5.438079308923196,4.992161233213665
0.0,0.37874754861539756
3.044522437723423,3.1605835863004934
4.382026634673881,4.051959837179236
0.6931471805599453,1.307115751588757
0.0,0.08027616757502438
4.574710978503383,4.004291895271967
0.0,0.12861736575509283
0.0,0.2785152064379058
0.0,0.07253242713480532
0.0,0.04847094289149922
0.0,0.5776093114038163
5.676753802268282,4.850475463504359
4.0943445622221,3.9240446428680604
3.58351893845611,4.213650150363705
3.367295829986474,2.9258560543873187
0.0,0.4442579914651269
0.6931471805599453,0.355895255608822
0.0,0.22362337016770203
0.0,0.42568867432426954
2.19722457733622,2.332191831838698
0.0,0.10865594576296163
4.143134726391533,4.982636250003983
0.0,0.12088119260865077
3.4011973816621555,3.9119179244286517
0.0,0.2803152968803405
4.23410650459726,4.502348772642516
2.079441541679836,2.5177055148855203
1.9459101490553128,1.5426775790257758
3.367295829986474,3.1457762672214225
0.0,0.11743572106141985
0.0,0.27442925933577755
0.0,0.11151055655973183
0.0,0.2698843155710881
3.258096538021482,2.885072108389912
0.0,0.7045571166837886
0.0,0.025814001518943322
3.1780538303479458,3.2340120716616068
3.5263605246161616,2.9492125808923637
6.79794041297493,6.705221655993967
6.131226489483141,5.417057562938903
9.169976605786628,8.632028093792503
3.49650756146648,3.4141227976873996
4.584967478670572,4.070760258174504
2.079441541679836,2.7537323160118463
0.6931471805599453,0.8376957068071983
0.0,0.12106615071704985
5.298317366548036,6.16197134080124
0.0,0.013335292317381434
2.19722457733622,2.352409488960824
0.6931471805599453,1.0752060419305518
3.7612001156935615,3.6537732089525314
0.0,0.38734591091852927
4.02535169073515,3.7994098288745146
1.0986122886681098,1.0872962095006125
2.5649493574615367,3.0181383417883656
0.0,0.2574894158159065
4.8283137373023015,5.059094048066398
0.0,-0.2583876389708822
0.0,0.02878294807234455
3.970291913552122,4.3441724681541976
0.0,0.5570728579548752
0.0,0.1289179482513754
0.0,0.08710392035657812
2.9444389791664403,2.551293302001431
0.0,0.2861808629265462
1.0986122886681098,0.29963030785393985
0.0,0.4462441828170378
2.833213344056216,2.4526283117362624
8.44741429680832,8.885609165245478
4.990432586778736,5.392822931710306
0.0,0.6742316630302508
3.1780538303479458,3.8608715996508245
3.4339872044851463,3.2813708812500932
0.0,0.6361837745896873
0.0,0.033737014320807834
6.218600119691729,6.111362508717132
2.3978952727983707,2.198368826240514
6.29156913955832,7.340813633208514
3.218875824868201,3.799176717486233
0.0,0.16601539903905377
0.0,0.2539323085104812
0.0,0.2843731967971951
4.543294782270004,5.046873094092363
0.0,0.7833868480736318
1.6094379124341005,0.39716831724277907
1.3862943611198906,0.3251264604053757
8.881558488638976,4.763134725892001
5.262690188904886,5.658738013627962
1.3862943611198906,1.33035548597446
0.0,0.03678944737934048
0.0,0.19402092117459344
0.6931471805599453,0.44949639064379354
0.6931471805599453,1.0555457629257994
0.0,0.05107061951746045
7.906915488678587,7.237369122953272
1.0986122886681098,0.6300956870053829
2.079441541679836,2.7422020299796737
1.6094379124341005,1.6494578267973323
2.3978952727983707,3.0736374423534945
0.6931471805599453,0.4493672689451396
4.110873864173311,3.4131374343775
0.0,0.40504926770960303
0.6931471805599453,0.8418075778862163
5.332718793265369,4.865311947770129
0.0,0.15563195471810767
5.236441962829949,5.039413943140005
3.258096538021482,2.5711627664784786
0.0,0.0803970482237149
3.1354942159291497,3.1425696330160315
6.498282149476434,6.423100930537789
3.912023005428146,4.553706418959689
0.0,0.24575265439397928
6.244166900663736,4.626721809016438
5.560681631015528,5.014893801304391
6.416732282512326,6.4996584461816385
2.772588722239781,2.9353258113941374
0.0,0.5805681609594465
5.41164605185504,5.362433645705524
1.791759469228055,1.1741879927539134
2.079441541679836,2.495259445162093
1.9459101490553128,1.782558005519821
2.19722457733622,2.485062777122822
1.0986122886681098,0.5549652295781774
3.555348061489413,3.3409145228192187
0.0,0.3580341881747541
0.0,0.043882086399195185
3.610917912644224,3.2167603430646303
1.3862943611198906,0.3543087724188089
3.7612001156935615,3.3064143886381303
1.3862943611198906,1.1392590294041127
0.0,0.6481912821934835
4.110873864173311,4.403939513197114
0.6931471805599453,0.7299772294045032
6.102558594613569,5.859320318917271
5.0238805208462765,5.4166416149430905
2.079441541679836,2.19598368151796
1.9459101490553128,1.5509783037290148
0.0,0.0859320792747424
1.6094379124341005,0.2803305736767086
0.0,0.0541366690756938
1.0986122886681098,0.8988263292680619
3.367295829986474,3.194400261458675
0.0,0.11774276728115926
3.58351893845611,3.260781148291544
0.0,0.20458287801843028
0.0,0.21574789768845165
1.0986122886681098,0.4368900276978339
1.9459101490553128,1.6748509192418344
1.0986122886681098,1.4860529410750867
2.079441541679836,2.26688429421383
4.04305126783455,3.860805416285957
0.6931471805599453,0.14685646558681362
1.3862943611198906,0.5852316128307751
1.3862943611198906,0.24428361598595083
0.0,0.11837873599198195
0.0,0.534571979643624
0.0,0.3899255950253544
1.791759469228055,1.0371647771230106
0.0,0.3892213299712511
8.375860015299594,8.226378545835786
1.0986122886681098,0.9227212843849422
0.6931471805599453,0.12942012519758644
0.0,0.7250411182534608
0.0,0.4564970993227645
2.9444389791664403,3.8078496430597073
0.0,0.2639073637228168
0.0,0.15720769785379016
0.0,0.17163693515271147
0.0,0.37084844083795127
1.0986122886681098,1.4316382358638107
2.302585092994046,2.8944472070275697
0.0,-0.004532868404448511
2.772588722239781,2.815249966496806
3.367295829986474,4.107899379408845
0.0,0.20811038960332645
1.3862943611198906,0.8845444937360266
0.0,0.003876490566420355
3.555348061489413,2.7512403642833116
5.655991810819852,4.935917995254934
0.0,0.06893182898569687
0.0,0.25670550291899913
1.0986122886681098,0.14499553836943901
1.3862943611198906,1.290714625594591
6.419994928147142,5.954213688229093
1.3862943611198906,1.1738194182209791
2.4849066497880004,1.9838350058318954
1.3862943611198906,0.3884404086146605
0.0,0.13613120890619013
6.326149473155099,6.091229315937949
1.3862943611198906,0.4758111485618528
0.0,0.1347763891083775
3.044522437723423,2.945122937179692
0.0,-0.051519576854393484
2.772588722239781,3.3697494260919187
2.70805020110221,2.9269183901095888
5.641907070938114,4.778780532632457
1.3862943611198906,0.6832121140676938
0.0,0.10126516394258815
9.169976605786628,8.45463754652645
0.0,0.6145219495568507
2.19722457733622,2.771661121404161
3.1354942159291497,3.1558127088244587
0.0,0.17769819182194338
0.0,0.7573484198715673
4.04305126783455,4.380841022009275
0.0,0.05324187341603291
1.6094379124341005,1.5591889061936168
0.6931471805599453,0.6867292237719553
2.9444389791664403,2.8396638131428134
0.0,0.5663559727200536
0.6931471805599453,0.6621267754663672
0.0,0.4427595815007153
2.70805020110221,3.136514790574968
4.3694478524670215,3.9366904867947334
0.0,0.49153808247509423
3.555348061489413,3.8068446449256093
1.0986122886681098,1.381252280115333
0.6931471805599453,0.7858245059514691
0.6931471805599453,1.120138352423266
1.791759469228055,1.0705549548335473
1.0986122886681098,1.4007392768957454
0.0,0.11135370110967015
3.1780538303479458,3.133419439642993
1.791759469228055,1.0609205080274258
7.042286171939743,6.324186458576111
1.0986122886681098,1.2817254317608244
5.840641657373398,7.742489303742042
4.663439094112067,3.980541263622254
3.555348061489413,4.240246236127079
5.717027701406222,4.619506378515982
5.846438775057725,5.92183891636996
1.6094379124341005,0.7321280445536381
3.8501476017100575,3.9650700247095467
0.0,0.20343840938613575
9.076237387452702,8.072219138308594
0.0,0.4359454422023384
0.0,0.17588765768531842
0.0,0.031246737384700622
1.3862943611198906,0.47722330906995336
3.58351893845611,4.0705960261603185
0.6931471805599453,1.0529350044785046
0.0,0.36713739633310477
5.153291594497779,4.830325291283394
0.0,0.3644314479029006
0.0,0.08446610891166342
1.0986122886681098,0.5139244639015137
1.6094379124341005,1.0839600377811682
0.6931471805599453,0.4928820078997705
6.306275286948016,5.860920996575299
2.70805020110221,2.8851650755803044
4.844187086458591,5.1202210282036145
5.093750200806762,5.129422424712434
1.0986122886681098,0.4958256838247279
1.0986122886681098,1.164405519167472
1.6094379124341005,1.3268481921063404
4.418840607796598,5.29613043974882
7.374001859350161,7.699816264787511
0.0,0.4812888255176405
0.0,0.4008936267401001
0.0,0.14066037904612747
1.0986122886681098,1.21513051849707
0.0,-0.03227177224499718
0.0,0.5253921591438824
7.868636894184167,8.615640626476273
2.6390573296152584,2.6004081353281467
0.0,0.2719206841246051
3.80666248977032,3.8231004855169526
2.3978952727983707,3.5993133083718813
7.518607216815252,8.529763426668454
1.3862943611198906,1.1445166759633458
5.030437921392435,4.0176929025120565
3.1780538303479458,3.705009572408181
2.4849066497880004,3.0515436338472437
0.6931471805599453,0.5569040418202789
0.0,0.5283574338123175
3.737669618283368,3.6372155661134182
3.1780538303479458,1.9404849883820012
2.9444389791664403,3.3449054716779174
4.68213122712422,4.265472993858572
7.888709524182015,6.986413940780104
0.0,0.19757477736280973
0.0,0.4434957689544969
3.4339872044851463,4.819468080154904
3.1780538303479458,4.485020477467554
1.0986122886681098,1.022345780812646
1.6094379124341005,1.5132595477817135
0.6931471805599453,0.8012429572683116
4.574710978503383,4.829920698967669
0.6931471805599453,0.42694538697120704
3.091042453358316,3.3613035207837765
4.23410650459726,3.531655570276715
1.0986122886681098,1.1247516911605404
3.7612001156935615,5.102202384190202
1.0986122886681098,0.41082207471908755
6.190315405853148,6.306451551227087
2.19722457733622,2.215010336690176
0.0,0.2403595741964973
0.0,0.04305053007501372
0.0,0.03705257848413173
7.107425474110705,6.929176435680947
0.0,0.017473775143628165
4.219507705176107,4.483124235395883
2.833213344056216,3.5336405907724626
2.6390573296152584,2.430629843269349
1.3862943611198906,1.4605579143674452
6.0867747269123065,6.122725628737712
1.0986122886681098,1.1847542474354418
0.0,0.46602446987568397
1.0986122886681098,0.7845165815314851
2.5649493574615367,2.9966621123317356
3.218875824868201,3.2700251124718984
7.500529485395295,4.782873780352017
5.575949103146316,5.581809914650359
1.9459101490553128,1.327621102866526
0.0,0.031662124522910694
0.0,0.030876733306210255
0.0,0.009219196822616814
5.666426688112432,4.395391693176613
4.882801922586371,4.001777341505862
4.23410650459726,3.8575124400792666
3.80666248977032,4.25885144916498
2.5649493574615367,2.5926867958815167
5.746203190540153,8.351394743005045
0.6931471805599453,1.1257683229348325
0.0,0.22728258953971328
0.0,0.37511850484602977
7.068172000388042,7.169499928096762
5.003946305945459,4.227347027494342
3.610917912644224,3.8581487035684616
1.6094379124341005,0.6573943853555726
4.394449154672439,3.52645309827776
0.0,0.14086452527585927
3.091042453358316,3.7549938921761363
1.0986122886681098,0.742526365596629
1.0986122886681098,0.4711889101777331
0.6931471805599453,0.8610821395691632
2.19722457733622,2.7354404008684883
0.0,0.4300509039173028
5.0369526024136295,4.101793930988159
3.4657359027997265,3.6564841019322536
0.0,1.2114528054264262
0.0,0.38210244128643395
4.532599493153256,5.036700326878431
4.02535169073515,4.299626895871167
0.0,0.1497365280593509
0.6931471805599453,1.062117995235835
1.0986122886681098,0.2276295091958761
2.3978952727983707,2.570989487334406
0.0,0.22305319579083407
5.948034989180646,5.808402439595701
0.0,0.320485439818766
0.0,0.20514164463059267
0.0,0.47419132127332414
0.0,0.057515997424428554
2.079441541679836,3.2672631613235703
0.6931471805599453,0.7339749761821668
0.0,0.10623226487788835
0.0,0.18470452894995817
0.0,0.22888118308854632
0.0,0.12296218966093703
0.0,-0.016942316912385996
0.6931471805599453,0.26917430979357576
7.408530566894626,7.008928485796739
0.6931471805599453,0.27016156426716215
5.402677381872279,5.157192398306902
4.584967478670572,4.05793245241752
1.9459101490553128,1.0240022695407256
2.3978952727983707,2.892531559344353
0.0,0.1914965023188812
0.0,0.3639023128599258
5.613128106388071,5.923083101334508
7.620214770574455,7.41381285116581
3.6635616461296463,3.597435982648948
0.0,0.3632723849056942
3.044522437723423,2.5925640481057037
6.86484777797086,7.351530108366594
4.276666119016055,3.0518723355999287
2.19722457733622,3.2729084202562344
0.0,0.09016827040427625
2.6390573296152584,2.4333388502056086
1.9459101490553128,1.237770644596553
1.6094379124341005,1.334509299468299
0.0,0.0582143778556784
7.60887062919126,7.5465325958033995
7.004881989712859,4.510266968450268
7.80954132465341,7.085011389929698
2.3978952727983707,2.9027128591262996
4.04305126783455,3.469730403387298
6.023447592961033,6.541254920429901
4.204692619390966,2.638065675520705
1.9459101490553128,1.5602391228967898
0.6931471805599453,0.39494732645806035
0.0,0.6645224020483673
3.6635616461296463,3.8829039281554447
3.295836866004329,2.6516765049052045
3.871201010907891,4.179855924435717
0.0,0.0048255264616750854
1.3862943611198906,0.5413360995885673
0.6931471805599453,1.494157904247202
5.849324779946859,4.784242103373762
0.0,0.22615157866042648
9.013838751608397,7.938308241473482
0.0,0.32776127951626655
0.6931471805599453,0.3786093130297101
2.302585092994046,2.377410824060142
0.6931471805599453,0.7126080843962851
6.90975328164481,6.746938532560127
0.6931471805599453,1.3027769490236711
1.9459101490553128,0.45444672074694387
1.6094379124341005,1.5925974133500145
0.0,0.14407101555094115
3.713572066704308,4.1281521116837325
2.772588722239781,3.181075971649415
6.008813185442595,5.984405177006277
8.855805992536562,8.186587211678813
0.0,0.07760755295311202
1.6094379124341005,1.6195932135582365
4.290459441148391,4.253479305775088
2.079441541679836,3.256183242167727
4.770684624465665,3.9939008444712423
5.1647859739235145,5.820885268912716
0.0,0.5979524460978195
1.6094379124341005,1.5076654161428158
9.169976605786628,8.378235472455607
0.0,0.09284342774860826
8.244071270295786,7.384825599260309
1.3862943611198906,0.735118895782129
2.995732273553991,3.232429280035088
1.0986122886681098,0.9459177583956778
3.6375861597263857,3.520174454808529
4.574710978503383,4.866847110652902
1.6094379124341005,1.1595344355976163
5.332718793265369,4.619267320897375
5.298317366548036,4.83515134581491
0.6931471805599453,0.69644158540641
2.833213344056216,3.226520095620211
4.68213122712422,4.038857773056764
0.0,0.2435006526178599
4.6443908991413725,4.344218958309
0.6931471805599453,0.5252325455613668
1.3862943611198906,1.2251295207138162
1.6094379124341005,1.3695134042268686
0.0,0.33937426520410446
1.0986122886681098,0.44595518033618803
0.0,0.24286425860290167
0.6931471805599453,0.46132879729115706
6.253828811575473,5.939260052267304
0.6931471805599453,1.5086404636764388
1.6094379124341005,1.269014392825561
0.0,0.4132095001860774
9.169976605786628,7.135712206596344
1.3862943611198906,0.6186029053324227
4.31748811353631,4.3928916531980216
0.0,0.36282783790680856
7.3938782901077555,7.789152980607698
3.332204510175204,3.241592578454819
0.0,-0.29366283473421745
0.0,0.7253308756265591
0.0,0.3347976105501782
0.6931471805599453,0.7082476904510998
4.330733340286331,5.793889505446234
1.3862943611198906,0.46109496106576586
4.454347296253507,4.000085146528424
0.0,0.24241800284985812
4.007333185232471,3.2495998950307285
0.6931471805599453,0.5341455896440309
4.934473933130692,5.225201308157715
1.0986122886681098,0.4143783024429351
0.0,0.21398748366630407
0.0,0.04024895469008802
0.0,0.04532756224732658
1.9459101490553128,1.4549220366087883
0.0,0.4741757288859593
4.143134726391533,4.231518224680938
0.0,0.463252459145965
4.31748811353631,3.2215025660252437
1.791759469228055,1.3217874964176284
5.187385805840755,4.328952889734779
1.6094379124341005,0.9921895727289126
0.0,0.12530655811220334
2.19722457733622,2.7431048960998186
5.068904202220232,5.041010957913563
5.247024072160486,5.675068990606708
0.0,0.2459787824238047
2.079441541679836,2.810329145499584
1.6094379124341005,1.3964455991007145
0.0,0.3563592721682681
0.0,0.005567347190574701
2.6390573296152584,2.997980747829705
6.77078942390898,6.996644298707073
0.0,0.1669373275225981
0.0,0.033242791596882315
3.5263605246161616,3.4318348921883013
6.100318952020064,8.62746575842813
0.0,0.0341831341516346
0.0,0.01103714043485671
2.302585092994046,3.2344005180533912
3.1354942159291497,3.080773442329278
8.448271745949816,9.005340996726847
3.6375861597263857,3.67587504628373
0.0,0.04325127601693378
0.0,0.16691856330226312
2.9444389791664403,2.7973350098092773
4.969813299576001,5.569798962271207
0.6931471805599453,1.1924205452000003
0.0,0.821678464307773
0.0,0.09369515067430953
1.0986122886681098,1.1221363770474353
0.0,0.01901531736012033
2.302585092994046,2.8948020221422106
1.6094379124341005,1.693369608818147
2.6390573296152584,2.781760782081955
5.468060141135132,5.787581234614421
0.0,0.5661943567565351
3.258096538021482,3.4329561313165047
0.0,0.007645698760557024
2.4849066497880004,1.9815585513269274
2.19722457733622,3.15651664480657
4.990432586778736,5.124748620208628
7.110696122978827,7.4644751253468
0.6931471805599453,0.968006929623408
3.367295829986474,3.484122273110922
5.823045895483019,6.047345506648822
3.8918202981106265,4.413895257278375
0.0,0.10902012328084668
4.442651256490317,3.686725499809307
5.3471075307174685,4.432770989085412
1.0986122886681098,0.8863490655568882
3.9889840465642745,4.499430825139094
1.0986122886681098,1.1425624930343676
4.762173934797756,5.961672053417526
1.0986122886681098,0.7785427275730701
3.8501476017100575,3.088433108962392
1.6094379124341005,0.5701039246868705
7.602401335665818,8.125588045099722
0.6931471805599453,0.47385398175098714
0.6931471805599453,0.0635647920275559
4.248495242049359,4.499582192330649
0.0,0.665250419407237
9.169976605786628,8.48600976624203
6.983789965258135,6.497613549859624
1.791759469228055,1.5200119969976302
3.1354942159291497,3.3783992157823124
6.804614520062624,6.9509847097136195
4.07753744390572,4.089910181605867
2.3978952727983707,3.294881252950643
0.0,0.09369515067430953
2.70805020110221,2.6477035487211964
3.871201010907891,4.138456436463717
0.0,0.3828340046047978
3.688879454113936,3.1753592694339345
0.0,0.36526718821409
0.6931471805599453,0.5337197034137597
0.0,0.45017055215549023
5.231108616854587,5.3257829850831735
0.0,0.21203879216213056
0.0,0.2720627235081181
0.0,0.49757613661751887
7.436617265234227,7.572925611803011
0.0,0.15290294368215013
8.575462099540212,5.088025180040656
3.7612001156935615,4.530690040045395
5.010635294096256,3.9707510810437983
5.056245805348308,4.9816167735022425
4.77912349311153,4.211808784109333
3.367295829986474,3.1435425309625344
1.3862943611198906,0.20640228437529645
0.0,0.0541366690756938
6.263398262591624,6.339201004746821
0.6931471805599453,-0.04178707885103591
0.0,0.5073118245231366
1.6094379124341005,1.7199555835391476
0.0,0.17380764816175984
0.0,0.09158337366287232
0.6931471805599453,1.1878328497367723
0.0,0.16688878631272988
1.3862943611198906,1.3720218934243311
0.0,0.2877993390137108
1.0986122886681098,1.2529791451935999
4.836281906951478,4.672630136057463
5.993961427306569,5.750779937121758
0.0,0.13935153281057402
6.082218910376446,6.0573031993756175
2.772588722239781,2.9613226659668412
0.6931471805599453,0.3424659993580607
0.0,0.010219428049571988
3.713572066704308,3.2711156284099623
2.70805020110221,2.7442808961611003
0.0,0.1637018731579115
2.772588722239781,3.423561732090833
0.0,0.03639427020325601
1.6094379124341005,1.3780740721131661
9.169976605786628,4.745620090995118
4.143134726391533,5.02232306955187
0.0,0.05991761053869928
5.575949103146316,6.092707166161468
2.079441541679836,2.9748277570899226
0.0,0.10637518281494975
1.0986122886681098,1.4587162160542317
3.1354942159291497,3.749351428182921
0.0,0.38321095602206684
5.556828061699537,4.4952872271978
0.6931471805599453,0.9935593081383723
1.0986122886681098,1.1544043437571467
3.1354942159291497,2.68302607954398
3.258096538021482,3.397004084096367
6.481577129276431,5.519118437769507
1.3862943611198906,0.8584981321922789
0.0,0.08239122287951745
2.079441541679836,2.859533375924139
0.0,0.7402901961060954
5.673323267171493,4.9332078109362705
0.0,0.021322422062457234
1.0986122886681098,1.1880573235209277
0.6931471805599453,0.27856152809890783
5.560681631015528,5.589907542796876
0.0,0.3563592721682681
4.007333185232471,3.215694131640073
0.6931471805599453,1.1594057953721362
4.343805421853684,4.105242501601213
1.0986122886681098,0.12158674865693081
1.3862943611198906,0.31290224168703035
0.6931471805599453,0.1409261615903096
0.6931471805599453,0.689797418172916
4.04305126783455,4.004485088340149
0.0,0.6615735104181464
0.6931471805599453,0.49467484679028084
1.3862943611198906,0.697332722699161
2.302585092994046,3.3096378411884446
1.6094379124341005,1.4872351426182822
0.0,0.5118835222500643
4.624972813284271,4.213343504776375
0.6931471805599453,0.46392543529592734
0.0,0.8542589107482325
1.9459101490553128,1.4650032483525781
2.302585092994046,2.927180491896885
4.007333185232471,3.320729421724532
6.257667587882639,5.8575687476537475
2.6390573296152584,2.640450499344948
0.0,0.27016156426716215
0.6931471805599453,0.3814112740140114
0.0,0.05485080228946988
0.6931471805599453,0.4344425786081366
7.180069874302796,7.815950522497381
4.30406509320417,4.409169074030936
0.0,0.13554336518620053
6.16541785423142,5.983338641295701
3.258096538021482,3.197551971645884
1.6094379124341005,0.7436457268306349
1.9459101490553128,0.8599375925153483
6.171700597410915,6.516104111323975
1.3862943611198906,1.144783970892364
1.0986122886681098,1.1002075777706586
3.295836866004329,3.407324496570869
0.6931471805599453,0.41228265680731613
0.0,0.22702267351295824
7.116394144093465,7.573733427567836
0.0,0.34686453181152493
0.6931471805599453,0.35730759458647604
3.5263605246161616,4.214237278313204
1.6094379124341005,1.253238021453714
2.6390573296152584,2.349788093298418
1.6094379124341005,0.8777828210177518
2.079441541679836,2.95619658862734
0.0,0.2783995065260224
1.9459101490553128,0.516756421309091
1.3862943611198906,1.4113451327624718
0.0,0.16705688198577534
1.6094379124341005,1.258478145385501
5.583496308781699,5.751551408170958
5.525452939131784,5.879226971875742
0.6931471805599453,0.7250411182534608
0.6931471805599453,0.5071702139589297
2.3978952727983707,2.7657059423332404
1.0986122886681098,0.31503266040373745
6.759255270663693,6.107093832465368
3.367295829986474,3.5483875072661837
0.6931471805599453,1.187055466377491
0.0,0.35510935054200615
1.3862943611198906,1.644632565794034
5.556828061699537,5.455313572208622
0.0,0.07267863836605869
2.995732273553991,2.8361060844668513
5.14166355650266,4.9364938293541565
2.772588722239781,2.159995768314559
0.0,0.6835032753934519
2.302585092994046,2.810346460266476
0.0,0.1813506469390945
0.0,1.1234512805767936
2.70805020110221,2.5568668689799456
0.0,0.0054866445163456725
0.0,0.014422893295426125
1.9459101490553128,0.9138474074529654
1.0986122886681098,1.0246827162980607
3.295836866004329,2.722016218013645
0.0,0.04024895469008802
5.135798437050262,5.914914270416319
2.19722457733622,3.473593209069398
0.6931471805599453,0.4808107917574884
3.4657359027997265,3.9616756221731206
0.0,0.017029254779906106
0.0,0.3079421401797419
6.602587892189336,5.608614153247565
1.0986122886681098,1.0334076182643421
0.0,0.0123938725004328
0.0,0.37849553859413587
3.044522437723423,3.350495507422126
1.791759469228055,1.4812439844295056
0.0,0.13261530956990394
0.6931471805599453,1.0673202670525181
2.5649493574615367,2.1935904725990816
3.8918202981106265,4.372778471442555
1.0986122886681098,0.768940364616672
0.0,1.0108268014052935
3.58351893845611,3.959079686493307
2.772588722239781,2.6738504897687045
0.0,0.07180621011644425
1.9459101490553128,1.4496788274124666
0.0,0.33457473057769166
1.0986122886681098,0.06143091417052048
4.532599493153256,4.336279686641716
5.087596335232384,4.506718137432546
6.813444599510896,5.58584496789217
0.6931471805599453,0.6729537433123642
1.3862943611198906,1.2618136047923867
2.079441541679836,1.7479261248784534
0.0,0.5323504172499095
1.3862943611198906,0.7492247026000304
2.4849066497880004,2.858930701358477
7.045776576879511,7.823767284634973
3.737669618283368,4.406670264214886
0.0,0.5543767582378842
4.3694478524670215,4.959278422886362
5.375278407684165,6.041717181747288
0.0,0.8447433549952046
1.0986122886681098,1.024422322342273
0.0,0.13971709403671873
2.5649493574615367,3.3909497233248125
4.3694478524670215,4.340139346495414
0.6931471805599453,1.5307127960219984
1.0986122886681098,0.7321280445536381
1.0986122886681098,1.221388715991082
1.6094379124341005,1.8135913997675996
1.791759469228055,1.5305497784149655
7.597897950521784,7.427108201406072
0.0,0.38095112334168185
1.3862943611198906,0.5932793991410278
1.0986122886681098,1.238664997184781
3.091042453358316,3.862751283969928
1.9459101490553128,1.4808982589126871
1.6094379124341005,1.2185090969218069
7.906915488678587,6.859564501778495
0.0,-0.07955242368878082
2.302585092994046,2.4154767799265264
0.0,0.07673072996786251
2.70805020110221,3.1435235282768623
2.302585092994046,2.543921383334072
3.4657359027997265,3.132955371401864
4.624972813284271,4.005922907688653
4.007333185232471,3.806483590939455
0.0,0.24241800284985812
3.9889840465642745,4.366692451502991
0.0,0.7961912826568458
3.737669618283368,3.515007633156812
1.0986122886681098,0.802941528402466
0.0,0.41042255490813434
0.0,0.08786082241569283
3.258096538021482,3.453007925540242
2.4849066497880004,2.7925715570625735
0.0,0.3563592721682681
2.995732273553991,3.4258797229565445
0.0,0.22218753585732276
1.791759469228055,0.41875782435760406
5.153291594497779,4.661716630437273
8.77770959579525,6.445813334106122
0.0,0.8163841560938006
0.0,0.10214508861573256
0.0,0.45820074759791896
0.0,0.6553216801584456
0.6931471805599453,1.340975242095446
0.6931471805599453,1.2534886594136083
2.9444389791664403,3.1555386697120804
0.0,0.08740087099817034
2.079441541679836,2.446094517549669
2.8903717578961645,2.856773250227087
0.0,0.4476347202464746
1.9459101490553128,0.44782831757702696
1.0986122886681098,0.32793764335571657
0.0,0.01645114654189614
0.0,0.13837725064130127
1.6094379124341005,0.5421413080228867
2.70805020110221,2.341044717045467
0.0,0.7138486172278807
0.0,0.1546973337432566
4.499809670330265,3.942586121051246
0.6931471805599453,1.1145867047841562
0.0,0.23611696141644078
3.044522437723423,2.3021558393450428
1.3862943611198906,0.6498876209616599
0.0,0.597677115656671
4.477336814478207,3.2108525704057715
0.0,0.14956029340620827
9.169976605786628,8.730987447421015
3.218875824868201,2.362762619016387
1.0986122886681098,1.211211309812959
0.0,0.14890529614145093
3.970291913552122,4.69428584498729
0.6931471805599453,0.9377528565225935
1.6094379124341005,1.1242708352249766
3.332204510175204,2.9526499044637706
5.921578419643816,6.384338484240969
0.0,0.19002838474407024
0.0,0.4216221814471332
1.6094379124341005,1.7479085543519137
0.6931471805599453,0.4584932629368354
1.0986122886681098,1.132475543489554
0.0,0.06388920884628987
0.0,0.8706248374361564
4.276666119016055,4.74288389149105
0.6931471805599453,0.5097790025891228
0.0,0.14451907129395408
3.4339872044851463,3.5229499381209406
6.8966943316227125,7.467251796808986
3.9318256327243257,4.120977517722668
6.333279628139691,7.014279890988156
5.926926025970411,5.546917608264004
2.19722457733622,2.287606193483651
0.0,0.11556868908887664
3.58351893845611,3.1842368131640955
0.0,0.3083277861284864
0.6931471805599453,1.1818546891696946
0.0,0.04108359321599685
0.0,0.060119002057797216
5.733341276897746,6.514393511132415
1.0986122886681098,1.1240019228172096
0.0,0.19270912682009228
0.0,0.5707208588578027
0.0,0.5483422809628584
6.7580945044277305,5.983654341263607
0.6931471805599453,0.4733558369725025
0.0,0.04088369438964174
1.0986122886681098,1.1742222642932836
2.772588722239781,2.761571748899932
0.0,0.693701030908217
5.187385805840755,5.763426860970611
2.5649493574615367,2.3667855496676307
2.302585092994046,2.1132960142251345
2.5649493574615367,3.1090079480676174
0.0,0.3142649572737065
5.081404364984463,4.863740961195387
3.871201010907891,4.1812249313893215
1.791759469228055,1.7053703191351324
3.7612001156935615,3.8380864898167584
4.31748811353631,5.17324767241376
0.6931471805599453,0.3362772125635466
8.32093496888341,8.084376542495317
1.3862943611198906,0.28957230393952
2.302585092994046,3.2363449505732236
0.0,0.4769112551374328
4.30406509320417,3.817445778121106
0.6931471805599453,1.1834045530906216
0.0,0.5092725702963419
0.0,0.24290154150851526
2.9444389791664403,2.659995173188891
3.218875824868201,2.802720398660985
0.0,0.05433087861100879
1.6094379124341005,0.4073188752227053
0.0,0.35844097688601567
0.6931471805599453,1.5020340023170637
3.951243718581428,4.048439317129947
1.791759469228055,0.9224643579149592
1.6094379124341005,1.3997973875911973
8.126222529458525,8.026961586653854
0.0,0.09940951833365286
1.3862943611198906,1.217949166012169
0.0,0.0505210311294342
5.204006687076795,5.969703668844552
3.828641396489095,3.5411907478103575
0.6931471805599453,0.1304284048870458
3.8918202981106265,4.300993481424865
2.833213344056216,3.067613998742484
1.6094379124341005,0.7324712313047985
1.6094379124341005,1.1951787057677263
1.3862943611198906,0.1081738025718289
7.020190708311925,6.258505521616162
4.709530201312334,4.751909306222762
3.9318256327243257,4.119754646925764
7.7501841622578365,7.70455020569711
2.302585092994046,2.2732716908347887
2.772588722239781,3.692573302174551
2.833213344056216,2.6127827162172217
0.6931471805599453,0.2889511059461243
7.425357887027151,7.09505773928711
0.6931471805599453,0.10920584691472503
3.80666248977032,3.136597446741865
1.0986122886681098,1.175340955252365
0.6931471805599453,0.6593915691180835
0.0,0.465224449034423
0.6931471805599453,0.6281716026776484
1.3862943611198906,0.5644639183901464
0.6931471805599453,0.26184053443970784
1.6094379124341005,0.45087604011466276
0.6931471805599453,0.40504926770960303
4.248495242049359,3.3534885642253647
0.0,0.1853709557032937
1.0986122886681098,0.7741753565386461
3.49650756146648,3.6283502365997307
1.6094379124341005,0.4525692966573526
2.302585092994046,2.170580518163941
1.0986122886681098,0.5338232249691972
4.290459441148391,4.39115236015338
0.6931471805599453,1.0512875919901425
1.0986122886681098,1.1336060977853077
4.158883083359672,3.802483406383977
8.570165076182343,3.8757584053950622
7.018401799069201,6.485073247853748
0.0,0.23695942176835705
0.0,0.08492833522867234
2.3978952727983707,2.3628356326075712
9.169976605786628,4.423901156390564
1.791759469228055,1.7899055656097713
2.19722457733622,3.216675473873228
1.6094379124341005,1.4036123946711965
5.968707559985366,5.893989497027242
1.791759469228055,1.5567699007091405
0.0,0.17769819182194338
2.302585092994046,2.7312419838296695
1.791759469228055,1.1804067874636401
0.0,0.3920063061113834
3.4011973816621555,4.255896899758345
1.0986122886681098,0.8412791719718227
0.0,0.12188199820826735
0.0,0.457698683543007
2.302585092994046,2.2241134750291343
1.6094379124341005,1.5465452164273594
0.0,0.08311421424711858
4.143134726391533,4.782924102318965
1.6094379124341005,1.6562284541745442
2.079441541679836,2.585845256570729
3.688879454113936,3.252394891722115
3.1780538303479458,2.9388707871572946
2.8903717578961645,3.5753545144643293
4.962844630259907,5.01890283990603
2.302585092994046,3.4148646209653744
8.449128460502108,8.149593152168254
0.0,0.08606606455989833
1.3862943611198906,1.3356036053830405
3.610917912644224,3.241891371771911
7.407924322559599,5.887199475279054
0.0,1.0074801549232306
3.332204510175204,3.4971534103463826
0.0,0.26783351291295354
0.6931471805599453,1.1606355920099019
1.3862943611198906,0.5497354820531444
2.302585092994046,2.7861097152286316
7.554334823725748,7.514300317616014
2.4849066497880004,2.630566281871568
1.6094379124341005,1.48655777632554
0.0,0.42639742067013325
0.6931471805599453,0.47864252998550894
8.575650760987806,8.8219206324081
5.700443573390687,5.203703641255793
2.079441541679836,3.0096547500036284
1.3862943611198906,0.24626859370376344
3.367295829986474,3.4166795442881006
4.718498871295094,4.685394885997814
7.655864017616056,5.59217074227081
2.833213344056216,2.731356158959013
0.6931471805599453,1.0215947319314849
0.0,0.37765202283720506
1.6094379124341005,1.5734265985052418
3.091042453358316,3.577043371629989
0.0,0.25353830863758264
1.6094379124341005,1.5201129256146122
1.0986122886681098,1.2126232560170804
0.6931471805599453,0.3745354416129888
0.0,0.034051372718507285
4.07753744390572,4.340544401102128
5.356586274672012,5.858157750804793
5.0369526024136295,5.295869053274548
0.0,0.48216328122671115
0.0,0.2981805434019418
2.833213344056216,2.5460574821325705
5.438079308923196,6.488777775196089
0.6931471805599453,0.3713426551081563
5.87493073085203,6.2297682705784645
5.762051382780177,5.870480314300482
3.970291913552122,4.84064635575412
2.5649493574615367,3.2134840574726935
6.333279628139691,6.1337823289276034
0.6931471805599453,0.6382561245768855
0.0,1.3843812533117976
