quantity_sold_ground_truth,quantity_sold_predicted
3.218875824868201,3.014793634414673
0.0,0.3339411619673528
1.791759469228055,1.3207314739067595
3.4657359027997265,3.7409427165985107
0.0,0.3939096274071025
6.156978985585555,5.69490909576416
3.1354942159291497,2.7369730472564697
0.0,0.05460182804364885
0.0,0.2957033901392412
3.5263605246161616,3.876645803451538
0.6931471805599453,1.582802694605458
3.1780538303479458,4.179928302764893
0.6931471805599453,1.2131165973085016
0.0,-0.05227255836811599
3.58351893845611,4.201799392700195
0.0,0.2578225304898107
7.106606137727303,6.48069429397583
1.6094379124341005,0.3319731779614544
3.7612001156935615,3.433499336242676
0.0,0.1842149446253922
0.0,0.31955445739408533
2.302585092994046,2.64971923828125
6.92951677076365,6.930180072784424
2.5649493574615367,3.0171761512756348
9.169976605786628,8.849145889282227
9.169976605786628,6.641282558441162
0.0,0.05182401779720125
0.6931471805599453,0.17043820248621303
0.0,0.29362364151710363
0.0,0.8730322141968975
0.0,0.0266164574826112
4.110873864173311,3.905457019805908
0.6931471805599453,1.050384785602337
0.0,0.15140901258674203
3.332204510175204,3.4159085750579834
2.079441541679836,2.9855525493621826
3.9318256327243257,4.284763813018799
2.5649493574615367,4.615067958831787
4.07753744390572,4.16745138168335
0.6931471805599453,0.6002156904537456
0.0,0.237818996909115
0.6931471805599453,0.033242791596882315
1.791759469228055,0.8711153826786961
4.727387818712341,4.534958839416504
7.538494999413465,7.03131628036499
2.6390573296152584,2.9106569290161133
1.3862943611198906,0.48124854152361374
1.3862943611198906,0.5235450458762725
0.0,0.6748869795622494
0.0,0.0415671038243109
0.0,0.0123938725004328
6.16541785423142,6.446743488311768
6.8001700683022,7.01310920715332
0.0,0.25670550291899913
9.169976605786628,8.097999572753906
4.394449154672439,4.766292095184326
5.062595033026967,5.187098503112793
0.0,0.40427431696014804
1.3862943611198906,1.032743743330638
2.19722457733622,2.620129108428955
5.7745515455444085,5.328714847564697
1.0986122886681098,1.374900692130378
0.0,0.3251264604053757
0.0,0.41604652409937576
0.0,0.070530872034501
3.4011973816621555,3.164083242416382
7.797291273547472,8.03828239440918
0.0,0.7285603741485552
4.3694478524670215,3.4597458839416504
0.0,0.4137367584410643
5.356586274672012,5.776657581329346
5.484796933490655,5.33643913269043
4.882801922586371,4.679256439208984
3.332204510175204,2.8443636894226074
1.9459101490553128,1.22875422344052
3.218875824868201,3.197345733642578
0.6931471805599453,0.13162181647455393
0.0,0.07013843087368898
1.9459101490553128,1.1891474483374755
2.302585092994046,2.6183717250823975
0.6931471805599453,0.3803647858616055
6.943122422819428,6.728970527648926
5.3230099791384085,7.0290679931640625
0.6931471805599453,0.6250863253437993
0.6931471805599453,0.6069426847752318
5.068904202220232,4.820423126220703
5.950642552587727,6.14733362197876
5.327876168789581,5.221869468688965
2.8903717578961645,2.7706985473632812
0.0,0.12232443724693687
1.791759469228055,0.42071747310229946
2.19722457733622,2.6958813667297363
9.169976605786628,9.657143592834473
2.9444389791664403,2.798210382461548
0.0,0.08389565261723196
0.0,1.1749345053422253
4.74493212836325,3.8511555194854736
2.6390573296152584,3.233222007751465
2.833213344056216,3.0071017742156982
3.4657359027997265,3.1300487518310547
2.3978952727983707,3.016667604446411
1.9459101490553128,0.9052455517611807
3.5263605246161616,3.4884676933288574
2.4849066497880004,2.662400007247925
6.2166061010848646,5.774123191833496
0.0,-0.016149310941567345
3.871201010907891,4.385815620422363
1.3862943611198906,1.0828538304051525
3.912023005428146,4.77812385559082
0.6931471805599453,0.35801704650527244
2.079441541679836,2.5064196586608887
4.3694478524670215,4.235937118530273
0.0,0.03432276560332675
4.74493212836325,4.960839748382568
2.3978952727983707,2.146474599838257
1.791759469228055,1.2582772470365495
0.6931471805599453,1.1267018780100055
1.6094379124341005,1.0077707248891477
3.555348061489413,3.5794007778167725
0.0,0.380524470608168
0.0,0.05125413899858987
6.137727054086234,6.772686004638672
1.3862943611198906,1.4592600815549694
2.5649493574615367,3.5482571125030518
2.8903717578961645,2.9023280143737793
0.6931471805599453,0.3939096274071025
0.0,0.026697826898559526
5.075173815233827,5.278378486633301
0.0,0.0854642076109846
0.6931471805599453,1.0892366035062775
2.772588722239781,2.935359239578247
0.6931471805599453,0.41998357119131174
1.6094379124341005,0.42947445009605306
2.8903717578961645,3.633052110671997
0.0,0.2510874485268246
0.0,-0.007063508238548422
1.0986122886681098,0.5149032483050978
3.610917912644224,2.6852731704711914
4.143134726391533,3.9855055809020996
0.0,0.13181752798917434
0.0,0.5505449986767176
1.0986122886681098,0.681242249643654
0.0,-0.024448173493939657
4.672828834461906,5.120372772216797
1.791759469228055,1.2383235832810853
4.060443010546419,3.992274045944214
0.6931471805599453,1.4376583226453374
6.173786103901937,5.045156002044678
3.4011973816621555,3.439861297607422
0.0,0.2883912715160958
4.820281565605037,4.161380767822266
1.0986122886681098,0.9990607124438583
0.0,0.06633782730197624
6.049733455231958,6.245285987854004
0.0,0.17010605772389958
1.6094379124341005,1.4822910651826484
0.0,0.7436987528239951
0.0,0.07227432820112643
5.0238805208462765,5.129415512084961
1.791759469228055,1.5204130137713243
0.0,0.5115039943651636
0.6931471805599453,0.447466195601086
3.295836866004329,4.17440128326416
0.0,0.11556805193310837
2.5649493574615367,2.5037949085235596
0.0,0.18985924273423477
0.0,0.43736965410742695
0.0,0.428268258058211
5.771441123130016,6.065711498260498
0.0,0.40408029373109167
1.3862943611198906,1.1731609929766134
3.80666248977032,3.608018636703491
1.6094379124341005,1.2199556725253518
1.0986122886681098,1.2743649507276036
2.3978952727983707,2.476571798324585
3.1354942159291497,3.87363338470459
0.0,0.032378279625028254
0.6931471805599453,1.101514648745485
0.0,0.02147572833003242
5.278114659230517,5.613893985748291
0.0,0.055688077921233405
1.3862943611198906,0.8927837074006245
0.0,0.4232099814001261
3.555348061489413,2.302457094192505
1.9459101490553128,1.34837981658366
3.4657359027997265,3.9708738327026367
1.3862943611198906,0.9992465410908753
2.19722457733622,2.5525412559509277
0.0,0.6589699206373205
1.3862943611198906,0.5002719182439158
3.218875824868201,4.03739070892334
2.19722457733622,3.17246150970459
2.8903717578961645,3.3332786560058594
0.0,0.17089224419940993
2.079441541679836,3.0299932956695557
4.7535901911063645,4.615582466125488
0.0,0.09184313287962717
0.0,0.15765237287578934
3.091042453358316,2.733893632888794
2.772588722239781,3.614712953567505
4.663439094112067,3.419039726257324
0.0,0.017679641768066842
3.871201010907891,3.7287542819976807
4.962844630259907,5.206666946411133
1.791759469228055,1.567004357949197
2.19722457733622,2.4165310859680176
0.6931471805599453,-0.034056723942398774
4.68213122712422,4.1650285720825195
0.6931471805599453,0.292456790908392
3.6635616461296463,2.9640421867370605
2.079441541679836,2.820976972579956
0.0,0.1043489292145699
1.3862943611198906,1.1339104105260098
0.0,0.23421871344907405
0.0,0.5485634449174347
0.0,0.6851529243614233
3.1354942159291497,4.735549449920654
1.791759469228055,1.6942450694456959
2.079441541679836,2.2813491821289062
5.958424693029782,6.596209526062012
2.302585092994046,2.508251190185547
5.855071922202427,5.432434558868408
0.0,0.11321783020051514
0.0,0.02595867124412083
0.0,0.3914245398753808
2.772588722239781,2.8586037158966064
1.791759469228055,1.347923849469278
0.0,0.14465378845603966
0.0,0.5422813010525092
1.6094379124341005,1.481804366510968
3.044522437723423,2.7422690391540527
0.0,0.05212924095742045
0.0,0.2229940326028352
3.970291913552122,3.9424216747283936
1.9459101490553128,1.5177208619738793
1.791759469228055,1.1430913691554927
0.0,0.03172878730551485
0.6931471805599453,1.107801558948119
2.9444389791664403,2.236543655395508
0.0,0.25523740203530776
3.367295829986474,2.7232565879821777
1.3862943611198906,0.6276381501096613
5.739792912179234,6.305392742156982
4.248495242049359,4.3308258056640625
1.6094379124341005,1.5019904466474059
5.488937726156687,5.23232364654541
1.6094379124341005,1.5615001351186348
2.833213344056216,2.9194343090057373
7.554334823725748,7.5915093421936035
0.0,0.06319524920714403
5.14166355650266,4.481995582580566
4.007333185232471,3.9638657569885254
1.9459101490553128,1.531412881596614
0.0,0.16536797243735815
1.3862943611198906,0.6634599602738774
7.269616749608169,7.373634338378906
1.791759469228055,1.2079513348850637
1.0986122886681098,1.089478382809546
0.6931471805599453,0.8453568789618134
1.0986122886681098,1.1621029193432149
0.0,0.13924557086492928
6.124683390894205,5.714668273925781
2.6390573296152584,2.919796943664551
3.8501476017100575,3.905055284500122
7.422373700986824,7.319321155548096
4.912654885736052,6.002481937408447
4.7535901911063645,5.877958297729492
0.6931471805599453,0.1474212164220148
0.0,0.2316974037684387
2.5649493574615367,2.9956955909729004
0.0,0.007301763767686309
1.3862943611198906,1.0399433382791259
4.23410650459726,4.008434295654297
3.218875824868201,3.7354185581207275
1.3862943611198906,0.5590902971726673
6.115892125483034,7.0373616218566895
6.77078942390898,5.510375499725342
1.791759469228055,1.7794769123086775
2.3978952727983707,2.715409517288208
0.0,0.07115903855966768
4.770684624465665,3.5704424381256104
0.0,0.03810909575782149
2.70805020110221,2.770195722579956
6.035481432524756,6.068469047546387
7.697121317282625,6.64529275894165
4.174387269895637,4.2959794998168945
5.389071729816501,4.938372611999512
4.59511985013459,3.987759590148926
9.169976605786628,8.133495330810547
7.307872780763706,6.788522720336914
4.663439094112067,5.045535087585449
6.228511003591184,6.279874324798584
0.0,0.10828144945296239
0.0,0.5368648826516678
0.0,0.3794287381957254
1.0986122886681098,1.0491259231117842
3.49650756146648,3.886890411376953
4.584967478670572,2.8365087509155273
0.0,0.05549819414884804
0.0,0.052488935072322516
2.5649493574615367,2.694105386734009
1.3862943611198906,0.71994065761559
0.6931471805599453,0.6937784170861858
5.459585514144159,5.6963934898376465
0.0,0.19002838474407024
4.143134726391533,4.30497932434082
2.9444389791664403,2.6820638179779053
3.9318256327243257,3.274660587310791
0.0,0.35021103775255125
0.0,0.5705803355306523
1.0986122886681098,0.4916499249208211
3.9889840465642745,3.8768093585968018
7.907651594711089,7.988971710205078
6.641182169740591,4.982086658477783
1.0986122886681098,0.6414991275167723
3.80666248977032,4.464292526245117
7.748028524432376,8.544098854064941
4.442651256490317,4.650025367736816
2.4849066497880004,2.7619364261627197
0.6931471805599453,0.6108138921265411
0.0,0.05656202334077944
5.916202062607435,4.465095043182373
2.833213344056216,2.458688497543335
0.0,0.06427160232944212
2.19722457733622,2.443773031234741
2.70805020110221,3.5854783058166504
0.0,0.04019089645675817
2.70805020110221,3.836235761642456
0.0,0.40657448885148334
4.356708826689592,4.679378986358643
3.9889840465642745,4.269543170928955
0.0,0.4087372406202852
1.0986122886681098,0.3355729792216637
4.709530201312334,4.435309886932373
2.3978952727983707,2.403050422668457
0.0,1.0954836645142123
0.0,0.02154368298298985
0.6931471805599453,0.36728553341528175
0.0,0.3168691521545597
6.171700597410915,5.721337795257568
5.53338948872752,5.223353862762451
4.812184355372417,3.4854559898376465
0.0,0.08004509081936545
5.068904202220232,5.2215895652771
5.2832037287379885,4.54390811920166
4.110873864173311,3.1925742626190186
0.6931471805599453,0.18799299188240645
3.951243718581428,4.159149169921875
5.7745515455444085,5.988523006439209
1.0986122886681098,0.47814656150564194
2.19722457733622,2.5670382976531982
0.6931471805599453,0.6183498412849775
4.02535169073515,4.31090784072876
0.0,0.08344429003455253
1.6094379124341005,1.6394378257758728
2.772588722239781,3.038295269012451
4.382026634673881,4.684128284454346
1.0986122886681098,1.4318086633665061
0.0,0.3631943476866887
0.6931471805599453,0.24172943708210431
0.0,0.2070433958288212
6.20455776256869,5.070569038391113
0.0,-0.15893964953851808
0.6931471805599453,0.39481045701928147
4.330733340286331,4.464869022369385
1.9459101490553128,0.8050008968703228
0.0,0.5083807309634664
2.5649493574615367,3.61793851852417
0.6931471805599453,0.5713088907998474
4.859812404361672,4.902913570404053
3.295836866004329,3.7560455799102783
3.1354942159291497,2.995037794113159
2.079441541679836,2.8245198726654053
0.0,0.11635474632105786
1.3862943611198906,0.29472638888669256
2.4849066497880004,2.6966302394866943
3.6375861597263857,2.3857438564300537
0.6931471805599453,0.285840817050938
5.476463551931511,5.253784656524658
4.382026634673881,4.736086368560791
1.6094379124341005,0.17168064343645834
0.0,0.09921247763149661
2.4849066497880004,2.7083020210266113
1.0986122886681098,0.05756489582094174
0.0,0.038970016000849685
2.19722457733622,2.9491686820983887
2.3978952727983707,3.184553384780884
0.0,0.6042326233161652
2.302585092994046,2.4059484004974365
0.0,0.9599670319547455
2.302585092994046,2.3822152614593506
2.6390573296152584,2.552337884902954
5.926926025970411,6.0532307624816895
0.0,0.2287485749147109
2.5649493574615367,2.8778645992279053
0.6931471805599453,0.8290679589621833
2.5649493574615367,2.8763606548309326
0.6931471805599453,1.2296151658121697
0.0,0.03392120224228136
1.3862943611198906,0.612711735093627
2.3978952727983707,2.9765541553497314
7.781973234434385,6.817572116851807
1.3862943611198906,1.6057871136303017
2.4849066497880004,2.3680307865142822
5.1647859739235145,4.559321403503418
5.272999558563747,4.973463535308838
1.791759469228055,0.6905002879478707
0.0,0.09073596332325577
2.772588722239781,3.918771505355835
1.791759469228055,1.483083536420099
3.258096538021482,4.054460525512695
3.332204510175204,2.9535939693450928
2.772588722239781,2.379279136657715
0.6931471805599453,0.19437847801354644
3.951243718581428,3.4170749187469482
1.0986122886681098,1.1420948868684935
3.295836866004329,3.355760097503662
3.6635616461296463,3.1624257564544678
0.0,0.04292778790775822
3.871201010907891,4.199493885040283
0.0,0.3210355112953818
0.0,0.11183727541307427
0.6931471805599453,1.185926688110695
0.0,0.12828287407312772
0.6931471805599453,0.29086678514757314
7.747596838692885,7.440306663513184
1.3862943611198906,1.2359081623283592
1.9459101490553128,0.727909675935347
0.0,0.7012424532706241
1.3862943611198906,1.1220810680828506
2.995732273553991,3.0567140579223633
3.044522437723423,3.245638847351074
5.056245805348308,6.201797008514404
0.0,0.4076249876211602
5.513428746164983,5.679089546203613
1.3862943611198906,1.6616980875300327
4.700480365792417,5.17458438873291
1.3862943611198906,0.64061712786668
0.0,0.19480508533941807
1.791759469228055,1.5601829255105382
3.610917912644224,4.2222113609313965
0.6931471805599453,0.025507804058267185
0.0,0.3687010160601927
2.302585092994046,2.904371738433838
0.0,0.6341088038398959
4.262679877041316,5.028800964355469
4.430816798843313,4.436379909515381
5.455321115357702,6.0060954093933105
2.70805020110221,3.547677755355835
0.6931471805599453,0.3874656276937328
0.0,0.5763502878770339
5.1647859739235145,5.027285099029541
0.0,0.5525860099121925
0.0,0.5237129348816136
3.218875824868201,3.325453042984009
1.9459101490553128,1.5088673518170268
1.0986122886681098,0.6723359232627639
2.4849066497880004,2.312434196472168
5.613128106388071,6.125277519226074
0.0,0.6515098657426782
0.6931471805599453,0.6576874872015039
0.0,0.13300179754869124
0.0,0.23071638231694522
0.0,0.38010714197059803
0.0,0.06277761796335442
3.091042453358316,2.9791042804718018
2.079441541679836,2.619084358215332
0.0,0.62718885711771
0.0,0.11100311562224643
3.737669618283368,3.3286819458007812
0.0,0.5422837924757484
4.672828834461906,4.1963725090026855
3.784189633918261,4.026262283325195
2.833213344056216,2.577011823654175
1.9459101490553128,1.4511907535760449
0.0,0.36882101025778663
4.007333185232471,4.151326656341553
1.9459101490553128,1.1145746009389244
0.0,0.3824855188579094
0.6931471805599453,1.1748774063771392
1.6094379124341005,1.0010321222004877
1.0986122886681098,1.23289213675562
0.0,0.0749214970021538
0.6931471805599453,1.2629477916417102
2.19722457733622,2.722459077835083
0.6931471805599453,1.3133582140341558
2.3978952727983707,3.1504158973693848
5.0369526024136295,4.7526421546936035
0.0,0.6500174789210221
0.0,0.08020101067660365
0.6931471805599453,0.9816325538342855
1.0986122886681098,0.6824985498180001
0.0,0.17380764816175984
2.302585092994046,2.985212802886963
2.772588722239781,2.806924819946289
2.5649493574615367,2.736126184463501
2.833213344056216,2.9546988010406494
2.4849066497880004,2.461590528488159
3.4339872044851463,2.8264899253845215
3.58351893845611,3.670121431350708
6.1092475827643655,6.72910213470459
5.66988092298052,5.801441669464111
0.0,0.48683549340981697
2.772588722239781,2.941145420074463
0.0,0.17214198087984026
1.9459101490553128,1.67510691995968
1.791759469228055,1.26542419467964
1.0986122886681098,1.0273406802521425
0.0,0.16841684069773497
0.6931471805599453,1.3864898620375061
3.713572066704308,3.738178014755249
0.0,0.5763518728739204
8.439880088313567,8.47576904296875
3.8501476017100575,4.733944892883301
4.07753744390572,4.743842601776123
0.6931471805599453,0.47608918672117606
1.9459101490553128,1.6991053748537541
2.4849066497880004,2.2469546794891357
7.080867896690782,6.5354814529418945
5.429345628954441,5.243083477020264
0.0,0.05095487876460788
0.0,0.6354903145335073
0.6931471805599453,0.4141071054577238
0.0,0.16688878631272988
0.0,0.46926731132657384
0.0,0.04570629108320682
6.084499413075172,6.040210723876953
0.6931471805599453,0.5337832636942734
0.0,0.1623203103958414
2.4849066497880004,2.9609835147857666
1.0986122886681098,1.40487674602301
0.0,0.04197866543192008
2.70805020110221,3.4321422576904297
0.0,0.03011791979296677
7.606387389772652,7.046672821044922
1.791759469228055,1.1404596343332671
0.0,0.033737014320807834
0.0,0.8584923677172593
3.8918202981106265,2.9327304363250732
3.6375861597263857,4.191866397857666
1.3862943611198906,1.3436468939545243
9.169976605786628,6.577682018280029
0.0,0.07797596500178448
0.0,0.11457220492776386
1.6094379124341005,0.9466972608069693
4.663439094112067,5.135686874389648
1.6094379124341005,1.2595447837967628
1.0986122886681098,0.7035287802137976
2.772588722239781,3.0590972900390625
0.0,0.04967149645117623
6.077642243349034,6.281162738800049
6.635946555686647,6.093476295471191
0.6931471805599453,0.34320507778670667
2.302585092994046,2.784709930419922
9.169976605786628,6.907198905944824
4.04305126783455,3.528932809829712
0.0,0.09692813093458141
3.713572066704308,2.942643642425537
2.4849066497880004,2.540858030319214
2.19722457733622,2.704214096069336
2.3978952727983707,2.774334669113159
0.0,0.20230025680851174
0.6931471805599453,0.5588917464657517
2.19722457733622,2.341989755630493
5.123963979403259,4.524533271789551
2.772588722239781,3.044379949569702
0.0,0.5444051102242057
0.0,0.04449967287059143
0.0,0.7837454936839834
5.501258210544727,5.369070529937744
3.295836866004329,2.6687850952148438
0.0,0.08344429003455253
0.0,0.9353920747828166
0.0,0.21444909022108283
0.0,0.04082486399971333
2.4849066497880004,2.319877862930298
4.430816798843313,4.820513725280762
0.6931471805599453,1.203056265196781
0.0,-0.04116290718446841
0.6931471805599453,0.4195782591758707
2.4849066497880004,3.648972749710083
2.8903717578961645,3.8636069297790527
1.0986122886681098,1.0660329308671885
0.0,0.5367901681184848
6.956545443151569,6.817305564880371
3.7612001156935615,4.924320220947266
1.6094379124341005,0.37060477172801376
3.1354942159291497,3.134040117263794
6.461468176353717,5.501449108123779
4.23410650459726,4.074314594268799
4.882801922586371,4.739827632904053
0.6931471805599453,0.4770354629894256
2.833213344056216,3.387444496154785
0.0,0.15476425558663334
6.595780513961311,6.951574325561523
0.0,0.08501438398334454
4.174387269895637,4.1876444816589355
0.6931471805599453,0.30042662618337457
2.19722457733622,2.835519552230835
1.791759469228055,1.717810659830722
2.079441541679836,2.7795605659484863
1.6094379124341005,1.5371040405697025
3.1354942159291497,2.3896689414978027
0.6931471805599453,1.1483539136561742
0.0,0.047030327847901815
0.0,0.040493976071945215
0.0,0.4478436135172316
1.0986122886681098,0.4233051213698642
6.894670039433482,6.495449542999268
1.3862943611198906,0.8147507631537149
2.8903717578961645,2.891977548599243
0.0,0.6899804578055898
0.0,0.1436646468390073
5.961005339623274,4.211043357849121
5.7745515455444085,6.218062877655029
1.6094379124341005,0.30453425880745205
4.248495242049359,2.9930601119995117
8.658692753689937,8.460577964782715
0.0,0.42038479589315514
0.0,0.3734636530128991
1.6094379124341005,1.23057214391135
3.912023005428146,4.294813632965088
0.0,0.1644441753575558
4.762173934797756,4.664169788360596
0.6931471805599453,0.9943091218692971
0.0,0.1095644898790964
0.0,0.49383309523317803
0.0,0.2111934942809173
5.680172609017068,5.04595947265625
1.0986122886681098,0.551442379993745
0.6931471805599453,0.9710202263982766
0.0,0.1287408264632052
0.0,0.21857574784325343
4.02535169073515,3.5723116397857666
3.737669618283368,3.0658135414123535
2.70805020110221,2.587318181991577
0.6931471805599453,0.08435924609400526
0.0,0.023198143021225272
1.3862943611198906,1.2530437161585777
3.1780538303479458,3.337862014770508
3.4339872044851463,3.4175143241882324
1.0986122886681098,0.7867253778657887
0.0,0.45281420976559245
0.0,0.6130128226875051
4.23410650459726,3.610663414001465
0.0,0.07992225449351094
2.302585092994046,3.1902852058410645
0.6931471805599453,1.1724775093961
0.0,0.28603689434970886
1.791759469228055,1.5276006953465466
0.0,0.2565671836839585
0.0,-0.009540558528977058
0.0,0.3019425355822615
3.8501476017100575,4.213470458984375
4.624972813284271,4.465207576751709
0.6931471805599453,0.31159671622549523
1.791759469228055,1.2241869347525227
3.332204510175204,3.3780596256256104
0.0,0.25670550291899913
4.605170185988092,4.971928596496582
0.6931471805599453,1.3196214884345236
0.0,0.4593004059952371
0.0,0.04464425835145277
5.4510384535657,5.776077747344971
5.703782474656201,6.295753479003906
5.594711379601839,4.571916103363037
0.6931471805599453,0.8796236653434383
0.6931471805599453,1.080283948487515
4.663439094112067,4.192496299743652
0.0,0.03598760099620688
0.0,0.14176673160918088
1.0986122886681098,1.0001227378930997
2.079441541679836,2.8770902156829834
2.6390573296152584,3.229984998703003
1.0986122886681098,1.1135554103080734
2.833213344056216,4.1188154220581055
5.973809611869261,6.074889183044434
0.0,0.47362710250025153
0.6931471805599453,0.5849211448903467
0.6931471805599453,0.41380359680664597
3.58351893845611,3.330357789993286
0.6931471805599453,0.00956821405935602
4.174387269895637,4.337594032287598
3.367295829986474,2.7488789558410645
6.729824070489475,5.654662132263184
0.0,0.3074985629033107
0.6931471805599453,1.2244196860640688
4.3694478524670215,3.5051655769348145
3.8501476017100575,3.7889106273651123
1.6094379124341005,0.5127823665767488
0.0,0.5812759633935747
2.9444389791664403,3.458636999130249
0.6931471805599453,0.2403595741964973
2.833213344056216,2.9643993377685547
4.204692619390966,4.591127395629883
7.431299675155903,7.016711711883545
0.6931471805599453,1.0636149432206794
2.4849066497880004,2.3876757621765137
7.167809184316444,4.868175983428955
7.126087273299125,7.783445835113525
6.486160788944089,5.572148323059082
2.833213344056216,2.690974712371826
0.0,0.40641332064357133
0.6931471805599453,0.18740069912789145
2.772588722239781,2.564617395401001
3.8501476017100575,3.3834588527679443
1.0986122886681098,0.914783713665978
0.6931471805599453,0.9009006956981133
0.0,0.4041715782692678
2.4849066497880004,4.0615386962890625
0.0,0.09375233460771935
0.0,0.3814241020980405
6.413458957167357,5.630289077758789
2.5649493574615367,3.0862863063812256
0.0,0.415962393945455
0.0,0.17453870784755807
5.7430031878094825,5.974955081939697
3.218875824868201,2.969241142272949
0.6931471805599453,1.0899825136510484
3.1354942159291497,3.683098077774048
0.6931471805599453,1.431692028886386
1.3862943611198906,1.5445165361960274
0.0,0.364479938998241
1.9459101490553128,0.8180453521745297
0.0,0.43525429907381774
3.332204510175204,2.749803066253662
1.0986122886681098,0.2031452730539866
7.089243155027514,6.715668678283691
1.0986122886681098,1.133718123528728
3.912023005428146,4.635924816131592
1.3862943611198906,1.4861857087991197
1.0986122886681098,1.089478382809546
0.0,0.11934056070550655
3.6635616461296463,3.1827569007873535
4.127134385045092,4.653609752655029
3.49650756146648,2.95405650138855
2.3978952727983707,2.6501317024230957
8.442685139241176,8.427948951721191
2.6390573296152584,2.361656904220581
0.0,0.094342219375449
3.5263605246161616,3.2484307289123535
0.6931471805599453,0.5928324294462206
6.169610732491456,5.736004829406738
5.198497031265826,5.320520401000977
6.042632833682381,5.624807834625244
1.6094379124341005,1.135926107710302
1.791759469228055,0.7815133715596121
0.0,0.26114128861380287
0.0,0.5556990102406973
2.3978952727983707,2.8678812980651855
3.970291913552122,4.329585075378418
4.543294782270004,4.265494346618652
1.0986122886681098,0.6703381049371576
0.0,0.3951252016601018
5.236441962829949,4.018284320831299
3.8918202981106265,4.84482479095459
2.302585092994046,2.7156224250793457
3.1780538303479458,3.42153263092041
4.406719247264253,3.133946418762207
5.262690188904886,5.287053108215332
2.772588722239781,2.347261905670166
0.6931471805599453,0.17440614365265664
0.0,0.2179747558383196
6.765038976780541,6.863086223602295
2.70805020110221,2.7899487018585205
2.772588722239781,2.9616401195526123
5.3230099791384085,4.8780622482299805
0.0,0.1379360620125236
1.3862943611198906,1.2623995321604575
2.995732273553991,3.072726249694824
0.0,0.7853399758140678
0.0,0.86353937562265
4.060443010546419,4.492026329040527
1.6094379124341005,0.7795715416969531
0.0,0.12296218966093703
1.0986122886681098,1.2270020881638728
0.0,0.007158027031668149
5.627621113690637,5.82810115814209
1.0986122886681098,1.2405511669980025
4.875197323201151,4.194250106811523
1.3862943611198906,1.3321630295054738
0.0,0.019844242980203295
9.06577692078483,9.220296859741211
2.079441541679836,3.046841621398926
0.0,0.09208274636400943
3.912023005428146,4.0892462730407715
1.9459101490553128,1.4047326830517517
0.0,0.08564965269404141
3.4011973816621555,4.247779846191406
6.536691597591305,6.180437088012695
0.0,0.4686819286503746
5.3612921657094255,5.026247978210449
0.0,0.3542092572064293
0.0,0.44357998658408565
0.0,0.052019840806845755
3.4011973816621555,2.339184522628784
0.0,0.45833102940525117
0.0,0.46522872077769256
3.688879454113936,3.6574625968933105
0.0,0.6171087441343185
5.062595033026967,4.240204811096191
1.3862943611198906,1.1784638142001647
0.6931471805599453,0.493957177578388
0.6931471805599453,1.0137409259617483
2.70805020110221,3.140456438064575
0.0,0.5196042552926384
5.117993812416755,5.375494956970215
0.0,0.22713837302677284
0.0,0.053010478514600466
7.711101251840158,7.482177734375
0.0,0.002743386689042973
7.130098510125578,7.092150688171387
0.0,0.2650857290865748
0.0,0.14315372417310382
0.0,0.08797430404562628
3.49650756146648,3.8940138816833496
0.6931471805599453,0.9768863550488324
0.0,0.30506201904871444
0.0,0.419231579621943
0.0,0.13613120890619013
2.19722457733622,3.068202257156372
3.258096538021482,3.2155654430389404
1.0986122886681098,0.36091066931364907
0.0,0.11151055655973183
2.079441541679836,2.4417431354522705
2.833213344056216,2.9356532096862793
0.0,0.705029142884171
9.169976605786628,8.924942970275879
7.954723334497908,8.253087043762207
0.0,0.15900964524387742
0.6931471805599453,0.9480202352295809
9.169976605786628,9.182068824768066
0.0,0.019923033464677872
1.3862943611198906,1.4742983485833372
4.219507705176107,4.4222869873046875
2.4849066497880004,2.7174787521362305
2.8903717578961645,4.110506057739258
1.6094379124341005,0.8067487290163358
2.079441541679836,2.026184320449829
2.8903717578961645,3.030144214630127
2.5649493574615367,2.341512441635132
4.976733742420574,5.0643630027771
3.49650756146648,3.1267969608306885
0.6931471805599453,0.3843860361646486
7.186901020411631,6.777090072631836
5.030437921392435,5.314659118652344
1.791759469228055,1.585539022453066
4.890349128221754,4.538234233856201
0.0,0.9927757126959164
1.3862943611198906,1.307587884538499
3.9889840465642745,3.962960958480835
0.0,0.020681857169370464
7.43543801981455,7.502797603607178
1.3862943611198906,1.1588412585284882
1.6094379124341005,0.41894762991237405
0.0,0.08704691745647673
0.0,0.46178474245382645
0.0,0.8073244692025796
0.0,0.18831611988840816
7.398174092970465,6.574163913726807
5.802118375377063,4.846976280212402
8.866017398810255,8.849311828613281
5.613128106388071,3.527114152908325
0.0,0.5075218123935618
3.258096538021482,3.0525991916656494
0.0,0.27389442725141855
2.995732273553991,2.906555414199829
0.0,0.192003616607063
2.5649493574615367,3.083775043487549
2.4849066497880004,2.4690353870391846
0.0,0.05216062298311448
4.219507705176107,4.328373432159424
4.0943445622221,3.9373929500579834
3.332204510175204,2.7493271827697754
0.6931471805599453,1.203990392602772
2.079441541679836,2.423335075378418
0.0,0.8888058941471438
3.367295829986474,3.6202750205993652
0.0,0.18857856689751643
0.0,0.7969356946785495
0.0,0.34680440947683855
1.0986122886681098,0.486693581815714
2.70805020110221,2.918576240539551
0.0,0.6546736248037377
1.0986122886681098,0.4313535514375801
1.791759469228055,0.9908452214131985
7.519149957669823,6.993606090545654
2.772588722239781,3.3155393600463867
5.6937321388027,5.588622093200684
3.1354942159291497,3.067537784576416
0.0,0.09762904098651708
0.0,0.46054222980100895
2.8903717578961645,3.0069854259490967
1.6094379124341005,0.6246263772410613
9.0320506762956,8.8195161819458
0.0,0.290303591356773
2.302585092994046,2.801250457763672
2.302585092994046,2.2375080585479736
4.997212273764115,4.773517608642578
1.791759469228055,1.2235820229334562
4.882801922586371,4.987679481506348
0.6931471805599453,0.3865848554489409
2.3978952727983707,2.779292106628418
5.552959584921617,6.507931232452393
0.6931471805599453,0.1799707749187236
4.867534450455582,4.294790744781494
1.6094379124341005,1.575854263954346
1.791759469228055,0.43090913910539896
0.0,0.1939667862269776
4.564348191467836,4.581085681915283
0.0,0.5384603186077174
2.079441541679836,3.048706293106079
2.3978952727983707,2.7601494789123535
2.3978952727983707,2.8957901000976562
0.0,0.09191141422015724
6.324358962381311,4.4508442878723145
0.0,0.3538909896978041
6.39024066706535,6.268641471862793
2.079441541679836,2.523695230484009
0.0,0.06581118948613635
0.0,0.08824657325718155
0.0,0.11061226320269515
0.0,0.48900641278322127
5.225746673713202,5.348662376403809
0.0,0.14616293892153764
4.060443010546419,2.566603660583496
1.3862943611198906,0.4630798343460413
0.0,0.02854721633600771
4.442651256490317,4.667120456695557
0.0,0.32776127951626655
4.5217885770490405,4.93500280380249
2.6390573296152584,3.6834635734558105
6.194405391104672,6.447844982147217
0.0,0.30233958597437327
0.0,0.3567045576495245
0.0,0.8549043284491119
3.4657359027997265,3.871751070022583
3.091042453358316,3.0429255962371826
0.0,-0.019793541226041197
1.3862943611198906,1.3634640047905038
5.981414211254481,5.82822322845459
0.0,0.4298699203997079
4.6443908991413725,4.146193027496338
0.0,0.0767292717861627
2.079441541679836,2.8083693981170654
2.3978952727983707,2.4206504821777344
0.0,0.07514847634703156
3.044522437723423,3.251195192337036
0.0,0.6916041839305421
3.044522437723423,3.7852656841278076
2.302585092994046,2.9137139320373535
1.791759469228055,1.5214520735885904
2.5649493574615367,2.6564841270446777
9.169976605786628,8.75515365600586
3.58351893845611,3.6555845737457275
1.3862943611198906,1.2030996524218258
5.780743515792329,5.000843524932861
7.094234845924755,7.239851474761963
3.295836866004329,2.941068649291992
0.0,0.13163105655069965
5.996452088619021,6.521841049194336
2.302585092994046,2.5305588245391846
4.418840607796598,4.172478199005127
4.543294782270004,4.080101013183594
7.05444965813294,5.739157676696777
0.0,0.5629873666006402
0.0,0.6561057126003461
2.772588722239781,3.4479687213897705
0.0,0.14985154131868034
2.19722457733622,2.4655351638793945
2.5649493574615367,3.7060046195983887
2.9444389791664403,3.576446056365967
1.3862943611198906,0.5013230264119377
3.555348061489413,4.7887864112854
2.9444389791664403,3.6056549549102783
0.0,0.3934778176298091
0.6931471805599453,1.615200604719386
1.791759469228055,0.9437086197002162
3.1354942159291497,3.6503026485443115
0.0,0.47136923514286433
3.784189633918261,3.788515090942383
0.0,0.5178834248002863
0.0,0.9380517264012488
0.6931471805599453,0.12062114146011116
2.079441541679836,2.5197346210479736
1.6094379124341005,0.9700142277755701
1.3862943611198906,1.4047704971902688
3.332204510175204,3.2747962474823
3.044522437723423,3.1049270629882812
2.4849066497880004,3.189444065093994
4.143134726391533,3.985398292541504
1.791759469228055,1.3749238336067724
2.833213344056216,2.719289779663086
0.6931471805599453,0.45314180586946995
2.079441541679836,2.7835283279418945
0.0,0.06702319805838063
4.158883083359672,3.979074478149414
0.0,0.4142180925557392
2.079441541679836,2.3919267654418945
0.0,0.013476626420458312
1.3862943611198906,1.1306334834593936
0.0,0.030361727585725265
0.0,1.1123973056142002
1.6094379124341005,0.6955388207643423
3.8918202981106265,3.785857677459717
0.0,-0.03913700163218635
1.0986122886681098,0.6326574529106923
3.8501476017100575,3.153254508972168
2.302585092994046,3.212366819381714
1.3862943611198906,0.7022384396011578
4.07753744390572,4.284663200378418
0.6931471805599453,0.9763978336309542
0.0,0.3861270445209417
0.6931471805599453,0.18437472054618478
0.6931471805599453,0.4728839483058471
0.0,0.5521705134740237
0.0,0.6065059014170445
1.3862943611198906,0.7226790842296721
2.079441541679836,2.3167896270751953
5.123963979403259,5.780581474304199
1.6094379124341005,0.8234113287621675
0.0,0.2706548183675419
0.0,0.6910886235600178
1.0986122886681098,0.8838282172069514
4.934473933130692,4.446850776672363
0.6931471805599453,0.5027000373543444
1.3862943611198906,1.5020574473229837
2.9444389791664403,2.987239360809326
1.3862943611198906,0.23787725707599014
0.0,0.04966243843900367
2.9444389791664403,3.1502864360809326
0.6931471805599453,-0.04305338747671724
2.5649493574615367,2.6530208587646484
5.638354669333745,5.952795505523682
1.0986122886681098,0.5843061382644227
0.0,0.22726399556832758
3.6635616461296463,3.834221601486206
2.8903717578961645,2.6263957023620605
0.6931471805599453,0.2891413433141867
1.6094379124341005,0.6740212465301899
3.80666248977032,3.3655996322631836
5.225746673713202,5.481306552886963
0.6931471805599453,0.5672906020518281
3.258096538021482,3.2698922157287598
0.0,0.20343840938613575
0.0,0.11428349114557379
1.6094379124341005,1.2968103929366979
7.938802248154481,7.690874099731445
0.6931471805599453,0.6692912477242478
5.214935757608986,4.831943988800049
0.0,0.20655247460630582
0.0,0.5118740422309077
0.6931471805599453,0.7969356946785495
2.4849066497880004,2.575161933898926
2.3978952727983707,2.667207956314087
2.70805020110221,2.564033031463623
6.180016653652572,5.915971755981445
1.0986122886681098,0.41120453253893147
0.0,0.9511855215005005
0.0,0.5107590010296731
0.0,0.15386131319950289
0.6931471805599453,1.2398976875647763
0.6931471805599453,0.9893949425455209
1.6094379124341005,1.754481036956978
0.0,1.321193435601249
1.3862943611198906,0.38157714583630126
0.0,0.3669302346602237
6.385194398997726,6.390665054321289
0.0,0.027426899592117575
0.6931471805599453,0.3791460890390604
1.0986122886681098,1.1819310592992063
1.6094379124341005,1.0513285885666943
5.3981627015177525,5.187462329864502
3.9318256327243257,3.6485414505004883
4.983606621708336,5.115268230438232
0.0,0.38639078962828566
3.218875824868201,2.5480844974517822
0.0,0.10886510529476663
0.0,0.043756901480477145
5.075173815233827,4.826143264770508
6.028278520230698,4.920366287231445
3.610917912644224,3.4932701587677
0.0,0.09113370374854163
9.060447282401563,8.779488563537598
1.3862943611198906,1.1873659033420179
1.6094379124341005,0.2548273038991856
3.044522437723423,3.3305232524871826
3.688879454113936,3.900998115539551
0.0,0.07852452418181886
4.653960350157523,4.532688140869141
6.584791392385716,6.518352508544922
0.0,0.21999390614908781
1.6094379124341005,1.1251954596780382
1.0986122886681098,0.5707363092540432
6.274762021241939,6.332921981811523
0.0,0.017679641768066842
3.091042453358316,3.078792095184326
5.365976015021851,4.617535591125488
2.3978952727983707,2.708078622817993
2.079441541679836,2.2042486667633057
3.8918202981106265,3.8053665161132812
1.6094379124341005,0.13343859875922845
0.0,0.21257878683220036
2.70805020110221,2.8962600231170654
4.584967478670572,4.295724868774414
6.508769136971682,6.40761137008667
0.0,0.35647597002477427
0.6931471805599453,1.0003693333618
2.4849066497880004,2.9026854038238525
1.0986122886681098,0.36727206175997135
5.303304908059076,5.4508233070373535
0.0,0.5977586772948089
5.241747015059643,4.044869899749756
2.19722457733622,2.535540819168091
6.030685260261263,5.310572147369385
1.791759469228055,1.5399494910388813
4.663439094112067,3.064544439315796
1.791759469228055,1.3721213455247798
4.543294782270004,3.9646010398864746
0.0,0.43535456433447467
0.6931471805599453,0.3121219209410681
0.6931471805599453,0.8749494286496491
0.6931471805599453,0.5337197034137597
3.044522437723423,2.731422185897827
5.0369526024136295,4.320122241973877
0.6931471805599453,0.9694838595817323
4.454347296253507,4.2377848625183105
1.6094379124341005,1.6676570475042467
1.6094379124341005,1.1373346601711247
1.3862943611198906,0.9783715286223571
4.74493212836325,4.599886894226074
4.276666119016055,3.95153546333313
3.332204510175204,2.9956188201904297
4.584967478670572,4.319579601287842
1.0986122886681098,1.0111852895093876
0.0,0.08488195455560595
0.0,0.262212759271119
3.044522437723423,2.60677170753479
2.079441541679836,2.6413540840148926
4.890349128221754,4.958621978759766
2.079441541679836,2.203166961669922
8.289539484624141,8.346528053283691
0.6931471805599453,0.19823385544481442
0.0,0.14186233061376158
0.6931471805599453,0.4559840460237592
0.0,0.23226356395278472
0.0,0.14613417026229714
0.0,0.1419283882669365
0.0,0.23600531220460727
0.6931471805599453,1.0473140404610335
0.6931471805599453,0.6842816253374084
0.0,0.06266887856893742
0.6931471805599453,0.26605664460560663
5.58724865840025,5.1882171630859375
3.610917912644224,3.3340089321136475
3.828641396489095,4.503944396972656
2.4849066497880004,2.8681559562683105
6.184148890937483,5.454747676849365
6.519147287940395,6.600336074829102
6.0112671744041615,5.3283305168151855
1.3862943611198906,0.47613501578556067
4.532599493153256,5.373185157775879
3.9889840465642745,3.051710605621338
1.3862943611198906,1.205742028002517
1.791759469228055,0.7794178337409079
1.9459101490553128,1.4236953369223946
0.6931471805599453,0.5351973283786258
2.4849066497880004,3.605755090713501
2.19722457733622,3.100902557373047
0.0,0.14579976815991913
4.867534450455582,4.527986526489258
0.6931471805599453,0.1125946433660928
0.0,0.15338419807019743
0.0,0.04863391358911076
0.0,0.6137437460369021
0.0,0.9659692546522053
2.8903717578961645,3.328032970428467
7.301822342137932,7.451321601867676
1.0986122886681098,0.36727206175997135
0.0,0.04192185797934897
0.0,0.8516885112604892
1.9459101490553128,0.6905447095998971
5.2832037287379885,5.364596843719482
0.0,0.10738564963281187
0.0,0.2532270766181258
0.0,0.2540933961293641
4.584967478670572,3.568256378173828
2.4849066497880004,3.026360273361206
0.0,0.8685904902311172
0.0,0.24752227533194052
2.8903717578961645,3.2423081398010254
3.8501476017100575,4.1987175941467285
0.0,0.4583366218819941
3.9318256327243257,2.848116636276245
0.6931471805599453,0.3031549434574887
1.791759469228055,1.0668148425782649
0.6931471805599453,1.1458806101829377
7.10085190894405,6.72540807723999
0.6931471805599453,0.18888294620547053
0.0,0.2491631066215824
7.553810852008231,7.582137107849121
0.0,0.19002838474407024
2.19722457733622,2.7379214763641357
1.6094379124341005,1.0285912183127766
4.997212273764115,4.806291580200195
0.6931471805599453,1.4045514024101935
5.552959584921617,4.452730655670166
1.6094379124341005,0.4831459824812771
4.836281906951478,3.675246238708496
2.5649493574615367,2.5450682640075684
2.70805020110221,2.8523998260498047
4.343805421853684,4.096390247344971
1.791759469228055,1.4986640086166887
0.0,0.07752944405027698
3.367295829986474,2.9954802989959717
1.791759469228055,0.7223356571686977
9.169976605786628,8.808197021484375
1.791759469228055,0.6477180667852168
7.525639975041535,8.163508415222168
8.043984431221553,7.443990230560303
1.3862943611198906,0.6955388207643423
1.0986122886681098,0.6652096222641507
0.0,0.48799338094356015
3.737669618283368,3.4392101764678955
2.3978952727983707,2.6719651222229004
3.8918202981106265,4.9201979637146
5.513428746164983,3.3266055583953857
0.0,0.3075013576799407
1.3862943611198906,0.9090119199556363
5.976350909297934,5.688834190368652
4.465908118654584,3.9601187705993652
3.367295829986474,4.725489616394043
1.9459101490553128,1.7850737411836095
2.079441541679836,2.373508930206299
3.7612001156935615,5.055159091949463
0.0,0.32202316365208083
2.079441541679836,2.420414686203003
1.6094379124341005,1.4977379460064515
4.356708826689592,3.0408263206481934
1.6094379124341005,1.4294262145594643
0.0,0.3886763271442647
4.356708826689592,3.631591320037842
0.0,0.23700590006824973
8.173575486634153,7.490353584289551
0.6931471805599453,1.0364116766687161
1.6094379124341005,1.1909198868474435
3.295836866004329,3.2613461017608643
1.0986122886681098,1.175313823041195
2.995732273553991,2.9759185314178467
3.044522437723423,2.69577693939209
1.3862943611198906,0.5554451537509063
0.6931471805599453,0.5647820840143536
0.6931471805599453,0.45873723005381745
0.0,0.5937555606343486
5.030437921392435,3.647528648376465
4.204692619390966,5.2605366706848145
0.0,0.5427584593082514
0.0,0.30621512385166694
0.0,0.15549383535518094
3.1354942159291497,4.0715484619140625
3.218875824868201,2.7542684078216553
2.3978952727983707,3.5359108448028564
1.6094379124341005,0.20877147801993712
0.6931471805599453,0.5544638938267783
0.0,0.028638504245427195
1.3862943611198906,1.2152465039696771
0.0,0.2577702565674163
2.995732273553991,3.2727487087249756
0.6931471805599453,1.2244913498218117
0.0,0.2847842417311397
1.3862943611198906,1.6850483169547672
0.0,0.21459211665489106
1.0986122886681098,1.287503466799962
0.0,0.34686453181152493
0.6931471805599453,0.4566551173809048
2.6390573296152584,2.854712963104248
0.0,0.4540590197926533
1.6094379124341005,0.5198148817522275
5.303304908059076,5.203444480895996
3.1780538303479458,4.012284278869629
4.143134726391533,4.494442939758301
3.4657359027997265,3.5169503688812256
0.0,0.15171127457667724
2.079441541679836,2.536477565765381
4.990432586778736,4.450834274291992
0.0,0.3108356720281156
0.0,0.47869257280263444
0.0,0.0015131388926387357
1.3862943611198906,0.8403462340613183
2.079441541679836,2.0917441844940186
2.302585092994046,2.886791229248047
0.0,0.18564487150471046
1.6094379124341005,1.0860063182545143
0.0,0.2743175336634605
6.902742737158593,6.406741619110107
4.691347882229144,4.273136138916016
2.70805020110221,5.136453151702881
4.248495242049359,4.8611249923706055
1.3862943611198906,0.4753910842139403
5.786897381366708,5.952060222625732
0.0,0.07856855323119641
0.0,0.05999191609327762
3.828641396489095,4.180795669555664
4.852030263919617,4.87685489654541
1.3862943611198906,1.4766571768276513
1.791759469228055,0.5386044238701211
2.3978952727983707,2.5547525882720947
8.15162164696975,8.194401741027832
0.6931471805599453,0.9994944255118264
1.3862943611198906,1.5390672553489257
1.3862943611198906,0.4448087969464097
2.772588722239781,2.891854763031006
0.0,0.051839959594782534
2.19722457733622,2.7268967628479004
9.169976605786628,8.584871292114258
8.458716261657262,5.901606559753418
1.3862943611198906,0.4769737695588228
0.0,0.4728108345191758
3.80666248977032,2.945002555847168
5.961005339623274,5.439279556274414
0.0,0.06558955628131909
4.8283137373023015,5.189494609832764
2.833213344056216,2.6901795864105225
2.8903717578961645,2.996288776397705
6.877296071497429,6.991133213043213
0.0,1.033196169802877
0.6931471805599453,1.2249262912334278
0.6931471805599453,1.0266792651166523
0.0,0.5666725126978922
7.886832998955056,8.088090896606445
0.0,0.492222641249686
3.218875824868201,3.1877734661102295
5.049856007249537,4.913745880126953
1.3862943611198906,0.8411903156636631
5.3981627015177525,5.935111045837402
4.07753744390572,4.339389324188232
2.5649493574615367,2.7546515464782715
0.0,0.2793814811116629
4.248495242049359,4.389475345611572
3.295836866004329,3.8807485103607178
0.6931471805599453,0.3989445802757522
0.0,0.479916631560787
5.384495062789089,5.496659278869629
6.961296045910167,6.642475605010986
2.5649493574615367,2.3102757930755615
2.995732273553991,3.072781801223755
1.791759469228055,1.5535367230524761
0.0,0.2007329469812567
0.0,0.05164814513959387
9.09952053687094,7.149743556976318
4.912654885736052,4.181358337402344
0.0,0.3993869974241938
0.0,0.4574002085373922
0.0,0.10161293119666302
1.6094379124341005,1.2911801958634823
6.115892125483034,6.455428600311279
3.367295829986474,4.153542518615723
2.302585092994046,2.7573752403259277
2.772588722239781,2.785130262374878
4.204692619390966,4.59774923324585
4.248495242049359,3.9140942096710205
2.6390573296152584,2.647233486175537
2.70805020110221,2.870183229446411
1.9459101490553128,1.3859014495586188
1.0986122886681098,1.4158054986128443
1.3862943611198906,0.7162090185344603
3.367295829986474,3.563725233078003
0.0,0.07949933265987902
0.6931471805599453,0.7626038534241136
1.791759469228055,1.3553169150461997
0.0,0.5306157616550752
0.0,0.058782704692415186
2.302585092994046,2.6888294219970703
4.532599493153256,4.295631408691406
3.091042453358316,2.491786241531372
6.159095388491933,5.730571269989014
2.079441541679836,2.697981834411621
3.80666248977032,3.602928400039673
1.791759469228055,1.4911890962788976
4.5217885770490405,3.1861982345581055
6.907755278982137,7.252511024475098
0.0,0.16225806560084843
2.5649493574615367,3.4252748489379883
0.0,0.20727484439064578
2.5649493574615367,2.7729907035827637
2.8903717578961645,2.601062059402466
0.6931471805599453,0.875424468035737
1.0986122886681098,1.3693427633858548
1.0986122886681098,0.8529597888650398
1.0986122886681098,0.49345571074338457
1.0986122886681098,0.18497138710719316
2.079441541679836,2.4487619400024414
0.0,0.042388420375998
0.0,0.24229322313685792
4.68213122712422,5.285304546356201
0.0,0.04272879160250753
4.934473933130692,5.028738021850586
0.0,0.3685033042993543
2.4849066497880004,2.5359861850738525
3.4011973816621555,3.0961883068084717
0.0,0.44415139202242854
1.9459101490553128,1.6996728138874704
2.6390573296152584,3.078514337539673
2.5649493574615367,2.520749807357788
1.0986122886681098,0.3006130546128087
0.0,0.36230633909019266
0.6931471805599453,0.5776093114038163
2.4849066497880004,3.032012701034546
0.0,0.055902687568953266
3.912023005428146,5.395012378692627
0.0,0.5818133853876435
0.0,0.08249555433457641
0.6931471805599453,0.414928338738741
2.3978952727983707,2.7448418140411377
4.110873864173311,3.042404890060425
3.044522437723423,3.202169179916382
2.772588722239781,3.214904546737671
0.0,0.38196540484980407
0.0,0.42445038902251553
1.791759469228055,1.500553954322315
0.0,0.3827050606207916
7.113956109566034,7.439248561859131
0.6931471805599453,0.47215073494513
0.6931471805599453,0.4493932213659865
0.0,0.7233743589540825
1.3862943611198906,1.226174546370667
7.537430036586509,7.942807197570801
1.0986122886681098,0.635577690035009
0.6931471805599453,0.8837389740915771
5.075173815233827,4.774813175201416
1.0986122886681098,1.364050380853438
3.4011973816621555,2.9318604469299316
2.8903717578961645,2.585911273956299
1.791759469228055,0.7116328684840258
0.6931471805599453,0.4904772731265477
0.0,0.0601248095203655
5.968707559985366,5.490048408508301
0.0,0.4391843603751002
5.056245805348308,5.017223358154297
0.6931471805599453,1.1941558617169294
2.079441541679836,2.9585683345794678
3.1780538303479458,3.6230781078338623
4.04305126783455,4.546871185302734
0.6931471805599453,0.30945579271719587
2.19722457733622,3.6129684448242188
1.6094379124341005,0.7037258971773372
0.0,0.0854502364057812
2.079441541679836,2.6771161556243896
1.791759469228055,0.8519700390397931
2.3978952727983707,2.4513072967529297
4.59511985013459,4.908155918121338
0.0,0.31344305965076225
5.752572638825633,5.056455135345459
5.541263545158426,5.623302936553955
5.407171771460119,5.2769622802734375
0.0,0.25670550291899913
2.079441541679836,2.512673854827881
5.768320995793772,6.415842056274414
1.0986122886681098,0.9540401113023559
0.0,0.3928553929473847
1.791759469228055,1.2960277319007554
6.684611727667927,6.3444037437438965
8.57828829077605,8.407017707824707
0.0,0.728651832340659
0.0,0.183337543916491
0.6931471805599453,1.0566463008544518
3.1780538303479458,3.7200522422790527
5.19295685089021,5.165950298309326
0.0,0.40851003661833274
6.192362489474872,6.713440418243408
0.6931471805599453,1.2193035228676985
4.59511985013459,4.936924457550049
3.9318256327243257,4.065491199493408
2.6390573296152584,3.2968363761901855
5.14166355650266,5.580889701843262
6.928537818164665,6.240585803985596
6.198478716492308,5.188653469085693
4.30406509320417,4.738300323486328
0.0,0.5723317325255247
2.302585092994046,2.1637039184570312
4.394449154672439,3.1357178688049316
3.6375861597263857,3.2701547145843506
0.6931471805599453,1.2649767992739382
0.0,0.47416459103827485
2.70805020110221,3.048051595687866
4.343805421853684,4.477630138397217
3.1354942159291497,2.852280855178833
0.0,0.054123549663575604
1.0986122886681098,0.3625089785813491
1.3862943611198906,1.3465498816734929
1.0986122886681098,0.413222091510652
4.700480365792417,5.230861186981201
1.0986122886681098,0.6578517642940445
0.0,0.053114970204266476
4.624972813284271,4.4229278564453125
2.4849066497880004,2.9351179599761963
1.3862943611198906,0.7545087496930633
3.367295829986474,2.8885908126831055
1.791759469228055,1.50009961647176
0.6931471805599453,0.11133355625029301
2.079441541679836,3.4524893760681152
4.605170185988092,2.764707326889038
0.6931471805599453,0.1536423953360145
1.6094379124341005,0.7681164760978434
0.0,0.21244745115384864
0.0,0.22019233191524507
6.883462586413092,8.127323150634766
2.5649493574615367,2.4620721340179443
0.0,0.6164995531752891
1.0986122886681098,1.3765863185107705
1.0986122886681098,0.7740873796426945
4.564348191467836,5.717080116271973
6.455198563340122,6.840033054351807
8.061486866871327,7.17746639251709
0.0,0.45413855791980773
0.0,0.22296931142989715
1.0986122886681098,0.6790918114885485
5.087596335232384,4.278120517730713
0.0,0.3604797753444109
0.6931471805599453,0.46018620974384233
3.9889840465642745,4.193553924560547
1.0986122886681098,0.6571579482267691
0.0,0.26395812775012845
6.9865664594064265,7.318309783935547
4.290459441148391,5.700876235961914
4.23410650459726,3.7640225887298584
0.0,0.19002838474407024
3.4011973816621555,2.992905378341675
4.07753744390572,4.666563987731934
3.091042453358316,3.444376230239868
2.70805020110221,3.0403800010681152
0.0,0.2705169509726054
6.699500340161678,6.991325378417969
1.791759469228055,1.6423594465667215
2.302585092994046,2.418226718902588
5.82600010738045,6.724613666534424
1.3862943611198906,0.6761689419944263
1.9459101490553128,1.6174502993313422
3.80666248977032,3.7883543968200684
4.543294782270004,4.773146629333496
6.56244409369372,6.640505790710449
9.169976605786628,4.668913841247559
2.302585092994046,2.8226211071014404
1.6094379124341005,1.2289989190318389
6.736966958001855,6.4929118156433105
0.0,0.04257332942654087
6.9865664594064265,7.338962078094482
2.8903717578961645,3.2453880310058594
2.6390573296152584,3.3955228328704834
1.0986122886681098,0.23806548591005877
2.079441541679836,2.5975358486175537
4.174387269895637,6.630868434906006
3.871201010907891,3.88000226020813
2.4849066497880004,2.5235869884490967
0.0,0.20000837593837711
0.0,1.1566362091062818
3.871201010907891,3.385263681411743
2.70805020110221,2.6241066455841064
0.0,-0.008813178162603014
0.0,0.07007578125831676
0.0,0.18615900118580883
0.0,0.3347074541209681
2.079441541679836,2.6842901706695557
0.0,0.5285508920754589
0.6931471805599453,0.7781539964536747
0.0,0.2648088507651847
0.0,0.17266575539623621
0.0,0.09688076137821702
1.0986122886681098,0.3869484776288407
0.0,0.6421740903325228
0.0,0.15433835565036677
4.02535169073515,3.779062032699585
1.3862943611198906,1.0943483259894873
0.0,0.8786712656934954
1.3862943611198906,1.5132685280463396
3.58351893845611,3.0049097537994385
0.0,0.6094842615394948
0.6931471805599453,0.7448689300590876
2.19722457733622,2.146507740020752
0.6931471805599453,1.2051708783568955
2.4849066497880004,2.429176092147827
2.302585092994046,2.670833110809326
5.075173815233827,5.009708881378174
2.3978952727983707,2.344616174697876
0.0,0.5680011232486094
4.882801922586371,5.105772495269775
0.0,0.02516633782538502
4.795790545596741,3.830375909805298
5.993961427306569,5.862838268280029
5.308267697401205,3.371286392211914
2.5649493574615367,2.655771017074585
4.6443908991413725,4.60372257232666
4.356708826689592,4.510279655456543
0.6931471805599453,0.1328594075125156
0.0,0.19349127121330068
1.6094379124341005,0.7129898343615456
7.167809184316444,7.384358882904053
0.0,0.2148699426466907
2.833213344056216,3.5556421279907227
4.955827057601261,4.345029830932617
0.0,0.10410493844183816
0.0,0.13295932305376568
0.6931471805599453,1.563235209454968
2.079441541679836,2.844693183898926
4.02535169073515,3.80607271194458
1.6094379124341005,1.28108328606944
0.0,0.010551186555754224
3.258096538021482,3.6553919315338135
0.0,0.6130460443830033
5.755742213586912,4.8847455978393555
3.332204510175204,2.6878058910369873
0.6931471805599453,1.2618046980617934
2.4849066497880004,2.5427558422088623
3.688879454113936,3.1438355445861816
1.6094379124341005,1.1913215840793625
1.9459101490553128,1.4408810086867816
1.3862943611198906,1.1597010159354308
1.791759469228055,0.6467402523766549
9.169976605786628,8.68432331085205
2.3978952727983707,2.4134466648101807
1.0986122886681098,1.309998609356442
2.772588722239781,2.753933906555176
4.219507705176107,4.358407974243164
0.0,0.37058894926622793
1.3862943611198906,1.607612797688772
0.6931471805599453,0.44188135886758906
0.0,0.32868230819269023
1.0986122886681098,0.5374416754034341
2.302585092994046,2.4957709312438965
1.791759469228055,0.7932838100229901
1.0986122886681098,0.6347245730898852
1.0986122886681098,1.2741749530265352
6.077642243349034,6.056577205657959
2.3978952727983707,2.570871353149414
0.0,0.04408430636387258
0.6931471805599453,0.5346566549868407
0.6931471805599453,0.45613509078754666
4.060443010546419,4.424506187438965
4.543294782270004,4.375131130218506
1.3862943611198906,1.2139462952924611
8.68406264365127,8.72354793548584
1.0986122886681098,0.5078419625153885
0.0,0.1302091066837725
0.6931471805599453,0.6294845821824914
1.0986122886681098,0.890548473172876
7.975908360165538,7.825235366821289
0.0,0.10151897874952463
4.691347882229144,4.741209983825684
9.169976605786628,9.046616554260254
5.855071922202427,6.158120155334473
2.079441541679836,3.0149426460266113
6.98933526597456,6.513774871826172
0.6931471805599453,0.35467348053869324
2.19722457733622,2.2717432975769043
2.772588722239781,2.81091046333313
1.0986122886681098,1.2534319480643716
2.6390573296152584,3.9612877368927
5.117993812416755,5.183459281921387
1.0986122886681098,0.6367638423314871
4.174387269895637,4.860348224639893
5.062595033026967,4.600667953491211
4.356708826689592,4.282083034515381
0.0,0.06546319722223351
0.0,0.3658770671172149
0.0,0.053535992337758576
0.0,0.5848551172809963
3.218875824868201,2.6974987983703613
0.0,0.015036682306118147
2.9444389791664403,5.319077491760254
0.6931471805599453,0.26097449950555207
0.0,0.09458548384080936
0.0,0.210693406297726
1.3862943611198906,1.1444110921349913
0.0,0.0942606548917142
0.0,0.5633605712187475
0.0,0.6033043606767131
6.495265555937008,6.761245250701904
1.3862943611198906,1.1620257535105891
0.0,0.6330150133840522
0.6931471805599453,0.6212580861074618
3.610917912644224,2.6617720127105713
0.0,0.2556196092430292
6.699500340161678,6.396763801574707
0.0,0.8470800881362386
6.511745329644728,7.343016147613525
3.49650756146648,3.4649877548217773
5.351858133476067,4.775180339813232
0.0,0.1494844242706199
1.791759469228055,1.4982642379979987
1.3862943611198906,1.4348907251844476
2.079441541679836,3.993363380432129
1.6094379124341005,0.9822171733261452
6.907755278982137,6.742193698883057
0.0,0.018010550730314198
2.3978952727983707,2.6780195236206055
0.6931471805599453,1.2392162853155169
3.8918202981106265,3.932328701019287
3.1354942159291497,3.9988605976104736
0.0,0.5662519921393355
1.6094379124341005,0.7849492249805575
3.091042453358316,3.465852737426758
2.19722457733622,4.51242733001709
1.0986122886681098,0.6140879401240777
0.0,0.10019071470262854
0.6931471805599453,0.6398970147118181
6.22455842927536,6.94957160949707
4.454347296253507,4.045431613922119
2.6390573296152584,2.965771436691284
0.0,0.15672251923441075
0.0,0.03238639848776297
1.3862943611198906,0.6530413266264911
0.0,1.186489113842994
0.0,0.08195462593013905
1.0986122886681098,0.4671468855119566
6.269096283706261,6.347719669342041
5.3706380281276624,5.323405742645264
2.19722457733622,2.5747463703155518
1.791759469228055,0.4429071327869171
3.912023005428146,3.466890811920166
3.4657359027997265,3.785629987716675
8.231642179973411,8.265400886535645
0.0,0.5267535826980618
0.6931471805599453,0.058456025348659305
1.3862943611198906,0.8688591213444401
2.19722457733622,2.527867317199707
2.4849066497880004,2.716597318649292
6.795705775173514,5.662411689758301
0.0,0.03383785520734492
0.6931471805599453,0.5732196834660582
5.942799375126701,5.732390880584717
0.0,0.4131498302177123
3.871201010907891,4.817244052886963
4.23410650459726,3.4790585041046143
0.6931471805599453,0.5965202496888004
2.3978952727983707,2.198072910308838
1.0986122886681098,1.4742233235859576
2.302585092994046,3.0634987354278564
0.0,0.011042388495424287
4.219507705176107,3.441370964050293
1.6094379124341005,1.5586783564937225
0.0,0.0645917070280881
1.0986122886681098,0.7457110821755543
2.772588722239781,2.865811586380005
9.169976605786628,8.875008583068848
4.382026634673881,4.4647908210754395
3.044522437723423,3.575671911239624
0.0,0.3935343719220969
2.302585092994046,2.6538712978363037
6.55250788703459,6.35675573348999
0.0,0.314498910866058
4.653960350157523,3.1730053424835205
2.70805020110221,2.6205899715423584
0.6931471805599453,0.5309570768769254
3.58351893845611,2.8887393474578857
1.0986122886681098,0.7275799708037226
0.0,0.03251213731747323
5.556828061699537,5.977864742279053
0.0,0.4743293888831182
0.0,0.8976071580673757
2.3978952727983707,2.923180341720581
8.128290171607052,8.44400691986084
3.332204510175204,2.942354917526245
0.0,0.03675908449123747
2.079441541679836,3.414320468902588
3.5263605246161616,2.7552490234375
3.912023005428146,3.185154676437378
2.4849066497880004,2.9465458393096924
4.875197323201151,4.9968581199646
1.9459101490553128,1.5385988494226568
2.302585092994046,4.348102569580078
0.6931471805599453,0.6396050473896869
1.6094379124341005,1.5510985044314112
0.0,0.466267016154152
0.6931471805599453,0.27601842172550567
0.6931471805599453,0.48968917219287594
3.58351893845611,3.240236759185791
4.574710978503383,4.74395227432251
3.6375861597263857,4.184210777282715
4.672828834461906,4.0349225997924805
3.6375861597263857,6.116071701049805
7.231287004327616,7.0758466720581055
0.0,0.11832658420186778
0.6931471805599453,0.30503001393577484
0.6931471805599453,0.5723377592213345
0.0,0.04290594459415238
0.0,0.3655247498773761
5.971261839790462,6.1067705154418945
0.0,0.09669965933053351
4.204692619390966,4.724218368530273
3.044522437723423,3.620948076248169
0.6931471805599453,0.04237447283947418
0.0,0.12213657274404921
8.018954683155718,8.243318557739258
0.0,0.06270921595566674
4.110873864173311,4.2302565574646
1.791759469228055,1.6907691909773466
4.060443010546419,4.531630992889404
3.9318256327243257,4.3380937576293945
0.0,0.11778533398015639
0.0,0.0426013859256009
0.6931471805599453,0.5225421559534457
0.0,0.23415243842247072
1.6094379124341005,1.3091164964255755
2.302585092994046,3.7481257915496826
0.0,0.11429853073175963
4.969813299576001,4.957046031951904
3.367295829986474,3.411940097808838
0.0,0.1889122614543121
4.276666119016055,4.784423828125
7.066466970136958,6.781843662261963
0.0,0.34884041968038104
3.9889840465642745,3.828219413757324
4.07753744390572,6.278459548950195
4.51085950651685,4.048861503601074
1.0986122886681098,0.49345571074338457
7.247080584585756,6.927941799163818
6.467698726104354,6.169905185699463
6.0473721790462776,5.478053569793701
5.799092654460526,5.657957553863525
0.0,0.36728553341528175
0.6931471805599453,0.49647156841262624
0.0,0.13068261452358998
2.19722457733622,3.4137725830078125
0.6931471805599453,0.4924540144593308
4.770684624465665,5.101944446563721
8.060855752934316,7.538795471191406
7.255591274253665,7.489160060882568
1.0986122886681098,0.5935624404923052
0.0,0.07593204370141116
0.6931471805599453,0.2544183523268209
2.5649493574615367,2.2583022117614746
4.736198448394496,4.844803333282471
2.3978952727983707,2.977184772491455
2.302585092994046,2.4918248653411865
2.079441541679836,2.526944637298584
6.586171654854675,6.742083549499512
4.330733340286331,4.419011116027832
0.0,0.24308791450972214
1.3862943611198906,1.5479687685090542
2.6390573296152584,2.8316524028778076
0.0,0.28483469337270406
0.0,0.16643288223655747
0.0,0.25187004727194656
6.889591308354466,6.113933563232422
0.0,0.0068575154957080465
6.738152494595957,6.321072101593018
1.0986122886681098,0.5015464345276661
4.477336814478207,4.998870372772217
0.6931471805599453,0.15883932713313023
0.6931471805599453,1.6819333926833442
3.091042453358316,3.3880298137664795
0.0,0.010126196356410096
1.791759469228055,1.3954113417037943
2.772588722239781,2.685371160507202
0.0,0.39359046452577323
0.6931471805599453,1.4244977697113885
5.68697535633982,4.526097297668457
2.302585092994046,2.7738425731658936
2.302585092994046,2.6026458740234375
0.0,0.10126516394258815
0.0,0.39608244584445335
0.0,0.1288166955987937
3.332204510175204,2.910515069961548
1.0986122886681098,1.2935370611060515
0.0,0.05248874168094957
3.7612001156935615,3.30560564994812
0.0,0.23945081834419277
0.0,0.28338022249027045
2.3978952727983707,2.557360887527466
2.772588722239781,2.5372936725616455
0.0,0.08357797476461806
3.737669618283368,3.3974084854125977
2.4849066497880004,2.6981217861175537
0.0,0.3337176688097634
3.4657359027997265,3.8716933727264404
4.219507705176107,4.05687952041626
0.6931471805599453,1.0910584313597984
3.80666248977032,3.018406629562378
1.3862943611198906,1.1938829949038414
2.9444389791664403,2.8845889568328857
3.784189633918261,3.448845624923706
0.0,0.08792702026819069
3.4011973816621555,2.9750945568084717
0.6931471805599453,0.592946565887479
7.651595573857601,7.680295467376709
7.262628600974241,6.842970848083496
5.209486152841421,3.6033852100372314
0.6931471805599453,0.751822048797216
1.9459101490553128,1.448278335395752
1.0986122886681098,1.2423148659970682
5.717027701406222,6.121401309967041
2.8903717578961645,2.7780158519744873
0.0,0.09074069333568605
2.079441541679836,2.263122320175171
3.044522437723423,3.9087557792663574
0.6931471805599453,1.1848518101713836
0.0,0.20411357876446262
0.6931471805599453,0.08249550990752226
1.791759469228055,1.2346532367908465
2.302585092994046,2.266521692276001
1.0986122886681098,0.7221205004722024
2.8903717578961645,2.474200963973999
8.911934336161426,8.959120750427246
5.41610040220442,4.860698699951172
0.0,0.4393582425853935
0.6931471805599453,0.47222384849812565
3.091042453358316,2.7198686599731445
0.0,0.02529693942846077
0.0,0.1363312700989012
7.027314514039777,5.920366287231445
4.248495242049359,4.803369045257568
1.791759469228055,0.9803178830811841
0.0,0.16003113989224999
2.302585092994046,2.8786399364471436
0.0,0.5513331139918835
0.6931471805599453,1.126352091515496
4.02535169073515,3.728153705596924
2.3978952727983707,2.237030506134033
5.676753802268282,7.3775224685668945
8.700847193443972,5.210811138153076
2.6390573296152584,2.5674145221710205
4.343805421853684,4.574986934661865
0.0,0.32494779964400194
1.0986122886681098,0.7247276273181831
4.68213122712422,4.113475799560547
1.3862943611198906,1.1928679393785702
4.143134726391533,4.274697780609131
6.163314804034641,6.595492362976074
6.516193076042964,7.16771125793457
0.0,0.06520437845848732
4.68213122712422,4.859870910644531
0.0,0.4011964056497801
1.6094379124341005,0.6612487732167835
2.772588722239781,2.9306793212890625
7.57455848420248,7.744539737701416
0.0,0.04122674571311627
1.0986122886681098,1.0410318286239981
0.6931471805599453,0.8260648046384307
3.688879454113936,2.650418758392334
0.0,0.3380268333920196
0.0,0.20916546075603631
4.0943445622221,3.7756667137145996
2.6390573296152584,2.3716957569122314
0.6931471805599453,1.0206833191804952
4.02535169073515,4.180694103240967
2.6390573296152584,2.452340841293335
7.938088726896952,8.831719398498535
7.480992162869525,8.464249610900879
4.74493212836325,4.258203983306885
4.844187086458591,4.871408939361572
1.0986122886681098,1.1798472578828043
1.791759469228055,0.9694842500120171
0.0,0.09050521979416974
0.0,0.5497970518786834
2.079441541679836,2.7160234451293945
0.6931471805599453,0.6218779374774186
5.43372200355424,5.850305080413818
0.6931471805599453,0.6662351419530402
0.0,-0.006619583472770955
0.0,0.1868591003679683
0.0,0.15235653735278082
1.3862943611198906,1.1889655412945286
1.0986122886681098,0.23060300285737098
0.6931471805599453,0.6719727874663636
2.4849066497880004,3.1375632286071777
3.610917912644224,3.0251047611236572
3.49650756146648,3.307433605194092
0.6931471805599453,0.34299014202559375
0.0,0.12749331718666393
1.6094379124341005,1.5212440486864884
4.219507705176107,4.803774833679199
5.834810737062605,5.613519191741943
0.6931471805599453,0.13043105763560395
0.0,0.6976925340727389
5.777652323222656,6.312689304351807
3.332204510175204,2.967217206954956
0.0,0.08644089628365798
6.878326468291325,6.032472133636475
4.844187086458591,4.825649738311768
1.3862943611198906,0.7505192967593471
1.3862943611198906,1.4327093672040803
0.0,-0.0068767624226624465
4.04305126783455,4.204626083374023
2.079441541679836,5.156935691833496
2.4849066497880004,2.6987721920013428
0.6931471805599453,0.36986002994664596
1.3862943611198906,0.4990967180355628
2.8903717578961645,3.1965138912200928
4.23410650459726,4.43865966796875
0.0,0.08465173071216209
0.0,0.14333886277948074
1.3862943611198906,1.200738984188936
9.169976605786628,8.975287437438965
1.9459101490553128,1.0341168563070706
2.9444389791664403,2.3345301151275635
1.3862943611198906,0.5112580187928992
4.574710978503383,4.731886863708496
3.5263605246161616,3.635056972503662
0.0,0.10627296957182744
5.560681631015528,5.685136795043945
0.0,0.0762642787601299
2.772588722239781,3.4986748695373535
0.0,0.36528407527850365
0.0,0.35808693367678057
0.0,0.2368207935194921
2.3978952727983707,3.3935258388519287
0.6931471805599453,0.3561522619176866
0.6931471805599453,0.40113482061093786
0.6931471805599453,0.3881642452464643
4.736198448394496,4.674438953399658
3.5263605246161616,4.184138774871826
0.0,0.9926234890320998
2.6390573296152584,2.535252809524536
0.0,0.7176696552047467
0.6931471805599453,0.48595149486405725
4.51085950651685,3.367105722427368
3.4657359027997265,2.8937180042266846
4.653960350157523,5.432168006896973
4.584967478670572,3.630568504333496
0.0,0.05074688965616733
1.6094379124341005,0.8652193919935253
1.3862943611198906,0.36148712621087675
5.921578419643816,4.603804111480713
4.343805421853684,4.960665225982666
3.1354942159291497,2.3874380588531494
4.574710978503383,4.8982696533203125
0.0,1.0115691339550323
0.6931471805599453,0.6917800343322207
2.5649493574615367,2.5883305072784424
2.70805020110221,2.865920066833496
8.696510239189893,8.483718872070312
0.6931471805599453,0.24153554546580358
6.018593214496234,5.081310272216797
0.6931471805599453,1.310411363865918
0.0,0.06671967024171839
2.70805020110221,3.1706602573394775
4.762173934797756,5.194544315338135
0.0,0.019923033464677872
0.0,0.4775549007327509
3.091042453358316,2.7018532752990723
0.0,0.46135543204059415
2.5649493574615367,2.668966293334961
6.732210706467206,6.589969635009766
0.0,0.27945377100095853
0.6931471805599453,0.24717994714947825
3.80666248977032,2.3535029888153076
3.951243718581428,4.015358924865723
2.5649493574615367,2.45528507232666
9.169976605786628,8.232789039611816
1.6094379124341005,1.0177461925674243
1.3862943611198906,1.0749375378532073
0.0,0.17877068410432523
0.0,0.33542938622780555
1.791759469228055,1.3756886342562622
7.569927655242652,6.925143718719482
0.0,0.0013087423533300695
0.0,0.08573664883331157
0.0,0.32419317296996086
7.910957382845589,8.524709701538086
2.302585092994046,2.8259599208831787
3.044522437723423,2.6889259815216064
4.795790545596741,4.598352909088135
0.0,0.6818710848835613
4.74493212836325,3.7292966842651367
6.285998094508865,6.426741123199463
3.737669618283368,3.9086296558380127
0.0,0.62295339070218
0.0,0.19005734915560685
3.091042453358316,3.1643028259277344
0.0,0.4733249371613857
0.0,0.04024895469008802
0.6931471805599453,0.32932099481148075
7.53689712956617,7.359044075012207
0.0,0.13788302082631837
0.0,0.2228595059955569
0.0,0.2543757967188798
0.0,0.2402756388705982
2.6390573296152584,2.5981974601745605
0.0,0.018651295741308634
6.954638864880987,5.953257083892822
0.0,0.039946433294132506
3.258096538021482,2.8297533988952637
0.0,0.33047187518006477
1.3862943611198906,0.9186057260629562
0.0,0.8103088113401641
1.6094379124341005,1.0953348729847232
3.4339872044851463,3.5746309757232666
2.302585092994046,2.5053317546844482
0.0,0.6540874452439481
2.4849066497880004,2.6291234493255615
5.293304824724492,5.080111503601074
1.0986122886681098,0.40279702318038335
4.465908118654584,4.99088716506958
9.169976605786628,8.46776008605957
1.3862943611198906,1.0597130538563515
1.3862943611198906,1.190968365272168
0.0,0.5613931892307655
2.772588722239781,3.105428457260132
0.0,0.4995688606545521
1.6094379124341005,0.6276819743818641
1.6094379124341005,1.3285513130123656
4.553876891600541,3.5417869091033936
5.472270673671475,5.564289093017578
0.0,0.06668027703454447
0.0,0.047801865982428506
0.0,0.16600295095501222
0.0,0.2751763571688301
3.58351893845611,2.993783950805664
5.7745515455444085,4.3174824714660645
0.6931471805599453,0.18789000016483623
5.342334251964811,5.281380653381348
4.844187086458591,3.6838252544403076
0.0,0.11588055362144169
1.0986122886681098,1.366337576942858
1.791759469228055,1.4061162195027512
0.0,0.33881251359090786
0.0,0.3654834646462914
2.9444389791664403,2.7978529930114746
2.70805020110221,3.0021581649780273
0.6931471805599453,1.0692970765460543
0.0,0.05772177491963703
0.0,0.6229215054247229
0.0,0.3944706503409569
0.0,0.7066087809281624
0.0,0.6090364546786288
0.6931471805599453,1.0246629688915696
0.0,0.14679922677638851
3.6635616461296463,3.6156044006347656
0.0,0.3943189533683598
0.0,0.08220493069488666
6.522092798170152,5.692892551422119
3.1780538303479458,2.8702995777130127
3.951243718581428,3.658890962600708
0.6931471805599453,1.203142719732623
2.3978952727983707,3.0105113983154297
1.6094379124341005,1.3461292927967063
0.0,0.0337529058664183
5.849324779946859,5.190464019775391
3.713572066704308,2.771345853805542
0.0,0.047206949368233726
2.6390573296152584,2.543855667114258
7.452402451223638,7.050984859466553
0.0,0.22254377445210144
3.258096538021482,3.4114601612091064
1.6094379124341005,1.5074452017381537
5.3612921657094255,4.929247856140137
1.0986122886681098,1.502802952981457
3.332204510175204,2.533596992492676
3.970291913552122,4.877026081085205
1.3862943611198906,0.29223061248998244
0.0,0.6201068843213573
0.0,0.02289904805743087
0.0,0.19586871848024034
0.0,0.16679624822326358
2.70805020110221,3.2046613693237305
2.302585092994046,2.8470022678375244
0.0,0.14962459356204286
4.795790545596741,4.76771354675293
0.0,0.1363312700989012
3.218875824868201,3.525247097015381
0.0,0.2362765527286973
0.0,0.6090883974739537
4.5217885770490405,3.655761241912842
0.6931471805599453,0.6595893415405177
1.791759469228055,0.8666017393248854
0.0,0.13984777222978031
2.70805020110221,2.5287396907806396
0.0,0.3341819555703061
2.6390573296152584,2.5494918823242188
2.302585092994046,3.095252275466919
3.6635616461296463,2.7932288646698
7.400620577371135,6.701657772064209
3.49650756146648,3.4409072399139404
1.0986122886681098,0.8205511745427283
0.0,1.2520233470306328
0.6931471805599453,1.3738280828484277
4.770684624465665,5.7564568519592285
6.586171654854675,6.619558334350586
0.0,0.1379838469064874
8.258422462458876,8.477005958557129
5.049856007249537,4.475122928619385
0.6931471805599453,0.26629083410843574
0.6931471805599453,0.3695951962844621
1.6094379124341005,1.0070777389251258
4.382026634673881,4.981392860412598
3.912023005428146,3.2811689376831055
4.204692619390966,4.176143646240234
6.322565239927284,5.731083869934082
2.833213344056216,3.323082447052002
0.0,-0.03249810021216823
3.871201010907891,4.466218948364258
0.0,0.5953305254028293
3.218875824868201,3.221022129058838
2.772588722239781,3.2459778785705566
1.6094379124341005,0.043807161778167375
2.70805020110221,3.1619746685028076
4.174387269895637,3.0391485691070557
2.70805020110221,2.7466461658477783
3.367295829986474,3.022305965423584
0.6931471805599453,0.4711403594158766
3.713572066704308,4.00953483581543
0.0,0.20200617057427098
5.220355825078324,5.493826866149902
1.0986122886681098,0.28237562199887734
1.6094379124341005,1.2216757931642543
2.079441541679836,2.4545135498046875
0.0,0.4917079551987876
0.0,0.3134815129242495
8.108021221376747,7.490195274353027
0.0,0.4266098843708154
7.303843225277705,5.831228256225586
0.0,0.9281137995827189
0.0,0.0013930095717229678
1.0986122886681098,1.5909615104091945
4.219507705176107,3.331573486328125
0.0,0.22830620986845612
7.126087273299125,7.092618465423584
0.0,0.014422893295426125
9.169976605786628,8.446894645690918
5.501258210544727,4.664861679077148
1.791759469228055,1.3761328141427343
1.0986122886681098,0.3355845067724808
6.9167150203536085,6.347367763519287
3.610917912644224,3.849496841430664
3.1780538303479458,3.155916929244995
1.791759469228055,1.4825334240866033
1.0986122886681098,1.5083075276017825
0.6931471805599453,0.4928820078997705
3.912023005428146,4.530227184295654
0.0,0.4073564745302063
5.799092654460526,6.255918025970459
5.968707559985366,7.843601703643799
0.0,0.04136339137021493
3.713572066704308,3.5614891052246094
0.0,0.2792151350294382
3.1354942159291497,2.7949705123901367
0.0,0.03407235364947247
3.4657359027997265,3.151620388031006
0.0,0.1807039615593413
0.0,0.32734286020918285
5.159055299214529,4.360339164733887
3.332204510175204,2.8481502532958984
6.401917196727186,6.57913064956665
4.3694478524670215,3.740431308746338
5.1298987149230735,5.0561747550964355
2.9444389791664403,3.04474139213562
3.713572066704308,4.226890563964844
1.6094379124341005,0.48599721474696833
4.605170185988092,3.74746036529541
4.127134385045092,3.8393025398254395
5.955837369464831,6.479770183563232
0.0,0.08644089628365798
2.3978952727983707,3.5409233570098877
5.583496308781699,4.245295524597168
0.0,0.09938397165898542
2.9444389791664403,2.9797701835632324
5.891644211825772,4.8308916091918945
5.730099782973574,5.968169212341309
0.0,0.07374775893831167
0.0,-0.024448173493939657
6.968850378341948,6.831077575683594
0.0,0.10227094083667779
0.0,0.25339023364885954
2.079441541679836,2.9705135822296143
1.9459101490553128,0.8967372920328317
1.6094379124341005,0.6175581357848099
0.0,0.15174768259587554
0.0,0.05636238757127191
2.19722457733622,2.4797627925872803
2.4849066497880004,2.5098180770874023
8.546169299652755,8.216462135314941
3.4657359027997265,3.6856040954589844
4.158883083359672,4.26161527633667
0.0,0.5740533729045355
4.499809670330265,4.142145156860352
4.418840607796598,3.618164300918579
0.0,0.5306001932228079
3.5263605246161616,3.6314353942871094
7.047517221357296,6.780930995941162
1.3862943611198906,1.1887910837705662
3.6635616461296463,3.0804951190948486
0.0,0.1460354196119373
2.995732273553991,3.6761138439178467
2.3978952727983707,2.931119203567505
0.0,0.16688878631272988
1.3862943611198906,0.31989720728936033
1.0986122886681098,0.7518663539350684
0.6931471805599453,1.019373744799998
6.068425588244111,6.041793346405029
1.791759469228055,0.7550752525924247
0.0,0.6352041094355014
2.772588722239781,2.4852795600891113
5.905361848054571,4.591527938842773
5.41164605185504,5.130189895629883
5.579729825986222,4.896986961364746
4.406719247264253,3.7486796379089355
7.504942068396171,7.921919822692871
0.0,0.1866752771791999
1.3862943611198906,1.4371426163806231
0.0,0.26399007430978755
5.3981627015177525,4.2701520919799805
2.772588722239781,3.3726375102996826
3.784189633918261,2.795192003250122
5.541263545158426,6.682487487792969
7.018401799069201,6.95227575302124
0.0,0.2970471289737535
4.060443010546419,3.877497911453247
0.0,0.6701627937350633
3.49650756146648,2.7074737548828125
0.0,0.1903464121806975
1.6094379124341005,1.3295178703063366
3.091042453358316,3.759936809539795
3.218875824868201,2.4696474075317383
0.6931471805599453,0.13395094144275357
0.0,0.21528162961917469
2.302585092994046,3.598370313644409
5.10594547390058,5.571977615356445
4.31748811353631,4.892813205718994
9.169976605786628,9.01880931854248
0.6931471805599453,0.4824317030289903
0.6931471805599453,0.4000110618409743
0.0,0.1358950269035193
4.532599493153256,4.33743143081665
0.0,0.06854214487345721
0.0,0.03675908449123747
7.768110378525988,7.6867852210998535
0.0,0.6156609692396677
0.0,0.29287988520838293
0.0,0.22830620986845612
2.079441541679836,2.5072848796844482
0.0,0.06333775948153982
0.0,0.2811918424866328
2.079441541679836,2.7526166439056396
0.0,0.02343094283610054
0.0,0.3361428189731779
0.0,0.2625835379839705
0.6931471805599453,1.083273031367977
1.0986122886681098,0.5606978185100274
0.6931471805599453,0.11568949562586378
9.169976605786628,8.667375564575195
0.0,0.1368896390135596
0.0,0.5210402559182925
0.0,0.02076007458554756
0.0,0.307153445462568
0.6931471805599453,0.2632569648699783
0.0,0.10886510529476663
0.0,0.11222420870076451
0.6931471805599453,0.5086056949286899
2.3978952727983707,2.749953269958496
1.3862943611198906,0.1251765799430816
0.0,0.011788157690614138
2.079441541679836,2.4787681102752686
4.8283137373023015,4.706552505493164
8.178358165605836,7.456801891326904
3.044522437723423,3.4377849102020264
0.0,0.0828658422981983
4.02535169073515,4.640732765197754
4.343805421853684,4.076426029205322
0.0,0.37482296252683855
6.309918278226516,6.081413745880127
0.6931471805599453,0.09517711592019677
3.091042453358316,3.355958938598633
0.0,0.03128968596132027
2.5649493574615367,2.8053746223449707
3.4657359027997265,4.040555000305176
0.0,0.037284663469779926
0.0,0.10874974437756103
1.0986122886681098,1.6373172480207678
0.6931471805599453,1.1942624253336893
4.718498871295094,4.821821212768555
2.70805020110221,3.3498013019561768
1.0986122886681098,1.0675302505411042
1.791759469228055,1.2122277372348036
3.80666248977032,4.077911853790283
0.6931471805599453,0.5811707926227753
0.0,0.5835421012501913
0.6931471805599453,1.0050471392451386
2.5649493574615367,3.0146753787994385
0.6931471805599453,1.4921297241190405
1.9459101490553128,0.5648125189986425
0.0,0.007885500887763484
0.6931471805599453,0.13300179754869124
0.0,0.07640393457234416
0.0,0.3317386070511062
2.70805020110221,3.64206600189209
0.0,0.022751616179889803
6.025865973825314,5.841392517089844
0.0,0.5957044259480431
4.8283137373023015,4.866266250610352
1.0986122886681098,1.268188055236803
4.465908118654584,4.548452377319336
5.572154032177765,5.657486915588379
3.218875824868201,3.16457462310791
4.248495242049359,3.929250478744507
3.218875824868201,2.8629190921783447
1.0986122886681098,1.2412755301964675
0.0,0.3951252016601018
0.0,0.19350254506229644
0.0,0.049833140739846175
6.57507584059962,4.810871601104736
3.784189633918261,3.3810925483703613
0.0,0.9592356325659187
0.0,0.6561625027241834
0.6931471805599453,0.13138434546278688
3.688879454113936,3.4626641273498535
2.302585092994046,2.6864638328552246
0.6931471805599453,0.11918996762797893
0.0,0.17889176741619195
0.0,0.16799715694913223
4.07753744390572,4.077860355377197
0.0,0.40816531858948824
2.4849066497880004,2.547866106033325
4.04305126783455,4.094899654388428
3.332204510175204,3.667158365249634
3.258096538021482,3.7958083152770996
0.0,0.20566485149187158
0.0,0.05150234504205243
0.0,0.3776720917121977
0.0,0.3347074541209681
5.765191102784844,5.133790969848633
6.084499413075172,6.270625591278076
4.795790545596741,4.04306697845459
2.302585092994046,2.680783748626709
7.305188215393037,7.594214916229248
3.49650756146648,2.7559006214141846
0.0,0.08441178395235874
0.0,0.1798795435369039
0.6931471805599453,0.7073903283085702
2.4849066497880004,3.0040788650512695
0.0,0.2467851550241484
3.713572066704308,3.412213087081909
5.303304908059076,5.087062835693359
0.0,0.05268192142845269
0.0,0.25493920349683113
1.6094379124341005,1.5491333303201944
3.555348061489413,5.705938339233398
0.0,0.054611592920863386
6.025865973825314,5.647542953491211
0.0,0.030912437231519405
5.926926025970411,5.044782638549805
1.791759469228055,1.4137549650920636
2.6390573296152584,2.995384454727173
0.6931471805599453,1.1605675493196246
4.060443010546419,4.610790729522705
5.3706380281276624,5.345932483673096
3.044522437723423,2.7651236057281494
2.19722457733622,2.591724157333374
1.3862943611198906,1.194225627857425
0.6931471805599453,1.0965328978633546
4.727387818712341,4.50072717666626
2.3978952727983707,2.7891430854797363
1.0986122886681098,1.4279421984981577
0.0,0.2651999519283924
0.6931471805599453,0.5289746942342759
0.0,0.4499385708137102
1.0986122886681098,1.2877189338107633
8.458504195067558,7.156935691833496
1.3862943611198906,1.5953082817484365
5.634789603169249,5.977372169494629
0.0,-0.015519957058884783
0.0,0.06909004758910071
1.3862943611198906,0.7394258756138405
2.302585092994046,2.4987196922302246
0.0,0.5311113376364737
2.19722457733622,2.8026227951049805
0.0,0.05087696164053868
4.465908118654584,4.29935359954834
0.0,0.6128243879243414
0.0,0.3319731779614544
2.772588722239781,2.437089681625366
3.8501476017100575,3.422307014465332
2.302585092994046,2.8701846599578857
1.6094379124341005,1.4174321013090134
1.3862943611198906,0.4996355619495516
3.044522437723423,2.7789132595062256
1.0986122886681098,0.8196208804725215
1.0986122886681098,0.15563195471810767
0.0,0.14792438705291602
4.0943445622221,3.4428601264953613
3.295836866004329,2.916555404663086
1.0986122886681098,0.5883152878946146
1.791759469228055,0.8798551390086083
1.791759469228055,0.41146865541519306
0.0,0.2876709793004199
2.833213344056216,2.766169309616089
4.74493212836325,4.595858097076416
3.6635616461296463,3.201368570327759
0.0,0.6357601679228568
0.0,0.7220919831663277
4.605170185988092,3.3299944400787354
0.0,0.5926930687915474
5.746203190540153,5.653351783752441
0.0,0.01014573230489737
6.946013991099227,7.574069499969482
0.0,0.4654739540462427
0.0,0.05179077447614308
3.367295829986474,3.080988645553589
1.9459101490553128,0.9017468778444192
1.3862943611198906,1.7300868333806547
6.093569770045136,5.9540324211120605
8.621733370690162,8.397449493408203
1.791759469228055,1.2251808696832505
0.0,0.032378279625028254
3.4011973816621555,3.627991199493408
0.6931471805599453,0.29238633959454663
0.6931471805599453,0.2424436679621874
0.6931471805599453,0.18838131332600674
4.23410650459726,4.34744930267334
0.0,0.005776713075969831
0.0,0.20776446323668044
1.0986122886681098,0.6078596326341225
4.709530201312334,4.794069290161133
0.0,0.3563592721682681
4.564348191467836,4.395021915435791
1.3862943611198906,1.3284730523943453
0.6931471805599453,0.154091327255841
0.6931471805599453,0.3383398498139813
3.8918202981106265,4.041753768920898
4.343805421853684,2.7960541248321533
1.6094379124341005,1.2174461210076009
0.0,0.08673760281491098
0.0,-0.013719017392872394
0.0,0.2098962668742809
0.0,0.26272551183070575
3.258096538021482,3.7436089515686035
0.0,0.06811003482153279
0.0,0.4262893178018732
2.6390573296152584,2.870596408843994
2.9444389791664403,2.680523633956909
0.0,0.7404761236228343
3.1354942159291497,3.1415886878967285
5.497168225293202,5.273478984832764
4.770684624465665,4.130741596221924
0.0,0.01927581175845811
0.6931471805599453,0.5939808334095847
1.6094379124341005,1.2532140550773327
5.849324779946859,5.527079105377197
0.0,0.6402324714819624
6.421622267806518,6.304502487182617
0.0,0.6799456684314815
0.0,0.11249375052881719
1.0986122886681098,0.09784520692640727
0.0,0.18082952055424809
0.0,0.3469339139487469
2.5649493574615367,3.280445098876953
1.3862943611198906,1.3021831135543884
0.0,0.011091623418259157
0.0,0.041629309916189634
0.0,0.46394596752548767
0.0,0.48050658234160953
8.025516386489008,7.958096027374268
0.0,0.320485439818766
0.6931471805599453,0.5476841712622621
0.0,0.5626448850231889
1.6094379124341005,1.2919314253136254
4.48863636973214,5.371695518493652
3.5263605246161616,4.130710601806641
0.0,0.16601420237354653
0.0,0.4135679442415014
5.752572638825633,4.583631992340088
3.737669618283368,3.820737361907959
0.0,0.05268192142845269
2.302585092994046,2.3766589164733887
2.772588722239781,2.6561052799224854
4.74493212836325,5.219899654388428
3.610917912644224,3.106126546859741
0.0,0.4927549318718345
5.5909869805108565,6.347234725952148
0.6931471805599453,0.935013696329688
1.0986122886681098,0.14813367322481558
2.5649493574615367,3.1335132122039795
0.0,0.08366798112979182
1.0986122886681098,0.5923215819411652
3.8918202981106265,3.6057288646698
6.895682697747868,7.9137468338012695
2.772588722239781,3.2724170684814453
1.6094379124341005,0.7005176826771352
0.0,0.27470087519742986
3.258096538021482,3.4462993144989014
0.0,0.399506195016763
1.3862943611198906,0.5587848615463415
1.3862943611198906,0.6616452193526361
0.6931471805599453,0.7863206698687395
0.0,0.7664536075529349
4.6443908991413725,4.301042556762695
6.827629234502852,6.436535835266113
2.19722457733622,3.3398923873901367
4.976733742420574,4.843984603881836
2.079441541679836,3.0334651470184326
0.6931471805599453,1.240701118933917
4.574710978503383,5.165195465087891
1.0986122886681098,1.2134949522682528
3.295836866004329,3.041553497314453
0.6931471805599453,0.8671134655534805
4.867534450455582,5.188209056854248
0.0,0.13742666241043372
0.6931471805599453,1.0603753389018968
4.127134385045092,4.640559673309326
0.0,0.37259082571678953
1.9459101490553128,0.5879088422346181
0.0,0.14357964773187007
4.23410650459726,4.12563419342041
0.0,0.6128243879243414
0.0,0.15645841135237087
0.0,0.17911306307840155
3.49650756146648,3.0002541542053223
0.6931471805599453,0.2893990471082869
1.791759469228055,1.7179281102792852
0.0,-0.013233516525407506
0.0,0.5520803644894856
0.6931471805599453,0.2132079842201742
0.6931471805599453,0.7581339174145204
4.262679877041316,4.501225471496582
0.0,0.04355492007169232
7.267525427828172,7.028695106506348
4.30406509320417,3.9352715015411377
0.0,0.006738971305222686
2.70805020110221,2.8147754669189453
0.0,0.5994495228064302
0.0,0.33644856014287955
4.07753744390572,4.272991180419922
0.0,0.23317514298158382
0.0,0.03953360765272157
0.6931471805599453,0.525418864110784
0.0,0.09153413498910014
0.0,0.4075177075248219
2.4849066497880004,2.8055012226104736
0.0,0.11640864100894395
2.6390573296152584,2.513496160507202
4.836281906951478,5.032952308654785
3.610917912644224,3.2123022079467773
3.091042453358316,2.964479923248291
9.169976605786628,7.867982864379883
0.6931471805599453,0.283660954739421
3.951243718581428,4.542999744415283
2.6390573296152584,3.6068825721740723
0.0,0.01484870540808742
0.0,0.5732728132918847
3.555348061489413,3.0607645511627197
0.0,0.35730759458647604
0.0,-0.04419589315302556
0.0,0.3563592721682681
0.0,0.07482681259321493
2.9444389791664403,2.5366528034210205
7.389563953677635,6.637228488922119
0.6931471805599453,1.1554863241553524
4.882801922586371,5.255304336547852
6.269096283706261,6.278604507446289
5.062595033026967,4.650504112243652
2.3978952727983707,2.4453325271606445
5.5093883366279774,6.053660869598389
0.0,0.034051372718507285
7.463936604468925,5.592267990112305
3.218875824868201,3.5157322883605957
6.144185634125646,5.757245063781738
6.678342114654332,6.600103378295898
7.704811922932594,7.450900077819824
1.0986122886681098,1.0293994555188029
3.49650756146648,5.625489234924316
0.0,0.29464912582010533
0.0,0.5932981349524187
0.0,0.5782328036398643
0.0,0.5101518335423672
2.70805020110221,3.6362216472625732
2.19722457733622,2.116896867752075
1.6094379124341005,1.3738280828484277
5.529429087511423,4.579102993011475
5.891644211825772,6.655670166015625
2.772588722239781,2.4726791381835938
0.0,0.05487631486082719
3.4011973816621555,3.5337798595428467
1.9459101490553128,1.5051435867272611
0.0,0.07009448188864358
3.218875824868201,3.3070077896118164
4.8283137373023015,4.6678667068481445
0.6931471805599453,0.4015102301905128
0.0,0.20823602323137566
6.118097198041348,6.254634380340576
2.6390573296152584,2.8884150981903076
4.875197323201151,4.715724945068359
2.302585092994046,3.542034387588501
1.791759469228055,1.4256097789840732
5.525452939131784,3.990687847137451
0.6931471805599453,0.08673760281491098
2.19722457733622,2.387843370437622
0.0,0.4236302958355782
3.9889840465642745,2.9963643550872803
2.995732273553991,2.781381130218506
0.0,0.526796044817226
2.302585092994046,2.8948724269866943
0.6931471805599453,1.001034456130801
2.70805020110221,3.164170026779175
1.9459101490553128,1.1640738211429564
0.0,0.15280039263233425
0.0,0.5778034743624224
0.0,0.008476129367527528
0.6931471805599453,0.47079737894803714
0.6931471805599453,0.2964857853110575
2.70805020110221,2.8649330139160156
0.0,0.3004644170427301
0.0,0.009585925105938345
2.772588722239781,4.0195441246032715
0.0,0.4534052885626876
0.0,0.3465059654020941
9.169976605786628,7.227848529815674
2.772588722239781,3.1571123600006104
7.076653815443951,7.064640045166016
0.0,0.0013087423533300695
4.574710978503383,4.485863208770752
2.70805020110221,2.3562839031219482
2.5649493574615367,2.913952112197876
5.298317366548036,4.513421058654785
3.8918202981106265,3.4449305534362793
5.0238805208462765,5.17656946182251
4.574710978503383,3.87575364112854
2.079441541679836,3.0351133346557617
3.49650756146648,3.2657244205474854
1.3862943611198906,1.0626526100734788
0.0,0.08932647318463298
0.0,0.5893269900057588
0.0,0.04464425835145277
6.230481447578482,5.982213973999023
9.169976605786628,8.052334785461426
6.249975242259483,6.109742164611816
0.0,0.03706560426899037
1.3862943611198906,1.1598645413444266
0.0,0.2588325089518096
0.6931471805599453,0.09923941680289657
5.0369526024136295,4.686669826507568
2.19722457733622,2.3868796825408936
2.5649493574615367,3.190316915512085
0.6931471805599453,0.233330344467814
1.0986122886681098,1.4777532757505167
5.365976015021851,5.569666385650635
0.0,0.3246236530325098
0.6931471805599453,1.1637729560062677
0.6931471805599453,0.38233607565308547
7.2875606403097235,7.578145980834961
0.6931471805599453,0.2598087078680993
2.4849066497880004,3.014648914337158
1.6094379124341005,0.6233698979072959
2.19722457733622,2.558035135269165
2.079441541679836,2.8631510734558105
4.532599493153256,4.794394493103027
3.091042453358316,3.0102763175964355
6.311734809152915,6.049783229827881
6.013715156042802,5.760618686676025
2.6390573296152584,3.628554344177246
3.1780538303479458,3.3936054706573486
3.4657359027997265,3.589024305343628
5.308267697401205,4.899996280670166
3.8918202981106265,4.417880535125732
0.0,0.1085204602828131
1.9459101490553128,0.5817376981087502
0.0,0.0891102652475321
6.2166061010848646,6.3910746574401855
2.70805020110221,3.2301886081695557
0.0,0.14444771072791526
0.0,0.01719460789912832
0.0,1.1544894753426924
0.0,0.12066323277760413
3.367295829986474,2.9759464263916016
0.0,0.0653346775731816
2.4849066497880004,2.9658443927764893
2.70805020110221,3.021143913269043
3.091042453358316,3.856574296951294
3.951243718581428,4.252796173095703
2.3978952727983707,2.6009390354156494
0.0,0.47433356676248295
0.0,0.22857559537141559
2.079441541679836,2.5958876609802246
4.983606621708336,5.02495813369751
3.367295829986474,3.0739269256591797
6.300785794663244,7.023257255554199
0.6931471805599453,0.3412978796667046
3.6375861597263857,2.621962547302246
3.044522437723423,2.7614657878875732
1.3862943611198906,0.6772218349320257
0.0,0.09364711493495147
6.190315405853148,5.890741348266602
2.19722457733622,3.192117929458618
2.302585092994046,2.882672071456909
2.302585092994046,2.582916021347046
2.19722457733622,2.757218360900879
5.043425116919247,4.8257598876953125
0.0,0.1853709557032937
4.962844630259907,4.207921504974365
0.0,0.003117270709151988
0.6931471805599453,0.26112235648392546
5.697093486505405,5.2609639167785645
6.670766320845874,4.651820182800293
0.0,0.37077744238124216
1.6094379124341005,0.9718401727847733
9.169976605786628,7.353758811950684
2.302585092994046,2.870713949203491
2.5649493574615367,2.3836443424224854
3.367295829986474,2.9276516437530518
1.0986122886681098,0.30111354675929675
0.0,0.8784987751579462
0.0,0.04088369438964174
0.0,0.07525249425154121
0.0,0.11182230620205993
0.0,0.5060102983317243
4.934473933130692,5.050901889801025
0.6931471805599453,0.33524492584133625
0.6931471805599453,0.5890923128974136
0.0,0.0005410663956654043
0.0,0.504062696295668
5.3706380281276624,4.650387763977051
2.079441541679836,3.36269211769104
4.174387269895637,3.3181276321411133
2.302585092994046,2.1855502128601074
3.713572066704308,3.981482982635498
3.218875824868201,3.0478925704956055
0.6931471805599453,1.054572708846227
1.3862943611198906,1.3833822421105695
1.0986122886681098,0.4282753231833138
4.948759890378168,5.384963035583496
0.6931471805599453,0.2855501401565063
4.204692619390966,3.9789211750030518
7.302496423727326,6.618776321411133
3.1354942159291497,4.066659450531006
5.209486152841421,6.69687032699585
0.0,1.199266194917521
0.6931471805599453,0.9935643636537599
0.0,0.3031549434574887
0.0,0.16150706058859535
0.0,0.1379838469064874
0.0,0.3110232215610368
1.6094379124341005,1.1418881821598075
1.0986122886681098,0.36076698424766923
0.6931471805599453,0.7076735135373325
2.8903717578961645,2.831094980239868
1.3862943611198906,1.328223523837316
0.0,0.17194634984856166
4.23410650459726,6.028447151184082
0.0,0.5117773672748647
3.4339872044851463,3.371026039123535
2.079441541679836,2.7091481685638428
0.6931471805599453,0.9797256978891663
2.70805020110221,2.341975212097168
0.0,0.4393404725584369
1.3862943611198906,0.5481651499318863
2.772588722239781,2.488461971282959
0.6931471805599453,0.3151265213811509
3.555348061489413,4.223275661468506
5.049856007249537,4.314184665679932
2.6390573296152584,2.6466567516326904
0.0,0.5533691863376694
8.53346016388011,4.15580415725708
1.6094379124341005,1.0467075246511022
3.9318256327243257,3.667163610458374
2.6390573296152584,2.310340166091919
0.0,0.3035432273838812
2.5649493574615367,2.8016626834869385
2.70805020110221,2.626312732696533
1.0986122886681098,0.6429175144376913
2.772588722239781,2.581920862197876
2.079441541679836,3.5128414630889893
0.0,0.07692270357928793
0.6931471805599453,0.6703347136460935
4.941642422609304,5.0802388191223145
0.0,0.03189168384001046
0.6931471805599453,0.4336654391781601
0.6931471805599453,0.6326346085950442
1.0986122886681098,0.18536180381707212
4.477336814478207,4.687538146972656
1.791759469228055,0.32992792708154994
0.0,0.47927432564704037
4.574710978503383,4.937207221984863
3.367295829986474,3.5754871368408203
4.61512051684126,5.25509786605835
3.091042453358316,3.505890369415283
3.6375861597263857,3.572065830230713
4.691347882229144,4.175631999969482
3.8918202981106265,4.134698867797852
0.6931471805599453,0.6560227819661691
3.295836866004329,4.417701721191406
2.6390573296152584,3.165301561355591
2.5649493574615367,2.5423734188079834
2.833213344056216,2.763226270675659
0.6931471805599453,0.7863141677066238
5.814130531825066,6.0410542488098145
6.532334292222349,6.625588417053223
5.332718793265369,4.759494304656982
0.0,0.2209897186333748
0.0,0.06511206939374937
0.6931471805599453,0.4384984082505693
0.0,0.3450965039517157
1.6094379124341005,0.707893681153411
0.0,0.11569690287766715
3.80666248977032,3.239959955215454
1.0986122886681098,1.1725459829753748
0.0,0.4240781706725851
0.0,0.4067590524182123
2.3978952727983707,2.522630214691162
0.0,0.31170699980315186
0.0,0.36728553341528175
3.4339872044851463,3.1624622344970703
2.6390573296152584,2.9895291328430176
0.0,0.031080327254069676
1.3862943611198906,1.171952760889776
0.0,0.2925081439172857
9.169976605786628,6.572101593017578
1.3862943611198906,0.4933558600475
4.406719247264253,4.888336181640625
0.0,0.06277761796335442
2.6390573296152584,3.049865484237671
0.0,0.06393795262187466
0.0,0.19402092117459344
0.6931471805599453,1.3219566091226038
0.6931471805599453,0.26067681662583375
3.1780538303479458,2.7214250564575195
6.595780513961311,7.800150394439697
2.5649493574615367,2.9283440113067627
2.19722457733622,4.322047710418701
3.4011973816621555,3.1649365425109863
2.079441541679836,2.3791866302490234
0.0,0.1502254015472366
3.1354942159291497,2.437061309814453
0.0,0.8573053087439493
5.1647859739235145,6.529725551605225
0.0,0.07470983373963289
1.3862943611198906,0.32694418282593457
0.0,0.30428778735535233
6.1224928095143865,6.659556865692139
4.07753744390572,3.3861634731292725
0.6931471805599453,0.2940371097117468
0.0,0.41295119851111534
0.0,0.5552146780062024
6.884486652042782,5.491680145263672
4.04305126783455,4.5954790115356445
0.6931471805599453,0.19443476189494546
3.258096538021482,3.0652620792388916
4.0943445622221,4.024281978607178
0.0,0.017354869864003433
2.5649493574615367,2.6582376956939697
4.709530201312334,4.597566604614258
7.934513463882263,8.138855934143066
0.6931471805599453,0.551729514353155
0.0,0.04620016773659799
4.23410650459726,4.109256267547607
2.833213344056216,2.862321615219116
3.912023005428146,4.5756120681762695
3.367295829986474,3.3572676181793213
1.9459101490553128,0.1997980065612731
0.0,0.44855762872102767
7.659171367666058,6.920394420623779
3.4011973816621555,3.971646785736084
0.0,0.4814248954498171
0.6931471805599453,0.28514379380637206
1.3862943611198906,0.44841978511932934
2.079441541679836,3.1871554851531982
1.0986122886681098,0.4643340570628376
4.663439094112067,4.001433849334717
0.0,0.3971569638285162
3.8501476017100575,4.257478713989258
3.4657359027997265,3.4896414279937744
0.0,0.11104376635516901
2.5649493574615367,2.8971006870269775
0.0,0.02959843462280115
4.060443010546419,3.821259021759033
1.0986122886681098,0.5013230264119377
3.4657359027997265,3.7387468814849854
0.0,0.4673259628312205
0.0,0.2565490732611542
0.0,0.13918092414958233
2.19722457733622,2.3094191551208496
2.70805020110221,2.786520004272461
3.951243718581428,3.611499071121216
5.438079308923196,4.9752960205078125
0.0,0.37874754861539756
3.044522437723423,2.570178508758545
4.382026634673881,4.087072849273682
0.6931471805599453,1.307115751588757
0.0,0.08027616757502438
4.574710978503383,4.078183650970459
0.0,0.12861736575509283
0.0,0.2785152064379058
0.0,0.07253242713480532
0.0,0.04847094289149922
0.0,0.5776093114038163
5.676753802268282,4.6832146644592285
4.0943445622221,3.3111259937286377
3.58351893845611,4.222596168518066
3.367295829986474,2.866509199142456
0.0,0.4442579914651269
0.6931471805599453,0.355895255608822
0.0,0.22362337016770203
0.0,0.42568867432426954
2.19722457733622,2.5561559200286865
0.0,0.10865594576296163
4.143134726391533,4.385793685913086
0.0,0.12088119260865077
3.4011973816621555,3.9782347679138184
0.0,0.2803152968803405
4.23410650459726,4.430647850036621
2.079441541679836,2.3742151260375977
1.9459101490553128,1.5426775790257758
3.367295829986474,3.312352180480957
0.0,0.11743572106141985
0.0,0.27442925933577755
0.0,0.11151055655973183
0.0,0.2698843155710881
3.258096538021482,3.0793895721435547
0.0,0.7045571166837886
0.0,0.025814001518943322
3.1780538303479458,3.54392147064209
3.5263605246161616,2.6726036071777344
6.79794041297493,6.69890832901001
6.131226489483141,5.494075775146484
9.169976605786628,8.267862319946289
3.49650756146648,3.359586477279663
4.584967478670572,4.937448501586914
2.079441541679836,2.9775450229644775
0.6931471805599453,0.8376957068071983
0.0,0.12106615071704985
5.298317366548036,5.649803638458252
0.0,0.013335292317381434
2.19722457733622,2.716322422027588
0.6931471805599453,1.0752060419305518
3.7612001156935615,3.817509412765503
0.0,0.38734591091852927
4.02535169073515,3.8699748516082764
1.0986122886681098,1.0872962095006125
2.5649493574615367,2.6235361099243164
0.0,0.2574894158159065
4.8283137373023015,4.866996765136719
0.0,-0.2583876389708822
0.0,0.02878294807234455
3.970291913552122,4.209450721740723
0.0,0.5570728579548752
0.0,0.1289179482513754
0.0,0.08710392035657812
2.9444389791664403,2.6233997344970703
0.0,0.2861808629265462
1.0986122886681098,0.29963030785393985
0.0,0.4462441828170378
2.833213344056216,2.4482693672180176
8.44741429680832,8.98057746887207
4.990432586778736,5.0271782875061035
0.0,0.6742316630302508
3.1780538303479458,3.4184277057647705
3.4339872044851463,3.1552376747131348
0.0,0.6361837745896873
0.0,0.033737014320807834
6.218600119691729,5.845848083496094
2.3978952727983707,2.5428895950317383
6.29156913955832,7.612411975860596
3.218875824868201,4.121853351593018
0.0,0.16601539903905377
0.0,0.2539323085104812
0.0,0.2843731967971951
4.543294782270004,4.375602722167969
0.0,0.7833868480736318
1.6094379124341005,0.39716831724277907
1.3862943611198906,0.3251264604053757
8.881558488638976,6.0275750160217285
5.262690188904886,5.552978038787842
1.3862943611198906,1.33035548597446
0.0,0.03678944737934048
0.0,0.19402092117459344
0.6931471805599453,0.44949639064379354
0.6931471805599453,1.0555457629257994
0.0,0.05107061951746045
7.906915488678587,7.861766338348389
1.0986122886681098,0.6300956870053829
2.079441541679836,2.23470139503479
1.6094379124341005,1.6494578267973323
2.3978952727983707,3.2853963375091553
0.6931471805599453,0.4493672689451396
4.110873864173311,3.5325121879577637
0.0,0.40504926770960303
0.6931471805599453,0.8418075778862163
5.332718793265369,4.382511615753174
0.0,0.15563195471810767
5.236441962829949,5.080123424530029
3.258096538021482,2.5131709575653076
0.0,0.0803970482237149
3.1354942159291497,3.10259747505188
6.498282149476434,6.207919120788574
3.912023005428146,6.149073123931885
0.0,0.24575265439397928
6.244166900663736,4.838654518127441
5.560681631015528,5.2256340980529785
6.416732282512326,6.388780117034912
2.772588722239781,2.7958710193634033
0.0,0.5805681609594465
5.41164605185504,5.362259864807129
1.791759469228055,1.1741879927539134
2.079441541679836,2.356665849685669
1.9459101490553128,1.782558005519821
2.19722457733622,2.569708824157715
1.0986122886681098,0.5549652295781774
3.555348061489413,3.9514901638031006
0.0,0.3580341881747541
0.0,0.043882086399195185
3.610917912644224,3.0635249614715576
1.3862943611198906,0.3543087724188089
3.7612001156935615,2.9425458908081055
1.3862943611198906,1.1392590294041127
0.0,0.6481912821934835
4.110873864173311,4.285665512084961
0.6931471805599453,0.7299772294045032
6.102558594613569,5.772825241088867
5.0238805208462765,5.174427509307861
2.079441541679836,2.6183338165283203
1.9459101490553128,1.5509783037290148
0.0,0.0859320792747424
1.6094379124341005,0.2803305736767086
0.0,0.0541366690756938
1.0986122886681098,0.8988263292680619
3.367295829986474,3.2003400325775146
0.0,0.11774276728115926
3.58351893845611,3.221544027328491
0.0,0.20458287801843028
0.0,0.21574789768845165
1.0986122886681098,0.4368900276978339
1.9459101490553128,1.6748509192418344
1.0986122886681098,1.4860529410750867
2.079441541679836,2.5001306533813477
4.04305126783455,3.740659475326538
0.6931471805599453,0.14685646558681362
1.3862943611198906,0.5852316128307751
1.3862943611198906,0.24428361598595083
0.0,0.11837873599198195
0.0,0.534571979643624
0.0,0.3899255950253544
1.791759469228055,1.0371647771230106
0.0,0.3892213299712511
8.375860015299594,8.32446575164795
1.0986122886681098,0.9227212843849422
0.6931471805599453,0.12942012519758644
0.0,0.7250411182534608
0.0,0.4564970993227645
2.9444389791664403,3.202754259109497
0.0,0.2639073637228168
0.0,0.15720769785379016
0.0,0.17163693515271147
0.0,0.37084844083795127
1.0986122886681098,1.4316382358638107
2.302585092994046,2.680020809173584
0.0,-0.004532868404448511
2.772588722239781,2.7597062587738037
3.367295829986474,4.087658405303955
0.0,0.20811038960332645
1.3862943611198906,0.8845444937360266
0.0,0.003876490566420355
3.555348061489413,2.689711332321167
5.655991810819852,5.036168098449707
0.0,0.06893182898569687
0.0,0.25670550291899913
1.0986122886681098,0.14499553836943901
1.3862943611198906,1.290714625594591
6.419994928147142,6.043723106384277
1.3862943611198906,1.1738194182209791
2.4849066497880004,2.2863786220550537
1.3862943611198906,0.3884404086146605
0.0,0.13613120890619013
6.326149473155099,6.437666416168213
1.3862943611198906,0.4758111485618528
0.0,0.1347763891083775
3.044522437723423,3.352010488510132
0.0,-0.051519576854393484
2.772588722239781,2.7257821559906006
2.70805020110221,3.1306331157684326
5.641907070938114,5.064579486846924
1.3862943611198906,0.6832121140676938
0.0,0.10126516394258815
9.169976605786628,8.637459754943848
0.0,0.6145219495568507
2.19722457733622,2.641451120376587
3.1354942159291497,3.1439151763916016
0.0,0.17769819182194338
0.0,0.7573484198715673
4.04305126783455,4.434729099273682
0.0,0.05324187341603291
1.6094379124341005,1.5591889061936168
0.6931471805599453,0.6867292237719553
2.9444389791664403,2.605106830596924
0.0,0.5663559727200536
0.6931471805599453,0.6621267754663672
0.0,0.4427595815007153
2.70805020110221,3.063786506652832
4.3694478524670215,4.334170341491699
0.0,0.49153808247509423
3.555348061489413,3.2850210666656494
1.0986122886681098,1.381252280115333
0.6931471805599453,0.7858245059514691
0.6931471805599453,1.120138352423266
1.791759469228055,1.0705549548335473
1.0986122886681098,1.4007392768957454
0.0,0.11135370110967015
3.1780538303479458,2.8696117401123047
1.791759469228055,1.0609205080274258
7.042286171939743,6.166585922241211
1.0986122886681098,1.2817254317608244
5.840641657373398,7.243727684020996
4.663439094112067,4.376993179321289
3.555348061489413,4.0698418617248535
5.717027701406222,4.6748223304748535
5.846438775057725,5.949299335479736
1.6094379124341005,0.7321280445536381
3.8501476017100575,4.010988712310791
0.0,0.20343840938613575
9.076237387452702,8.923088073730469
0.0,0.4359454422023384
0.0,0.17588765768531842
0.0,0.031246737384700622
1.3862943611198906,0.47722330906995336
3.58351893845611,3.713190793991089
0.6931471805599453,1.0529350044785046
0.0,0.36713739633310477
5.153291594497779,4.75353479385376
0.0,0.3644314479029006
0.0,0.08446610891166342
1.0986122886681098,0.5139244639015137
1.6094379124341005,1.0839600377811682
0.6931471805599453,0.4928820078997705
6.306275286948016,5.7996602058410645
2.70805020110221,2.8369455337524414
4.844187086458591,5.203084468841553
5.093750200806762,5.165914535522461
1.0986122886681098,0.4958256838247279
1.0986122886681098,1.164405519167472
1.6094379124341005,1.3268481921063404
4.418840607796598,7.201399803161621
7.374001859350161,7.363584518432617
0.0,0.4812888255176405
0.0,0.4008936267401001
0.0,0.14066037904612747
1.0986122886681098,1.21513051849707
0.0,-0.03227177224499718
0.0,0.5253921591438824
7.868636894184167,8.095281600952148
2.6390573296152584,2.3489866256713867
0.0,0.2719206841246051
3.80666248977032,3.791886806488037
2.3978952727983707,3.462836980819702
7.518607216815252,8.231054306030273
1.3862943611198906,1.1445166759633458
5.030437921392435,3.8941056728363037
3.1780538303479458,3.305408239364624
2.4849066497880004,3.0437638759613037
0.6931471805599453,0.5569040418202789
0.0,0.5283574338123175
3.737669618283368,3.3600575923919678
3.1780538303479458,2.4971702098846436
2.9444389791664403,2.666461944580078
4.68213122712422,4.486964702606201
7.888709524182015,6.799077987670898
0.0,0.19757477736280973
0.0,0.4434957689544969
3.4339872044851463,5.257017135620117
3.1780538303479458,3.841932535171509
1.0986122886681098,1.022345780812646
1.6094379124341005,1.5132595477817135
0.6931471805599453,0.8012429572683116
4.574710978503383,4.669414043426514
0.6931471805599453,0.42694538697120704
3.091042453358316,3.353391170501709
4.23410650459726,3.376082420349121
1.0986122886681098,1.1247516911605404
3.7612001156935615,4.807513236999512
1.0986122886681098,0.41082207471908755
6.190315405853148,6.196009635925293
2.19722457733622,2.4419398307800293
0.0,0.2403595741964973
0.0,0.04305053007501372
0.0,0.03705257848413173
7.107425474110705,7.170747756958008
0.0,0.017473775143628165
4.219507705176107,3.875851631164551
2.833213344056216,3.2573909759521484
2.6390573296152584,2.6568291187286377
1.3862943611198906,1.4605579143674452
6.0867747269123065,6.126613140106201
1.0986122886681098,1.1847542474354418
0.0,0.46602446987568397
1.0986122886681098,0.7845165815314851
2.5649493574615367,2.7927377223968506
3.218875824868201,3.168196439743042
7.500529485395295,6.803170680999756
5.575949103146316,5.664731502532959
1.9459101490553128,1.327621102866526
0.0,0.031662124522910694
0.0,0.030876733306210255
0.0,0.009219196822616814
5.666426688112432,4.667086601257324
4.882801922586371,4.3039116859436035
4.23410650459726,4.015593528747559
3.80666248977032,4.158196926116943
2.5649493574615367,3.0420615673065186
5.746203190540153,7.1922149658203125
0.6931471805599453,1.1257683229348325
0.0,0.22728258953971328
0.0,0.37511850484602977
7.068172000388042,6.664390563964844
5.003946305945459,4.405261516571045
3.610917912644224,3.745349884033203
1.6094379124341005,0.6573943853555726
4.394449154672439,3.451923370361328
0.0,0.14086452527585927
3.091042453358316,4.159219741821289
1.0986122886681098,0.742526365596629
1.0986122886681098,0.4711889101777331
0.6931471805599453,0.8610821395691632
2.19722457733622,3.041857957839966
0.0,0.4300509039173028
5.0369526024136295,4.075331687927246
3.4657359027997265,3.8293330669403076
0.0,1.2114528054264262
0.0,0.38210244128643395
4.532599493153256,4.749515533447266
4.02535169073515,4.332205772399902
0.0,0.1497365280593509
0.6931471805599453,1.062117995235835
1.0986122886681098,0.2276295091958761
2.3978952727983707,2.9994242191314697
0.0,0.22305319579083407
5.948034989180646,6.076818466186523
0.0,0.320485439818766
0.0,0.20514164463059267
0.0,0.47419132127332414
0.0,0.057515997424428554
2.079441541679836,3.526665449142456
0.6931471805599453,0.7339749761821668
0.0,0.10623226487788835
0.0,0.18470452894995817
0.0,0.22888118308854632
0.0,0.12296218966093703
0.0,-0.016942316912385996
0.6931471805599453,0.26917430979357576
7.408530566894626,7.025468826293945
0.6931471805599453,0.27016156426716215
5.402677381872279,5.397665500640869
4.584967478670572,4.317171096801758
1.9459101490553128,1.0240022695407256
2.3978952727983707,2.9480810165405273
0.0,0.1914965023188812
0.0,0.3639023128599258
5.613128106388071,6.381747722625732
7.620214770574455,7.28656005859375
3.6635616461296463,3.766787052154541
0.0,0.3632723849056942
3.044522437723423,2.65633225440979
6.86484777797086,7.1044793128967285
4.276666119016055,2.820000410079956
2.19722457733622,3.0381195545196533
0.0,0.09016827040427625
2.6390573296152584,2.928633689880371
1.9459101490553128,1.237770644596553
1.6094379124341005,1.334509299468299
0.0,0.0582143778556784
7.60887062919126,6.6736836433410645
7.004881989712859,5.963912010192871
7.80954132465341,7.426682472229004
2.3978952727983707,2.9525580406188965
4.04305126783455,3.510155200958252
6.023447592961033,6.291738986968994
4.204692619390966,2.917508602142334
1.9459101490553128,1.5602391228967898
0.6931471805599453,0.39494732645806035
0.0,0.6645224020483673
3.6635616461296463,3.4922609329223633
3.295836866004329,2.789365768432617
3.871201010907891,4.598148345947266
0.0,0.0048255264616750854
1.3862943611198906,0.5413360995885673
0.6931471805599453,1.494157904247202
5.849324779946859,4.964364528656006
0.0,0.22615157866042648
9.013838751608397,8.524805068969727
0.0,0.32776127951626655
0.6931471805599453,0.3786093130297101
2.302585092994046,3.0570590496063232
0.6931471805599453,0.7126080843962851
6.90975328164481,6.595702171325684
0.6931471805599453,1.3027769490236711
1.9459101490553128,0.45444672074694387
1.6094379124341005,1.5925974133500145
0.0,0.14407101555094115
3.713572066704308,4.09283447265625
2.772588722239781,2.8033742904663086
6.008813185442595,6.0563201904296875
8.855805992536562,8.553178787231445
0.0,0.07760755295311202
1.6094379124341005,1.6195932135582365
4.290459441148391,4.340786933898926
2.079441541679836,3.352304697036743
4.770684624465665,4.235602855682373
5.1647859739235145,6.174417972564697
0.0,0.5979524460978195
1.6094379124341005,1.5076654161428158
9.169976605786628,8.540752410888672
0.0,0.09284342774860826
8.244071270295786,7.807730197906494
1.3862943611198906,0.735118895782129
2.995732273553991,3.03446364402771
1.0986122886681098,0.9459177583956778
3.6375861597263857,3.613355875015259
4.574710978503383,4.769886493682861
1.6094379124341005,1.1595344355976163
5.332718793265369,4.898876667022705
5.298317366548036,5.142701148986816
0.6931471805599453,0.69644158540641
2.833213344056216,2.920182943344116
4.68213122712422,3.8144445419311523
0.0,0.2435006526178599
4.6443908991413725,4.2549848556518555
0.6931471805599453,0.5252325455613668
1.3862943611198906,1.2251295207138162
1.6094379124341005,1.3695134042268686
0.0,0.33937426520410446
1.0986122886681098,0.44595518033618803
0.0,0.24286425860290167
0.6931471805599453,0.46132879729115706
6.253828811575473,6.329911231994629
0.6931471805599453,1.5086404636764388
1.6094379124341005,1.269014392825561
0.0,0.4132095001860774
9.169976605786628,8.892561912536621
1.3862943611198906,0.6186029053324227
4.31748811353631,4.370477199554443
0.0,0.36282783790680856
7.3938782901077555,7.187690734863281
3.332204510175204,3.1556694507598877
0.0,-0.29366283473421745
0.0,0.7253308756265591
0.0,0.3347976105501782
0.6931471805599453,0.7082476904510998
4.330733340286331,5.308923244476318
1.3862943611198906,0.46109496106576586
4.454347296253507,3.2488129138946533
0.0,0.24241800284985812
4.007333185232471,3.1546831130981445
0.6931471805599453,0.5341455896440309
4.934473933130692,5.343131065368652
1.0986122886681098,0.4143783024429351
0.0,0.21398748366630407
0.0,0.04024895469008802
0.0,0.04532756224732658
1.9459101490553128,1.4549220366087883
0.0,0.4741757288859593
4.143134726391533,3.9176414012908936
0.0,0.463252459145965
4.31748811353631,3.1295928955078125
1.791759469228055,1.3217874964176284
5.187385805840755,4.76961612701416
1.6094379124341005,0.9921895727289126
0.0,0.12530655811220334
2.19722457733622,2.952073812484741
5.068904202220232,4.578824996948242
5.247024072160486,5.5376691818237305
0.0,0.2459787824238047
2.079441541679836,2.7097742557525635
1.6094379124341005,1.3964455991007145
0.0,0.3563592721682681
0.0,0.005567347190574701
2.6390573296152584,3.0791385173797607
6.77078942390898,6.81229305267334
0.0,0.1669373275225981
0.0,0.033242791596882315
3.5263605246161616,3.3232040405273438
6.100318952020064,7.625458717346191
0.0,0.0341831341516346
0.0,0.01103714043485671
2.302585092994046,3.0825228691101074
3.1354942159291497,2.7749059200286865
8.448271745949816,8.54496955871582
3.6375861597263857,3.485654354095459
0.0,0.04325127601693378
0.0,0.16691856330226312
2.9444389791664403,2.7197864055633545
4.969813299576001,6.021966934204102
0.6931471805599453,1.1924205452000003
0.0,0.821678464307773
0.0,0.09369515067430953
1.0986122886681098,1.1221363770474353
0.0,0.01901531736012033
2.302585092994046,2.7009220123291016
1.6094379124341005,1.693369608818147
2.6390573296152584,2.789588451385498
5.468060141135132,5.597960948944092
0.0,0.5661943567565351
3.258096538021482,3.0413641929626465
0.0,0.007645698760557024
2.4849066497880004,2.6727941036224365
2.19722457733622,2.773942470550537
4.990432586778736,5.319618225097656
7.110696122978827,7.742437839508057
0.6931471805599453,0.968006929623408
3.367295829986474,3.306699275970459
5.823045895483019,5.874457836151123
3.8918202981106265,4.245968818664551
0.0,0.10902012328084668
4.442651256490317,4.06931209564209
5.3471075307174685,4.624094486236572
1.0986122886681098,0.8863490655568882
3.9889840465642745,4.17402458190918
1.0986122886681098,1.1425624930343676
4.762173934797756,5.899716854095459
1.0986122886681098,0.7785427275730701
3.8501476017100575,3.3532397747039795
1.6094379124341005,0.5701039246868705
7.602401335665818,7.920339584350586
0.6931471805599453,0.47385398175098714
0.6931471805599453,0.0635647920275559
4.248495242049359,4.405332088470459
0.0,0.665250419407237
9.169976605786628,9.072781562805176
6.983789965258135,6.772517681121826
1.791759469228055,1.5200119969976302
3.1354942159291497,3.5140864849090576
6.804614520062624,6.719681262969971
4.07753744390572,3.953739881515503
2.3978952727983707,2.8877785205841064
0.0,0.09369515067430953
2.70805020110221,2.4939322471618652
3.871201010907891,3.8961479663848877
0.0,0.3828340046047978
3.688879454113936,4.191371440887451
0.0,0.36526718821409
0.6931471805599453,0.5337197034137597
0.0,0.45017055215549023
5.231108616854587,5.392723560333252
0.0,0.21203879216213056
0.0,0.2720627235081181
0.0,0.49757613661751887
7.436617265234227,7.308713436126709
0.0,0.15290294368215013
8.575462099540212,5.361020088195801
3.7612001156935615,3.801802635192871
5.010635294096256,3.1325812339782715
5.056245805348308,5.309903144836426
4.77912349311153,3.7840631008148193
3.367295829986474,3.821822166442871
1.3862943611198906,0.20640228437529645
0.0,0.0541366690756938
6.263398262591624,7.365122318267822
0.6931471805599453,-0.04178707885103591
0.0,0.5073118245231366
1.6094379124341005,1.7199555835391476
0.0,0.17380764816175984
0.0,0.09158337366287232
0.6931471805599453,1.1878328497367723
0.0,0.16688878631272988
1.3862943611198906,1.3720218934243311
0.0,0.2877993390137108
1.0986122886681098,1.2529791451935999
4.836281906951478,4.740732192993164
5.993961427306569,5.65020751953125
0.0,0.13935153281057402
6.082218910376446,6.365344524383545
2.772588722239781,2.989849805831909
0.6931471805599453,0.3424659993580607
0.0,0.010219428049571988
3.713572066704308,3.6382694244384766
2.70805020110221,2.849304437637329
0.0,0.1637018731579115
2.772588722239781,3.9138925075531006
0.0,0.03639427020325601
1.6094379124341005,1.3780740721131661
9.169976605786628,7.141173839569092
4.143134726391533,4.50919771194458
0.0,0.05991761053869928
5.575949103146316,6.6920695304870605
2.079441541679836,2.5348305702209473
0.0,0.10637518281494975
1.0986122886681098,1.4587162160542317
3.1354942159291497,2.942690849304199
0.0,0.38321095602206684
5.556828061699537,4.754671096801758
0.6931471805599453,0.9935593081383723
1.0986122886681098,1.1544043437571467
3.1354942159291497,2.7977960109710693
3.258096538021482,3.018376350402832
6.481577129276431,6.145848274230957
1.3862943611198906,0.8584981321922789
0.0,0.08239122287951745
2.079441541679836,2.861234664916992
0.0,0.7402901961060954
5.673323267171493,4.721589088439941
0.0,0.021322422062457234
1.0986122886681098,1.1880573235209277
0.6931471805599453,0.27856152809890783
5.560681631015528,5.758017063140869
0.0,0.3563592721682681
4.007333185232471,3.391472816467285
0.6931471805599453,1.1594057953721362
4.343805421853684,4.305281162261963
1.0986122886681098,0.12158674865693081
1.3862943611198906,0.31290224168703035
0.6931471805599453,0.1409261615903096
0.6931471805599453,0.689797418172916
4.04305126783455,3.8135297298431396
0.0,0.6615735104181464
0.6931471805599453,0.49467484679028084
1.3862943611198906,0.697332722699161
2.302585092994046,2.761673927307129
1.6094379124341005,1.4872351426182822
0.0,0.5118835222500643
4.624972813284271,4.250761985778809
0.6931471805599453,0.46392543529592734
0.0,0.8542589107482325
1.9459101490553128,1.4650032483525781
2.302585092994046,3.0303237438201904
4.007333185232471,3.5437417030334473
6.257667587882639,6.364058971405029
2.6390573296152584,2.4209132194519043
0.0,0.27016156426716215
0.6931471805599453,0.3814112740140114
0.0,0.05485080228946988
0.6931471805599453,0.4344425786081366
7.180069874302796,7.278908729553223
4.30406509320417,4.149003505706787
0.0,0.13554336518620053
6.16541785423142,5.7604079246521
3.258096538021482,3.438093662261963
1.6094379124341005,0.7436457268306349
1.9459101490553128,0.8599375925153483
6.171700597410915,6.632059097290039
1.3862943611198906,1.144783970892364
1.0986122886681098,1.1002075777706586
3.295836866004329,3.295086622238159
0.6931471805599453,0.41228265680731613
0.0,0.22702267351295824
7.116394144093465,7.121951103210449
0.0,0.34686453181152493
0.6931471805599453,0.35730759458647604
3.5263605246161616,3.465019464492798
1.6094379124341005,1.253238021453714
2.6390573296152584,2.644559144973755
1.6094379124341005,0.8777828210177518
2.079441541679836,2.8661599159240723
0.0,0.2783995065260224
1.9459101490553128,0.516756421309091
1.3862943611198906,1.4113451327624718
0.0,0.16705688198577534
1.6094379124341005,1.258478145385501
5.583496308781699,5.774110794067383
5.525452939131784,5.626657009124756
0.6931471805599453,0.7250411182534608
0.6931471805599453,0.5071702139589297
2.3978952727983707,2.420901298522949
1.0986122886681098,0.31503266040373745
6.759255270663693,5.885469913482666
3.367295829986474,3.4986331462860107
0.6931471805599453,1.187055466377491
0.0,0.35510935054200615
1.3862943611198906,1.644632565794034
5.556828061699537,5.4820990562438965
0.0,0.07267863836605869
2.995732273553991,3.133911371231079
5.14166355650266,4.811859130859375
2.772588722239781,2.3489303588867188
0.0,0.6835032753934519
2.302585092994046,2.2735583782196045
0.0,0.1813506469390945
0.0,1.1234512805767936
2.70805020110221,2.514965534210205
0.0,0.0054866445163456725
0.0,0.014422893295426125
1.9459101490553128,0.9138474074529654
1.0986122886681098,1.0246827162980607
3.295836866004329,2.740783452987671
0.0,0.04024895469008802
5.135798437050262,5.408389568328857
2.19722457733622,3.3254880905151367
0.6931471805599453,0.4808107917574884
3.4657359027997265,3.8582890033721924
0.0,0.017029254779906106
0.0,0.3079421401797419
6.602587892189336,5.092686176300049
1.0986122886681098,1.0334076182643421
0.0,0.0123938725004328
0.0,0.37849553859413587
3.044522437723423,3.3510348796844482
1.791759469228055,1.4812439844295056
0.0,0.13261530956990394
0.6931471805599453,1.0673202670525181
2.5649493574615367,2.4769229888916016
3.8918202981106265,4.022185325622559
1.0986122886681098,0.768940364616672
0.0,1.0108268014052935
3.58351893845611,3.9865076541900635
2.772588722239781,2.9865529537200928
0.0,0.07180621011644425
1.9459101490553128,1.4496788274124666
0.0,0.33457473057769166
1.0986122886681098,0.06143091417052048
4.532599493153256,4.485886573791504
5.087596335232384,4.228686332702637
6.813444599510896,5.600428104400635
0.6931471805599453,0.6729537433123642
1.3862943611198906,1.2618136047923867
2.079441541679836,2.744840621948242
0.0,0.5323504172499095
1.3862943611198906,0.7492247026000304
2.4849066497880004,2.4551403522491455
7.045776576879511,7.68889045715332
3.737669618283368,3.8562300205230713
0.0,0.5543767582378842
4.3694478524670215,4.846801280975342
5.375278407684165,5.749322891235352
0.0,0.8447433549952046
1.0986122886681098,1.024422322342273
0.0,0.13971709403671873
2.5649493574615367,3.183507204055786
4.3694478524670215,4.359502792358398
0.6931471805599453,1.5307127960219984
1.0986122886681098,0.7321280445536381
1.0986122886681098,1.221388715991082
1.6094379124341005,1.8135913997675996
1.791759469228055,1.5305497784149655
7.597897950521784,6.886655807495117
0.0,0.38095112334168185
1.3862943611198906,0.5932793991410278
1.0986122886681098,1.238664997184781
3.091042453358316,4.714055061340332
1.9459101490553128,1.4808982589126871
1.6094379124341005,1.2185090969218069
7.906915488678587,8.456229209899902
0.0,-0.07955242368878082
2.302585092994046,2.5317578315734863
0.0,0.07673072996786251
2.70805020110221,2.783764362335205
2.302585092994046,2.717973232269287
3.4657359027997265,2.9644572734832764
4.624972813284271,3.9325759410858154
4.007333185232471,3.6463418006896973
0.0,0.24241800284985812
3.9889840465642745,4.702556610107422
0.0,0.7961912826568458
3.737669618283368,4.0276312828063965
1.0986122886681098,0.802941528402466
0.0,0.41042255490813434
0.0,0.08786082241569283
3.258096538021482,3.3368704319000244
2.4849066497880004,2.8348748683929443
0.0,0.3563592721682681
2.995732273553991,2.9795143604278564
0.0,0.22218753585732276
1.791759469228055,0.41875782435760406
5.153291594497779,4.936682224273682
8.77770959579525,6.494974613189697
0.0,0.8163841560938006
0.0,0.10214508861573256
0.0,0.45820074759791896
0.0,0.6553216801584456
0.6931471805599453,1.340975242095446
0.6931471805599453,1.2534886594136083
2.9444389791664403,3.1450295448303223
0.0,0.08740087099817034
2.079441541679836,2.128126859664917
2.8903717578961645,3.342973232269287
0.0,0.4476347202464746
1.9459101490553128,0.44782831757702696
1.0986122886681098,0.32793764335571657
0.0,0.01645114654189614
0.0,0.13837725064130127
1.6094379124341005,0.5421413080228867
2.70805020110221,2.4863991737365723
0.0,0.7138486172278807
0.0,0.1546973337432566
4.499809670330265,4.1755828857421875
0.6931471805599453,1.1145867047841562
0.0,0.23611696141644078
3.044522437723423,2.549461603164673
1.3862943611198906,0.6498876209616599
0.0,0.597677115656671
4.477336814478207,3.104680299758911
0.0,0.14956029340620827
9.169976605786628,9.333690643310547
3.218875824868201,2.662923574447632
1.0986122886681098,1.211211309812959
0.0,0.14890529614145093
3.970291913552122,4.326998233795166
0.6931471805599453,0.9377528565225935
1.6094379124341005,1.1242708352249766
3.332204510175204,2.98358154296875
5.921578419643816,5.748457908630371
0.0,0.19002838474407024
0.0,0.4216221814471332
1.6094379124341005,1.7479085543519137
0.6931471805599453,0.4584932629368354
1.0986122886681098,1.132475543489554
0.0,0.06388920884628987
0.0,0.8706248374361564
4.276666119016055,4.6246256828308105
0.6931471805599453,0.5097790025891228
0.0,0.14451907129395408
3.4339872044851463,2.9717516899108887
6.8966943316227125,7.144536972045898
3.9318256327243257,4.191699504852295
6.333279628139691,6.534451961517334
5.926926025970411,6.479647636413574
2.19722457733622,2.608553171157837
0.0,0.11556868908887664
3.58351893845611,3.066260576248169
0.0,0.3083277861284864
0.6931471805599453,1.1818546891696946
0.0,0.04108359321599685
0.0,0.060119002057797216
5.733341276897746,6.020028591156006
1.0986122886681098,1.1240019228172096
0.0,0.19270912682009228
0.0,0.5707208588578027
0.0,0.5483422809628584
6.7580945044277305,5.9117255210876465
0.6931471805599453,0.4733558369725025
0.0,0.04088369438964174
1.0986122886681098,1.1742222642932836
2.772588722239781,2.8448922634124756
0.0,0.693701030908217
5.187385805840755,5.654017925262451
2.5649493574615367,2.990126848220825
2.302585092994046,2.6499223709106445
2.5649493574615367,3.3124845027923584
0.0,0.3142649572737065
5.081404364984463,4.936100482940674
3.871201010907891,4.23161506652832
1.791759469228055,1.7053703191351324
3.7612001156935615,3.938931703567505
4.31748811353631,5.1057868003845215
0.6931471805599453,0.3362772125635466
8.32093496888341,7.886665344238281
1.3862943611198906,0.28957230393952
2.302585092994046,2.9112966060638428
0.0,0.4769112551374328
4.30406509320417,3.789642095565796
0.6931471805599453,1.1834045530906216
0.0,0.5092725702963419
0.0,0.24290154150851526
2.9444389791664403,2.887413501739502
3.218875824868201,3.0270209312438965
0.0,0.05433087861100879
1.6094379124341005,0.4073188752227053
0.0,0.35844097688601567
0.6931471805599453,1.5020340023170637
3.951243718581428,3.9979946613311768
1.791759469228055,0.9224643579149592
1.6094379124341005,1.3997973875911973
8.126222529458525,7.637241363525391
0.0,0.09940951833365286
1.3862943611198906,1.217949166012169
0.0,0.0505210311294342
5.204006687076795,5.910743713378906
3.828641396489095,3.65909743309021
0.6931471805599453,0.1304284048870458
3.8918202981106265,4.282198905944824
2.833213344056216,3.64618182182312
1.6094379124341005,0.7324712313047985
1.6094379124341005,1.1951787057677263
1.3862943611198906,0.1081738025718289
7.020190708311925,6.806120872497559
4.709530201312334,4.670819282531738
3.9318256327243257,4.041237831115723
7.7501841622578365,7.818021297454834
2.302585092994046,2.4667892456054688
2.772588722239781,3.462430000305176
2.833213344056216,2.4907476902008057
0.6931471805599453,0.2889511059461243
7.425357887027151,7.057912826538086
0.6931471805599453,0.10920584691472503
3.80666248977032,3.204267740249634
1.0986122886681098,1.175340955252365
0.6931471805599453,0.6593915691180835
0.0,0.465224449034423
0.6931471805599453,0.6281716026776484
1.3862943611198906,0.5644639183901464
0.6931471805599453,0.26184053443970784
1.6094379124341005,0.45087604011466276
0.6931471805599453,0.40504926770960303
4.248495242049359,3.326850175857544
0.0,0.1853709557032937
1.0986122886681098,0.7741753565386461
3.49650756146648,3.7041356563568115
1.6094379124341005,0.4525692966573526
2.302585092994046,2.487006425857544
1.0986122886681098,0.5338232249691972
4.290459441148391,4.544266700744629
0.6931471805599453,1.0512875919901425
1.0986122886681098,1.1336060977853077
4.158883083359672,3.846768617630005
8.570165076182343,5.622024059295654
7.018401799069201,6.314184665679932
0.0,0.23695942176835705
0.0,0.08492833522867234
2.3978952727983707,2.371856927871704
9.169976605786628,4.1163835525512695
1.791759469228055,1.7899055656097713
2.19722457733622,2.3377296924591064
1.6094379124341005,1.4036123946711965
5.968707559985366,5.879373073577881
1.791759469228055,1.5567699007091405
0.0,0.17769819182194338
2.302585092994046,2.852984666824341
1.791759469228055,1.1804067874636401
0.0,0.3920063061113834
3.4011973816621555,3.8202593326568604
1.0986122886681098,0.8412791719718227
0.0,0.12188199820826735
0.0,0.457698683543007
2.302585092994046,2.440532922744751
1.6094379124341005,1.5465452164273594
0.0,0.08311421424711858
4.143134726391533,4.698206901550293
1.6094379124341005,1.6562284541745442
2.079441541679836,2.629422426223755
3.688879454113936,4.141624927520752
3.1780538303479458,3.39408540725708
2.8903717578961645,3.459381580352783
4.962844630259907,4.955657482147217
2.302585092994046,2.8289613723754883
8.449128460502108,7.821872711181641
0.0,0.08606606455989833
1.3862943611198906,1.3356036053830405
3.610917912644224,3.311065435409546
7.407924322559599,7.044112205505371
0.0,1.0074801549232306
3.332204510175204,3.5588643550872803
0.0,0.26783351291295354
0.6931471805599453,1.1606355920099019
1.3862943611198906,0.5497354820531444
2.302585092994046,2.5737531185150146
7.554334823725748,7.1839799880981445
2.4849066497880004,2.660616159439087
1.6094379124341005,1.48655777632554
0.0,0.42639742067013325
0.6931471805599453,0.47864252998550894
8.575650760987806,8.297070503234863
5.700443573390687,5.535202503204346
2.079441541679836,3.111760377883911
1.3862943611198906,0.24626859370376344
3.367295829986474,3.2187693119049072
4.718498871295094,4.453469753265381
7.655864017616056,6.830632209777832
2.833213344056216,2.7309365272521973
0.6931471805599453,1.0215947319314849
0.0,0.37765202283720506
1.6094379124341005,1.5734265985052418
3.091042453358316,3.6701810359954834
0.0,0.25353830863758264
1.6094379124341005,1.5201129256146122
1.0986122886681098,1.2126232560170804
0.6931471805599453,0.3745354416129888
0.0,0.034051372718507285
4.07753744390572,3.9634642601013184
5.356586274672012,5.812026500701904
5.0369526024136295,6.1453022956848145
0.0,0.48216328122671115
0.0,0.2981805434019418
2.833213344056216,2.8655765056610107
5.438079308923196,6.1266937255859375
0.6931471805599453,0.3713426551081563
5.87493073085203,7.465216636657715
5.762051382780177,5.671860694885254
3.970291913552122,4.416723728179932
2.5649493574615367,2.957638740539551
6.333279628139691,5.894358158111572
0.6931471805599453,0.6382561245768855
0.0,1.3843812533117976
