,quantity_sold_ground_truth,quantity_sold_predicted
0,3.218875824868201,2.665874159364866
1,0.0,0.38440008558132654
2,1.791759469228055,1.872231082073539
3,3.4657359027997265,3.5208927830586063
4,0.0,0.30017031404203154
5,6.156978985585555,5.444116623557734
6,3.1354942159291497,3.1765002564004607
7,0.0,0.0192389995793536
8,0.0,0.4900426060614176
9,3.5263605246161616,3.4345689284198984
10,0.6931471805599453,1.6663824712156465
11,3.1780538303479458,3.1246424466944096
12,0.6931471805599453,1.6018042859044295
13,0.0,0.2430858241320739
14,3.58351893845611,3.387794861474737
15,0.0,0.16248968921562934
16,7.106606137727303,6.865385408290587
17,1.6094379124341005,0.6539292644092969
18,3.7612001156935615,3.244690804576671
19,0.0,-0.08905092144283033
20,0.0,0.21142867622160377
21,2.302585092994046,0.836323749546227
22,6.92951677076365,7.134205816718801
23,2.5649493574615367,2.8811313869170654
24,9.169976605786628,8.294109117285743
25,9.169976605786628,7.063167255918113
26,0.0,-0.0376892942064444
27,0.6931471805599453,0.21983651419751116
28,0.0,0.48982023250979334
29,0.0,0.8576876651571983
30,0.0,0.097220217135491
31,4.110873864173311,4.284259907869364
32,0.6931471805599453,1.2777066371507357
33,0.0,0.554087328962761
34,3.332204510175204,4.015033862705695
35,2.079441541679836,0.7525597891471398
36,3.9318256327243257,4.008922274399218
37,2.5649493574615367,3.49488833804648
38,4.07753744390572,4.649888941216485
39,0.6931471805599453,0.7870634831852352
40,0.0,0.5854842125362907
41,0.6931471805599453,-0.06771570678165872
42,1.791759469228055,1.103842338022277
43,4.727387818712341,4.078769967018653
44,7.538494999413465,6.795986694970326
45,2.6390573296152584,0.4935761867541799
46,1.3862943611198906,0.36543975985462773
47,1.3862943611198906,0.49266319559732197
48,0.0,1.0682631855052414
49,0.0,0.7875650830401475
50,0.0,0.15729182111061357
51,6.16541785423142,6.399474311277073
52,6.8001700683022,7.296676707094603
53,0.0,0.5692965418850691
54,9.169976605786628,7.82853086037591
55,4.394449154672439,4.87351263704684
56,5.062595033026967,4.98689015088137
57,0.0,0.7187639836826587
58,1.3862943611198906,1.5709611434091282
59,2.19722457733622,1.1921201441598097
60,5.7745515455444085,4.936788181313311
61,1.0986122886681098,2.0859690659510286
62,0.0,0.5253857807488131
63,0.0,0.6475100670572278
64,0.0,-0.2157420022481058
65,3.4011973816621555,2.7192740140062264
66,7.797291273547472,7.570861011986116
67,0.0,1.4128977378989775
68,4.3694478524670215,2.618424227397238
69,0.0,0.44184845920883387
70,5.356586274672012,5.579382241036015
71,5.484796933490655,5.289369394836612
72,4.882801922586371,4.620444246778252
73,3.332204510175204,3.018985532637076
74,1.9459101490553128,1.7559527299836595
75,3.218875824868201,2.862638021016591
76,0.6931471805599453,0.667461907670631
77,0.0,-0.25127484414956225
78,1.9459101490553128,2.9593705350783948
79,2.302585092994046,2.390070686170167
80,0.6931471805599453,1.1500571545135512
81,6.943122422819428,6.9466532170147275
82,5.3230099791384085,6.213503990092611
83,0.6931471805599453,0.6712636175754707
84,0.6931471805599453,1.2597158728502325
85,5.068904202220232,5.13037109743718
86,5.950642552587727,6.211843730056307
87,5.327876168789581,4.444955525014567
88,2.8903717578961645,1.5154023901415041
89,0.0,0.757726984115892
90,1.791759469228055,1.2748760475665473
91,2.19722457733622,1.7674516171847796
92,9.169976605786628,9.276496614923984
93,2.9444389791664403,2.8144383097759658
94,0.0,0.1782393366631716
95,0.0,2.2990485237383282
96,4.74493212836325,2.3044885792167342
97,2.6390573296152584,3.175541749126974
98,2.833213344056216,2.3347304097416473
99,3.4657359027997265,2.3927793375756212
100,2.3978952727983707,2.7004204417616067
101,1.9459101490553128,0.8432959216517131
102,3.5263605246161616,3.2551942889566394
103,2.4849066497880004,0.9548917214165469
104,6.2166061010848646,5.9056580378445585
105,0.0,-0.43346941327593536
106,3.871201010907891,4.1505844694225225
107,1.3862943611198906,1.4254974405996856
108,3.912023005428146,4.1439302589648825
109,0.6931471805599453,0.4200494879447836
110,2.079441541679836,1.5192544149240632
111,4.3694478524670215,4.618311579531431
112,0.0,-0.5844375101269623
113,4.74493212836325,4.788832219254213
114,2.3978952727983707,-0.10902999911569422
115,1.791759469228055,1.496887428087979
116,0.6931471805599453,1.4835408632372302
117,1.6094379124341005,0.9898759028287487
118,3.555348061489413,3.612501262488925
119,0.0,0.30959720154249615
120,0.0,0.34363292080095786
121,6.137727054086234,6.700942293728906
122,1.3862943611198906,2.6063571359238833
123,2.5649493574615367,3.468619818956965
124,2.8903717578961645,2.2579614826984535
125,0.6931471805599453,0.34162208649042025
126,0.0,-0.05670966407882272
127,5.075173815233827,5.703562695410231
128,0.0,-0.10880680016857847
129,0.6931471805599453,1.5470594825378545
130,2.772588722239781,2.126363535393786
131,0.6931471805599453,0.4196652706456736
132,1.6094379124341005,1.1485038794794997
133,2.8903717578961645,3.6618768194511384
134,0.0,0.4104374811782905
135,0.0,-0.018047704594009062
136,1.0986122886681098,0.6384533382784934
137,3.610917912644224,2.107237596362295
138,4.143134726391533,3.1733965990185378
139,0.0,0.16956096762572237
140,0.0,0.5535597387689066
141,1.0986122886681098,0.3699294872985617
142,0.0,1.065680553801787
143,4.672828834461906,5.262100640281246
144,1.791759469228055,1.9664079137641925
145,4.060443010546419,4.058144075867526
146,0.6931471805599453,2.476594329596786
147,6.173786103901937,4.50475796606735
148,3.4011973816621555,3.46935793116937
149,0.0,0.5879591847000887
150,4.820281565605037,3.83286375401244
151,1.0986122886681098,0.878406049896282
152,0.0,0.207468867509629
153,6.049733455231958,6.420618257759804
154,0.0,0.9734802833192757
155,1.6094379124341005,2.226960658909784
156,0.0,0.7451912769019624
157,0.0,0.22592029049257434
158,5.0238805208462765,5.120208088530589
159,1.791759469228055,1.7302587325517114
160,0.0,0.40684503411922224
161,0.6931471805599453,0.29764952699787006
162,3.295836866004329,3.492634144550606
163,0.0,0.7282345493412983
164,2.5649493574615367,1.9630168478760681
165,0.0,0.3408157126279703
166,0.0,0.6225273000167948
167,0.0,-0.17183025589905965
168,5.771441123130016,6.1498868525054995
169,0.0,0.27473056643068317
170,1.3862943611198906,1.309747948434523
171,3.80666248977032,3.4882376312010877
172,1.6094379124341005,1.6472330924215637
173,1.0986122886681098,1.4830952770880357
174,2.3978952727983707,1.7434469796884513
175,3.1354942159291497,3.7494061777656307
176,0.0,0.80425666182474
177,0.6931471805599453,1.174704792482978
178,0.0,-0.47435499366823963
179,5.278114659230517,5.620512162385799
180,0.0,0.4742274072551389
181,1.3862943611198906,1.4266708625664406
182,0.0,0.7409528217107955
183,3.555348061489413,1.9243396035344253
184,1.9459101490553128,1.8055366952961047
185,3.4657359027997265,3.4436735775435263
186,1.3862943611198906,1.727746968439837
187,2.19722457733622,1.002163773975204
188,0.0,0.8105879861954535
189,1.3862943611198906,0.18303050357165596
190,3.218875824868201,3.4866272644868443
191,2.19722457733622,2.4308694841073097
192,2.8903717578961645,3.270406924442808
193,0.0,0.3486090626045446
194,2.079441541679836,3.2735363984555677
195,4.7535901911063645,4.55197667084844
196,0.0,0.4023665735947446
197,0.0,1.1734761470523056
198,3.091042453358316,2.7216038880658746
199,2.772588722239781,3.0721050302349617
200,4.663439094112067,3.720571897402622
201,0.0,-0.4081373617231798
202,3.871201010907891,1.4647229986257295
203,4.962844630259907,5.204351442235671
204,1.791759469228055,2.123232441221391
205,2.19722457733622,2.252743168191278
206,0.6931471805599453,-0.008486764850073492
207,4.68213122712422,4.013315948467745
208,0.6931471805599453,0.28059118256265414
209,3.6635616461296463,3.039014830071223
210,2.079441541679836,2.814257584230287
211,0.0,-0.14300817733150595
212,1.3862943611198906,1.2579125476688868
213,0.0,0.877899524571
214,0.0,0.8589050479305063
215,0.0,0.6137579595786979
216,3.1354942159291497,4.7348620110561885
217,1.791759469228055,2.5632842993074587
218,2.079441541679836,1.0969735471717867
219,5.958424693029782,6.282988198268934
220,2.302585092994046,0.5475580186505558
221,5.855071922202427,5.992130721099687
222,0.0,0.20904550479814432
223,0.0,0.018411351160388723
224,0.0,0.7094332038199394
225,2.772588722239781,2.365814408769812
226,1.791759469228055,1.4500778662982419
227,0.0,-0.17440828647889006
228,0.0,0.7247883328592037
229,1.6094379124341005,2.534733524103407
230,3.044522437723423,2.570206926068599
231,0.0,0.3077537121444931
232,0.0,0.4299051717672606
233,3.970291913552122,3.1461772279380753
234,1.9459101490553128,2.2971477267502594
235,1.791759469228055,1.2539553266302677
236,0.0,0.1222557162590312
237,0.6931471805599453,2.196476848079368
238,2.9444389791664403,1.8862411932429755
239,0.0,0.7753204674015424
240,3.367295829986474,2.1112820610614604
241,1.3862943611198906,0.811388061999399
242,5.739792912179234,6.428042013872599
243,4.248495242049359,4.272682576463934
244,1.6094379124341005,2.214135543053786
245,5.488937726156687,5.589337777905149
246,1.6094379124341005,2.191797638965288
247,2.833213344056216,2.868565637002999
248,7.554334823725748,7.95087720206622
249,0.0,0.25213093660323205
250,5.14166355650266,4.974326565103221
251,4.007333185232471,4.294270644865558
252,1.9459101490553128,2.6239533742365353
253,0.0,0.4225569920582122
254,1.3862943611198906,1.321871004039123
255,7.269616749608169,7.119579292769625
256,1.791759469228055,2.0045053340001626
257,1.0986122886681098,1.2666198904491897
258,0.6931471805599453,1.0134118919198345
259,1.0986122886681098,1.4542105375574126
260,0.0,-0.2390764449184597
261,6.124683390894205,5.801001075701372
262,2.6390573296152584,2.55476242263023
263,3.8501476017100575,4.167634586133031
264,7.422373700986824,7.65643610946422
265,4.912654885736052,6.193872635469006
266,4.7535901911063645,4.400231913442578
267,0.6931471805599453,0.5646784234313471
268,0.0,0.2995222235440238
269,2.5649493574615367,2.6639661943463313
270,0.0,-0.36386118359039754
271,1.3862943611198906,1.0449776953073209
272,4.23410650459726,4.013027695151045
273,3.218875824868201,4.073627562687587
274,1.3862943611198906,0.6748965173541193
275,6.115892125483034,7.004444486444635
276,6.77078942390898,5.0851830539090095
277,1.791759469228055,2.7916489490550673
278,2.3978952727983707,1.5486033859805763
279,0.0,-0.02940088217733594
280,4.770684624465665,3.2530917446185543
281,0.0,-0.06067966763582833
282,2.70805020110221,2.5708856736028936
283,6.035481432524756,6.763827943014384
284,7.697121317282625,7.29026520709469
285,4.174387269895637,3.396366029554263
286,5.389071729816501,5.144479689451482
287,4.59511985013459,3.0061779088612486
288,9.169976605786628,9.686669971435519
289,7.307872780763706,7.268832435185285
290,4.663439094112067,5.543524668634536
291,6.228511003591184,5.800924507909106
292,0.0,0.7830948106212314
293,0.0,0.44081490749297725
294,0.0,0.6158389771251924
295,1.0986122886681098,1.2097433366742527
296,3.49650756146648,4.655825176483402
297,4.584967478670572,2.6366553276123446
298,0.0,0.4966825410232163
299,0.0,0.2683504897119948
300,2.5649493574615367,1.3874810892912202
301,1.3862943611198906,0.7712433956365152
302,0.6931471805599453,0.512459378531581
303,5.459585514144159,5.642765439820893
304,0.0,0.6756608034985057
305,4.143134726391533,4.270474699684799
306,2.9444389791664403,2.942465603117213
307,3.9318256327243257,3.746318039585856
308,0.0,0.5831657730629334
309,0.0,0.5452715092821234
310,1.0986122886681098,0.6101653438684826
311,3.9889840465642745,3.243958809137536
312,7.907651594711089,7.851635009467984
313,6.641182169740591,4.6332049680079095
314,1.0986122886681098,0.4379869595247283
315,3.80666248977032,4.64091880250775
316,7.748028524432376,8.37489018646545
317,4.442651256490317,4.54539487734171
318,2.4849066497880004,2.542170671910327
319,0.6931471805599453,0.8607920361107944
320,0.0,0.13112665658081601
321,5.916202062607435,5.6188079045898895
322,2.833213344056216,1.4239805969009316
323,0.0,-0.11681527008616444
324,2.19722457733622,2.4381070391459287
325,2.70805020110221,2.030902230216014
326,0.0,0.23722800476338346
327,2.70805020110221,2.896076359194255
328,0.0,0.5782228326176719
329,4.356708826689592,5.000264466391083
330,3.9889840465642745,3.8948427477403578
331,0.0,0.43628222698034813
332,1.0986122886681098,0.8126491906042577
333,4.709530201312334,4.020871901058619
334,2.3978952727983707,2.327970528255047
335,0.0,1.829740848457953
336,0.0,0.12476408679315742
337,0.6931471805599453,0.8671814866980581
338,0.0,0.693121476396215
339,6.171700597410915,6.433131817599731
340,5.53338948872752,4.258547630551741
341,4.812184355372417,3.127643534368209
342,0.0,0.34808936501560406
343,5.068904202220232,5.530616007748577
344,5.2832037287379885,4.757969327185053
345,4.110873864173311,3.337934418185019
346,0.6931471805599453,1.2988330712351743
347,3.951243718581428,4.783656565824176
348,5.7745515455444085,6.078584802665581
349,1.0986122886681098,0.8064286691037665
350,2.19722457733622,1.8233567469884788
351,0.6931471805599453,1.0203343940008986
352,4.02535169073515,3.766676490523845
353,0.0,0.31686875985210095
354,1.6094379124341005,2.8162786021559585
355,2.772588722239781,3.221666167697868
356,4.382026634673881,4.020346034298057
357,1.0986122886681098,2.5812675381113745
358,0.0,1.3516663238694213
359,0.6931471805599453,-0.002330176441014853
360,0.0,0.027847157005234546
361,6.20455776256869,4.592462155541412
362,0.0,4.496205848944257
363,0.6931471805599453,0.5640951082247709
364,4.330733340286331,4.066463669735165
365,1.9459101490553128,1.9966409727904222
366,0.0,0.1753041549130514
367,2.5649493574615367,2.0684415189547503
368,0.6931471805599453,0.6097505315250227
369,4.859812404361672,4.663009838924308
370,3.295836866004329,3.781062524467938
371,3.1354942159291497,2.365877304713063
372,2.079441541679836,1.9627041846464264
373,0.0,0.36728148412596306
374,1.3862943611198906,0.7294248283309839
375,2.4849066497880004,2.276320004908923
376,3.6375861597263857,1.0915199185006905
377,0.6931471805599453,0.3609280519456275
378,5.476463551931511,5.585281015762792
379,4.382026634673881,4.850365325090925
380,1.6094379124341005,0.312662210658321
381,0.0,0.7329406703811596
382,2.4849066497880004,2.111592532067134
383,1.0986122886681098,0.20746127639402
384,0.0,0.11365065816851505
385,2.19722457733622,1.736935110219601
386,2.3978952727983707,2.7291586050846157
387,0.0,0.43690919818299956
388,2.302585092994046,1.6752761227711428
389,0.0,1.5704314910297548
390,2.302585092994046,1.9172070667405563
391,2.6390573296152584,3.0027622037237434
392,5.926926025970411,5.877457686405927
393,0.0,0.5588797915209809
394,2.5649493574615367,1.7936519968792104
395,0.6931471805599453,1.080631755013201
396,2.5649493574615367,2.611705933940766
397,0.6931471805599453,1.6683243707557733
398,0.0,-0.03456320119740974
399,1.3862943611198906,0.846794680341973
400,2.3978952727983707,2.4638675362062963
401,7.781973234434385,7.5340766919136914
402,1.3862943611198906,2.4097077820872586
403,2.4849066497880004,2.60752832312225
404,5.1647859739235145,4.998428990579469
405,5.272999558563747,5.026770341943196
406,1.791759469228055,0.9689623529804214
407,0.0,0.007238520062976761
408,2.772588722239781,3.8322911775231043
409,1.791759469228055,3.2569246541891985
410,3.258096538021482,4.254223288436199
411,3.332204510175204,3.3188669820969396
412,2.772588722239781,1.834503750270087
413,0.6931471805599453,0.17630366238362294
414,3.951243718581428,2.3895365646930604
415,1.0986122886681098,1.297188838690948
416,3.295836866004329,3.728791067377257
417,3.6635616461296463,3.1453478420370384
418,0.0,0.24756592319251336
419,3.871201010907891,4.788955075000488
420,0.0,0.1461395802492218
421,0.0,0.7492085942856963
422,0.6931471805599453,0.8129474955701892
423,0.0,-0.004230993008476069
424,0.6931471805599453,0.48991957632342564
425,7.747596838692885,7.856435798680181
426,1.3862943611198906,1.2094161719544818
427,1.9459101490553128,0.8788839745550301
428,0.0,0.5555997742157068
429,1.3862943611198906,1.4563950127832204
430,2.995732273553991,1.8071159261158891
431,3.044522437723423,3.44030059896546
432,5.056245805348308,5.449754495264651
433,0.0,0.41015183841639047
434,5.513428746164983,5.758387996053804
435,1.3862943611198906,3.2126601535236246
436,4.700480365792417,3.55542176607024
437,1.3862943611198906,0.7048636423544608
438,0.0,1.0088651431295792
439,1.791759469228055,3.1437043450787554
440,3.610917912644224,3.759405744096857
441,0.6931471805599453,-0.07053116308421492
442,0.0,0.5702715706459189
443,2.302585092994046,3.0866934256304503
444,0.0,1.1525224655093875
445,4.262679877041316,5.240337441382827
446,4.430816798843313,4.676998394195088
447,5.455321115357702,6.392074573122567
448,2.70805020110221,3.050418878377667
449,0.6931471805599453,0.33231977700052706
450,0.0,0.8749856196613988
451,5.1647859739235145,5.532748309830007
452,0.0,0.8190124941374632
453,0.0,0.5511432286244329
454,3.218875824868201,3.05650459677166
455,1.9459101490553128,2.1245011971936743
456,1.0986122886681098,0.6317288643118197
457,2.4849066497880004,2.904763093708961
458,5.613128106388071,6.301237511030717
459,0.0,1.3429052608198668
460,0.6931471805599453,1.025084232504986
461,0.0,0.28937402872760964
462,0.0,0.3702041081926104
463,0.0,0.5861941689800214
464,0.0,0.17700050971481707
465,3.091042453358316,2.8062700687570796
466,2.079441541679836,2.8141689330674557
467,0.0,0.5954612324681323
468,0.0,-0.17057516631809122
469,3.737669618283368,2.811245589272002
470,0.0,0.6175904090309554
471,4.672828834461906,3.680522029144821
472,3.784189633918261,3.9999108493178355
473,2.833213344056216,2.058770427971236
474,1.9459101490553128,2.5293559059170025
475,0.0,0.4688951955326208
476,4.007333185232471,3.5568993659779387
477,1.9459101490553128,1.397183165867855
478,0.0,0.7894653731346966
479,0.6931471805599453,1.7559677524042665
480,1.6094379124341005,1.1841007027299795
481,1.0986122886681098,1.4883439001801997
482,0.0,1.1559476591144953
483,0.6931471805599453,1.457826194815567
484,2.19722457733622,1.4088771999580902
485,0.6931471805599453,1.9697603014281861
486,2.3978952727983707,2.2664502207273527
487,5.0369526024136295,5.049042134872683
488,0.0,1.0663848936730425
489,0.0,-0.15975533532456065
490,0.6931471805599453,1.2862417517087996
491,1.0986122886681098,1.200513563334608
492,0.0,0.4929289811748008
493,2.302585092994046,1.6169207616915076
494,2.772588722239781,3.0051966643036674
495,2.5649493574615367,2.2501301875753756
496,2.833213344056216,1.5762064498133088
497,2.4849066497880004,1.5087708424961124
498,3.4339872044851463,2.989056283098355
499,3.58351893845611,3.586513607125032
500,6.1092475827643655,7.127626677053252
501,5.66988092298052,6.044293741605575
502,0.0,0.727292000765628
503,2.772588722239781,1.3974704954108708
504,0.0,0.27290469820623153
505,1.9459101490553128,2.93711630244937
506,1.791759469228055,1.8996118200616183
507,1.0986122886681098,0.9501682912128089
508,0.0,-0.3785369392219615
509,0.6931471805599453,1.7472046973348239
510,3.713572066704308,4.3664554591402025
511,0.0,0.8087089208162941
512,8.439880088313567,8.982936998537458
513,3.8501476017100575,4.541219533371454
514,4.07753744390572,4.734752045994881
515,0.6931471805599453,0.6364215699130642
516,1.9459101490553128,2.4961182865551215
517,2.4849066497880004,2.0218944506899406
518,7.080867896690782,5.2973756064069
519,5.429345628954441,5.6850930609346
520,0.0,-0.02379416601381168
521,0.0,0.7865311452481283
522,0.6931471805599453,0.9730085668086761
523,0.0,0.4767597484709205
524,0.0,0.8053652567464789
525,0.0,0.6423693653420335
526,6.084499413075172,4.8567834611793455
527,0.6931471805599453,0.3786712744148111
528,0.0,0.040977717326137864
529,2.4849066497880004,2.1244690783351228
530,1.0986122886681098,1.5493931921954873
531,0.0,0.22164192878353628
532,2.70805020110221,3.2256679937303514
533,0.0,0.01152619092252749
534,7.606387389772652,8.518719605063682
535,1.791759469228055,1.4706705249240586
536,0.0,0.08420030363093467
537,0.0,0.9883672969377442
538,3.8918202981106265,3.266055079495534
539,3.6375861597263857,4.597037561792976
540,1.3862943611198906,1.6288152056065877
541,9.169976605786628,6.304315760435435
542,0.0,0.04283680275656376
543,0.0,-0.3644218538780284
544,1.6094379124341005,1.23053577543716
545,4.663439094112067,5.3720716978903065
546,1.6094379124341005,1.8088795512753073
547,1.0986122886681098,1.0664593954397923
548,2.772588722239781,3.0469275931821347
549,0.0,-0.26823493718652536
550,6.077642243349034,7.075326723781785
551,6.635946555686647,6.305498011201362
552,0.6931471805599453,0.4320240004853164
553,2.302585092994046,1.1001322259787816
554,9.169976605786628,6.932835589368345
555,4.04305126783455,4.112638802506232
556,0.0,-0.0315067385389427
557,3.713572066704308,2.4320082384870254
558,2.4849066497880004,2.6048485841828395
559,2.19722457733622,2.2139194389693944
560,2.3978952727983707,2.717645398261099
561,0.0,0.5516863938322731
562,0.6931471805599453,0.5597678687574659
563,2.19722457733622,0.8567084309485546
564,5.123963979403259,3.9133608091131813
565,2.772588722239781,2.9481635170008413
566,0.0,0.5979114413320346
567,0.0,-0.21384190792103164
568,0.0,1.3431678372865765
569,5.501258210544727,5.35819971211234
570,3.295836866004329,3.0771524602309355
571,0.0,0.314476308710236
572,0.0,2.598364474283621
573,0.0,0.7181707616720363
574,0.0,-0.3020083187737841
575,2.4849066497880004,1.9953040512845681
576,4.430816798843313,4.613894243543869
577,0.6931471805599453,1.431049677323517
578,0.0,-0.5067800293739388
579,0.6931471805599453,0.26005595260096337
580,2.4849066497880004,2.572424333213429
581,2.8903717578961645,3.641153732632718
582,1.0986122886681098,1.7092193101898623
583,0.0,0.6767752981296271
584,6.956545443151569,7.089354404966851
585,3.7612001156935615,4.220468184400332
586,1.6094379124341005,0.13279678531165695
587,3.1354942159291497,3.0766878058859204
588,6.461468176353717,5.496824635968409
589,4.23410650459726,4.264160989549949
590,4.882801922586371,4.81353857352611
591,0.6931471805599453,0.6259499116487643
592,2.833213344056216,3.594097916263739
593,0.0,-0.023613186817714293
594,6.595780513961311,7.10156136696285
595,0.0,-0.35662072009240253
596,4.174387269895637,3.9302527366430824
597,0.6931471805599453,0.28084674936557885
598,2.19722457733622,2.431447140613342
599,1.791759469228055,3.024265998039819
600,2.079441541679836,2.2165121955087406
601,1.6094379124341005,1.8627489145149996
602,3.1354942159291497,2.018885120670291
603,0.6931471805599453,2.1983577674376367
604,0.0,-0.1631873558844874
605,0.0,-0.24888772064115416
606,0.0,0.5842394427217954
607,1.0986122886681098,0.4839160634107511
608,6.894670039433482,6.008899064596364
609,1.3862943611198906,0.9052589116690535
610,2.8903717578961645,2.8062987976676506
611,0.0,0.5915629902288062
612,0.0,0.11055432598494042
613,5.961005339623274,2.6286167330983723
614,5.7745515455444085,6.590754583895881
615,1.6094379124341005,-0.08425415707995842
616,4.248495242049359,3.1776397987776486
617,8.658692753689937,9.074466519440465
618,0.0,0.5533136465275279
619,0.0,0.5569412070953217
620,1.6094379124341005,1.4812226640130841
621,3.912023005428146,3.6763089843807863
622,0.0,-0.04878175603127666
623,4.762173934797756,5.030489945045063
624,0.6931471805599453,1.3089141443002115
625,0.0,-0.0319951547836097
626,0.0,0.47918554364349
627,0.0,0.32588702741879083
628,5.680172609017068,5.053401600929368
629,1.0986122886681098,0.4913609786198976
630,0.6931471805599453,1.3371699835888138
631,0.0,0.5656086876607676
632,0.0,0.5244881115419004
633,4.02535169073515,3.516764160888097
634,3.737669618283368,3.150518731303041
635,2.70805020110221,2.3291515018323232
636,0.6931471805599453,-0.20576140335604576
637,0.0,0.010177816047700627
638,1.3862943611198906,1.623418058981484
639,3.1780538303479458,3.331260634599788
640,3.4339872044851463,2.8598371306655217
641,1.0986122886681098,0.9278391106634454
642,0.0,1.0568208306706324
643,0.0,0.6869278583643643
644,4.23410650459726,3.8509951841370222
645,0.0,0.7177711581509112
646,2.302585092994046,3.2391467965128857
647,0.6931471805599453,1.9262349856129242
648,0.0,0.08905162443734982
649,1.791759469228055,2.6554307072476266
650,0.0,0.2676015738718034
651,0.0,-0.5484099925863934
652,0.0,0.6056229757917637
653,3.8501476017100575,4.49277835986304
654,4.624972813284271,4.648029583482874
655,0.6931471805599453,0.3517730223141615
656,1.791759469228055,1.9391922234640595
657,3.332204510175204,3.092026551540546
658,0.0,0.5506632853890168
659,4.605170185988092,4.139531372903209
660,0.6931471805599453,1.9109770313936858
661,0.0,0.5568101295690564
662,0.0,0.18648506188043434
663,5.4510384535657,6.059670047947661
664,5.703782474656201,5.955729424384537
665,5.594711379601839,4.896076264302737
666,0.6931471805599453,1.3744180373190895
667,0.6931471805599453,1.562713568450231
668,4.663439094112067,4.639246836098488
669,0.0,0.17220766951290312
670,0.0,0.4631045485214873
671,1.0986122886681098,0.9609792793115239
672,2.079441541679836,1.0020852566351548
673,2.6390573296152584,2.566258403722604
674,1.0986122886681098,1.5650034659836782
675,2.833213344056216,2.487108766439524
676,5.973809611869261,6.388316035197265
677,0.0,0.7503419830021276
678,0.6931471805599453,1.042182725587862
679,0.6931471805599453,0.3781232585388301
680,3.58351893845611,3.037003172879478
681,0.6931471805599453,-0.29745096047052666
682,4.174387269895637,3.853709993908577
683,3.367295829986474,3.0639171000923753
684,6.729824070489475,5.518642552686456
685,0.0,0.5420971288866909
686,0.6931471805599453,1.6319857094533798
687,4.3694478524670215,3.6915393611134046
688,3.8501476017100575,3.588828474945495
689,1.6094379124341005,0.4511969833473095
690,0.0,0.4569772605236113
691,2.9444389791664403,3.4719108622054806
692,0.6931471805599453,0.3330768510537616
693,2.833213344056216,2.828326373138692
694,4.204692619390966,3.703922565152994
695,7.431299675155903,7.621619115138417
696,0.6931471805599453,1.4771380204551523
697,2.4849066497880004,2.1088893231334955
698,7.167809184316444,2.4998074379695345
699,7.126087273299125,7.992060940538803
700,6.486160788944089,5.028224017534747
701,2.833213344056216,2.1356589254255027
702,0.0,0.4818170811326261
703,0.6931471805599453,0.2713661702068184
704,2.772588722239781,3.2172770538027704
705,3.8501476017100575,3.513576446032676
706,1.0986122886681098,0.9860343037796144
707,0.6931471805599453,0.6896996654272769
708,0.0,0.8219495219160016
709,2.4849066497880004,3.9243769390878835
710,0.0,0.20911965950347788
711,0.0,0.7887514069235921
712,6.413458957167357,4.88073791668597
713,2.5649493574615367,3.2431242223027015
714,0.0,0.5029325450857567
715,0.0,0.16361713374922005
716,5.7430031878094825,6.565387833750195
717,3.218875824868201,1.7585445968254878
718,0.6931471805599453,1.185445333543133
719,3.1354942159291497,4.376974127846141
720,0.6931471805599453,2.4328689678549775
721,1.3862943611198906,2.291845203073151
722,0.0,0.747518571427938
723,1.9459101490553128,1.0959617374925616
724,0.0,0.4613757291984162
725,3.332204510175204,1.679139391326435
726,1.0986122886681098,0.020897838951011938
727,7.089243155027514,5.790918494073109
728,1.0986122886681098,1.3836642382324187
729,3.912023005428146,4.021352181258013
730,1.3862943611198906,1.8712484674722116
731,1.0986122886681098,1.2666198904491897
732,0.0,-0.053799882720450665
733,3.6635616461296463,2.6790235036804413
734,4.127134385045092,4.755453518276487
735,3.49650756146648,2.664331998282041
736,2.3978952727983707,2.7644089892174426
737,8.442685139241176,7.781832194824409
738,2.6390573296152584,1.4620574985400823
739,0.0,-0.07770310067242026
740,3.5263605246161616,3.630583601345517
741,0.6931471805599453,0.6612590090511097
742,6.169610732491456,5.592023962076038
743,5.198497031265826,4.934362512480421
744,6.042632833682381,5.767018791421533
745,1.6094379124341005,1.4986782544503012
746,1.791759469228055,1.032082343543835
747,0.0,0.49781992423867005
748,0.0,0.5599406493217454
749,2.3978952727983707,2.209971639923
750,3.970291913552122,5.011473776995098
751,4.543294782270004,4.252001649986665
752,1.0986122886681098,0.43728400086186014
753,0.0,0.6077343764596912
754,5.236441962829949,4.064949186594211
755,3.8918202981106265,4.344386666342182
756,2.302585092994046,2.543514525383458
757,3.1780538303479458,3.5258780372726135
758,4.406719247264253,2.2972170532582554
759,5.262690188904886,6.020954330106079
760,2.772588722239781,1.392496125724599
761,0.6931471805599453,0.354622429577788
762,0.0,0.2188334054935548
763,6.765038976780541,7.671215755885095
764,2.70805020110221,1.9379675063133464
765,2.772588722239781,2.500588244118647
766,5.3230099791384085,5.162133667847644
767,0.0,0.4890842540321183
768,1.3862943611198906,2.182753473269209
769,2.995732273553991,3.4565296612249474
770,0.0,1.5577362218603006
771,0.0,1.1816042171612964
772,4.060443010546419,4.3416808703723095
773,1.6094379124341005,0.8512555177615739
774,0.0,0.23674091544990317
775,1.0986122886681098,2.1727311194860337
776,0.0,-0.062309417074357665
777,5.627621113690637,6.3961996808841235
778,1.0986122886681098,1.9914440737442591
779,4.875197323201151,4.4791708646622865
780,1.3862943611198906,1.9104629397666186
781,0.0,0.1258766905668134
782,9.06577692078483,9.255991208152999
783,2.079441541679836,2.3301038070911884
784,0.0,-0.2655107732264139
785,3.912023005428146,3.900015752117254
786,1.9459101490553128,1.6227692982545343
787,0.0,0.010773704558237895
788,3.4011973816621555,3.7295156725975005
789,6.536691597591305,6.1748923940387535
790,0.0,0.5572111408822091
791,5.3612921657094255,3.9990078528983384
792,0.0,0.815785380064092
793,0.0,0.40577138660302436
794,0.0,0.07606578561622968
795,3.4011973816621555,1.0206526230828765
796,0.0,0.5419062682743481
797,0.0,0.38788163083219884
798,3.688879454113936,4.2467869543575665
799,0.0,0.6175884002136112
800,5.062595033026967,4.549463304630005
801,1.3862943611198906,1.2755525660134672
802,0.6931471805599453,0.7097766512735821
803,0.6931471805599453,0.983863548840723
804,2.70805020110221,3.6894658291553526
805,0.0,0.6393014634851533
806,5.117993812416755,5.417078730437508
807,0.0,1.0994656502839628
808,0.0,-0.2744108037310018
809,7.711101251840158,8.413216987059426
810,0.0,-0.3280684384710528
811,7.130098510125578,7.258327820102005
812,0.0,0.5490100034801928
813,0.0,0.5067222828831994
814,0.0,0.9922488951875037
815,3.49650756146648,3.9932262276746524
816,0.6931471805599453,0.9352191722382006
817,0.0,0.5552587796810513
818,0.0,0.32956993513595845
819,0.0,1.0608471902104595
820,2.19722457733622,1.8798908699643408
821,3.258096538021482,2.690410591980846
822,1.0986122886681098,0.5529218352701721
823,0.0,0.39774361850684814
824,2.079441541679836,1.7428842424543527
825,2.833213344056216,2.946140255072878
826,0.0,0.7520562076000927
827,9.169976605786628,9.290576427914628
828,7.954723334497908,8.13384720496597
829,0.0,0.8147526039120621
830,0.6931471805599453,1.5817258543543842
831,9.169976605786628,8.78742367604811
832,0.0,-0.16693141033747683
833,1.3862943611198906,2.1887056109831224
834,4.219507705176107,4.8265035039097235
835,2.4849066497880004,0.993452346530092
836,2.8903717578961645,4.2185794509371455
837,1.6094379124341005,1.5815537489569955
838,2.079441541679836,1.3279974425607572
839,2.8903717578961645,1.3883995784990633
840,2.5649493574615367,1.448484238171582
841,4.976733742420574,4.879386319576604
842,3.49650756146648,3.1280052167518866
843,0.6931471805599453,0.9815387855569155
844,7.186901020411631,6.733351170990568
845,5.030437921392435,5.415825649480889
846,1.791759469228055,2.2582528120276226
847,4.890349128221754,4.385493905898489
848,0.0,1.4000321200956076
849,1.3862943611198906,2.197208295888696
850,3.9889840465642745,4.074035586163801
851,0.0,-0.3107247873587724
852,7.43543801981455,7.737181987920225
853,1.3862943611198906,1.4985263267782585
854,1.6094379124341005,0.4443380646756958
855,0.0,-0.057211794152543405
856,0.0,0.8103675464716122
857,0.0,0.9060307453016196
858,0.0,0.49432985940467344
859,7.398174092970465,6.915893953380481
860,5.802118375377063,4.461723315363677
861,8.866017398810255,9.008138901463248
862,5.613128106388071,3.127080657485071
863,0.0,0.7212795386666828
864,3.258096538021482,2.3631689492245673
865,0.0,0.4130467596085774
866,2.995732273553991,1.6922074626967543
867,0.0,0.29087874131169533
868,2.5649493574615367,3.044879933013152
869,2.4849066497880004,2.02977435126836
870,0.0,0.16164038238082457
871,4.219507705176107,3.755072301762731
872,4.0943445622221,4.204354159793468
873,3.332204510175204,2.974309976587308
874,0.6931471805599453,1.2831742564217836
875,2.079441541679836,1.2893300995604031
876,0.0,0.9816379751095239
877,3.367295829986474,3.094747263769332
878,0.0,0.5028436618421284
879,0.0,0.9874066512636712
880,0.0,0.4628605082853381
881,1.0986122886681098,0.12943435207657084
882,2.70805020110221,1.4879637107447206
883,0.0,0.7717904076136657
884,1.0986122886681098,0.6128868061914403
885,1.791759469228055,2.1714849025724456
886,7.519149957669823,7.205104956166808
887,2.772588722239781,2.585413440918813
888,5.6937321388027,5.749303817528192
889,3.1354942159291497,0.517471011546035
890,0.0,-0.21066278771575098
891,0.0,0.634420931763144
892,2.8903717578961645,3.202600549972763
893,1.6094379124341005,0.8187812876617733
894,9.0320506762956,9.191991099424461
895,0.0,0.35606786976841454
896,2.302585092994046,2.3592727461841734
897,2.302585092994046,1.633360314368021
898,4.997212273764115,4.398267080966922
899,1.791759469228055,1.6667938670290188
900,4.882801922586371,5.126756453878011
901,0.6931471805599453,0.5097232075653229
902,2.3978952727983707,1.2937491147510187
903,5.552959584921617,5.393094277743163
904,0.6931471805599453,0.1862319282690148
905,4.867534450455582,3.8492451013445086
906,1.6094379124341005,2.8640277017194222
907,1.791759469228055,0.5666816265492449
908,0.0,-0.237386085571885
909,4.564348191467836,4.695486195269934
910,0.0,0.7597345203503507
911,2.079441541679836,2.5315597430167864
912,2.3978952727983707,2.732287059510736
913,2.3978952727983707,2.316789996577633
914,0.0,-0.2902754115387358
915,6.324358962381311,3.627893713017517
916,0.0,0.40492321739802395
917,6.39024066706535,6.393637540807765
918,2.079441541679836,0.5650415670884767
919,0.0,-0.10184857431143257
920,0.0,-0.1576399218687463
921,0.0,0.12011376584853783
922,0.0,0.5257857217435282
923,5.225746673713202,5.767186865490461
924,0.0,0.21735030351396212
925,4.060443010546419,2.8736160452756034
926,1.3862943611198906,0.19816494712284527
927,0.0,0.08556215063367079
928,4.442651256490317,4.40474111324213
929,0.0,0.35444563423473463
930,4.5217885770490405,5.00542209376098
931,2.6390573296152584,3.093310298515833
932,6.194405391104672,6.664102739971975
933,0.0,0.4125641930477282
934,0.0,0.01137007488240016
935,0.0,0.8565773278301325
936,3.4657359027997265,3.750337429135347
937,3.091042453358316,3.072942376276709
938,0.0,-0.4407000212369687
939,1.3862943611198906,2.3509110465231613
940,5.981414211254481,5.947310737744452
941,0.0,0.2930333815977013
942,4.6443908991413725,4.346734229321806
943,0.0,0.09771394528196531
944,2.079441541679836,2.43419236935458
945,2.3978952727983707,1.9897498548050487
946,0.0,0.21158996588532286
947,3.044522437723423,2.9188124784128173
948,0.0,0.6112259618833038
949,3.044522437723423,3.9379427328605034
950,2.302585092994046,2.364132199843256
951,1.791759469228055,2.1358181045218823
952,2.5649493574615367,2.6841306977995534
953,9.169976605786628,8.209692680375701
954,3.58351893845611,3.9322405074526037
955,1.3862943611198906,2.1256339964268394
956,5.780743515792329,4.932237174281756
957,7.094234845924755,7.526295930091534
958,3.295836866004329,3.5192109684248094
959,0.0,0.6856427318382514
960,5.996452088619021,7.125154855733177
961,2.302585092994046,2.260537395704948
962,4.418840607796598,3.9475166448786085
963,4.543294782270004,2.9878170526920074
964,7.05444965813294,6.013225838873714
965,0.0,0.7154339944176169
966,0.0,0.8919940009359097
967,2.772588722239781,2.244462827590209
968,0.0,0.436383305587396
969,2.19722457733622,1.2013623869468335
970,2.5649493574615367,2.534249255969905
971,2.9444389791664403,3.2365971092842507
972,1.3862943611198906,0.6877707788450103
973,3.555348061489413,4.869891700507576
974,2.9444389791664403,2.7158184706427426
975,0.0,0.780489898899277
976,0.6931471805599453,1.9538550594543833
977,1.791759469228055,1.3996019442408572
978,3.1354942159291497,4.190905512189103
979,0.0,0.4130765937548233
980,3.784189633918261,3.2188131731538463
981,0.0,0.6128557436531799
982,0.0,1.088434824887766
983,0.6931471805599453,0.09709538851950095
984,2.079441541679836,1.9304311356258177
985,1.6094379124341005,1.272210345956784
986,1.3862943611198906,1.447759095505934
987,3.332204510175204,2.7732884385301215
988,3.044522437723423,3.5385751284282114
989,2.4849066497880004,3.1677916991818793
990,4.143134726391533,2.8871057198472565
991,1.791759469228055,2.1784023279021403
992,2.833213344056216,3.0044943453705657
993,0.6931471805599453,0.3722138810681459
994,2.079441541679836,2.2532050118158384
995,0.0,-0.22816044211045972
996,4.158883083359672,3.5897069871215663
997,0.0,0.6531868987385006
998,2.079441541679836,0.39413707483370275
999,0.0,-0.31286628814725326
1000,1.3862943611198906,1.5749147114321524
1001,0.0,-0.08200396253274
1002,0.0,1.2753497372770686
1003,1.6094379124341005,0.8508659379250616
1004,3.8918202981106265,3.09003180902359
1005,0.0,1.274792183159985
1006,1.0986122886681098,0.8710295968026489
1007,3.8501476017100575,3.2212120110751314
1008,2.302585092994046,2.219449550986883
1009,1.3862943611198906,1.3340210821871996
1010,4.07753744390572,4.8425785908316765
1011,0.6931471805599453,0.9602459175162708
1012,0.0,0.45858563536958896
1013,0.6931471805599453,0.21646155705807812
1014,0.6931471805599453,0.6795203070444129
1015,0.0,0.7260092013959645
1016,0.0,0.5506963849194857
1017,1.3862943611198906,1.0615568219411942
1018,2.079441541679836,1.4675426497783723
1019,5.123963979403259,5.876732982991674
1020,1.6094379124341005,1.8665594662524692
1021,0.0,0.6704650877686793
1022,0.0,1.1948578574423832
1023,1.0986122886681098,1.7834766269416493
1024,4.934473933130692,4.709723544749558
1025,0.6931471805599453,0.13737197650840471
1026,1.3862943611198906,2.0383562789246996
1027,2.9444389791664403,2.1899342334189296
1028,1.3862943611198906,0.33441594378707284
1029,0.0,0.13103105167976148
1030,2.9444389791664403,0.878326297385019
1031,0.6931471805599453,0.10595683362937347
1032,2.5649493574615367,2.787750437208504
1033,5.638354669333745,6.1441155726937335
1034,1.0986122886681098,0.46755464839257677
1035,0.0,0.5411417716220854
1036,3.6635616461296463,3.559225211090512
1037,2.8903717578961645,1.4439416029381817
1038,0.6931471805599453,0.26074489659465394
1039,1.6094379124341005,1.0409230319230858
1040,3.80666248977032,3.6321327986215834
1041,5.225746673713202,5.024355179647891
1042,0.6931471805599453,1.002444792661793
1043,3.258096538021482,3.466672023080192
1044,0.0,-0.14974577080393603
1045,0.0,-0.003540519924925878
1046,1.6094379124341005,1.7498856800662133
1047,7.938802248154481,7.752631584652757
1048,0.6931471805599453,0.5169537825291992
1049,5.214935757608986,4.685376269977296
1050,0.0,0.09597512531599062
1051,0.0,0.578802835024607
1052,0.6931471805599453,0.9874066512636712
1053,2.4849066497880004,1.7028801837199357
1054,2.3978952727983707,2.4566575225655174
1055,2.70805020110221,2.412502434784219
1056,6.180016653652572,5.820949606981945
1057,1.0986122886681098,1.2518682450940413
1058,0.0,1.3941411217833073
1059,0.0,0.6154311947183777
1060,0.0,-0.13857821302226458
1061,0.6931471805599453,1.1968599817430947
1062,0.6931471805599453,1.1691251674661938
1063,1.6094379124341005,2.780070750492546
1064,0.0,1.8635435392356645
1065,1.3862943611198906,0.8628567154770344
1066,0.0,0.6787641598571299
1067,6.385194398997726,6.775394435623266
1068,0.0,-0.09982103048160695
1069,0.6931471805599453,0.5014287971210003
1070,1.0986122886681098,1.4920456978777015
1071,1.6094379124341005,1.3089659561914084
1072,5.3981627015177525,4.9367346113483315
1073,3.9318256327243257,3.7215539229653443
1074,4.983606621708336,5.318204456557432
1075,0.0,0.14944511509388114
1076,3.218875824868201,2.455861053356976
1077,0.0,0.6820110705360425
1078,0.0,0.20499800947067204
1079,5.075173815233827,5.511928422418965
1080,6.028278520230698,5.354534623569824
1081,3.610917912644224,3.1317687562649046
1082,0.0,0.552210383480527
1083,9.060447282401563,8.995276694600605
1084,1.3862943611198906,1.3778030869771267
1085,1.6094379124341005,-0.13443397693043657
1086,3.044522437723423,3.2412375761719376
1087,3.688879454113936,3.169975854220301
1088,0.0,0.6288578248844559
1089,4.653960350157523,4.744911388946031
1090,6.584791392385716,5.828375375146814
1091,0.0,0.3969172811147723
1092,1.6094379124341005,1.0422362909010072
1093,1.0986122886681098,0.4335360635708825
1094,6.274762021241939,6.018675970919057
1095,0.0,-0.4057449105813147
1096,3.091042453358316,3.3770303898214333
1097,5.365976015021851,4.291805133430438
1098,2.3978952727983707,1.9836026778248723
1099,2.079441541679836,1.3412366679674088
1100,3.8918202981106265,3.8226065189579317
1101,1.6094379124341005,0.48627808652827653
1102,0.0,0.5694775256218356
1103,2.70805020110221,2.4855476228056452
1104,4.584967478670572,3.954769971028334
1105,6.508769136971682,6.774001349878006
1106,0.0,0.5507583685380291
1107,0.6931471805599453,1.7138650707614236
1108,2.4849066497880004,2.217266211366242
1109,1.0986122886681098,0.5501416631314804
1110,5.303304908059076,5.590172090507226
1111,0.0,0.6063488540296307
1112,5.241747015059643,4.206027189496703
1113,2.19722457733622,1.8597216249057402
1114,6.030685260261263,5.526808596552192
1115,1.791759469228055,2.014901018131654
1116,4.663439094112067,3.407001207164303
1117,1.791759469228055,2.530357577164276
1118,4.543294782270004,4.1447654777520055
1119,0.0,0.573324088072114
1120,0.6931471805599453,0.21759648216591643
1121,0.6931471805599453,0.9153570574731278
1122,0.6931471805599453,0.8973479413365526
1123,3.044522437723423,2.4876091056207614
1124,5.0369526024136295,4.071062423410687
1125,0.6931471805599453,1.611672389984117
1126,4.454347296253507,4.288712686720514
1127,1.6094379124341005,2.762636015546695
1128,1.6094379124341005,1.998409989736461
1129,1.3862943611198906,1.4825671015610888
1130,4.74493212836325,4.513547744424475
1131,4.276666119016055,3.9653935047566726
1132,3.332204510175204,2.638657464346867
1133,4.584967478670572,4.168865299180622
1134,1.0986122886681098,0.6272713423525591
1135,0.0,0.2753608946211892
1136,0.0,0.23084129799973407
1137,3.044522437723423,1.6358186596377444
1138,2.079441541679836,1.8049845252661791
1139,4.890349128221754,4.479833687594052
1140,2.079441541679836,0.9278559530730794
1141,8.289539484624141,8.36508259242554
1142,0.6931471805599453,0.32486581700749473
1143,0.0,0.16593416957170426
1144,0.6931471805599453,0.8739903531572248
1145,0.0,-0.005658725948882726
1146,0.0,3.5614302733829177
1147,0.0,0.20523702628931773
1148,0.0,-0.3062968715477261
1149,0.6931471805599453,0.9525233596850007
1150,0.6931471805599453,0.3556618870993835
1151,0.0,-0.33313644261762576
1152,0.6931471805599453,0.9695153862474637
1153,5.58724865840025,5.398880868797503
1154,3.610917912644224,3.807225014185504
1155,3.828641396489095,4.186110886063226
1156,2.4849066497880004,1.985455311308559
1157,6.184148890937483,5.11741177547999
1158,6.519147287940395,3.770250222174096
1159,6.0112671744041615,5.230735572528623
1160,1.3862943611198906,0.602667429298807
1161,4.532599493153256,5.479226979933458
1162,3.9889840465642745,3.324650276720029
1163,1.3862943611198906,1.7422614584838505
1164,1.791759469228055,1.3776985639924266
1165,1.9459101490553128,2.080647005276295
1166,0.6931471805599453,0.8789699496234311
1167,2.4849066497880004,2.993297571244269
1168,2.19722457733622,1.2611910920759635
1169,0.0,-0.010304376906322688
1170,4.867534450455582,4.131091076829443
1171,0.6931471805599453,0.3786752841170784
1172,0.0,0.1284342019436555
1173,0.0,0.04307488823924466
1174,0.0,0.8244724092469726
1175,0.0,1.1657738592848903
1176,2.8903717578961645,3.3186334507521136
1177,7.301822342137932,7.628727774063455
1178,1.0986122886681098,0.5506386607280609
1179,0.0,-0.2764943309661385
1180,0.0,1.0367854144977533
1181,1.9459101490553128,1.2099548455364284
1182,5.2832037287379885,5.3592042171388306
1183,0.0,0.19341949980023498
1184,0.0,0.3586695999769476
1185,0.0,0.5989800648498542
1186,4.584967478670572,3.8261477562413213
1187,2.4849066497880004,3.11724686314223
1188,0.0,1.3991416388619333
1189,0.0,0.3078572587276911
1190,2.8903717578961645,3.271766914673741
1191,3.8501476017100575,4.147248803707371
1192,0.0,0.5177869946426343
1193,3.9318256327243257,0.9131015183187952
1194,0.6931471805599453,0.25863065301505017
1195,1.791759469228055,1.6495802243365318
1196,0.6931471805599453,1.617623701029629
1197,7.10085190894405,6.633384430881296
1198,0.6931471805599453,0.42560605183298583
1199,0.0,0.3394767261276528
1200,7.553810852008231,7.734585326674505
1201,0.0,0.6796643758374801
1202,2.19722457733622,2.2163527374386764
1203,1.6094379124341005,1.3382890417088809
1204,4.997212273764115,4.698378472175925
1205,0.6931471805599453,1.4438904009798619
1206,5.552959584921617,3.4461794785240043
1207,1.6094379124341005,0.43404235456802476
1208,4.836281906951478,4.291153826237152
1209,2.5649493574615367,2.686105537441656
1210,2.70805020110221,2.616874248028436
1211,4.343805421853684,4.050220898925731
1212,1.791759469228055,2.3287082596684545
1213,0.0,0.5492280025831731
1214,3.367295829986474,1.2770423360179675
1215,1.791759469228055,0.6531545013495237
1216,9.169976605786628,8.361846619667771
1217,1.791759469228055,0.6132339167028611
1218,7.525639975041535,8.203818972564576
1219,8.043984431221553,7.261435555507209
1220,1.3862943611198906,0.8580917526582543
1221,1.0986122886681098,1.1647227221269336
1222,0.0,0.598008564807643
1223,3.737669618283368,3.2439988771426016
1224,2.3978952727983707,0.5850674992796565
1225,3.8918202981106265,4.264818989426875
1226,5.513428746164983,2.337538766425503
1227,0.0,8.792788682665531e-05
1228,1.3862943611198906,1.2386011826963503
1229,5.976350909297934,5.7212386318009845
1230,4.465908118654584,3.0656174132737415
1231,3.367295829986474,4.361163140938257
1232,1.9459101490553128,3.1105118373214
1233,2.079441541679836,1.1877156862330809
1234,3.7612001156935615,5.148668427655858
1235,0.0,0.5137716041897962
1236,2.079441541679836,1.9731765280334626
1237,1.6094379124341005,2.034662959212281
1238,4.356708826689592,3.1323224344928473
1239,1.6094379124341005,1.9454170167353881
1240,0.0,0.5772427476797979
1241,4.356708826689592,3.7442954439777743
1242,0.0,0.365963045319158
1243,8.173575486634153,3.4743293553464847
1244,0.6931471805599453,1.2380532844911971
1245,1.6094379124341005,1.9329616322545604
1246,3.295836866004329,2.9029302688107705
1247,1.0986122886681098,2.0779514099751584
1248,2.995732273553991,2.489535027682098
1249,3.044522437723423,2.881345587684361
1250,1.3862943611198906,0.6162879303272049
1251,0.6931471805599453,0.9549948649897861
1252,0.6931471805599453,0.2522668159300512
1253,0.0,1.1000298930042398
1254,5.030437921392435,3.129472849645161
1255,4.204692619390966,3.8178097041084675
1256,0.0,1.2701960320833625
1257,0.0,0.4517766461311221
1258,0.0,0.5222945034688484
1259,3.1354942159291497,4.184451640864032
1260,3.218875824868201,3.126934627417023
1261,2.3978952727983707,2.4712328960654255
1262,1.6094379124341005,-0.13374301474878614
1263,0.6931471805599453,0.4491299550476193
1264,0.0,-0.29924444993322163
1265,1.3862943611198906,1.4850490547253483
1266,0.0,0.011702695033936727
1267,2.995732273553991,3.4784328036270358
1268,0.6931471805599453,1.3655993959386623
1269,0.0,-0.19423961201207263
1270,1.3862943611198906,1.7225522851166792
1271,0.0,0.7457543294578775
1272,1.0986122886681098,2.101965492558642
1273,0.0,0.8577008296673261
1274,0.6931471805599453,0.7634306356708973
1275,2.6390573296152584,3.117952311614838
1276,0.0,0.777601560150796
1277,1.6094379124341005,0.7033167979047446
1278,5.303304908059076,5.24337257205123
1279,3.1780538303479458,3.674289059211678
1280,4.143134726391533,4.708362565810322
1281,3.4657359027997265,3.363217211908335
1282,0.0,0.29039494510480024
1283,2.079441541679836,1.6721858196888735
1284,4.990432586778736,4.265605473019335
1285,0.0,0.25459595764454734
1286,0.0,0.7556144282202188
1287,0.0,-0.25432111516883005
1288,1.3862943611198906,1.5994807884997746
1289,2.079441541679836,0.60641872179021
1290,2.302585092994046,2.6616684957525107
1291,0.0,0.4526983796385571
1292,1.6094379124341005,1.6532444233088448
1293,0.0,0.0295865163607667
1294,6.902742737158593,0.9796693833395387
1295,4.691347882229144,3.1403365229220674
1296,2.70805020110221,5.2959550481556965
1297,4.248495242049359,5.058695659532086
1298,1.3862943611198906,0.6670333852029713
1299,5.786897381366708,6.095580414041514
1300,0.0,0.2170698172016965
1301,0.0,0.3020841930711935
1302,3.828641396489095,3.6194800514763754
1303,4.852030263919617,4.738889014777022
1304,1.3862943611198906,2.4186879211247496
1305,1.791759469228055,0.8213519439046144
1306,2.3978952727983707,0.38083646418762096
1307,8.15162164696975,7.879215152617853
1308,0.6931471805599453,1.1651153154519638
1309,1.3862943611198906,2.0700023115804296
1310,1.3862943611198906,0.8659333323801497
1311,2.772588722239781,2.545635706938739
1312,0.0,-0.15769045067370335
1313,2.19722457733622,2.2410532642933574
1314,9.169976605786628,8.27165260623926
1315,8.458716261657262,3.398418597573686
1316,1.3862943611198906,0.7923863730520249
1317,0.0,0.4024196455089828
1318,3.80666248977032,2.9518012831022657
1319,5.961005339623274,6.115220195388353
1320,0.0,0.22697585051179647
1321,4.8283137373023015,6.156043480489455
1322,2.833213344056216,2.8133334235029706
1323,2.8903717578961645,2.3165155026146036
1324,6.877296071497429,6.90330357621624
1325,0.0,1.096217312010734
1326,0.6931471805599453,1.3633627094596519
1327,0.6931471805599453,1.593919880363
1328,0.0,0.963712332592332
1329,7.886832998955056,8.121773833564761
1330,0.0,0.9311349739455674
1331,3.218875824868201,3.186202567651997
1332,5.049856007249537,4.970946660323042
1333,1.3862943611198906,0.8467166592132727
1334,5.3981627015177525,6.151847398594924
1335,4.07753744390572,4.170302139557387
1336,2.5649493574615367,2.127385520058039
1337,0.0,0.2485095291558661
1338,4.248495242049359,4.4757401414435645
1339,3.295836866004329,4.650230166145039
1340,0.6931471805599453,0.3123068812935288
1341,0.0,0.7404612894744345
1342,5.384495062789089,5.966600962132915
1343,6.961296045910167,6.5723590735841775
1344,2.5649493574615367,1.972199693625657
1345,2.995732273553991,3.2688067832867427
1346,1.791759469228055,2.4853767216407046
1347,0.0,0.2158829727638505
1348,0.0,0.12682676571207807
1349,9.09952053687094,5.504097625967142
1350,4.912654885736052,4.503275430079029
1351,0.0,0.9390655038266731
1352,0.0,0.6379791017095879
1353,0.0,0.4065123688385224
1354,1.6094379124341005,2.074642806030286
1355,6.115892125483034,6.583572258482219
1356,3.367295829986474,3.3185499464525225
1357,2.302585092994046,2.383493881872281
1358,2.772588722239781,2.678161018891738
1359,4.204692619390966,4.338116077294644
1360,4.248495242049359,3.948876045868622
1361,2.6390573296152584,2.5387625333350012
1362,2.70805020110221,2.3689943804076004
1363,1.9459101490553128,2.0317001884928665
1364,1.0986122886681098,2.136697714725264
1365,1.3862943611198906,0.7992673402747494
1366,3.367295829986474,3.8252634570422486
1367,0.0,-0.1125412643257695
1368,0.6931471805599453,1.0427833564674576
1369,1.791759469228055,1.8860641948468597
1370,0.0,0.6602507286412198
1371,0.0,-0.18002474025548887
1372,2.302585092994046,2.1275039859976292
1373,4.532599493153256,3.2437887294912016
1374,3.091042453358316,1.5525354331062435
1375,6.159095388491933,4.3673519922637425
1376,2.079441541679836,1.5685246312628554
1377,3.80666248977032,2.914072025254309
1378,1.791759469228055,1.7456615309350365
1379,4.5217885770490405,1.8829609535706315
1380,6.907755278982137,7.136293454946399
1381,0.0,0.3137390651385843
1382,2.5649493574615367,3.210979181234885
1383,0.0,0.2299327780802103
1384,2.5649493574615367,2.3513566125447234
1385,2.8903717578961645,2.7118975488495636
1386,0.6931471805599453,0.859812354947151
1387,1.0986122886681098,1.5377551379798284
1388,1.0986122886681098,1.2529347309842582
1389,1.0986122886681098,0.3514353983525429
1390,1.0986122886681098,0.5759847058949519
1391,2.079441541679836,1.279278215887903
1392,0.0,-0.09297544581221207
1393,0.0,0.7853629440992025
1394,4.68213122712422,5.365833990709589
1395,0.0,0.011756239184762318
1396,4.934473933130692,5.119871180827407
1397,0.0,0.47921638316827075
1398,2.4849066497880004,1.4297149721117242
1399,3.4011973816621555,3.125574296261135
1400,0.0,0.6848093788904317
1401,1.9459101490553128,2.7236318570997855
1402,2.6390573296152584,2.996515042675871
1403,2.5649493574615367,1.8443447676812978
1404,1.0986122886681098,0.40836956860578244
1405,0.0,0.8155259838699256
1406,0.6931471805599453,0.8098405138007398
1407,2.4849066497880004,3.0608991479641428
1408,0.0,-0.3557718237485519
1409,3.912023005428146,4.292373781610504
1410,0.0,1.139585626520366
1411,0.0,-0.0868591731483832
1412,0.6931471805599453,0.3914595471932947
1413,2.3978952727983707,2.3651603906661602
1414,4.110873864173311,2.3503956211648287
1415,3.044522437723423,3.0044597599517626
1416,2.772588722239781,2.5932486856198294
1417,0.0,0.2174223331362981
1418,0.0,0.43261103560858927
1419,1.791759469228055,2.4169573117507612
1420,0.0,0.6270181394615273
1421,7.113956109566034,6.757979393171906
1422,0.6931471805599453,0.5470215090622985
1423,0.6931471805599453,0.6950082172050704
1424,0.0,1.1639525790500889
1425,1.3862943611198906,0.7192429861274938
1426,7.537430036586509,8.143997981423286
1427,1.0986122886681098,1.0296502678428694
1428,0.6931471805599453,0.96356592370366
1429,5.075173815233827,5.0453120938410905
1430,1.0986122886681098,2.261662422714949
1431,3.4011973816621555,2.226227361358752
1432,2.8903717578961645,1.2327919928704993
1433,1.791759469228055,0.8412696233740855
1434,0.6931471805599453,0.8365693211981755
1435,0.0,0.1162321753354405
1436,5.968707559985366,5.70469801185659
1437,0.0,0.5041568240991192
1438,5.056245805348308,5.620950329048512
1439,0.6931471805599453,1.4812017350881561
1440,2.079441541679836,1.240298283008188
1441,3.1780538303479458,3.903528804176002
1442,4.04305126783455,4.223602614572268
1443,0.6931471805599453,0.25527055679677746
1444,2.19722457733622,2.839898034473372
1445,1.6094379124341005,0.8412224543268283
1446,0.0,-0.3662135648596827
1447,2.079441541679836,2.1533062143494552
1448,1.791759469228055,1.6849411901430373
1449,2.3978952727983707,2.3810465693864007
1450,4.59511985013459,4.915525117251988
1451,0.0,0.3191077091080008
1452,5.752572638825633,5.162333326019231
1453,5.541263545158426,5.71516043609347
1454,5.407171771460119,5.450362061955914
1455,0.0,0.5657186726008205
1456,2.079441541679836,1.3837061954799288
1457,5.768320995793772,6.050593075552377
1458,1.0986122886681098,0.9118213518538825
1459,0.0,0.9821407775698596
1460,1.791759469228055,1.8046544346276645
1461,6.684611727667927,6.098660990608749
1462,8.57828829077605,8.369742770649587
1463,0.0,0.9327115918764008
1464,0.0,0.5254769977372176
1465,0.6931471805599453,1.6768179899115587
1466,3.1780538303479458,3.403451226549982
1467,5.19295685089021,5.141116640177818
1468,0.0,0.6681677428196748
1469,6.192362489474872,6.484749677140755
1470,0.6931471805599453,1.4222291616134242
1471,4.59511985013459,5.080207859848352
1472,3.9318256327243257,3.638930369399983
1473,2.6390573296152584,3.0646460302127836
1474,5.14166355650266,5.847476488662977
1475,6.928537818164665,6.1443928648936215
1476,6.198478716492308,5.140773356738716
1477,4.30406509320417,5.022500044538921
1478,0.0,0.49836903240275676
1479,2.302585092994046,2.1556101876977842
1480,4.394449154672439,2.9693763389524
1481,3.6375861597263857,3.0661043273953
1482,0.6931471805599453,4.772675750374882
1483,0.0,0.36980040371496004
1484,2.70805020110221,1.937635418871781
1485,4.343805421853684,4.278407413224618
1486,3.1354942159291497,2.9265525981567393
1487,0.0,0.24879835327594702
1488,1.0986122886681098,0.2180444038038707
1489,1.3862943611198906,2.598830053746615
1490,1.0986122886681098,0.6782280140811863
1491,4.700480365792417,4.700438686803595
1492,1.0986122886681098,0.8523411124128755
1493,0.0,0.42918886899548037
1494,4.624972813284271,4.247886589719869
1495,2.4849066497880004,2.2962443679431073
1496,1.3862943611198906,0.7032154457233912
1497,3.367295829986474,2.6652459441379057
1498,1.791759469228055,1.9565426251624642
1499,0.6931471805599453,0.1053011772952277
1500,2.079441541679836,1.2725935379470312
1501,4.605170185988092,3.336421909027958
1502,0.6931471805599453,-0.26003943290695064
1503,1.6094379124341005,1.0782216623011647
1504,0.0,0.18704926873266325
1505,0.0,-0.07976753557301519
1506,6.883462586413092,7.8178913509098855
1507,2.5649493574615367,2.1459592542154615
1508,0.0,0.868339518341289
1509,1.0986122886681098,1.7406743504191386
1510,1.0986122886681098,1.4223706199062378
1511,4.564348191467836,5.550445977323989
1512,6.455198563340122,7.194890268386226
1513,8.061486866871327,7.2112254253792525
1514,0.0,0.4931569304461292
1515,0.0,0.2927919424699015
1516,1.0986122886681098,0.9632882039501822
1517,5.087596335232384,2.8617229020812265
1518,0.0,0.2716069103752097
1519,0.6931471805599453,0.5742714463050831
1520,3.9889840465642745,4.253203819506611
1521,1.0986122886681098,1.1602913554711674
1522,0.0,1.0328494122275829
1523,6.9865664594064265,7.6896301290405304
1524,4.290459441148391,5.667056403651418
1525,4.23410650459726,3.7219336139462653
1526,0.0,0.6521393030492053
1527,3.4011973816621555,2.2680811579676288
1528,4.07753744390572,3.4990223451575444
1529,3.091042453358316,3.5724856547705848
1530,2.70805020110221,2.5174535997275775
1531,0.0,0.1794925524278388
1532,6.699500340161678,6.759518108860387
1533,1.791759469228055,2.4374632400944325
1534,2.302585092994046,2.5976102166175727
1535,5.82600010738045,6.7238891164728365
1536,1.3862943611198906,1.086977703015162
1537,1.9459101490553128,2.0631802350775716
1538,3.80666248977032,3.5888170418724776
1539,4.543294782270004,4.318253396006288
1540,6.56244409369372,5.633748044835521
1541,9.169976605786628,3.945048934849873
1542,2.302585092994046,1.2373618825989778
1543,1.6094379124341005,0.9075363133785477
1544,6.736966958001855,6.33186460034333
1545,0.0,-0.015122949365794724
1546,6.9865664594064265,6.894266106419208
1547,2.8903717578961645,2.9011448658699823
1548,2.6390573296152584,3.4324056834160483
1549,1.0986122886681098,0.5970142988924863
1550,2.079441541679836,0.8622051819418906
1551,4.174387269895637,5.391576159341247
1552,3.871201010907891,3.174441995025341
1553,2.4849066497880004,2.1420901273901203
1554,0.0,0.2693323825015823
1555,0.0,1.5892641192374857
1556,3.871201010907891,3.2123883930226755
1557,2.70805020110221,1.1593409945794604
1558,0.0,-0.4208121102143396
1559,0.0,0.3142683672636615
1560,0.0,0.38056739746044
1561,0.0,0.5282339452644049
1562,2.079441541679836,2.406256664021119
1563,0.0,0.6324967631675189
1564,0.6931471805599453,1.0578012461227717
1565,0.0,0.7410223288603621
1566,0.0,0.23929938322842315
1567,0.0,0.08102713808449424
1568,1.0986122886681098,0.49872435161833994
1569,0.0,0.5791339342129118
1570,0.0,0.052542352721786756
1571,4.02535169073515,3.541274006207372
1572,1.3862943611198906,1.4772371412162641
1573,0.0,1.4835210172641273
1574,1.3862943611198906,2.253639547256406
1575,3.58351893845611,3.2174630959119517
1576,0.0,1.028168738245021
1577,0.6931471805599453,1.5753789761307293
1578,2.19722457733622,0.6636618725394132
1579,0.6931471805599453,1.6616903149584707
1580,2.4849066497880004,2.4569129376721595
1581,2.302585092994046,1.7476552532950822
1582,5.075173815233827,4.308104214156291
1583,2.3978952727983707,0.9840185883044377
1584,0.0,0.7389102736135593
1585,4.882801922586371,4.5646600049779
1586,0.0,0.2577672449964137
1587,4.795790545596741,1.9799384616686004
1588,5.993961427306569,6.071764223269273
1589,5.308267697401205,4.051504776268445
1590,2.5649493574615367,3.028550468684645
1591,4.6443908991413725,4.951214616158138
1592,4.356708826689592,4.311361237478291
1593,0.6931471805599453,0.4978032721759358
1594,0.0,0.19450663089083742
1595,1.6094379124341005,0.9184156063183795
1596,7.167809184316444,7.441047826110436
1597,0.0,0.7576893613383855
1598,2.833213344056216,4.1016698306957915
1599,4.955827057601261,4.693207501702496
1600,0.0,-0.4066090102934963
1601,0.0,-0.38398641571274705
1602,0.6931471805599453,2.169347158426848
1603,2.079441541679836,2.0245290183051243
1604,4.02535169073515,3.843355384259236
1605,1.6094379124341005,1.1323803537900246
1606,0.0,-0.04951660796729351
1607,3.258096538021482,3.615422851505016
1608,0.0,1.1851074152700987
1609,5.755742213586912,4.441073453548249
1610,3.332204510175204,2.0327771823571656
1611,0.6931471805599453,1.632856875662203
1612,2.4849066497880004,2.355409235749575
1613,3.688879454113936,2.7545836386010794
1614,1.6094379124341005,1.4436853912656495
1615,1.9459101490553128,2.375124386735336
1616,1.3862943611198906,1.5929491337016946
1617,1.791759469228055,1.0008605179151835
1618,9.169976605786628,8.51874950983246
1619,2.3978952727983707,1.9617446189583077
1620,1.0986122886681098,4.299908956597972
1621,2.772588722239781,2.813613571238787
1622,4.219507705176107,3.4435580803581445
1623,0.0,0.585364377727668
1624,1.3862943611198906,3.4973405119359393
1625,0.6931471805599453,0.2704586013192869
1626,0.0,0.5892103054999183
1627,1.0986122886681098,0.7214334791096984
1628,2.302585092994046,2.0548641687982547
1629,1.791759469228055,1.5324453895306989
1630,1.0986122886681098,1.5015885660826072
1631,1.0986122886681098,2.509375301839092
1632,6.077642243349034,4.723780003411722
1633,2.3978952727983707,1.7539297243661829
1634,0.0,0.5623024778786485
1635,0.6931471805599453,0.6659879179599544
1636,0.6931471805599453,0.7867362135742253
1637,4.060443010546419,1.6550451025784767
1638,4.543294782270004,4.172762014305145
1639,1.3862943611198906,1.6774488615691139
1640,8.68406264365127,8.580945468609585
1641,1.0986122886681098,0.6244927708043004
1642,0.0,0.28595511260888706
1643,0.6931471805599453,0.5863315676278087
1644,1.0986122886681098,1.0642122145957416
1645,7.975908360165538,8.129044210121895
1646,0.0,0.5880402235753044
1647,4.691347882229144,4.682947360441002
1648,9.169976605786628,8.709611653948635
1649,5.855071922202427,6.2663651102223135
1650,2.079441541679836,3.2360111407580567
1651,6.98933526597456,6.457892215599564
1652,0.6931471805599453,0.7235577594426565
1653,2.19722457733622,1.029999593520528
1654,2.772588722239781,2.1827848317694873
1655,1.0986122886681098,1.47229582665511
1656,2.6390573296152584,1.2876002810799856
1657,5.117993812416755,5.716280340680957
1658,1.0986122886681098,0.814590178572778
1659,4.174387269895637,4.754129090916431
1660,5.062595033026967,5.004368747104346
1661,4.356708826689592,2.8598352902276067
1662,0.0,0.11199910589283268
1663,0.0,0.4002226661049497
1664,0.0,0.17188665669417702
1665,0.0,0.9796400827309704
1666,3.218875824868201,0.6959424065324589
1667,0.0,0.06762275697787512
1668,2.9444389791664403,5.844745909101738
1669,0.6931471805599453,0.5293990868269209
1670,0.0,0.07527957205362545
1671,0.0,-0.08989618716451275
1672,1.3862943611198906,1.3898669340030132
1673,0.0,0.006675254521549601
1674,0.0,0.6113749784038276
1675,0.0,0.8261371965755575
1676,6.495265555937008,6.620842705408808
1677,1.3862943611198906,1.870741181914024
1678,0.0,0.5773232431978779
1679,0.6931471805599453,0.9505569945310022
1680,3.610917912644224,2.9792184765628495
1681,0.0,0.27939031414628523
1682,6.699500340161678,6.513083955614425
1683,0.0,0.9726498396395917
1684,6.511745329644728,6.4297428705849295
1685,3.49650756146648,3.3592445744782546
1686,5.351858133476067,3.923846430211597
1687,0.0,0.3333910135184539
1688,1.791759469228055,2.2222127457513934
1689,1.3862943611198906,2.769307362579121
1690,2.079441541679836,3.3059902396870156
1691,1.6094379124341005,1.5980851172672552
1692,6.907755278982137,6.724386761743487
1693,0.0,-0.003902770479685902
1694,2.3978952727983707,1.9374141536975946
1695,0.6931471805599453,1.5846794288098365
1696,3.8918202981106265,4.122961878023909
1697,3.1354942159291497,4.200429367560973
1698,0.0,0.7916768757236432
1699,1.6094379124341005,1.1159769263933712
1700,3.091042453358316,2.958610139037109
1701,2.19722457733622,3.314859038346123
1702,1.0986122886681098,1.1215658748967008
1703,0.0,0.18043108125468477
1704,0.6931471805599453,0.7086834217848674
1705,6.22455842927536,6.841441332775496
1706,4.454347296253507,4.349417311140163
1707,2.6390573296152584,0.9673669397913838
1708,0.0,0.2653047663632413
1709,0.0,0.09904841079829119
1710,1.3862943611198906,0.8720633731391836
1711,0.0,1.7390647805399058
1712,0.0,-0.04974897767204345
1713,1.0986122886681098,0.55862420828519
1714,6.269096283706261,6.325416365948355
1715,5.3706380281276624,5.495694048933682
1716,2.19722457733622,0.3363948476950023
1717,1.791759469228055,0.8095420087900567
1718,3.912023005428146,1.3474602472440436
1719,3.4657359027997265,3.856361807679571
1720,8.231642179973411,7.6984456399795125
1721,0.0,0.7000623688392524
1722,0.6931471805599453,-0.04219304063040319
1723,1.3862943611198906,1.3764132631600687
1724,2.19722457733622,2.1581960928769033
1725,2.4849066497880004,2.0569107707487206
1726,6.795705775173514,6.337742142493589
1727,0.0,-0.06552917056383478
1728,0.6931471805599453,0.631842803570519
1729,5.942799375126701,5.747080805380229
1730,0.0,0.9560206451065469
1731,3.871201010907891,3.8453131154951916
1732,4.23410650459726,3.6839341024459404
1733,0.6931471805599453,0.7884838055276999
1734,2.3978952727983707,1.3669682165109545
1735,1.0986122886681098,2.2224109885764465
1736,2.302585092994046,3.4744984744025724
1737,0.0,-0.3555871821374921
1738,4.219507705176107,3.8428485902821317
1739,1.6094379124341005,1.969991251909281
1740,0.0,0.18419775270424088
1741,1.0986122886681098,1.017279880901816
1742,2.772588722239781,3.6291700649640477
1743,9.169976605786628,8.89282169671207
1744,4.382026634673881,4.739850249415535
1745,3.044522437723423,3.837088287371614
1746,0.0,0.5786269208152999
1747,2.302585092994046,0.7637460368849027
1748,6.55250788703459,6.9167902371561425
1749,0.0,0.6587141666930267
1750,4.653960350157523,3.5030004480002463
1751,2.70805020110221,1.7599974381033379
1752,0.6931471805599453,0.762323987358184
1753,3.58351893845611,2.940590655552051
1754,1.0986122886681098,1.1782185800407488
1755,0.0,0.12153000556285676
1756,5.556828061699537,5.937314173750563
1757,0.0,1.5710314038977367
1758,0.0,1.4812275546495393
1759,2.3978952727983707,1.7815774027254931
1760,8.128290171607052,7.428058999293013
1761,3.332204510175204,2.584101653912131
1762,0.0,0.5608444937716319
1763,2.079441541679836,2.0642044549108993
1764,3.5263605246161616,2.9671954255097734
1765,3.912023005428146,2.59333012919545
1766,2.4849066497880004,3.106337345049131
1767,4.875197323201151,4.693346238594529
1768,1.9459101490553128,2.5044719681995167
1769,2.302585092994046,2.184784461903546
1770,0.6931471805599453,1.2224372351062165
1771,1.6094379124341005,2.292140666681943
1772,0.0,0.5833192251962833
1773,0.6931471805599453,0.48384452534407196
1774,0.6931471805599453,0.7195549648179711
1775,3.58351893845611,3.1741628677922247
1776,4.574710978503383,3.6844270444438694
1777,3.6375861597263857,3.961065083745429
1778,4.672828834461906,3.870372697253241
1779,3.6375861597263857,6.492276246830926
1780,7.231287004327616,7.191278790741176
1781,0.0,0.43948668984729
1782,0.6931471805599453,1.046791868342997
1783,0.6931471805599453,0.6261957555290467
1784,0.0,-0.3307623649062035
1785,0.0,0.5390829126870953
1786,5.971261839790462,6.100471112331064
1787,0.0,0.6046151301102523
1788,4.204692619390966,5.083353590039356
1789,3.044522437723423,2.3297757511990103
1790,0.6931471805599453,0.291271187602848
1791,0.0,0.6469794394766455
1792,8.018954683155718,8.154258387538437
1793,0.0,0.6833313438986517
1794,4.110873864173311,4.574819700258108
1795,1.791759469228055,2.3469242319049997
1796,4.060443010546419,4.085982807074953
1797,3.9318256327243257,3.9174954081321434
1798,0.0,-0.19270322786779426
1799,0.0,0.2854802879210929
1800,0.6931471805599453,0.7396898008967676
1801,0.0,0.3537584826974396
1802,1.6094379124341005,2.2240518990627103
1803,2.302585092994046,1.6769866967037854
1804,0.0,-0.045293712934090014
1805,4.969813299576001,4.729671609171321
1806,3.367295829986474,3.8611699435929863
1807,0.0,0.22990187232498238
1808,4.276666119016055,4.7031206233863925
1809,7.066466970136958,7.477862362922757
1810,0.0,0.587962228980877
1811,3.9889840465642745,3.4859024152649174
1812,4.07753744390572,5.840262388792764
1813,4.51085950651685,3.754666125720263
1814,1.0986122886681098,0.31057054097723436
1815,7.247080584585756,7.095268824532647
1816,6.467698726104354,5.063216615059925
1817,6.0473721790462776,5.475183982301834
1818,5.799092654460526,4.518464425159866
1819,0.0,0.8362558508309741
1820,0.6931471805599453,0.8373654512404447
1821,0.0,0.17985053290109398
1822,2.19722457733622,1.9269187013049716
1823,0.6931471805599453,1.1006500659973566
1824,4.770684624465665,4.826275218945042
1825,8.060855752934316,8.428533025117828
1826,7.255591274253665,7.655098880358752
1827,1.0986122886681098,0.49786954383014326
1828,0.0,-0.30644495949328343
1829,0.6931471805599453,0.09477793944578572
1830,2.5649493574615367,0.8736824972132147
1831,4.736198448394496,4.827521151804316
1832,2.3978952727983707,2.346980963329399
1833,2.302585092994046,2.2861963516639814
1834,2.079441541679836,1.4345134106156752
1835,6.586171654854675,6.61594370297424
1836,4.330733340286331,4.809720831458515
1837,0.0,0.5023024334980641
1838,1.3862943611198906,1.7210221813588127
1839,2.6390573296152584,1.6432208875623844
1840,0.0,0.5509532605293446
1841,0.0,-0.24872045115415853
1842,0.0,1.0806819577854512
1843,6.889591308354466,6.5741407217780505
1844,0.0,-0.019520086319539498
1845,6.738152494595957,6.4676918892112845
1846,1.0986122886681098,0.3872166214198225
1847,4.477336814478207,5.3368763115926745
1848,0.6931471805599453,0.4058394412928932
1849,0.6931471805599453,1.8797406323759531
1850,3.091042453358316,3.1283888153383272
1851,0.0,-0.37817266072739075
1852,1.791759469228055,2.1626808735728713
1853,2.772588722239781,2.0556691589932257
1854,0.0,0.27338464329400214
1855,0.6931471805599453,0.9726514421620915
1856,5.68697535633982,4.656617931993878
1857,2.302585092994046,2.4543067522071227
1858,2.302585092994046,0.9348614661012775
1859,0.0,0.2677075881063926
1860,0.0,-0.09274414162737887
1861,0.0,0.5723603380316367
1862,3.332204510175204,2.7413809462312972
1863,1.0986122886681098,1.4666086357774577
1864,0.0,-0.12062157428165676
1865,3.7612001156935615,3.4971375856708837
1866,0.0,0.3579623321477381
1867,0.0,0.7495102405582481
1868,2.3978952727983707,1.5843672167735998
1869,2.772588722239781,2.3136229080398576
1870,0.0,0.4498858220608044
1871,3.737669618283368,3.1815810578752663
1872,2.4849066497880004,2.4382456296097303
1873,0.0,0.4942804313464497
1874,3.4657359027997265,3.998901818418142
1875,4.219507705176107,2.5225047555938778
1876,0.6931471805599453,1.7712667473264119
1877,3.80666248977032,2.953883687095787
1878,1.3862943611198906,1.8842523084522274
1879,2.9444389791664403,3.087500629990763
1880,3.784189633918261,3.010370114830464
1881,0.0,0.04590423489356654
1882,3.4011973816621555,1.7792629757772065
1883,0.6931471805599453,0.5836313464517666
1884,7.651595573857601,7.60754284459256
1885,7.262628600974241,5.680737868042243
1886,5.209486152841421,3.719301882788975
1887,0.6931471805599453,0.8018250049744293
1888,1.9459101490553128,2.1918517209185304
1889,1.0986122886681098,1.6330939030677873
1890,5.717027701406222,5.959380331915712
1891,2.8903717578961645,2.3592663173609143
1892,0.0,0.07276376462472767
1893,2.079441541679836,1.3488797214390589
1894,3.044522437723423,3.6592803491918726
1895,0.6931471805599453,1.8372276220877386
1896,0.0,0.27689581007471853
1897,0.6931471805599453,-0.032344311325440245
1898,1.791759469228055,2.195132202920103
1899,2.302585092994046,1.5029085083302995
1900,1.0986122886681098,1.426742629876553
1901,2.8903717578961645,2.4217467247369124
1902,8.911934336161426,8.932525700009377
1903,5.41610040220442,5.158894129621732
1904,0.0,0.5697970486940129
1905,0.6931471805599453,0.5274854772720561
1906,3.091042453358316,1.2657675775466242
1907,0.0,-0.0389780993771871
1908,0.0,-0.009127849964680301
1909,7.027314514039777,6.128536641694574
1910,4.248495242049359,4.059142283539407
1911,1.791759469228055,0.9329903113746658
1912,0.0,0.19927473128198425
1913,2.302585092994046,2.427920129679294
1914,0.0,0.5268193234495984
1915,0.6931471805599453,1.5423831487593795
1916,4.02535169073515,3.9539793431905457
1917,2.3978952727983707,1.3654380130166048
1918,5.676753802268282,7.7678364535906095
1919,8.700847193443972,4.6265117455714115
1920,2.6390573296152584,2.709873486627751
1921,4.343805421853684,4.604902620773162
1922,0.0,0.28913241854165417
1923,1.0986122886681098,0.47676518665130385
1924,4.68213122712422,3.9884205946005267
1925,1.3862943611198906,1.7888972375324195
1926,4.143134726391533,3.6454802451789785
1927,6.163314804034641,6.502400874835667
1928,6.516193076042964,7.431301538580932
1929,0.0,0.44169724627659734
1930,4.68213122712422,5.237378926737447
1931,0.0,0.6779535845310583
1932,1.6094379124341005,0.965334130425904
1933,2.772588722239781,2.6390198668734177
1934,7.57455848420248,7.516113703696817
1935,0.0,0.9273141107571845
1936,1.0986122886681098,2.5209044302375925
1937,0.6931471805599453,0.48768944387997104
1938,3.688879454113936,1.879816527030115
1939,0.0,0.509814939975902
1940,0.0,0.4851709813464964
1941,4.0943445622221,3.4452696524014614
1942,2.6390573296152584,2.1064653400411766
1943,0.6931471805599453,1.5309683760662143
1944,4.02535169073515,4.269245626127951
1945,2.6390573296152584,2.1039860820895493
1946,7.938088726896952,8.769275576588859
1947,7.480992162869525,7.967521286207916
1948,4.74493212836325,5.169229728602543
1949,4.844187086458591,4.906694276849477
1950,1.0986122886681098,1.3740200466391457
1951,1.791759469228055,1.161480150631401
1952,0.0,0.6769573248146781
1953,0.0,1.1792689366481905
1954,2.079441541679836,1.0513954743730314
1955,0.6931471805599453,0.48417876845544994
1956,5.43372200355424,5.700330942034835
1957,0.6931471805599453,0.49210591817727267
1958,0.0,-0.2850301968419844
1959,0.0,0.21143516243334837
1960,0.0,1.2589000843329985
1961,1.3862943611198906,1.4683042023228308
1962,1.0986122886681098,-0.14988464758467712
1963,0.6931471805599453,0.673933097345365
1964,2.4849066497880004,3.102370424390335
1965,3.610917912644224,2.8272990072592403
1966,3.49650756146648,2.604602457944889
1967,0.6931471805599453,0.8339695495051185
1968,0.0,-0.012101962152972767
1969,1.6094379124341005,2.190977229110137
1970,4.219507705176107,4.749303495944794
1971,5.834810737062605,4.38884512039061
1972,0.6931471805599453,-0.10243134734693182
1973,0.0,1.101466185751411
1974,5.777652323222656,6.218471552099624
1975,3.332204510175204,3.537912770465759
1976,0.0,0.2769979564124867
1977,6.878326468291325,6.632886938513058
1978,4.844187086458591,3.320373584000639
1979,1.3862943611198906,1.2776943386611919
1980,1.3862943611198906,1.512515580845382
1981,0.0,-0.4531021599588656
1982,4.04305126783455,4.517869503500382
1983,2.079441541679836,5.426852543460514
1984,2.4849066497880004,-0.08550643309477346
1985,0.6931471805599453,0.3719394055587293
1986,1.3862943611198906,0.5877121934853957
1987,2.8903717578961645,1.4647468293377628
1988,4.23410650459726,4.3224720455952825
1989,0.0,-0.09524757723034938
1990,0.0,0.5279121226559491
1991,1.3862943611198906,1.4298143017436666
1992,9.169976605786628,8.460186041065352
1993,1.9459101490553128,1.1252149402174179
1994,2.9444389791664403,0.8840580587203266
1995,1.3862943611198906,0.6769561252760721
1996,4.574710978503383,4.659803230807869
1997,3.5263605246161616,4.145180923418811
1998,0.0,0.1423824798811979
1999,5.560681631015528,5.385478972143786
2000,0.0,0.18330865609433067
2001,2.772588722239781,3.2598593237454647
2002,0.0,0.9763052773647203
2003,0.0,0.6169898131322491
2004,0.0,0.8764293107019581
2005,2.3978952727983707,2.9972416426178863
2006,0.6931471805599453,0.5472671100441919
2007,0.6931471805599453,0.33053078898037014
2008,0.6931471805599453,0.3750622491397124
2009,4.736198448394496,4.492101392072773
2010,3.5263605246161616,4.099206046026637
2011,0.0,1.9028137218971528
2012,2.6390573296152584,2.1475532898803706
2013,0.0,0.75607838923166
2014,0.6931471805599453,0.6135884200634627
2015,4.51085950651685,3.43213106522977
2016,3.4657359027997265,2.926308892935867
2017,4.653960350157523,5.327011629155544
2018,4.584967478670572,3.0390513349819783
2019,0.0,0.05033740297616518
2020,1.6094379124341005,1.9910843576497315
2021,1.3862943611198906,0.40279387855403725
2022,5.921578419643816,4.446990026489373
2023,4.343805421853684,4.828257233117114
2024,3.1354942159291497,1.0085374184863696
2025,4.574710978503383,4.527099367419838
2026,0.0,0.7172370323337705
2027,0.6931471805599453,0.8503790891598495
2028,2.5649493574615367,2.3422855939548386
2029,2.70805020110221,2.83730890642944
2030,8.696510239189893,8.258208766067403
2031,0.6931471805599453,-0.1604469894351288
2032,6.018593214496234,6.033367241815572
2033,0.6931471805599453,1.821341537593742
2034,0.0,0.7058925963161169
2035,2.70805020110221,3.4548856441985807
2036,4.762173934797756,4.982407227680568
2037,0.0,-0.16152243716498838
2038,0.0,0.12354567283979945
2039,3.091042453358316,1.7308994148733077
2040,0.0,0.634028786886391
2041,2.5649493574615367,2.606181920083129
2042,6.732210706467206,6.420001415288382
2043,0.0,0.2954271903618322
2044,0.6931471805599453,0.5458504649244684
2045,3.80666248977032,2.577902760768096
2046,3.951243718581428,3.6519429976133333
2047,2.5649493574615367,0.4556139861266022
2048,9.169976605786628,7.160633631967947
2049,1.6094379124341005,1.5457504057400344
2050,1.3862943611198906,1.2414197310647686
2051,0.0,0.3206899320329144
2052,0.0,0.32036133699304137
2053,1.791759469228055,2.1767866720858366
2054,7.569927655242652,5.88211095821271
2055,0.0,-0.3820149928537635
2056,0.0,-0.04819350733680228
2057,0.0,0.6375367943641663
2058,7.910957382845589,5.719779073479351
2059,2.302585092994046,2.7856673998799297
2060,3.044522437723423,3.0327162903119014
2061,4.795790545596741,4.19188700094146
2062,0.0,0.7817858640257724
2063,4.74493212836325,3.567541158989466
2064,6.285998094508865,6.270742596334562
2065,3.737669618283368,4.22931344480082
2066,0.0,0.5105915146271256
2067,0.0,0.4459951905752859
2068,3.091042453358316,3.498091224819637
2069,0.0,0.6416915556677136
2070,0.0,0.18534671164511574
2071,0.6931471805599453,0.22054338064590606
2072,7.53689712956617,7.395935990624725
2073,0.0,0.5134992750272089
2074,0.0,0.362037592795184
2075,0.0,0.1847587917868858
2076,0.0,0.4244210853605781
2077,2.6390573296152584,1.4023821738490354
2078,0.0,-0.46641792515498715
2079,6.954638864880987,6.328741759786009
2080,0.0,-0.4512017730659994
2081,3.258096538021482,2.687545875579776
2082,0.0,0.4994269281632846
2083,1.3862943611198906,0.9868787169418902
2084,0.0,0.8459036299491207
2085,1.6094379124341005,1.0069552105247037
2086,3.4339872044851463,3.5837146395970816
2087,2.302585092994046,2.4883842329855175
2088,0.0,0.8904437937773797
2089,2.4849066497880004,1.0503727012078627
2090,5.293304824724492,5.041766533425585
2091,1.0986122886681098,0.6482006130815476
2092,4.465908118654584,5.239799356402928
2093,9.169976605786628,7.8809648327046915
2094,1.3862943611198906,1.4778573468340879
2095,1.3862943611198906,1.7470896917805878
2096,0.0,0.13610823881489553
2097,2.772588722239781,2.9312332801762397
2098,0.0,1.1700783933201357
2099,1.6094379124341005,0.5009559363122809
2100,1.6094379124341005,2.0050740353806202
2101,4.553876891600541,2.9503837459091704
2102,5.472270673671475,5.388261687299834
2103,0.0,-0.27577827740111927
2104,0.0,-0.5279761856931047
2105,0.0,-0.2368120945519845
2106,0.0,0.18816093299642223
2107,3.58351893845611,2.6824748173203967
2108,5.7745515455444085,3.880974448013146
2109,0.6931471805599453,-0.085468468915459
2110,5.342334251964811,5.068906846918278
2111,4.844187086458591,3.157175675319177
2112,0.0,-0.015397073294837416
2113,1.0986122886681098,2.043482661561264
2114,1.791759469228055,2.2418881261743175
2115,0.0,0.5437061170024464
2116,0.0,0.7134479810735337
2117,2.9444389791664403,1.4347370180820609
2118,2.70805020110221,2.0077944445194484
2119,0.6931471805599453,1.1506994360813925
2120,0.0,0.14216676121297356
2121,0.0,0.9205275012128091
2122,0.0,0.45967060436266216
2123,0.0,0.8376308641233234
2124,0.0,0.8699991342829021
2125,0.6931471805599453,1.8897778699044174
2126,0.0,0.7100079710380807
2127,3.6635616461296463,3.9352305389106754
2128,0.0,0.3812332488679806
2129,0.0,0.015848767650287865
2130,6.522092798170152,5.3634474839253485
2131,3.1780538303479458,3.050535221786742
2132,3.951243718581428,3.595584817395668
2133,0.6931471805599453,1.8516444139849102
2134,2.3978952727983707,2.8407780442819828
2135,1.6094379124341005,2.6046713349548196
2136,0.0,-0.2585609774895308
2137,5.849324779946859,5.191221082974691
2138,3.713572066704308,2.8981434985228725
2139,0.0,0.19487327047682257
2140,2.6390573296152584,0.9143433106482743
2141,7.452402451223638,6.763148935440265
2142,0.0,0.20893351368124913
2143,3.258096538021482,3.5339784778430987
2144,1.6094379124341005,1.5217855620209448
2145,5.3612921657094255,4.644620066658446
2146,1.0986122886681098,2.1797342397346586
2147,3.332204510175204,2.6194999885412944
2148,3.970291913552122,4.713181286647524
2149,1.3862943611198906,0.5669775466149463
2150,0.0,0.3394588516666259
2151,0.0,0.10304282416110766
2152,0.0,0.28561833733110875
2153,0.0,0.3467554673248736
2154,2.70805020110221,2.6253050703901173
2155,2.302585092994046,0.7863590814259667
2156,0.0,0.23874774929840825
2157,4.795790545596741,5.204981270070979
2158,0.0,-0.004160916843780171
2159,3.218875824868201,3.5515312980288334
2160,0.0,0.2798032882210033
2161,0.0,0.871244203190022
2162,4.5217885770490405,3.2906089221884267
2163,0.6931471805599453,0.7717997608241536
2164,1.791759469228055,1.1260771717313671
2165,0.0,0.23776778755201944
2166,2.70805020110221,2.396555296624402
2167,0.0,0.33917261576545177
2168,2.6390573296152584,0.5421378349266717
2169,2.302585092994046,1.168886991792185
2170,3.6635616461296463,2.472195099599304
2171,7.400620577371135,6.155251788907622
2172,3.49650756146648,3.5335452498068918
2173,1.0986122886681098,1.0556896718590418
2174,0.0,1.3847669646255605
2175,0.6931471805599453,2.086435813580818
2176,4.770684624465665,5.783384613667089
2177,6.586171654854675,6.892868583831408
2178,0.0,0.05667220441255871
2179,8.258422462458876,8.68043426423284
2180,5.049856007249537,4.481783667362388
2181,0.6931471805599453,0.048812981979060144
2182,0.6931471805599453,0.2162420513377299
2183,1.6094379124341005,1.4551009843438991
2184,4.382026634673881,3.591013947177922
2185,3.912023005428146,2.9885574301876274
2186,4.204692619390966,4.314964165943831
2187,6.322565239927284,6.432656641894292
2188,2.833213344056216,2.8083923501440093
2189,0.0,-0.49791216567210084
2190,3.871201010907891,4.795857109774468
2191,0.0,1.6447695940083924
2192,3.218875824868201,2.869549214784379
2193,2.772588722239781,3.2460463004504656
2194,1.6094379124341005,-0.25167748276003765
2195,2.70805020110221,2.3580820287663466
2196,4.174387269895637,1.5875583494604042
2197,2.70805020110221,2.1539481579874793
2198,3.367295829986474,2.8457343113872415
2199,0.6931471805599453,0.5806759929047067
2200,3.713572066704308,3.7249930832936453
2201,0.0,0.3737564096446384
2202,5.220355825078324,5.147071797632863
2203,1.0986122886681098,0.2948278796525017
2204,1.6094379124341005,1.4804635967229087
2205,2.079441541679836,1.897293230652768
2206,0.0,0.7078951265498543
2207,0.0,0.19242347647160019
2208,8.108021221376747,7.6202211106540485
2209,0.0,0.34388530663805605
2210,7.303843225277705,4.792659803668208
2211,0.0,1.1187523763785137
2212,0.0,-0.10099704732315651
2213,1.0986122886681098,2.039023262011159
2214,4.219507705176107,3.5307465901834636
2215,0.0,0.8423430809229329
2216,7.126087273299125,7.036218388907578
2217,0.0,-0.1953831217207549
2218,9.169976605786628,8.802079841769775
2219,5.501258210544727,5.300341578275055
2220,1.791759469228055,2.040975581271885
2221,1.0986122886681098,0.7767942454962309
2222,6.9167150203536085,6.608989248668367
2223,3.610917912644224,4.052278987623192
2224,3.1780538303479458,2.453293650031329
2225,1.791759469228055,1.8233914273870702
2226,1.0986122886681098,2.129016626872649
2227,0.6931471805599453,0.40053362960728456
2228,3.912023005428146,4.093616869918518
2229,0.0,0.3402991889142932
2230,5.799092654460526,6.315565718948854
2231,5.968707559985366,7.353963056442836
2232,0.0,0.14104195546730214
2233,3.713572066704308,3.6671593974943684
2234,0.0,0.24230727157787202
2235,3.1354942159291497,0.9654828518284344
2236,0.0,-0.2308307484541885
2237,3.4657359027997265,3.2755789139935816
2238,0.0,0.544394337127388
2239,0.0,0.29269949283060415
2240,5.159055299214529,4.108510308606982
2241,3.332204510175204,1.210558081460412
2242,6.401917196727186,6.402177996596473
2243,4.3694478524670215,4.078714492053239
2244,5.1298987149230735,4.9890843368988245
2245,2.9444389791664403,2.5526530630479662
2246,3.713572066704308,4.456533951516418
2247,1.6094379124341005,0.9188516535640776
2248,4.605170185988092,3.72948129247051
2249,4.127134385045092,4.466202671372228
2250,5.955837369464831,6.718545450531034
2251,0.0,0.2705534716240501
2252,2.3978952727983707,3.2107373553783174
2253,5.583496308781699,4.033466471369717
2254,0.0,0.32222889142918043
2255,2.9444389791664403,1.5895418089692173
2256,5.891644211825772,4.655567483783737
2257,5.730099782973574,5.9785708071314
2258,0.0,-0.32359691508043475
2259,0.0,1.0513258469505975
2260,6.968850378341948,7.2654722103032725
2261,0.0,0.9058044769563065
2262,0.0,0.7552983753752847
2263,2.079441541679836,2.7019677577323233
2264,1.9459101490553128,1.4656790700097608
2265,1.6094379124341005,0.8025056546936755
2266,0.0,-0.022297138673486927
2267,0.0,0.03638467550916591
2268,2.19722457733622,1.2906361574689225
2269,2.4849066497880004,1.7635302904327859
2270,8.546169299652755,4.535414675501542
2271,3.4657359027997265,3.8803151261641
2272,4.158883083359672,4.220781639876996
2273,0.0,0.5231331633586194
2274,4.499809670330265,3.763022888866299
2275,4.418840607796598,3.465551708529282
2276,0.0,0.7338302287966376
2277,3.5263605246161616,3.4849071261274536
2278,7.047517221357296,7.292130597516884
2279,1.3862943611198906,1.3072624980699041
2280,3.6635616461296463,2.3649342711668893
2281,0.0,0.46180908588670677
2282,2.995732273553991,3.612888198821209
2283,2.3978952727983707,1.8549783724849864
2284,0.0,0.3539596544038588
2285,1.3862943611198906,0.41524170525535675
2286,1.0986122886681098,1.39863730809415
2287,0.6931471805599453,1.0569190961555872
2288,6.068425588244111,5.594110339605987
2289,1.791759469228055,1.335983293552589
2290,0.0,1.2473435348739879
2291,2.772588722239781,1.524802475651566
2292,5.905361848054571,3.649459114974972
2293,5.41164605185504,5.40471966801194
2294,5.579729825986222,4.265153616717166
2295,4.406719247264253,2.4636027939238034
2296,7.504942068396171,7.9795408183025245
2297,0.0,0.8092693110424956
2298,1.3862943611198906,2.5534212317191387
2299,0.0,0.5488346326611755
2300,5.3981627015177525,4.321009082601772
2301,2.772588722239781,3.105001761260051
2302,3.784189633918261,2.2463242300219104
2303,5.541263545158426,6.530901349209888
2304,7.018401799069201,6.988426600443933
2305,0.0,1.1399519600913015
2306,4.060443010546419,3.601813597670838
2307,0.0,0.9263481428470777
2308,3.49650756146648,2.4167874271864576
2309,0.0,0.33240103285024447
2310,1.6094379124341005,1.938183364370348
2311,3.091042453358316,3.2130959101605643
2312,3.218875824868201,1.5656358464501456
2313,0.6931471805599453,0.7483981502363155
2314,0.0,-0.18174650816283844
2315,2.302585092994046,2.166193554328619
2316,5.10594547390058,5.565659662705205
2317,4.31748811353631,5.195571752658054
2318,9.169976605786628,8.329284208756524
2319,0.6931471805599453,1.0015806104563993
2320,0.6931471805599453,0.49914016441083575
2321,0.0,0.31417896067905016
2322,4.532599493153256,4.275848592044061
2323,0.0,0.5648918105080094
2324,0.0,0.584914783830504
2325,7.768110378525988,7.9573302554525345
2326,0.0,1.2078217909892017
2327,0.0,0.058842827963383915
2328,0.0,0.8423430809229329
2329,2.079441541679836,2.0549286267223126
2330,0.0,-0.05521555670853706
2331,0.0,0.40294409166652123
2332,2.079441541679836,0.8524195341902254
2333,0.0,0.2968824938405441
2334,0.0,1.6408692170691714
2335,0.0,0.44869275114088913
2336,0.6931471805599453,1.529256784434807
2337,1.0986122886681098,0.6261754149740191
2338,0.6931471805599453,-0.05496466977705561
2339,9.169976605786628,8.212278514140573
2340,0.0,0.7993689227319831
2341,0.0,1.0938491280753162
2342,0.0,-0.3066302586910892
2343,0.0,0.22819768449798383
2344,0.6931471805599453,0.7205524946344672
2345,0.0,0.6803999493389332
2346,0.0,0.48844876534088444
2347,0.6931471805599453,0.6425041864755916
2348,2.3978952727983707,1.3759865927114152
2349,1.3862943611198906,0.5857559096892495
2350,0.0,0.17152439082161974
2351,2.079441541679836,2.0307594435848833
2352,4.8283137373023015,4.972623049259713
2353,8.178358165605836,7.398790966437067
2354,3.044522437723423,3.9506920949800888
2355,0.0,-0.38750062014636466
2356,4.02535169073515,4.586485930859835
2357,4.343805421853684,4.337554212804208
2358,0.0,0.4286304018846676
2359,6.309918278226516,6.0297554524055155
2360,0.6931471805599453,0.21066872930778935
2361,3.091042453358316,3.431951170488528
2362,0.0,-0.3836603260802005
2363,2.5649493574615367,2.4788571411684135
2364,3.4657359027997265,3.603246262489899
2365,0.0,0.8734042026696347
2366,0.0,0.12256006038882505
2367,1.0986122886681098,2.448148168322571
2368,0.6931471805599453,2.1533853294209426
2369,4.718498871295094,4.733642265108374
2370,2.70805020110221,2.8293773285380746
2371,1.0986122886681098,1.1405294600748919
2372,1.791759469228055,1.62053558029869
2373,3.80666248977032,3.7086976395904294
2374,0.6931471805599453,1.1344738630340083
2375,0.0,0.6178523066257386
2376,0.6931471805599453,1.1154777873708737
2377,2.5649493574615367,2.6415811925265835
2378,0.6931471805599453,2.0657702775082503
2379,1.9459101490553128,0.8912459844644951
2380,0.0,-0.4031782741908079
2381,0.6931471805599453,0.2426480066192469
2382,0.0,0.41877365805597533
2383,0.0,0.46346995100913957
2384,2.70805020110221,3.56738322068092
2385,0.0,0.12745131623165928
2386,6.025865973825314,6.120783865424354
2387,0.0,0.40658545900831844
2388,4.8283137373023015,4.236730879702658
2389,1.0986122886681098,1.8156246334046955
2390,4.465908118654584,4.623432077870137
2391,5.572154032177765,5.996704282962608
2392,3.218875824868201,3.178135807007049
2393,4.248495242049359,3.4260994985187683
2394,3.218875824868201,2.707020812645323
2395,1.0986122886681098,1.8940936712945553
2396,0.0,0.6085157064044471
2397,0.0,0.16064695724966205
2398,0.0,0.15603131555372673
2399,6.57507584059962,4.432426985453466
2400,3.784189633918261,3.7845547636139276
2401,0.0,1.3791110446473165
2402,0.0,0.5042232362922896
2403,0.6931471805599453,0.46273790168511186
2404,3.688879454113936,3.600628823503471
2405,2.302585092994046,2.015688377860262
2406,0.6931471805599453,0.25102413081009
2407,0.0,0.7839750604312632
2408,0.0,0.3658658015721754
2409,4.07753744390572,3.951254499858843
2410,0.0,0.5765966177948725
2411,2.4849066497880004,2.023840058052032
2412,4.04305126783455,4.809619782482647
2413,3.332204510175204,3.5960279342090145
2414,3.258096538021482,3.247447200076667
2415,0.0,0.7360843017448266
2416,0.0,-0.3397087204074851
2417,0.0,0.37495269646938545
2418,0.0,0.514660568357971
2419,5.765191102784844,5.143527732009408
2420,6.084499413075172,6.47752993308489
2421,4.795790545596741,4.467491005501282
2422,2.302585092994046,1.8749744825358858
2423,7.305188215393037,7.723373692819198
2424,3.49650756146648,2.3873527318517116
2425,0.0,0.1479652213493523
2426,0.0,-0.013479820380550844
2427,0.6931471805599453,0.8003308979727226
2428,2.4849066497880004,3.260218786097748
2429,0.0,0.05716136375553482
2430,3.713572066704308,3.3462231473202824
2431,5.303304908059076,5.6848002254911485
2432,0.0,0.5285257335587423
2433,0.0,0.2862363215440151
2434,1.6094379124341005,2.64171039661729
2435,3.555348061489413,2.7990311986854484
2436,0.0,-0.00870763292956278
2437,6.025865973825314,5.447496791221155
2438,0.0,-0.012293799913018155
2439,5.926926025970411,5.989268355568759
2440,1.791759469228055,2.5227873533234675
2441,2.6390573296152584,2.9566144542507398
2442,0.6931471805599453,1.8696260200452617
2443,4.060443010546419,4.47351091428947
2444,5.3706380281276624,5.49611744390117
2445,3.044522437723423,2.3669791898918806
2446,2.19722457733622,4.025666909676242
2447,1.3862943611198906,1.5427778665736254
2448,0.6931471805599453,1.328872496491342
2449,4.727387818712341,3.5005951335500387
2450,2.3978952727983707,1.1021020933625694
2451,1.0986122886681098,1.884047293405997
2452,0.0,0.18606903012222942
2453,0.6931471805599453,0.6778867035049867
2454,0.0,0.018522156588826277
2455,1.0986122886681098,2.1374697922170665
2456,8.458504195067558,7.638678232150008
2457,1.3862943611198906,2.2819142504577847
2458,5.634789603169249,5.962882722067414
2459,0.0,-0.5738886273749353
2460,0.0,-0.1298458641042668
2461,1.3862943611198906,1.2488390843640886
2462,2.302585092994046,1.6090762985122296
2463,0.0,0.7617827487876174
2464,2.19722457733622,2.1976488846230335
2465,0.0,-0.42082917390939345
2466,4.465908118654584,4.355523947066983
2467,0.0,0.7812513622746835
2468,0.0,0.6764562754742369
2469,2.772588722239781,1.6165548169625246
2470,3.8501476017100575,3.725920577665324
2471,2.302585092994046,3.049182187265169
2472,1.6094379124341005,2.284752034512416
2473,1.3862943611198906,0.7254203693624754
2474,3.044522437723423,2.9109207874558845
2475,1.0986122886681098,1.052240632069438
2476,1.0986122886681098,-0.07672346155550747
2477,0.0,-0.10185240641946613
2478,4.0943445622221,3.9904166579076144
2479,3.295836866004329,2.6659696503219443
2480,1.0986122886681098,0.6612472262362763
2481,1.791759469228055,1.179049794938715
2482,1.791759469228055,0.430488507239396
2483,0.0,0.987417751354122
2484,2.833213344056216,2.121635582965906
2485,4.74493212836325,4.241211336474079
2486,3.6635616461296463,2.877449651527745
2487,0.0,1.18508173232511
2488,0.0,0.5563651707126029
2489,4.605170185988092,2.1892074908630024
2490,0.0,1.545259077628299
2491,5.746203190540153,6.428719283745343
2492,0.0,-0.4597588861660302
2493,6.946013991099227,7.590525745673103
2494,0.0,0.6488840108047997
2495,0.0,-0.30148166529110076
2496,3.367295829986474,2.20840228823038
2497,1.9459101490553128,1.837942377591158
2498,1.3862943611198906,3.066062763498485
2499,6.093569770045136,6.083911042975174
2500,8.621733370690162,6.704163206178508
2501,1.791759469228055,1.8185427026741994
2502,0.0,0.8018642106828748
2503,3.4011973816621555,3.1453887747349545
2504,0.6931471805599453,0.6531772852461395
2505,0.6931471805599453,0.3762996784361705
2506,0.6931471805599453,0.8165277076711086
2507,4.23410650459726,4.653410150044893
2508,0.0,0.37076297432621774
2509,0.0,1.175087268249415
2510,1.0986122886681098,1.1912353485535667
2511,4.709530201312334,2.7456266244256957
2512,0.0,1.0735050898603176
2513,4.564348191467836,4.2711050413268055
2514,1.3862943611198906,2.1467440354956415
2515,0.6931471805599453,0.01750178470685748
2516,0.6931471805599453,0.3103242453982582
2517,3.8918202981106265,3.6927490615228526
2518,4.343805421853684,2.843474001187669
2519,1.6094379124341005,1.4209340227579603
2520,0.0,0.14880643521832848
2521,0.0,-0.42438913709010384
2522,0.0,0.5080326523234862
2523,0.0,0.4257113188086692
2524,3.258096538021482,3.790203105263072
2525,0.0,-0.08592129552535166
2526,0.0,0.6590777644186969
2527,2.6390573296152584,0.5833843893120947
2528,2.9444389791664403,2.901979805280895
2529,0.0,0.7241446243198708
2530,3.1354942159291497,3.3975856653005483
2531,5.497168225293202,5.068016290968648
2532,4.770684624465665,3.62315224655464
2533,0.0,-0.35438420433543616
2534,0.6931471805599453,0.9614584879806674
2535,1.6094379124341005,0.9328507858807771
2536,5.849324779946859,5.747424868207302
2537,0.0,1.0511596581924145
2538,6.421622267806518,6.726617538241625
2539,0.0,1.038149418944191
2540,0.0,0.32246910169141896
2541,1.0986122886681098,0.11945724004863889
2542,0.0,0.595088795669751
2543,0.0,0.36199861797584787
2544,2.5649493574615367,3.035601674899638
2545,1.3862943611198906,2.066213581166738
2546,0.0,-0.26924125195549253
2547,0.0,-0.16214016759944183
2548,0.0,0.83451026929388
2549,0.0,0.6397568856244757
2550,8.025516386489008,8.109285157534151
2551,0.0,0.33863616486343173
2552,0.6931471805599453,0.7034753496813937
2553,0.0,1.146033962827502
2554,1.6094379124341005,1.9390812348148958
2555,4.48863636973214,6.237945528971638
2556,3.5263605246161616,3.9605739328389244
2557,0.0,0.2531959555849945
2558,0.0,0.6783382974499983
2559,5.752572638825633,4.594724194266014
2560,3.737669618283368,3.8516127578358113
2561,0.0,0.5265736516685346
2562,2.302585092994046,1.63921279676186
2563,2.772588722239781,2.543130789908264
2564,4.74493212836325,4.816120593110373
2565,3.610917912644224,3.237887709179488
2566,0.0,0.43795489335551663
2567,5.5909869805108565,6.278360583264311
2568,0.6931471805599453,1.0247448644689945
2569,1.0986122886681098,0.5947182031229867
2570,2.5649493574615367,2.4194078175164715
2571,0.0,-0.43655422390428633
2572,1.0986122886681098,0.45487457208784887
2573,3.8918202981106265,2.963144492467817
2574,6.895682697747868,8.25837047397118
2575,2.772588722239781,3.7078673076904103
2576,1.6094379124341005,1.5903285413331787
2577,0.0,0.4108821735545547
2578,3.258096538021482,3.530086229153121
2579,0.0,0.24860624802787612
2580,1.3862943611198906,0.43973073333435675
2581,1.3862943611198906,0.3219259207509759
2582,0.6931471805599453,1.0323057819378214
2583,0.0,0.7560651593781755
2584,4.6443908991413725,4.387571873732615
2585,6.827629234502852,6.49864103691862
2586,2.19722457733622,2.649746966731023
2587,4.976733742420574,4.514395354635436
2588,2.079441541679836,2.3845557165017572
2589,0.6931471805599453,1.4242140585334022
2590,4.574710978503383,5.004721383147331
2591,1.0986122886681098,1.2208106303833743
2592,3.295836866004329,3.2236535968510602
2593,0.6931471805599453,0.7889652183358529
2594,4.867534450455582,5.059711406222326
2595,0.0,0.19770775164134546
2596,0.6931471805599453,1.7226274851757877
2597,4.127134385045092,4.518550341691942
2598,0.0,0.2820891841794486
2599,1.9459101490553128,0.4747902809655
2600,0.0,-0.16760899603723267
2601,4.23410650459726,3.6204404826760195
2602,0.0,0.7812513622746835
2603,0.0,0.19063889637197207
2604,0.0,0.3353740834793555
2605,3.49650756146648,1.8782651418090335
2606,0.6931471805599453,0.43776588113543613
2607,1.791759469228055,2.7293533781128487
2608,0.0,-0.41963696851104526
2609,0.0,0.5653341009859516
2610,0.6931471805599453,0.5925674473505909
2611,0.6931471805599453,0.8374066658653707
2612,4.262679877041316,3.9902790150595475
2613,0.0,0.11190458174681517
2614,7.267525427828172,7.423895211796163
2615,4.30406509320417,4.045771320637793
2616,0.0,0.1921957162827912
2617,2.70805020110221,2.468943591034929
2618,0.0,1.3368331248777041
2619,0.0,0.23311299688588205
2620,4.07753744390572,4.321530659907431
2621,0.0,0.21252274122588188
2622,0.0,-0.2376927510520881
2623,0.6931471805599453,0.9713527623479044
2624,0.0,0.4790891060269096
2625,0.0,0.33027553806394794
2626,2.4849066497880004,2.88188564638989
2627,0.0,0.20651048834377672
2628,2.6390573296152584,1.8746186972137158
2629,4.836281906951478,5.063329264136206
2630,3.610917912644224,2.68738000714891
2631,3.091042453358316,1.5537328461181938
2632,9.169976605786628,8.623095622021145
2633,0.6931471805599453,0.2687006903832425
2634,3.951243718581428,4.668927348149668
2635,2.6390573296152584,2.860611528782814
2636,0.0,-0.23789726933363298
2637,0.0,0.6934373150286475
2638,3.555348061489413,3.0916102705013637
2639,0.0,0.4147377160042751
2640,0.0,-0.5762989063334794
2641,0.0,1.0735050898603176
2642,0.0,0.17222242396396803
2643,2.9444389791664403,0.444425012337589
2644,7.389563953677635,6.776196082584839
2645,0.6931471805599453,1.4904826830158968
2646,4.882801922586371,4.82668709365694
2647,6.269096283706261,5.855505210249379
2648,5.062595033026967,4.76989726231726
2649,2.3978952727983707,0.9522136470238307
2650,5.5093883366279774,5.893678357174949
2651,0.0,0.2201506159042972
2652,7.463936604468925,5.64836539001889
2653,3.218875824868201,2.3276756750421965
2654,6.144185634125646,6.326728270024114
2655,6.678342114654332,6.998886499252933
2656,7.704811922932594,7.511391855941717
2657,1.0986122886681098,0.8151811591134335
2658,3.49650756146648,5.348708283652556
2659,0.0,0.23958585223010953
2660,0.0,0.6156597144238338
2661,0.0,0.8403244089555582
2662,0.0,0.8905345535292226
2663,2.70805020110221,3.738031517761777
2664,2.19722457733622,0.6250013796042884
2665,1.6094379124341005,2.0808695813523324
2666,5.529429087511423,4.51988307267708
2667,5.891644211825772,6.069565509081153
2668,2.772588722239781,2.0075669079796605
2669,0.0,0.23014100688691563
2670,3.4011973816621555,3.7246290007204172
2671,1.9459101490553128,2.874609578252161
2672,0.0,0.2791498838595232
2673,3.218875824868201,2.8931168377981544
2674,4.8283137373023015,3.583779199322821
2675,0.6931471805599453,0.5577636220244726
2676,0.0,0.44853749136126764
2677,6.118097198041348,6.502345627195659
2678,2.6390573296152584,2.1646976194151257
2679,4.875197323201151,4.638396962457373
2680,2.302585092994046,3.2357569079538546
2681,1.791759469228055,2.0492291456147136
2682,5.525452939131784,3.5082009729741364
2683,0.6931471805599453,0.15566361586056443
2684,2.19722457733622,2.04933933642402
2685,0.0,0.5016853886465502
2686,3.9889840465642745,2.135387784335032
2687,2.995732273553991,2.656872060578096
2688,0.0,0.5351632895480265
2689,2.302585092994046,1.4963152620131925
2690,0.6931471805599453,1.1530993442001818
2691,2.70805020110221,2.689761979693202
2692,1.9459101490553128,1.8593168835875873
2693,0.0,0.3918566214112742
2694,0.0,0.7472129623115116
2695,0.0,-0.34648503551526044
2696,0.6931471805599453,0.6900229498735626
2697,0.6931471805599453,0.9758099954231485
2698,2.70805020110221,2.20775501219279
2699,0.0,0.9690702685875787
2700,0.0,0.18933693041162947
2701,2.772588722239781,3.8407075536792012
2702,0.0,0.45971161150096185
2703,0.0,0.19865155785873778
2704,9.169976605786628,5.274786634096927
2705,2.772588722239781,3.4611780111714765
2706,7.076653815443951,7.513340965618468
2707,0.0,-0.3700494261138312
2708,4.574710978503383,4.243184793250266
2709,2.70805020110221,1.5266425270287147
2710,2.5649493574615367,3.0671397143097368
2711,5.298317366548036,5.201426702457608
2712,3.8918202981106265,3.390462827993571
2713,5.0238805208462765,5.199952526252762
2714,4.574710978503383,3.5267660911990393
2715,2.079441541679836,1.7390274965803303
2716,3.49650756146648,3.132563882051568
2717,1.3862943611198906,2.0654567418046645
2718,0.0,-0.36497072002496544
2719,0.0,1.1309451077147015
2720,0.0,0.22209156571849897
2721,6.230481447578482,6.074155832779269
2722,9.169976605786628,5.693296599135904
2723,6.249975242259483,7.0362059810573605
2724,0.0,0.32327463994986094
2725,1.3862943611198906,1.3210927582612544
2726,0.0,0.33369739808853005
2727,0.6931471805599453,0.7080882893346447
2728,5.0369526024136295,4.881852573269006
2729,2.19722457733622,0.7780414754358287
2730,2.5649493574615367,1.7454704024783985
2731,0.6931471805599453,0.01868408058963622
2732,1.0986122886681098,2.3220549648389452
2733,5.365976015021851,6.22159453200389
2734,0.0,0.7215842372926837
2735,0.6931471805599453,1.3201830454541197
2736,0.6931471805599453,0.867051846999817
2737,7.2875606403097235,8.244051587511546
2738,0.6931471805599453,0.7533496658430512
2739,2.4849066497880004,3.044837406864223
2740,1.6094379124341005,0.9611966883863003
2741,2.19722457733622,0.9999540333817956
2742,2.079441541679836,1.9304538693693374
2743,4.532599493153256,4.378374397418025
2744,3.091042453358316,2.9141583623634637
2745,6.311734809152915,6.377928112008897
2746,6.013715156042802,5.677538010510014
2747,2.6390573296152584,3.61093781586108
2748,3.1780538303479458,2.2366068179153333
2749,3.4657359027997265,3.9929862870041424
2750,5.308267697401205,5.341377284591063
2751,3.8918202981106265,4.059709433299487
2752,0.0,-0.018419588086217242
2753,1.9459101490553128,0.7809112185001341
2754,0.0,0.5415660339295751
2755,6.2166061010848646,6.829638447309945
2756,2.70805020110221,2.5466575617567053
2757,0.0,-0.23593323766764396
2758,0.0,-0.15845962616991605
2759,0.0,1.7165517541213409
2760,0.0,0.7433350149798281
2761,3.367295829986474,2.290861339809908
2762,0.0,-0.2560128705488123
2763,2.4849066497880004,2.1177794531744847
2764,2.70805020110221,2.6931834309484945
2765,3.091042453358316,4.638516091582717
2766,3.951243718581428,4.387732426599365
2767,2.3978952727983707,1.9885673687925913
2768,0.0,0.8012557525870887
2769,0.0,0.7980883504047691
2770,2.079441541679836,1.0513959264976709
2771,4.983606621708336,4.525502958730177
2772,3.367295829986474,2.4637274648615146
2773,6.300785794663244,7.8465396937702465
2774,0.6931471805599453,0.5459950811113972
2775,3.6375861597263857,1.446075658007723
2776,3.044522437723423,2.7080367315224034
2777,1.3862943611198906,0.6988784116245439
2778,0.0,-0.08274788758171425
2779,6.190315405853148,5.7671046720376715
2780,2.19722457733622,3.223693357547985
2781,2.302585092994046,2.42994517648613
2782,2.302585092994046,1.7675096932239924
2783,2.19722457733622,2.6607896385083114
2784,5.043425116919247,5.700220017974852
2785,0.0,0.7768461683132664
2786,4.962844630259907,3.771811363489003
2787,0.0,-0.3189832988142194
2788,0.6931471805599453,0.3732155693972625
2789,5.697093486505405,5.717277289390168
2790,6.670766320845874,5.020677971354343
2791,0.0,0.8752888177016962
2792,1.6094379124341005,1.3264628065362896
2793,9.169976605786628,6.334142889072627
2794,2.302585092994046,3.472363637456173
2795,2.5649493574615367,1.2570582454224044
2796,3.367295829986474,3.3079585914483
2797,1.0986122886681098,0.3297460643893544
2798,0.0,1.0682136876393165
2799,0.0,0.2276869508344701
2800,0.0,0.12852005932501065
2801,0.0,0.2259757594992733
2802,0.0,0.8000560661822276
2803,4.934473933130692,4.833436256738782
2804,0.6931471805599453,0.5929409929956138
2805,0.6931471805599453,0.7493228360816939
2806,0.0,-0.2873993883369881
2807,0.0,0.6307857449604632
2808,5.3706380281276624,4.504693344406622
2809,2.079441541679836,2.1103585835548917
2810,4.174387269895637,3.3753286223991674
2811,2.302585092994046,1.9826227218179255
2812,3.713572066704308,3.691626220907403
2813,3.218875824868201,2.9609979138975193
2814,0.6931471805599453,1.1541769165221272
2815,1.3862943611198906,1.5312863124200298
2816,1.0986122886681098,0.43050354678069547
2817,4.948759890378168,4.525897283197937
2818,0.6931471805599453,0.17602691176248442
2819,4.204692619390966,3.6277105176948945
2820,7.302496423727326,7.429241538760696
2821,3.1354942159291497,4.1749650385292
2822,5.209486152841421,6.375495378161263
2823,0.0,0.5801005566452089
2824,0.6931471805599453,1.4051656506428296
2825,0.0,0.2550527837308021
2826,0.0,0.3945400675843971
2827,0.0,0.05586755526663634
2828,0.0,0.6216686453561286
2829,1.6094379124341005,1.8787096081108525
2830,1.0986122886681098,0.4191999636779795
2831,0.6931471805599453,1.4875917387745687
2832,2.8903717578961645,2.376968261958513
2833,1.3862943611198906,2.0119394096069017
2834,0.0,0.47221973676587137
2835,4.23410650459726,5.1603066045181585
2836,0.0,0.8215476180453527
2837,3.4339872044851463,3.460280824212925
2838,2.079441541679836,1.471776284185822
2839,0.6931471805599453,1.5605050133092286
2840,2.70805020110221,1.524110878693022
2841,0.0,0.6725921070526697
2842,1.3862943611198906,0.7990457945528631
2843,2.772588722239781,2.7348150825436224
2844,0.6931471805599453,0.45711029260598335
2845,3.555348061489413,3.1970219614887605
2846,5.049856007249537,4.540056374265731
2847,2.6390573296152584,2.567451691537666
2848,0.0,1.0099496149170166
2849,8.53346016388011,3.847516336363074
2850,1.6094379124341005,1.1325163691875306
2851,3.9318256327243257,3.8978226110916427
2852,2.6390573296152584,1.8379040193027754
2853,0.0,-0.030097113555159538
2854,2.5649493574615367,2.291945652939677
2855,2.70805020110221,2.9682485662477136
2856,1.0986122886681098,0.8867848201756368
2857,2.772588722239781,1.3658145539081925
2858,2.079441541679836,2.5820512887517086
2859,0.0,0.2753383739077804
2860,0.6931471805599453,0.9639581205107102
2861,4.941642422609304,4.718817555606432
2862,0.0,0.3321858725361291
2863,0.6931471805599453,0.4338413145308855
2864,0.6931471805599453,0.564996293000186
2865,1.0986122886681098,0.4673239997241272
2866,4.477336814478207,4.61566415380633
2867,1.791759469228055,1.5309561455888514
2868,0.0,0.6909051070660746
2869,4.574710978503383,5.096938098645734
2870,3.367295829986474,3.5993133516686724
2871,4.61512051684126,5.068785252588237
2872,3.091042453358316,1.7879226847036211
2873,3.6375861597263857,4.004180094042567
2874,4.691347882229144,4.5790961845011555
2875,3.8918202981106265,4.183386121337006
2876,0.6931471805599453,0.8338994699705136
2877,3.295836866004329,2.4160020982029766
2878,2.6390573296152584,3.30183494535524
2879,2.5649493574615367,2.2933361410658506
2880,2.833213344056216,1.801972630377866
2881,0.6931471805599453,0.7924963740644011
2882,5.814130531825066,4.784197170514545
2883,6.532334292222349,6.630316177951201
2884,5.332718793265369,4.419905895366043
2885,0.0,0.9793056308138264
2886,0.0,-0.09626765068660159
2887,0.6931471805599453,0.9972256679737388
2888,0.0,0.3684601674600112
2889,1.6094379124341005,1.0353242150188544
2890,0.0,0.15839278526876654
2891,3.80666248977032,3.129735738888092
2892,1.0986122886681098,1.243818733474485
2893,0.0,0.43007529586110516
2894,0.0,0.40110791039867033
2895,2.3978952727983707,1.3722051153658228
2896,0.0,0.36647634964423914
2897,0.0,0.8362558508309741
2898,3.4339872044851463,3.2625048523624622
2899,2.6390573296152584,2.7708436804138037
2900,0.0,0.4220331304269833
2901,1.3862943611198906,1.1252836158532038
2902,0.0,0.2521195099302971
2903,9.169976605786628,4.045579536435117
2904,1.3862943611198906,0.6618403640121766
2905,4.406719247264253,4.390243637901607
2906,0.0,0.17543784982530575
2907,2.6390573296152584,2.0085214379195966
2908,0.0,-0.27999200486854026
2909,0.0,0.4713873614728261
2910,0.6931471805599453,2.8237917200928213
2911,0.6931471805599453,1.0360231933142034
2912,3.1780538303479458,2.999300888381341
2913,6.595780513961311,5.851377456912668
2914,2.5649493574615367,2.6752676402425117
2915,2.19722457733622,3.2075414167173575
2916,3.4011973816621555,2.63267467630801
2917,2.079441541679836,2.052241979332073
2918,0.0,0.014286195553883552
2919,3.1354942159291497,1.1406859171645838
2920,0.0,1.8249685985170099
2921,5.1647859739235145,5.5582509291623055
2922,0.0,0.826467252429641
2923,1.3862943611198906,0.585921938308132
2924,0.0,0.9053077680344976
2925,6.1224928095143865,6.210572887435964
2926,4.07753744390572,3.264736943389044
2927,0.6931471805599453,0.10711286867934566
2928,0.0,0.6103998727894417
2929,0.0,0.8107720524879118
2930,6.884486652042782,5.568680778900905
2931,4.04305126783455,4.94335445304187
2932,0.6931471805599453,0.4315938430019075
2933,3.258096538021482,3.7497455103167066
2934,4.0943445622221,3.6767521047639087
2935,0.0,1.3195813853344909
2936,2.5649493574615367,2.3226520207961565
2937,4.709530201312334,3.5108906566098304
2938,7.934513463882263,8.521613122205165
2939,0.6931471805599453,0.4370603948259497
2940,0.0,0.28268956864899364
2941,4.23410650459726,4.096984805821109
2942,2.833213344056216,2.9062668740750355
2943,3.912023005428146,4.312364139515999
2944,3.367295829986474,3.81902117066098
2945,1.9459101490553128,0.7110756862526557
2946,0.0,0.27600610148153315
2947,7.659171367666058,7.535368951350366
2948,3.4011973816621555,4.165107910171127
2949,0.0,0.3623592340109256
2950,0.6931471805599453,0.2008652050257611
2951,1.3862943611198906,0.7535671592346289
2952,2.079441541679836,2.0543101063138622
2953,1.0986122886681098,1.4757190159137425
2954,4.663439094112067,4.349236378009055
2955,0.0,0.8952949646479331
2956,3.8501476017100575,4.113486843279232
2957,3.4657359027997265,3.243419616854039
2958,0.0,0.618430285567197
2959,2.5649493574615367,2.7916586065699067
2960,0.0,0.5871045315114576
2961,4.060443010546419,3.7176409977247067
2962,1.0986122886681098,0.6272907768514324
2963,3.4657359027997265,2.55222647633264
2964,0.0,0.977618518036365
2965,0.0,0.739418995768776
2966,0.0,0.1201343253462599
2967,2.19722457733622,1.282885056726425
2968,2.70805020110221,1.936957069147886
2969,3.951243718581428,2.9560560091565047
2970,5.438079308923196,4.934903161553593
2971,0.0,0.5216055837625067
2972,3.044522437723423,2.9520309774905504
2973,4.382026634673881,4.119849426870148
2974,0.6931471805599453,1.5447319210566834
2975,0.0,0.5352962267075805
2976,4.574710978503383,3.8377303481751746
2977,0.0,0.20049185492701005
2978,0.0,0.7194135440524905
2979,0.0,0.31195695338179563
2980,0.0,-0.09953835438841718
2981,0.0,0.802684775232243
2982,5.676753802268282,4.87383867120027
2983,4.0943445622221,3.877677575236717
2984,3.58351893845611,4.0209085923261725
2985,3.367295829986474,2.7828742940819797
2986,0.0,0.4998079456543667
2987,0.6931471805599453,0.29024058662873164
2988,0.0,1.0501537348660874
2989,0.0,0.4065083503594602
2990,2.19722457733622,1.860267878871432
2991,0.0,-0.20182379431948405
2992,4.143134726391533,5.019019399708377
2993,0.0,0.7535831003779425
2994,3.4011973816621555,3.7937497875921338
2995,0.0,0.5952233799719504
2996,4.23410650459726,4.565164561926804
2997,2.079441541679836,1.715447542047207
2998,1.9459101490553128,2.247575286135968
2999,3.367295829986474,3.330973518180963
3000,0.0,-0.12586218785377845
3001,0.0,0.19565958414184337
3002,0.0,0.4338098113811415
3003,0.0,0.3793374803749965
3004,3.258096538021482,1.7372444770256803
3005,0.0,1.0393212204589943
3006,0.0,-0.17082856267289825
3007,3.1780538303479458,3.3517414988470193
3008,3.5263605246161616,2.4108632703665416
3009,6.79794041297493,6.581112787594547
3010,6.131226489483141,5.122415643158748
3011,9.169976605786628,8.737507354219511
3012,3.49650756146648,3.2257556201819715
3013,4.584967478670572,3.9917230280491394
3014,2.079441541679836,2.17626455790298
3015,0.6931471805599453,0.9172913780829788
3016,0.0,0.15849074007600272
3017,5.298317366548036,6.338170679509824
3018,0.0,-0.36228779426713187
3019,2.19722457733622,1.9883357370548569
3020,0.6931471805599453,1.425522248073802
3021,3.7612001156935615,3.808939050389961
3022,0.0,0.3416355315952815
3023,4.02535169073515,3.3922361553873626
3024,1.0986122886681098,1.8825540918692154
3025,2.5649493574615367,2.538820577544102
3026,0.0,0.7629484279844387
3027,4.8283137373023015,4.957396299129552
3028,0.0,5.442754211532257
3029,0.0,0.17160127626622312
3030,3.970291913552122,4.080173633331812
3031,0.0,0.16472494523619652
3032,0.0,0.4827260202295085
3033,0.0,-0.2120775145824947
3034,2.9444389791664403,1.3079464364166258
3035,0.0,0.6122474641379605
3036,1.0986122886681098,1.0627869110867634
3037,0.0,0.8287459755280036
3038,2.833213344056216,2.368806720391547
3039,8.44741429680832,8.823389584465724
3040,4.990432586778736,5.506664769221882
3041,0.0,0.7732794762960111
3042,3.1780538303479458,3.5667962182288906
3043,3.4339872044851463,3.2085159159181007
3044,0.0,0.6512375138755431
3045,0.0,0.1153247331323084
3046,6.218600119691729,6.3567310608450995
3047,2.3978952727983707,1.864482003003864
3048,6.29156913955832,7.417341431206127
3049,3.218875824868201,3.789413075790623
3050,0.0,0.11967901116055835
3051,0.0,1.003430459155771
3052,0.0,0.4504311760573809
3053,4.543294782270004,4.912488982561613
3054,0.0,0.9857287777038242
3055,1.6094379124341005,0.6545443788415615
3056,1.3862943611198906,0.5235770629521048
3057,8.881558488638976,4.903584807719975
3058,5.262690188904886,5.627315308861448
3059,1.3862943611198906,2.244298834802467
3060,0.0,0.056793214613597875
3061,0.0,0.45973897682287324
3062,0.6931471805599453,0.5877535071006661
3063,0.6931471805599453,1.7386849702351215
3064,0.0,-0.25627808981020106
3065,7.906915488678587,7.231229456187606
3066,1.0986122886681098,1.2281855948353335
3067,2.079441541679836,1.8783853770537986
3068,1.6094379124341005,2.334355893062474
3069,2.3978952727983707,1.794167993177903
3070,0.6931471805599453,0.6269563009286854
3071,4.110873864173311,3.1254420768479054
3072,0.0,0.7283482729492283
3073,0.6931471805599453,1.2328485514117595
3074,5.332718793265369,4.975020368755672
3075,0.0,-0.06543554685096309
3076,5.236441962829949,4.95704793085036
3077,3.258096538021482,1.1338147479249665
3078,0.0,0.13459056272930292
3079,3.1354942159291497,1.8544328617258041
3080,6.498282149476434,6.469489056838825
3081,3.912023005428146,4.291240919367701
3082,0.0,1.0248422675496345
3083,6.244166900663736,4.429489407412497
3084,5.560681631015528,4.972199262437247
3085,6.416732282512326,6.329136317743426
3086,2.772588722239781,2.577712645815417
3087,0.0,0.9936695118378853
3088,5.41164605185504,5.7628218882503495
3089,1.791759469228055,0.7947309294649696
3090,2.079441541679836,1.987185106651991
3091,1.9459101490553128,2.9276699328015723
3092,2.19722457733622,1.309717453835935
3093,1.0986122886681098,0.6829169263947785
3094,3.555348061489413,3.256496236654748
3095,0.0,0.38528532447820596
3096,0.0,0.11107861169146638
3097,3.610917912644224,2.8462201131248817
3098,1.3862943611198906,0.8666154911847299
3099,3.7612001156935615,3.0145488941833456
3100,1.3862943611198906,1.7142233939925733
3101,0.0,0.5444683677687157
3102,4.110873864173311,4.2886688922493335
3103,0.6931471805599453,0.6045562729459215
3104,6.102558594613569,6.133128180305227
3105,5.0238805208462765,5.147374384211441
3106,2.079441541679836,0.952141216099641
3107,1.9459101490553128,2.1386974931349205
3108,0.0,-0.03008754219011278
3109,1.6094379124341005,0.15387363229499762
3110,0.0,-0.22985596969439293
3111,1.0986122886681098,1.0874965078162036
3112,3.367295829986474,2.9349469853021084
3113,0.0,-0.4570814608159912
3114,3.58351893845611,3.13141007369917
3115,0.0,0.07345540999233569
3116,0.0,0.5189548738132206
3117,1.0986122886681098,0.7928059620852352
3118,1.9459101490553128,2.637581402071739
3119,1.0986122886681098,2.8461524647805874
3120,2.079441541679836,1.963806255986464
3121,4.04305126783455,3.443655616465402
3122,0.6931471805599453,0.3013332755496063
3123,1.3862943611198906,1.3508639441902175
3124,1.3862943611198906,0.4683368157864707
3125,0.0,0.36441666938001815
3126,0.0,0.3985475636877618
3127,0.0,0.31971109810526377
3128,1.791759469228055,1.3505028765541065
3129,0.0,0.39218351536138374
3130,8.375860015299594,8.172863625096966
3131,1.0986122886681098,1.404300747985761
3132,0.6931471805599453,-0.1932803645934369
3133,0.0,1.354770236689836
3134,0.0,0.6843598863315208
3135,2.9444389791664403,2.8713766505414875
3136,0.0,0.02118837183508493
3137,0.0,0.45464389128504723
3138,0.0,0.33460612287934777
3139,0.0,0.2328948377211999
3140,1.0986122886681098,1.670424715436901
3141,2.302585092994046,1.499760880493394
3142,0.0,-0.4148107954462432
3143,2.772588722239781,2.032422948994112
3144,3.367295829986474,4.11889452110643
3145,0.0,0.5239741982535513
3146,1.3862943611198906,1.54684740589545
3147,0.0,-0.3146018241740758
3148,3.555348061489413,2.454042297274158
3149,5.655991810819852,4.791125344735667
3150,0.0,0.6098762564707689
3151,0.0,0.5945231963318036
3152,1.0986122886681098,0.35514614296668867
3153,1.3862943611198906,1.4952515120538759
3154,6.419994928147142,6.141955075898066
3155,1.3862943611198906,2.2802020394641547
3156,2.4849066497880004,0.4699987755772679
3157,1.3862943611198906,0.7498512534668405
3158,0.0,1.0632396413523244
3159,6.326149473155099,6.191556730573646
3160,1.3862943611198906,0.38690669190687155
3161,0.0,0.5256126436233508
3162,3.044522437723423,2.9195501193467175
3163,0.0,2.1203074052934734
3164,2.772588722239781,2.3896068330539584
3165,2.70805020110221,2.821243737781275
3166,5.641907070938114,4.978389782260352
3167,1.3862943611198906,1.7956208980948447
3168,0.0,0.28319066606718035
3169,9.169976605786628,8.478331823667496
3170,0.0,0.7115221087598873
3171,2.19722457733622,1.3024853850318772
3172,3.1354942159291497,3.0157661262507496
3173,0.0,3.790409892238766
3174,0.0,1.0993047572273593
3175,4.04305126783455,4.612325894450995
3176,0.0,0.1536938020220462
3177,1.6094379124341005,2.4971245676408556
3178,0.6931471805599453,0.5092897982526032
3179,2.9444389791664403,2.629011788069564
3180,0.0,1.1467765896860969
3181,0.6931471805599453,0.6548855478511928
3182,0.0,0.7898511053311321
3183,2.70805020110221,2.873936137620617
3184,4.3694478524670215,4.033980647070775
3185,0.0,0.36279295065310957
3186,3.555348061489413,3.650189839169408
3187,1.0986122886681098,2.0130655070670262
3188,0.6931471805599453,0.7902477933628704
3189,0.6931471805599453,1.2502707518854899
3190,1.791759469228055,1.174651605538858
3191,1.0986122886681098,2.040181972342035
3192,0.0,0.5357788507718078
3193,3.1780538303479458,2.8307943595780456
3194,1.791759469228055,1.5686131348095738
3195,7.042286171939743,6.174504142139641
3196,1.0986122886681098,1.9045004251320972
3197,5.840641657373398,7.696385725926561
3198,4.663439094112067,4.179270339010895
3199,3.555348061489413,4.026667020335774
3200,5.717027701406222,4.401139536936517
3201,5.846438775057725,6.201233892421007
3202,1.6094379124341005,1.1213238705094233
3203,3.8501476017100575,4.091665579214466
3204,0.0,-0.14256841737834103
3205,9.076237387452702,8.335184877050215
3206,0.0,0.3498248914638127
3207,0.0,0.21869503343557328
3208,0.0,1.1518882982075456
3209,1.3862943611198906,0.8305033547387686
3210,3.58351893845611,3.836767420811907
3211,0.6931471805599453,1.519707381404579
3212,0.0,0.3961130823451182
3213,5.153291594497779,4.496114099884458
3214,0.0,0.16384802431717826
3215,0.0,-0.3584832230212851
3216,1.0986122886681098,0.7678192202767173
3217,1.6094379124341005,1.3757293960262686
3218,0.6931471805599453,0.3861664183130158
3219,6.306275286948016,6.067241770403693
3220,2.70805020110221,2.689139162488185
3221,4.844187086458591,5.263150157579359
3222,5.093750200806762,5.0923280562654005
3223,1.0986122886681098,0.5978777606102259
3224,1.0986122886681098,1.7054408504121563
3225,1.6094379124341005,1.7300041322823232
3226,4.418840607796598,5.212967763160163
3227,7.374001859350161,7.886524650583089
3228,0.0,0.46428860208946565
3229,0.0,0.7972118859271715
3230,0.0,0.13621561945664507
3231,1.0986122886681098,1.9285912120608786
3232,0.0,0.288899528746557
3233,0.0,0.9167913153429204
3234,7.868636894184167,8.719338163204117
3235,2.6390573296152584,1.8865517031928163
3236,0.0,0.34322919132261687
3237,3.80666248977032,3.993208289159873
3238,2.3978952727983707,3.416850879073829
3239,7.518607216815252,8.306496465105967
3240,1.3862943611198906,1.6422644771441024
3241,5.030437921392435,4.234014911937132
3242,3.1780538303479458,3.51655015203652
3243,2.4849066497880004,2.7404525017530066
3244,0.6931471805599453,0.7158481547911157
3245,0.0,1.2583991669040135
3246,3.737669618283368,3.500469142965621
3247,3.1780538303479458,0.5110125916955848
3248,2.9444389791664403,2.869678652801146
3249,4.68213122712422,4.566544335077404
3250,7.888709524182015,6.864302540233455
3251,0.0,-0.17779011674659495
3252,0.0,1.1719281528642769
3253,3.4339872044851463,4.878075427778654
3254,3.1780538303479458,4.156054974189754
3255,1.0986122886681098,0.9994137616464627
3256,1.6094379124341005,2.0770702045095053
3257,0.6931471805599453,1.0307872513100547
3258,4.574710978503383,4.68985424151118
3259,0.6931471805599453,0.7482666864026348
3260,3.091042453358316,3.1056698212356526
3261,4.23410650459726,3.299569691940473
3262,1.0986122886681098,1.2012692233812623
3263,3.7612001156935615,4.752160103000886
3264,1.0986122886681098,0.20615233275864364
3265,6.190315405853148,6.5876911834029315
3266,2.19722457733622,1.8700910013057621
3267,0.0,0.3501887501427967
3268,0.0,0.20860852553319909
3269,0.0,-0.14733748276463832
3270,7.107425474110705,7.166212573426188
3271,0.0,0.3188186423149564
3272,4.219507705176107,4.355914733981793
3273,2.833213344056216,3.397435474126139
3274,2.6390573296152584,2.2749385694073028
3275,1.3862943611198906,1.9420600535650994
3276,6.0867747269123065,5.879853977165338
3277,1.0986122886681098,1.7743403899822792
3278,0.0,0.13605712273707882
3279,1.0986122886681098,1.315739312279934
3280,2.5649493574615367,2.9212264576006026
3281,3.218875824868201,3.3571106691900123
3282,7.500529485395295,5.0207179517196305
3283,5.575949103146316,5.760153986059255
3284,1.9459101490553128,1.9140271558857642
3285,0.0,-0.27751366617717066
3286,0.0,-0.19376103833924185
3287,0.0,-0.421962523518284
3288,5.666426688112432,4.4348822837817785
3289,4.882801922586371,3.8871242908313217
3290,4.23410650459726,4.062342271332694
3291,3.80666248977032,4.212505502787398
3292,2.5649493574615367,2.0261132152310393
3293,5.746203190540153,8.077304316658111
3294,0.6931471805599453,1.1625662610428524
3295,0.0,0.3408956048688283
3296,0.0,0.8000076821641309
3297,7.068172000388042,7.349475876757404
3298,5.003946305945459,3.988150886186631
3299,3.610917912644224,3.7459193788283907
3300,1.6094379124341005,0.8393217808578186
3301,4.394449154672439,3.451412429500182
3302,0.0,0.2355735457572652
3303,3.091042453358316,3.2229354470406415
3304,1.0986122886681098,1.2573256716863341
3305,1.0986122886681098,0.5044587801344778
3306,0.6931471805599453,1.1186552110039594
3307,2.19722457733622,2.6565805325235305
3308,0.0,0.8294329811426153
3309,5.0369526024136295,4.261175628351536
3310,3.4657359027997265,3.3308755668362284
3311,0.0,1.2971976713978415
3312,0.0,1.0915823400160178
3313,4.532599493153256,5.2018146403038035
3314,4.02535169073515,4.340053367992086
3315,0.0,0.2086551761957418
3316,0.6931471805599453,1.7202539572519409
3317,1.0986122886681098,0.8313716804420475
3318,2.3978952727983707,2.093973011130643
3319,0.0,-0.09041062749578099
3320,5.948034989180646,5.7225819089396985
3321,0.0,0.3119934550439374
3322,0.0,0.14415511953337345
3323,0.0,0.6979178919282822
3324,0.0,0.7883362591359049
3325,2.079441541679836,3.1992734846474837
3326,0.6931471805599453,1.4013114945560847
3327,0.0,0.19857257629010538
3328,0.0,0.469178306847698
3329,0.0,0.21754552903635327
3330,0.0,0.23752224539465905
3331,0.0,-0.49847873610439697
3332,0.6931471805599453,0.4452112251918472
3333,7.408530566894626,7.103379935647883
3334,0.6931471805599453,0.7841089420242466
3335,5.402677381872279,5.618071745926068
3336,4.584967478670572,3.715473669721038
3337,1.9459101490553128,1.3190629008673604
3338,2.3978952727983707,1.4620111524975772
3339,0.0,0.4692908389658845
3340,0.0,0.6076758665584916
3341,5.613128106388071,6.223224590619864
3342,7.620214770574455,7.273894349574233
3343,3.6635616461296463,3.639634687587292
3344,0.0,0.43884327011111424
3345,3.044522437723423,1.169514448041024
3346,6.86484777797086,7.251753151939129
3347,4.276666119016055,3.0038156669398717
3348,2.19722457733622,3.0431797054702563
3349,0.0,-0.33214844608943395
3350,2.6390573296152584,2.313417420767639
3351,1.9459101490553128,1.5625227317607404
3352,1.6094379124341005,2.009143523637545
3353,0.0,0.06274613174753085
3354,7.60887062919126,7.467999451643935
3355,7.004881989712859,4.188832586177729
3356,7.80954132465341,7.112075262199845
3357,2.3978952727983707,2.681068864141686
3358,4.04305126783455,3.4228648821189527
3359,6.023447592961033,6.669142133266337
3360,4.204692619390966,1.2169210364990195
3361,1.9459101490553128,2.4453983833263635
3362,0.6931471805599453,0.22064342241610557
3363,0.0,1.0433832584624747
3364,3.6635616461296463,3.9606876599359104
3365,3.295836866004329,2.3194812663754485
3366,3.871201010907891,3.8609367469025626
3367,0.0,0.15623880263980405
3368,1.3862943611198906,0.8770193630512435
3369,0.6931471805599453,1.6401365166193416
3370,5.849324779946859,4.581824873103846
3371,0.0,0.36327229820538065
3372,9.013838751608397,7.909492669545722
3373,0.0,0.35283451303762536
3374,0.6931471805599453,0.9844308897990157
3375,2.302585092994046,1.1461673528874181
3376,0.6931471805599453,0.9758523690865848
3377,6.90975328164481,6.798985077703742
3378,0.6931471805599453,1.918784934488633
3379,1.9459101490553128,0.6767950585403559
3380,1.6094379124341005,2.657468890904302
3381,0.0,0.23084970314239817
3382,3.713572066704308,4.0161338584741175
3383,2.772588722239781,2.5489172243170874
3384,6.008813185442595,5.983787953099911
3385,8.855805992536562,8.45364680994439
3386,0.0,-0.2345524260557812
3387,1.6094379124341005,2.676314924867726
3388,4.290459441148391,4.500139056350973
3389,2.079441541679836,2.8416907671016722
3390,4.770684624465665,3.6925499592790283
3391,5.1647859739235145,5.469527870727286
3392,0.0,0.6393856825967132
3393,1.6094379124341005,2.509691739250802
3394,9.169976605786628,8.2334474854492
3395,0.0,-0.26831219218694224
3396,8.244071270295786,7.342944429837887
3397,1.3862943611198906,1.0022421780384003
3398,2.995732273553991,2.7579097015811325
3399,1.0986122886681098,0.8336457870826128
3400,3.6375861597263857,2.9544205353137993
3401,4.574710978503383,5.051191447876636
3402,1.6094379124341005,1.510485189409879
3403,5.332718793265369,4.48597226097087
3404,5.298317366548036,4.984525838762568
3405,0.6931471805599453,1.3610772953791828
3406,2.833213344056216,3.046151811385867
3407,4.68213122712422,3.84902202369265
3408,0.0,0.1267729084360827
3409,4.6443908991413725,4.453409314086436
3410,0.6931471805599453,1.0957389185555064
3411,1.3862943611198906,1.7484777899420028
3412,1.6094379124341005,2.2390687465640493
3413,0.0,0.5470607914438124
3414,1.0986122886681098,0.43800314772132376
3415,0.0,0.03356614341295039
3416,0.6931471805599453,0.7340184861362762
3417,6.253828811575473,6.225741085029025
3418,0.6931471805599453,2.221292109956079
3419,1.6094379124341005,1.2206692008651723
3420,0.0,0.4377307471772194
3421,9.169976605786628,7.024092680884811
3422,1.3862943611198906,0.5945276931295473
3423,4.31748811353631,4.338240305705428
3424,0.0,0.40916077375942206
3425,7.3938782901077555,7.644207357276946
3426,3.332204510175204,2.11483424056141
3427,0.0,2.6584903524619206
3428,0.0,1.0679890006612862
3429,0.0,0.6633302164796269
3430,0.6931471805599453,1.6219749188555532
3431,4.330733340286331,5.831774084333085
3432,1.3862943611198906,0.7767974189141618
3433,4.454347296253507,3.94175355318053
3434,0.0,0.41699006878982003
3435,4.007333185232471,3.2581893104067228
3436,0.6931471805599453,0.564967732879291
3437,4.934473933130692,5.000718687923731
3438,1.0986122886681098,0.44701082923369584
3439,0.0,0.06670859204321111
3440,0.0,0.1852982503375178
3441,0.0,-0.04404156532381176
3442,1.9459101490553128,1.8773789383232775
3443,0.0,0.35018979071954526
3444,4.143134726391533,4.262976039216373
3445,0.0,0.5562657804146436
3446,4.31748811353631,2.9698412048160936
3447,1.791759469228055,2.3166876481995855
3448,5.187385805840755,4.159179952899052
3449,1.6094379124341005,1.2869557645232867
3450,0.0,0.5390163527852601
3451,2.19722457733622,1.2958701764594027
3452,5.068904202220232,4.693589419643508
3453,5.247024072160486,5.623385614219417
3454,0.0,0.6491815974348136
3455,2.079441541679836,1.522252869220174
3456,1.6094379124341005,2.577584812168311
3457,0.0,1.0735050898603176
3458,0.0,-0.12314692442165232
3459,2.6390573296152584,1.5310790886375965
3460,6.77078942390898,7.446765407814739
3461,0.0,0.10629322453179224
3462,0.0,-0.07604912727236535
3463,3.5263605246161616,3.0641441935463014
3464,6.100318952020064,8.358088738616555
3465,0.0,-0.09056838113617349
3466,0.0,-0.31670022278316656
3467,2.302585092994046,3.0804973507720907
3468,3.1354942159291497,1.7446037906091454
3469,8.448271745949816,9.101725454558203
3470,3.6375861597263857,3.439301624702745
3471,0.0,0.014281109129223868
3472,0.0,0.3676245668819831
3473,2.9444389791664403,2.1366991643660405
3474,4.969813299576001,5.612121058166526
3475,0.6931471805599453,1.4873817934150484
3476,0.0,0.9579479331180039
3477,0.0,-0.2366544823735448
3478,1.0986122886681098,2.2567965525442957
3479,0.0,0.18404800592052117
3480,2.302585092994046,2.1963669526868745
3481,1.6094379124341005,2.9151279839958733
3482,2.6390573296152584,2.808183836299679
3483,5.468060141135132,5.987990375300143
3484,0.0,1.225790786586049
3485,3.258096538021482,3.5909664942648365
3486,0.0,-0.36301530660177495
3487,2.4849066497880004,0.9477303102892844
3488,2.19722457733622,2.5312171468259153
3489,4.990432586778736,4.916272994783389
3490,7.110696122978827,7.424401562983629
3491,0.6931471805599453,1.401643579294879
3492,3.367295829986474,3.5182811710921644
3493,5.823045895483019,6.12971694700279
3494,3.8918202981106265,4.1163962026876675
3495,0.0,0.6545323748706076
3496,4.442651256490317,2.538634842788952
3497,5.3471075307174685,4.753628828566663
3498,1.0986122886681098,1.1216491461863192
3499,3.9889840465642745,4.5501605461606855
3500,1.0986122886681098,0.791765577660327
3501,4.762173934797756,5.820576451549085
3502,1.0986122886681098,1.1952585781962786
3503,3.8501476017100575,2.6147378706077617
3504,1.6094379124341005,0.06926484326584337
3505,7.602401335665818,8.167548482170226
3506,0.6931471805599453,0.7241562101073824
3507,0.6931471805599453,-0.3255043460686706
3508,4.248495242049359,4.727758044546931
3509,0.0,0.7219621218545709
3510,9.169976605786628,8.497876457386353
3511,6.983789965258135,6.823859852696145
3512,1.791759469228055,2.1874487307915906
3513,3.1354942159291497,2.1530393080666363
3514,6.804614520062624,6.971789518998801
3515,4.07753744390572,3.8540435337462964
3516,2.3978952727983707,3.1364995379221496
3517,0.0,-0.2132611949500247
3518,2.70805020110221,2.3345805518950424
3519,3.871201010907891,4.520536798881121
3520,0.0,0.6410303949169465
3521,3.688879454113936,2.962242048271585
3522,0.0,0.4639077451618978
3523,0.6931471805599453,0.8757189584445726
3524,0.0,0.5387636161445295
3525,5.231108616854587,5.1660574434285405
3526,0.0,-0.24052652149376863
3527,0.0,0.42787745410176803
3528,0.0,0.597434882552736
3529,7.436617265234227,7.664237389796073
3530,0.0,0.15817838761903502
3531,8.575462099540212,4.940189806160926
3532,3.7612001156935615,4.038089053897879
3533,5.010635294096256,3.1282520938375047
3534,5.056245805348308,4.6878738429109
3535,4.77912349311153,4.119811266662008
3536,3.367295829986474,3.1501686691785458
3537,1.3862943611198906,0.014999987027455308
3538,0.0,-0.25038443385300857
3539,6.263398262591624,6.3249469036757
3540,0.6931471805599453,-0.2533855200337567
3541,0.0,0.3808406351291549
3542,1.6094379124341005,3.0368453463843172
3543,0.0,0.4883120966691623
3544,0.0,0.24145177836517862
3545,0.6931471805599453,1.3560601928891947
3546,0.0,0.3575375236881073
3547,1.3862943611198906,2.0078569508700417
3548,0.0,0.3220720703263542
3549,1.0986122886681098,1.9089825710506614
3550,4.836281906951478,4.822533862667303
3551,5.993961427306569,5.572071713045313
3552,0.0,-0.48108428292712535
3553,6.082218910376446,6.069196085212212
3554,2.772588722239781,2.29848702736803
3555,0.6931471805599453,0.5294225632524616
3556,0.0,-0.7501939259827575
3557,3.713572066704308,2.8858057045485466
3558,2.70805020110221,2.5859540839769917
3559,0.0,0.23793156518568814
3560,2.772588722239781,3.0832470681474957
3561,0.0,0.08763639488017061
3562,1.6094379124341005,1.704282886224104
3563,9.169976605786628,4.670843253097695
3564,4.143134726391533,4.775087747229643
3565,0.0,-0.06359286677368603
3566,5.575949103146316,5.813698652878862
3567,2.079441541679836,1.8622347238078376
3568,0.0,0.37938259138667685
3569,1.0986122886681098,2.284260265837535
3570,3.1354942159291497,3.7515036691938204
3571,0.0,0.5982620418551492
3572,5.556828061699537,4.358750423698806
3573,0.6931471805599453,1.8752744887906263
3574,1.0986122886681098,1.7053720651843038
3575,3.1354942159291497,2.3239785796813104
3576,3.258096538021482,2.895498255975774
3577,6.481577129276431,5.430514484351064
3578,1.3862943611198906,1.4902848062375202
3579,0.0,0.1266528523183128
3580,2.079441541679836,2.480632259086816
3581,0.0,1.122306450239256
3582,5.673323267171493,4.7737737487061205
3583,0.0,0.14932812649045513
3584,1.0986122886681098,1.437115328412401
3585,0.6931471805599453,0.1755206321202203
3586,5.560681631015528,5.485193434843013
3587,0.0,1.0735050898603176
3588,4.007333185232471,2.835200185872655
3589,0.6931471805599453,1.4626507288622408
3590,4.343805421853684,4.219445119483259
3591,1.0986122886681098,0.2643207703450292
3592,1.3862943611198906,1.021476021019199
3593,0.6931471805599453,0.5349429147324698
3594,0.6931471805599453,1.0719510317968564
3595,4.04305126783455,3.714757085222319
3596,0.0,0.6684177398733429
3597,0.6931471805599453,0.5446116450539875
3598,1.3862943611198906,0.8647526455710104
3599,2.302585092994046,2.4264723797504537
3600,1.6094379124341005,2.1053835688609186
3601,0.0,0.9702335289385695
3602,4.624972813284271,4.179966451836696
3603,0.6931471805599453,0.4050094204028605
3604,0.0,1.602288359673412
3605,1.9459101490553128,2.519756091027928
3606,2.302585092994046,2.90180486398122
3607,4.007333185232471,3.267313111114906
3608,6.257667587882639,5.654507391083898
3609,2.6390573296152584,2.254294651267771
3610,0.0,0.7888938443079765
3611,0.6931471805599453,0.4436090175318166
3612,0.0,-0.222977839362966
3613,0.6931471805599453,0.668947321986699
3614,7.180069874302796,7.898740416470655
3615,4.30406509320417,4.336290785693098
3616,0.0,0.08838866473761797
3617,6.16541785423142,6.202485430812252
3618,3.258096538021482,3.1154310426647895
3619,1.6094379124341005,1.1147684140386587
3620,1.9459101490553128,1.3512047961559999
3621,6.171700597410915,6.815354457029008
3622,1.3862943611198906,1.5458450748960595
3623,1.0986122886681098,1.4162412671955478
3624,3.295836866004329,3.4741918119209467
3625,0.6931471805599453,0.357039161913169
3626,0.0,0.7117747381911974
3627,7.116394144093465,7.704750446041366
3628,0.0,0.8760591088574896
3629,0.6931471805599453,0.4294217479412543
3630,3.5263605246161616,4.099721982925224
3631,1.6094379124341005,1.2395218051984833
3632,2.6390573296152584,1.7697325132165027
3633,1.6094379124341005,1.2536506881270717
3634,2.079441541679836,2.87663121590673
3635,0.0,0.3002665730967853
3636,1.9459101490553128,0.5398479799675191
3637,1.3862943611198906,2.091352669311351
3638,0.0,1.0740827035435179
3639,1.6094379124341005,1.6351537152846027
3640,5.583496308781699,5.983075650962177
3641,5.525452939131784,5.982013086824939
3642,0.6931471805599453,1.2980842779222361
3643,0.6931471805599453,0.8152351725981679
3644,2.3978952727983707,2.1677456194755425
3645,1.0986122886681098,0.7564443226646969
3646,6.759255270663693,6.290497307299311
3647,3.367295829986474,3.364791021646301
3648,0.6931471805599453,1.3609094665534605
3649,0.0,0.443707108625391
3650,1.3862943611198906,2.327742632372908
3651,5.556828061699537,5.588405479775032
3652,0.0,-0.14983513399552884
3653,2.995732273553991,2.4746940108297113
3654,5.14166355650266,4.531810619672933
3655,2.772588722239781,0.6486420962468586
3656,0.0,0.9762277573989875
3657,2.302585092994046,2.6121190795930893
3658,0.0,1.1237465298323897
3659,0.0,1.8792298028876715
3660,2.70805020110221,1.8292466782372951
3661,0.0,-0.1844562850778
3662,0.0,-0.19616445166551078
3663,1.9459101490553128,1.2565508783680048
3664,1.0986122886681098,1.2273490050275844
3665,3.295836866004329,1.3740522148848082
3666,0.0,0.19815532824447324
3667,5.135798437050262,6.023703130793254
3668,2.19722457733622,3.350577457028037
3669,0.6931471805599453,0.9062924126355558
3670,3.4657359027997265,4.021160883361083
3671,0.0,-0.38497549135117826
3672,0.0,0.497133911986803
3673,6.602587892189336,5.72974916458831
3674,1.0986122886681098,1.4699044234249814
3675,0.0,0.17283372717996182
3676,0.0,0.6089414094591727
3677,3.044522437723423,2.662666067172627
3678,1.791759469228055,2.569354473062407
3679,0.0,0.32751472090113976
3680,0.6931471805599453,1.011037304457809
3681,2.5649493574615367,1.3594614458301864
3682,3.8918202981106265,4.440443426196279
3683,1.0986122886681098,0.8237545672214097
3684,0.0,1.5225060894056806
3685,3.58351893845611,3.911677452434567
3686,2.772588722239781,1.3861741011631077
3687,0.0,0.15859366329029445
3688,1.9459101490553128,1.786608864151928
3689,0.0,0.4664973384648079
3690,1.0986122886681098,-0.14975231414633727
3691,4.532599493153256,4.439575474851067
3692,5.087596335232384,4.65071976925357
3693,6.813444599510896,5.617443715911534
3694,0.6931471805599453,0.6953851941172511
3695,1.3862943611198906,1.845399554602727
3696,2.079441541679836,0.9518290574522732
3697,0.0,0.47023186822731056
3698,1.3862943611198906,1.3896638284007665
3699,2.4849066497880004,2.194105456715247
3700,7.045776576879511,7.619533851055838
3701,3.737669618283368,4.22908431586424
3702,0.0,1.5491340525207566
3703,4.3694478524670215,5.001224882065277
3704,5.375278407684165,6.45471724038816
3705,0.0,1.108055618125687
3706,1.0986122886681098,1.6672952212368584
3707,0.0,0.11292676396391688
3708,2.5649493574615367,3.0740989800733476
3709,4.3694478524670215,4.2885194912970555
3710,0.6931471805599453,2.2660565855234527
3711,1.0986122886681098,1.1241526211570634
3712,1.0986122886681098,1.7400043051579528
3713,1.6094379124341005,3.6816650975006735
3714,1.791759469228055,2.351527854948229
3715,7.597897950521784,7.599941308184388
3716,0.0,0.12867958688295822
3717,1.3862943611198906,1.0318957648247977
3718,1.0986122886681098,1.6143891823584977
3719,3.091042453358316,3.521933848428745
3720,1.9459101490553128,2.1445752755160132
3721,1.6094379124341005,1.509650722150137
3722,7.906915488678587,6.852969524909884
3723,0.0,6.075232903562494
3724,2.302585092994046,0.9824330273249486
3725,0.0,-0.1328427491283506
3726,2.70805020110221,2.8452058252378642
3727,2.302585092994046,1.179166403383279
3728,3.4657359027997265,3.012218357751519
3729,4.624972813284271,3.973450296559729
3730,4.007333185232471,3.8134372670927448
3731,0.0,0.3362299947596292
3732,3.9889840465642745,4.206926165999618
3733,0.0,0.7372169514553517
3734,3.737669618283368,2.8182636941367534
3735,1.0986122886681098,0.8646957807307152
3736,0.0,0.5640939513830889
3737,0.0,0.48546992240088027
3738,3.258096538021482,3.275076026951368
3739,2.4849066497880004,2.6470376698898788
3740,0.0,1.0735050898603176
3741,2.995732273553991,3.165327751586305
3742,0.0,0.1975075122219927
3743,1.791759469228055,0.5924831412537741
3744,5.153291594497779,4.706521160219987
3745,8.77770959579525,6.021557456553053
3746,0.0,0.6586864259295833
3747,0.0,-0.3009812865271755
3748,0.0,0.5540615501463109
3749,0.0,1.1179213670912747
3750,0.6931471805599453,1.3055763063071977
3751,0.6931471805599453,1.3557483548424032
3752,2.9444389791664403,2.9030155258465626
3753,0.0,0.9878773124463129
3754,2.079441541679836,1.8444152440285617
3755,2.8903717578961645,2.649624787074209
3756,0.0,0.8317844189144457
3757,1.9459101490553128,0.3462601283201592
3758,1.0986122886681098,0.3795318926046183
3759,0.0,0.5408819669820377
3760,0.0,0.5519381619585157
3761,1.6094379124341005,0.5891075918644282
3762,2.70805020110221,1.9697750086594266
3763,0.0,1.1273194109759475
3764,0.0,-0.045268659057134286
3765,4.499809670330265,4.024064738777684
3766,0.6931471805599453,0.9713632717521543
3767,0.0,0.2940159875713184
3768,3.044522437723423,1.0828155493613687
3769,1.3862943611198906,1.1535850260765605
3770,0.0,0.9045795339855645
3771,4.477336814478207,2.980541816751794
3772,0.0,0.3864059124731105
3773,9.169976605786628,8.904262537560225
3774,3.218875824868201,1.6091334949441145
3775,1.0986122886681098,1.7567581782639805
3776,0.0,1.0631911800447267
3777,3.970291913552122,4.797955627840611
3778,0.6931471805599453,1.4194726793163612
3779,1.6094379124341005,1.6944143274522854
3780,3.332204510175204,2.178985544210235
3781,5.921578419643816,6.43898559497781
3782,0.0,0.6852306080659654
3783,0.0,0.12083622278562389
3784,1.6094379124341005,2.6244115488722475
3785,0.6931471805599453,0.4729738182835792
3786,1.0986122886681098,1.5739276502061197
3787,0.0,0.2634459835697682
3788,0.0,1.0415626402103761
3789,4.276666119016055,4.659460935267191
3790,0.6931471805599453,0.932210756089334
3791,0.0,-0.19444511210837945
3792,3.4339872044851463,2.305355832655236
3793,6.8966943316227125,7.421104366077964
3794,3.9318256327243257,4.165812520090112
3795,6.333279628139691,7.330173094880315
3796,5.926926025970411,5.431889388612043
3797,2.19722457733622,1.9020166278721156
3798,0.0,0.14871603605775707
3799,3.58351893845611,2.970037186866998
3800,0.0,0.7760771887107922
3801,0.6931471805599453,1.3333118369418684
3802,0.0,0.069678632612304
3803,0.0,-0.21581775177671858
3804,5.733341276897746,6.459418204722079
3805,1.0986122886681098,1.31720496141704
3806,0.0,0.013736489918802164
3807,0.0,0.7740105859953414
3808,0.0,0.6230043622987882
3809,6.7580945044277305,5.854520989491954
3810,0.6931471805599453,0.7410753823040059
3811,0.0,0.20663128872278325
3812,1.0986122886681098,1.3739204040424473
3813,2.772588722239781,2.635323479897362
3814,0.0,1.139479482791522
3815,5.187385805840755,5.689564184750406
3816,2.5649493574615367,1.9000912144186874
3817,2.302585092994046,0.8910407080875404
3818,2.5649493574615367,1.8383987015393841
3819,0.0,0.2555178173108068
3820,5.081404364984463,4.805717953442349
3821,3.871201010907891,3.0706788166838086
3822,1.791759469228055,2.497426845664948
3823,3.7612001156935615,3.1293274325880063
3824,4.31748811353631,5.101859458040678
3825,0.6931471805599453,1.0083766108914445
3826,8.32093496888341,7.98162502139207
3827,1.3862943611198906,0.5117104879195866
3828,2.302585092994046,2.6381171056543224
3829,0.0,0.6063301232522147
3830,4.30406509320417,3.7862882357627576
3831,0.6931471805599453,1.1159259157277448
3832,0.0,0.4649530310349088
3833,0.0,-0.21398866701485142
3834,2.9444389791664403,2.3442668383488847
3835,3.218875824868201,2.668394672031114
3836,0.0,0.8058564449775707
3837,1.6094379124341005,1.4284050463652829
3838,0.0,0.49705210024650226
3839,0.6931471805599453,2.436866868811578
3840,3.951243718581428,4.028589979413235
3841,1.791759469228055,1.0327040731278472
3842,1.6094379124341005,1.9856709667853085
3843,8.126222529458525,8.164635959324704
3844,0.0,-0.048183813366258654
3845,1.3862943611198906,1.1352911052573438
3846,0.0,0.9673837345419507
3847,5.204006687076795,6.07401375337059
3848,3.828641396489095,3.4495788303352577
3849,0.6931471805599453,0.5082594460688667
3850,3.8918202981106265,4.144697638058674
3851,2.833213344056216,2.1051910759168453
3852,1.6094379124341005,1.2644978386519157
3853,1.6094379124341005,1.9761924479478292
3854,1.3862943611198906,0.5847391128485251
3855,7.020190708311925,6.354620638654028
3856,4.709530201312334,4.5592393998218315
3857,3.9318256327243257,4.554054790505758
3858,7.7501841622578365,7.662754013262141
3859,2.302585092994046,1.7355477148280491
3860,2.772588722239781,3.8120497267391062
3861,2.833213344056216,1.9683651495354426
3862,0.6931471805599453,0.9761178436222402
3863,7.425357887027151,7.0376294907537424
3864,0.6931471805599453,-0.23538117674645553
3865,3.80666248977032,3.0413912428201746
3866,1.0986122886681098,1.8788564115678594
3867,0.6931471805599453,0.48075072602207447
3868,0.0,1.0126128078890826
3869,0.6931471805599453,0.94127775576003
3870,1.3862943611198906,0.48579507401780986
3871,0.6931471805599453,0.580673032991573
3872,1.6094379124341005,0.6980518819393313
3873,0.6931471805599453,0.7319261422334769
3874,4.248495242049359,3.1801573660014464
3875,0.0,0.792811996361565
3876,1.0986122886681098,1.0542311475076462
3877,3.49650756146648,3.5910117549839438
3878,1.6094379124341005,0.8325635303297505
3879,2.302585092994046,1.6446168495457578
3880,1.0986122886681098,0.4012981161043436
3881,4.290459441148391,4.086706416087983
3882,0.6931471805599453,1.3174219013153858
3883,1.0986122886681098,1.2227263677677875
3884,4.158883083359672,3.7851953913139416
3885,8.570165076182343,3.289494754019602
3886,7.018401799069201,6.562074600305635
3887,0.0,0.2495351068284033
3888,0.0,0.647773396161692
3889,2.3978952727983707,1.823136144066507
3890,9.169976605786628,4.154611122041075
3891,1.791759469228055,3.2720624246298495
3892,2.19722457733622,1.8128590665155369
3893,1.6094379124341005,2.2620060411741103
3894,5.968707559985366,6.1651749593683896
3895,1.791759469228055,1.5828072194928202
3896,0.0,4.419232407350995
3897,2.302585092994046,2.177115126516184
3898,1.791759469228055,1.7267294850400745
3899,0.0,0.5136688264407794
3900,3.4011973816621555,4.051364325701659
3901,1.0986122886681098,1.0588718707604652
3902,0.0,0.4763509894744158
3903,0.0,0.35031064787120103
3904,2.302585092994046,0.8301945092633618
3905,1.6094379124341005,2.0218736947916742
3906,0.0,-0.21866252457652058
3907,4.143134726391533,4.977343498124211
3908,1.6094379124341005,2.234903406947432
3909,2.079441541679836,2.3921613315951973
3910,3.688879454113936,3.0524020135055996
3911,3.1780538303479458,2.8283589762966588
3912,2.8903717578961645,3.2482107081403786
3913,4.962844630259907,5.088917406358991
3914,2.302585092994046,1.144101340981135
3915,8.449128460502108,8.210361769880224
3916,0.0,1.1607325613982253
3917,1.3862943611198906,1.9707717697075129
3918,3.610917912644224,1.9470744780512268
3919,7.407924322559599,5.74975561359404
3920,0.0,1.4566202546298452
3921,3.332204510175204,3.2435067117359413
3922,0.0,0.9009493328946354
3923,0.6931471805599453,1.3839011666682612
3924,1.3862943611198906,0.6186752405613065
3925,2.302585092994046,2.4969759229419046
3926,7.554334823725748,7.387823487810699
3927,2.4849066497880004,1.2219083135698143
3928,1.6094379124341005,3.1549366142785242
3929,0.0,0.6499869772380049
3930,0.6931471805599453,0.5095529011366182
3931,8.575650760987806,8.748492934639424
3932,5.700443573390687,5.160528729240003
3933,2.079441541679836,2.781434866478397
3934,1.3862943611198906,0.4752929886518278
3935,3.367295829986474,3.1750134608795193
3936,4.718498871295094,4.922880439893483
3937,7.655864017616056,5.514002590248525
3938,2.833213344056216,2.6104888809073263
3939,0.6931471805599453,1.2374757504037952
3940,0.0,0.18711100999980612
3941,1.6094379124341005,1.8684729049426818
3942,3.091042453358316,3.4551555764484525
3943,0.0,0.592187151414685
3944,1.6094379124341005,1.950231571026468
3945,1.0986122886681098,1.3884767433505751
3946,0.6931471805599453,0.5595468431607331
3947,0.0,0.21496162542293984
3948,4.07753744390572,3.9188337941135956
3949,5.356586274672012,5.814824422894592
3950,5.0369526024136295,5.267005842300729
3951,0.0,0.6690997869348214
3952,0.0,0.2069649116589103
3953,2.833213344056216,1.2804476083244203
3954,5.438079308923196,6.621534602803111
3955,0.6931471805599453,0.15138900705543445
3956,5.87493073085203,6.03625201130748
3957,5.762051382780177,5.764494365676136
3958,3.970291913552122,4.4360546731274795
3959,2.5649493574615367,2.871037404822567
3960,6.333279628139691,6.1430120413763305
3961,0.6931471805599453,0.5903791073454587
3962,0.0,1.66057103368751
