quantity_sold_ground_truth,quantity_sold_predicted
3.218875824868201,3.1729994413526073
0.0,0.3293190992243741
1.791759469228055,2.6601713719758906
3.4657359027997265,3.644954937697839
0.0,0.5759962523198141
6.156978985585555,5.5066050232446875
3.1354942159291497,3.019445259029995
0.0,0.02681765741985643
0.0,0.3079528969349452
3.5263605246161616,3.847377032848602
0.6931471805599453,1.518901867668319
3.1780538303479458,3.8346518989090552
0.6931471805599453,1.2254667195047386
0.0,0.1358613614432685
3.58351893845611,3.669316739926817
0.0,0.07823072468157974
7.106606137727303,6.443423108376733
1.6094379124341005,0.0077424020218157825
3.7612001156935615,3.7717198322897474
0.0,0.3886762610284837
0.0,0.24055528593397782
2.302585092994046,0.7990595218916092
6.92951677076365,7.16805276069991
2.5649493574615367,2.5360525914201957
9.169976605786628,8.574336460216726
9.169976605786628,7.523385090147027
0.0,0.006437751649736402
0.6931471805599453,0.3517356115280488
0.0,0.14364048798597065
0.0,0.8451656229584196
0.0,0.010823292103710079
4.110873864173311,4.0046415970565326
0.6931471805599453,0.9719506039997353
0.0,0.04674677715125085
3.332204510175204,3.5618105274639515
2.079441541679836,1.1465790899972073
3.9318256327243257,4.168180944108727
2.5649493574615367,4.189100494573887
4.07753744390572,4.150808847534797
0.6931471805599453,0.921652218320229
0.0,0.21083866597757442
0.6931471805599453,0.017342230547376988
1.791759469228055,1.103907734790398
4.727387818712341,4.540421728993272
7.538494999413465,7.359515977288053
2.6390573296152584,1.8586535585473003
1.3862943611198906,0.46329280684236535
1.3862943611198906,0.34089777329544435
0.0,1.0534951722595833
0.0,0.012136851176488222
0.0,0.012712215321391784
6.16541785423142,6.202501261273226
6.8001700683022,7.264970582310371
0.0,0.004158883083359671
9.169976605786628,7.5418687225741925
4.394449154672439,4.481776701516382
5.062595033026967,5.021499727320739
0.0,0.6435970389887867
1.3862943611198906,2.166159482828803
2.19722457733622,1.3347194770398578
5.7745515455444085,5.082324960802748
1.0986122886681098,1.529113786271057
0.0,0.04886913473503918
0.0,0.5182708721225234
0.0,0.06444474211151695
3.4011973816621555,3.213498863743682
7.797291273547472,7.486720438577788
0.0,0.6052948410648652
4.3694478524670215,3.9502589855371975
0.0,0.6161164063153736
5.356586274672012,5.548335697099702
5.484796933490655,5.287243192753458
4.882801922586371,4.846522116445217
3.332204510175204,3.185805100724607
1.9459101490553128,1.8894007705923734
3.218875824868201,3.165514663341776
0.6931471805599453,0.35417707624044453
0.0,0.011090354888959125
1.9459101490553128,3.2245177465717387
2.302585092994046,2.3358775303615986
0.6931471805599453,0.33105357581708855
6.943122422819428,6.832009772934304
5.3230099791384085,6.323404599546957
0.6931471805599453,0.7371451159812112
0.6931471805599453,1.1597542548365232
5.068904202220232,5.042393243791205
5.950642552587727,6.191212825369615
5.327876168789581,4.986198215977105
2.8903717578961645,1.5773907007288075
0.0,0.12402207685053655
1.791759469228055,0.9402078088651901
2.19722457733622,2.0758237877260024
9.169976605786628,9.068200727685367
2.9444389791664403,2.69394571057618
0.0,0.14463105842414678
0.0,3.7325438518936878
4.74493212836325,3.9169620411076247
2.6390573296152584,3.0585137079419162
2.833213344056216,1.9289520163153504
3.4657359027997265,3.0176936007701016
2.3978952727983707,2.43636092900146
1.9459101490553128,1.1744388339135525
3.5263605246161616,3.5164060875051186
2.4849066497880004,0.8490496248624133
6.2166061010848646,5.798671948429417
0.0,0.00358351893845611
3.871201010907891,4.436427767677762
1.3862943611198906,1.4288981646138799
3.912023005428146,4.543960218494962
0.6931471805599453,0.6119010082809776
2.079441541679836,1.0646831422091956
4.3694478524670215,4.432144987965196
0.0,0.20338536031686666
4.74493212836325,4.797652068157282
2.3978952727983707,0.3108270462795022
1.791759469228055,1.7539683837418834
0.6931471805599453,0.875918116618253
1.6094379124341005,0.9699488858488547
3.555348061489413,3.4689038102730936
0.0,0.35391757770186294
0.0,0.12605537602460606
6.137727054086234,6.539505341299461
1.3862943611198906,1.9065321192344302
2.5649493574615367,2.712191063145745
2.8903717578961645,2.6592035399758296
0.6931471805599453,0.5532282176856533
0.0,0.047484232462168915
5.075173815233827,5.346334463392712
0.0,0.14663722049374392
0.6931471805599453,2.091350492452161
2.772588722239781,2.5001078661581526
0.6931471805599453,0.4409964140853539
1.6094379124341005,0.9937207240030951
2.8903717578961645,3.2720338001963247
0.0,0.08843943549758318
0.0,0.09124427514441222
1.0986122886681098,0.4680713441534211
3.610917912644224,1.6444782094706893
4.143134726391533,3.8949959155546803
0.0,0.0368816856720902
0.0,0.48196416675319587
1.0986122886681098,0.6677317114130525
0.0,0.0
4.672828834461906,4.987048915641851
1.791759469228055,1.7626696842354381
4.060443010546419,4.126062094070374
0.6931471805599453,1.4979705229379545
6.173786103901937,4.997153843074751
3.4011973816621555,3.650974961552655
0.0,0.5618353700173631
4.820281565605037,4.344323541870016
1.0986122886681098,1.1834408364024058
0.0,0.006931471805599453
6.049733455231958,6.049060044109117
0.0,0.8455791155793001
1.6094379124341005,2.160062955820423
0.0,1.054392745153989
0.0,0.15388627832435703
5.0238805208462765,5.06443279419241
1.791759469228055,1.8997886821345604
0.0,0.27840471752574164
0.6931471805599453,0.6560321679094694
3.295836866004329,4.1065998236812415
0.0,0.018257392765871343
2.5649493574615367,2.4299305133144884
0.0,0.10073061324588607
0.0,0.628609164186713
0.0,0.613849721528505
5.771441123130016,6.027087373255533
0.0,0.4491051188198573
1.3862943611198906,1.3441133150813986
3.80666248977032,3.832639609764946
1.6094379124341005,1.7252939046070452
1.0986122886681098,1.6747780121317069
2.3978952727983707,2.35878569668296
3.1354942159291497,3.608896718941783
0.0,0.011536641991587545
0.6931471805599453,1.023883179745766
0.0,0.012136851176488222
5.278114659230517,5.592184874475574
0.0,0.0282697546533651
1.3862943611198906,1.1120468762844489
0.0,0.2003144793440235
3.555348061489413,2.590294542324967
1.9459101490553128,1.7906314179694283
3.4657359027997265,3.543726363909846
1.3862943611198906,1.3714249232503235
2.19722457733622,0.9969228493456787
0.0,0.7558116884593833
1.3862943611198906,0.8407384136853535
3.218875824868201,3.8539801918076297
2.19722457733622,2.5471969949741484
2.8903717578961645,3.2867490490430264
0.0,0.26316043517415977
2.079441541679836,2.5502341436499862
4.7535901911063645,4.476524783867962
0.0,0.0559096844699924
0.0,0.01309069932066884
3.091042453358316,2.971941513557231
2.772588722239781,3.0897900927650404
4.663439094112067,3.815324811941687
0.0,0.0027725887222397813
3.871201010907891,1.5530363581205102
4.962844630259907,5.288960500805072
1.791759469228055,1.7895734837579977
2.19722457733622,2.18484684082256
0.6931471805599453,0.06164730834928005
4.68213122712422,4.34304081922118
0.6931471805599453,0.4861227026639761
3.6635616461296463,3.3589208783538744
2.079441541679836,2.532380943756649
0.0,0.09528527315650494
1.3862943611198906,1.4272135921216014
0.0,0.1755364240191865
0.0,0.597878827382526
0.0,0.6811358765717195
3.1354942159291497,4.310971831013716
1.791759469228055,2.3662131882469564
2.079441541679836,1.0409995159009648
5.958424693029782,6.189100126364292
2.302585092994046,0.7217898481184749
5.855071922202427,5.533011764602778
0.0,0.004158883083359671
0.0,0.05700274887224614
0.0,0.09437723366892178
2.772588722239781,2.5970803106404374
1.791759469228055,1.8705721038664371
0.0,0.10159349056885622
0.0,0.6430859093178255
1.6094379124341005,2.0655931125787053
3.044522437723423,2.709865900763261
0.0,0.012476649250079016
0.0,0.18294565986646422
3.970291913552122,3.596880074620078
1.9459101490553128,2.4569587445631766
1.791759469228055,1.6727495666137984
0.0,0.012250117201018486
0.6931471805599453,1.9666230352154597
2.9444389791664403,2.5286848563392152
0.0,0.09854474969897209
3.367295829986474,2.662920851298514
1.3862943611198906,0.660164451017978
5.739792912179234,6.335596794369539
4.248495242049359,4.292277013651565
1.6094379124341005,1.7343921779990674
5.488937726156687,5.200807593423861
1.6094379124341005,1.8310389431757672
2.833213344056216,2.9235735116880583
7.554334823725748,7.308562621336713
0.0,0.30625094922693674
5.14166355650266,4.730193306458788
4.007333185232471,3.8470283644048724
1.9459101490553128,2.3773678522914867
0.0,0.3823146955523817
1.3862943611198906,1.1570331337022177
7.269616749608169,7.045426460951931
1.791759469228055,1.5276588063001535
1.0986122886681098,1.2858172224379254
0.6931471805599453,0.647647881408363
1.0986122886681098,1.1892904459073759
0.0,0.10065122628360515
6.124683390894205,5.861828128393152
2.6390573296152584,2.8794173800380833
3.8501476017100575,4.204626045881615
7.422373700986824,7.328877369820232
4.912654885736052,6.102665673761047
4.7535901911063645,5.614966112791386
0.6931471805599453,0.1820756934493314
0.0,0.18976592998196232
2.5649493574615367,2.7202289181069053
0.0,0.0021972245773362194
1.3862943611198906,1.6516990641776197
4.23410650459726,4.293212137666203
3.218875824868201,4.070561420992286
1.3862943611198906,0.6475008604506134
6.115892125483034,6.788975679395153
6.77078942390898,5.456819119136055
1.791759469228055,2.1877364897109834
2.3978952727983707,2.1158729916570147
0.0,0.03615014241815478
4.770684624465665,3.5310922696323948
0.0,0.006591673732008658
2.70805020110221,2.532182260932089
6.035481432524756,6.213774751103522
7.697121317282625,6.56647552019504
4.174387269895637,3.8541620491242634
5.389071729816501,5.0312440715873565
4.59511985013459,4.038478409615938
9.169976605786628,8.190467179514057
7.307872780763706,7.162741946124638
4.663439094112067,4.905672655135938
6.228511003591184,5.719589320721571
0.0,0.1856924739215661
0.0,0.49681845410196707
0.0,0.20060829255608595
1.0986122886681098,1.4672043879749574
3.49650756146648,4.042364844344563
4.584967478670572,3.1595698346263457
0.0,0.05791166716020131
0.0,0.06725334308001568
2.5649493574615367,1.7651821673254993
1.3862943611198906,0.40808351475122673
0.6931471805599453,0.8547997946031681
5.459585514144159,5.519723806322985
0.0,0.0
4.143134726391533,4.07427031527044
2.9444389791664403,2.7256468629058253
3.9318256327243257,3.754472938681349
0.0,0.5010483986041459
0.0,1.2059151140316149
1.0986122886681098,0.1614021042060085
3.9889840465642745,3.9157098537405837
7.907651594711089,7.667566466862737
6.641182169740591,5.247585265394408
1.0986122886681098,0.9157250682824463
3.80666248977032,4.268550259752793
7.748028524432376,8.189896009224908
4.442651256490317,4.667514464864032
2.4849066497880004,2.4472393196419744
0.6931471805599453,0.6885147423354461
0.0,0.007742402021815782
5.916202062607435,5.110039864551749
2.833213344056216,1.510134612825299
0.0,0.11161476115704876
2.19722457733622,2.3136345373604223
2.70805020110221,2.8376965968373415
0.0,0.02032554030093242
2.70805020110221,3.4113347080249534
0.0,0.10764865786085719
4.356708826689592,4.732547902744527
3.9889840465642745,3.9664409295075407
0.0,1.1391529935071119
1.0986122886681098,0.11742585938702697
4.709530201312334,4.2669992674179635
2.3978952727983707,2.44709402100333
0.0,1.6892145893389443
0.0,0.04078015764413998
0.6931471805599453,0.2808157851947852
0.0,0.08130964603743929
6.171700597410915,6.043098743336498
5.53338948872752,5.138840925569548
4.812184355372417,3.763937319928524
0.0,0.022171410850118072
5.068904202220232,5.362289254124097
5.2832037287379885,4.811936348366143
4.110873864173311,3.584294962489237
0.6931471805599453,0.05489811974516379
3.951243718581428,4.272684142881937
5.7745515455444085,5.7852083017869385
1.0986122886681098,0.5322338434944557
2.19722457733622,2.067273931078855
0.6931471805599453,1.247119879682707
4.02535169073515,4.123370352407687
0.0,0.031261973107619294
1.6094379124341005,2.419688277422354
2.772588722239781,3.165760286730911
4.382026634673881,4.209722003695135
1.0986122886681098,1.6500584122621849
0.0,0.9617439574254946
0.6931471805599453,0.3545319498205809
0.0,0.3262070502173141
6.20455776256869,5.057395153400068
0.0,0.34009058637201395
0.6931471805599453,0.10436607929109602
4.330733340286331,3.919108666364059
1.9459101490553128,2.3004600065925946
0.0,0.9588193255342686
2.5649493574615367,1.6930314621728013
0.6931471805599453,0.8639339056215655
4.859812404361672,4.926485016194107
3.295836866004329,3.9410237651102062
3.1354942159291497,3.045835403510356
2.079441541679836,2.1634351417008726
0.0,0.06887068798012566
1.3862943611198906,0.18882419264464884
2.4849066497880004,2.4366793231869854
3.6375861597263857,1.424698904631395
0.6931471805599453,0.25083085542056033
5.476463551931511,5.185678347528345
4.382026634673881,4.7380503051089
1.6094379124341005,0.15149226732300836
0.0,0.2795320835563782
2.4849066497880004,2.4863454919281978
1.0986122886681098,0.08153321322152322
0.0,0.22587739210286886
2.19722457733622,1.5249457436806346
2.3978952727983707,2.8426943126824087
0.0,0.7494180710065097
2.302585092994046,2.067671140992417
0.0,1.3774201082086033
2.302585092994046,2.2244504114950208
2.6390573296152584,2.5282002294735144
5.926926025970411,6.162736221512258
0.0,0.17937662068810384
2.5649493574615367,2.0897788175311427
0.6931471805599453,0.736777526622283
2.5649493574615367,2.716688170205636
0.6931471805599453,1.3876704435742298
0.0,0.050824016245569995
1.3862943611198906,1.2534332261500398
2.3978952727983707,2.6142774706916794
7.781973234434385,7.067177202444262
1.3862943611198906,1.7195114274439685
2.4849066497880004,2.5650699484098123
5.1647859739235145,4.854155627349537
5.272999558563747,4.962887829062766
1.791759469228055,1.1597054705629095
0.0,0.06677769540506746
2.772588722239781,3.532990294650187
1.791759469228055,2.751894512372916
3.258096538021482,3.945142389577429
3.332204510175204,3.099612088918395
2.772588722239781,2.4806981664282812
0.6931471805599453,0.1898771514469502
3.951243718581428,3.3937579412556738
1.0986122886681098,1.4562190297614759
3.295836866004329,3.345341311788018
3.6635616461296463,3.46354713907809
0.0,0.3906727133176981
3.871201010907891,4.234089803713984
0.0,0.38610745538833385
0.0,0.09479263390269839
0.6931471805599453,1.0000669714812644
0.0,0.1334534158346166
0.6931471805599453,0.6532238021787118
7.747596838692885,7.410457829874987
1.3862943611198906,1.5271387757596395
1.9459101490553128,1.1142092552456953
0.0,0.6986623156565565
1.3862943611198906,1.4246045796960523
2.995732273553991,2.837202144857997
3.044522437723423,3.232419884648561
5.056245805348308,6.018062142818694
0.0,0.6805644567269298
5.513428746164983,5.40001140916184
1.3862943611198906,2.652795169019616
4.700480365792417,5.676361731171108
1.3862943611198906,0.8326345611591476
0.0,0.041484598831318685
1.791759469228055,2.3636968446923263
3.610917912644224,4.095921353265834
0.6931471805599453,0.07771163052963044
0.0,0.23405350192768867
2.302585092994046,2.4110058129095595
0.0,0.415599371700178
4.262679877041316,4.634449560492693
4.430816798843313,4.429593177245791
5.455321115357702,5.982285095018879
2.70805020110221,3.0350868639882624
0.6931471805599453,0.57244606662403
0.0,0.5892046409289523
5.1647859739235145,5.224783245241208
0.0,0.987369889097903
0.0,0.4112483675378646
3.218875824868201,3.4172154493996
1.9459101490553128,1.9125668651960945
1.0986122886681098,0.8170266998552869
2.4849066497880004,2.3962888716028834
5.613128106388071,5.8900010822371005
0.0,0.3731140321902515
0.6931471805599453,0.613861542987611
0.0,0.056120405501308035
0.0,0.21574076032331294
0.0,0.3186293693875895
0.0,0.0021972245773362194
3.091042453358316,2.6617702300704233
2.079441541679836,2.3637964237085383
0.0,0.6499802786256274
0.0,0.06272530135074544
3.737669618283368,3.4219668767897846
0.0,0.40771031747593245
4.672828834461906,3.969081641462735
3.784189633918261,3.8613648023976426
2.833213344056216,2.701485221968384
1.9459101490553128,1.99516203624425
0.0,0.16072016980161774
4.007333185232471,4.045775839243614
1.9459101490553128,1.9319273677280822
0.0,0.5113689748670164
0.6931471805599453,0.8734998350504256
1.6094379124341005,1.5466913380303242
1.0986122886681098,1.4076033605803557
0.0,0.029112181583517704
0.6931471805599453,0.9183809971926853
2.19722457733622,2.0283872880917486
0.6931471805599453,1.3597487356579998
2.3978952727983707,2.3627680715789916
5.0369526024136295,4.793611462347753
0.0,1.2796902746024406
0.0,0.10266303206473283
0.6931471805599453,1.7811799826596686
1.0986122886681098,0.7589023324370454
0.0,0.4482732038775582
2.302585092994046,1.6717079526134504
2.772588722239781,2.8511993136710743
2.5649493574615367,2.5422105130460566
2.833213344056216,2.3390440982296754
2.4849066497880004,2.0951823586329827
3.4339872044851463,3.3011216227183593
3.58351893845611,3.6962625195912557
6.1092475827643655,6.50684907321409
5.66988092298052,5.929485261350649
0.0,0.29427995525893264
2.772588722239781,2.603054852211356
0.0,0.09037891047991153
1.9459101490553128,2.2326934051874163
1.791759469228055,1.7795251201229272
1.0986122886681098,1.1630828507420938
0.0,0.21751913765354797
0.6931471805599453,1.2529961557009102
3.713572066704308,3.9152020348115917
0.0,0.5242904401253783
8.439880088313567,8.303789277115278
3.8501476017100575,4.827123525347734
4.07753744390572,4.627444094463607
0.6931471805599453,0.9240661386094916
1.9459101490553128,2.4480489624059456
2.4849066497880004,2.3267887860679615
7.080867896690782,6.255673416351256
5.429345628954441,5.2418408192757235
0.0,0.154528667525002
0.0,0.45748147989715393
0.6931471805599453,0.15065845236922842
0.0,0.014642377113478957
0.0,0.41937609146358035
0.0,0.016506455291163544
6.084499413075172,5.826843749331914
0.6931471805599453,0.6305981361846569
0.0,0.08004268685812532
2.4849066497880004,2.6656670365978314
1.0986122886681098,1.3672757628804952
0.0,0.04067366861510236
2.70805020110221,3.024866393407464
0.0,0.007977968093128548
7.606387389772652,7.309704912112951
1.791759469228055,1.5934165958906232
0.0,0.014309230713827326
0.0,1.20322957753738
3.8918202981106265,3.426297191669945
3.6375861597263857,4.399358645199165
1.3862943611198906,1.8161189763928207
9.169976605786628,7.187502990331088
0.0,0.039152037425689463
0.0,0.15434441927013287
1.6094379124341005,1.3161427884907602
4.663439094112067,4.931720442113455
1.6094379124341005,1.7814309574847496
1.0986122886681098,0.9918830831353787
2.772588722239781,3.22673497766798
0.0,0.024377934355254472
6.077642243349034,6.077782594325779
6.635946555686647,6.140246004853616
0.6931471805599453,0.9685323230542573
2.302585092994046,1.930603805496538
9.169976605786628,7.5714394219437935
4.04305126783455,3.776889469072186
0.0,0.006356107660695892
3.713572066704308,2.9756954803502778
2.4849066497880004,2.4769410506814538
2.19722457733622,2.2187759118215076
2.3978952727983707,2.4038754862874976
0.0,0.007742402021815782
0.6931471805599453,0.6041886810349105
2.19722457733622,1.1943843791116948
5.123963979403259,4.450643470014835
2.772588722239781,2.7617839847562813
0.0,0.6230486969033381
0.0,0.0
0.0,1.234666886706178
5.501258210544727,5.117503437979205
3.295836866004329,2.9731953170863576
0.0,0.026656802921631202
0.0,1.1970167220112302
0.0,0.32276563497816885
0.0,0.022713385237877293
2.4849066497880004,2.280762522860449
4.430816798843313,4.501582174639128
0.6931471805599453,1.0395570583870923
0.0,0.04172016490263144
0.6931471805599453,0.4239741028728046
2.4849066497880004,4.362179701330905
2.8903717578961645,3.2941529320558893
1.0986122886681098,1.0842071537010562
0.0,0.3674804944371727
6.956545443151569,6.783818728173648
3.7612001156935615,4.730081829232392
1.6094379124341005,0.4825212741326779
3.1354942159291497,3.2300896867984066
6.461468176353717,5.434120889758526
4.23410650459726,4.237456877807963
4.882801922586371,4.627565906832864
0.6931471805599453,0.6918870518863997
2.833213344056216,3.325707580144703
0.0,0.051505869419511206
6.595780513961311,7.001319629061453
0.0,0.11056375081600045
4.174387269895637,3.981268243272444
0.6931471805599453,0.2954459061346071
2.19722457733622,2.2678424195755147
1.791759469228055,2.572191037505583
2.079441541679836,2.2697488598687734
1.6094379124341005,1.7594301748989727
3.1354942159291497,2.499989061009498
0.6931471805599453,1.130843552900896
0.0,0.012445152536142737
0.0,0.011090354888959125
0.0,0.5807408344540966
1.0986122886681098,0.3745440916067078
6.894670039433482,6.196452540688663
1.3862943611198906,0.9134205481861621
2.8903717578961645,2.842156321646714
0.0,0.6417573302018558
0.0,0.4929667546263935
5.961005339623274,3.2824280402535817
5.7745515455444085,6.103888209618552
1.6094379124341005,0.6747601915057108
4.248495242049359,3.480329773015783
8.658692753689937,8.613247013635155
0.0,0.5714406388811506
0.0,0.3922409329065358
1.6094379124341005,1.6379282302948908
3.912023005428146,4.006237078531597
0.0,0.03431756095440647
4.762173934797756,4.798767219679631
0.6931471805599453,1.392397946307879
0.0,0.03165146126120432
0.0,0.5872030609801486
0.0,0.2884788807566623
5.680172609017068,5.397318501611212
1.0986122886681098,0.6333617432733891
0.6931471805599453,1.6310302358587978
0.0,0.020454617343207568
0.0,0.2221797811015423
4.02535169073515,3.7652954268844714
3.737669618283368,3.3959934878683367
2.70805020110221,2.5863029408148845
0.6931471805599453,0.03073404201595036
0.0,0.04803058112287464
1.3862943611198906,1.6519554406094303
3.1780538303479458,3.490644242916178
3.4339872044851463,3.128349619511019
1.0986122886681098,0.9881505268735852
0.0,0.6404635514258917
0.0,1.315350087162102
4.23410650459726,3.94488214519561
0.0,0.0688959902152328
2.302585092994046,3.30645300762161
0.6931471805599453,1.1375655647259588
0.0,0.3815704110957775
1.791759469228055,2.1848760673204732
0.0,0.4221234256984651
0.0,0.09484563772781571
0.0,0.02356700413903814
3.8501476017100575,4.0419736764194285
4.624972813284271,4.52731460365477
0.6931471805599453,0.577346202356238
1.791759469228055,1.8443320346693057
3.332204510175204,3.3960298799428523
0.0,0.04884719625013073
4.605170185988092,4.8690882824121475
0.6931471805599453,1.185480234690449
0.0,0.23465561841823832
0.0,0.0
5.4510384535657,5.823968988143318
5.703782474656201,5.977106269441665
5.594711379601839,4.715448950401045
0.6931471805599453,0.9157835131562058
0.6931471805599453,0.947318704097946
4.663439094112067,4.30641767734605
0.0,0.020665338374523216
0.0,0.2339407505659502
1.0986122886681098,0.7226199868603721
2.079441541679836,1.2062159057053983
2.6390573296152584,3.6136308146002043
1.0986122886681098,1.223229420143218
2.833213344056216,3.734623725658558
5.973809611869261,5.9799422041922305
0.0,1.1746866377579324
0.6931471805599453,0.5295694681995908
0.6931471805599453,0.25961474218874303
3.58351893845611,3.526781749927573
0.6931471805599453,0.07127863358877755
4.174387269895637,4.283908569488231
3.367295829986474,3.2797985713980373
6.729824070489475,5.369230210271298
0.0,0.27067462207032245
0.6931471805599453,1.0728453623812535
4.3694478524670215,3.9945179420958588
3.8501476017100575,3.8159652921206533
1.6094379124341005,0.2809261238804987
0.0,0.4438091398086612
2.9444389791664403,3.214316272039085
0.6931471805599453,0.1118209681348452
2.833213344056216,2.934695064795729
4.204692619390966,4.322477704634737
7.431299675155903,6.9380839501576705
0.6931471805599453,0.9945479888622181
2.4849066497880004,2.284634662582006
7.167809184316444,4.008322694676838
7.126087273299125,7.153573428330534
6.486160788944089,5.223096255834489
2.833213344056216,2.6819338881896626
0.0,0.6817974359794043
0.6931471805599453,0.41523328118309005
2.772588722239781,2.719330923202794
3.8501476017100575,3.6376601703018756
1.0986122886681098,1.1366050235057004
0.6931471805599453,1.0654603677570107
0.0,0.480403694950117
2.4849066497880004,3.330577306811355
0.0,0.033323591478252784
0.0,0.9064626311856331
6.413458957167357,5.587387951793087
2.5649493574615367,3.036255462242127
0.0,0.41787751521800415
0.0,0.08626746044978645
5.7430031878094825,6.118085437617304
3.218875824868201,2.380675133567388
0.6931471805599453,0.9258034958888739
3.1354942159291497,3.76840831199262
0.6931471805599453,1.6925973060176784
1.3862943611198906,2.1067802821165307
0.0,0.41891614640648933
1.9459101490553128,0.861197141881423
0.0,0.6026944047242824
3.332204510175204,1.6910852081991339
1.0986122886681098,0.23203243772475182
7.089243155027514,6.709480070271728
1.0986122886681098,1.2757843760849503
3.912023005428146,4.512891039377898
1.3862943611198906,1.5268496910692606
1.0986122886681098,1.2858172224379254
0.0,0.13217361050253434
3.6635616461296463,2.782669681362444
4.127134385045092,4.519152265630881
3.49650756146648,3.202705038883584
2.3978952727983707,2.4094940931895215
8.442685139241176,8.140968176182572
2.6390573296152584,2.0702190583567464
0.0,0.10596699712379407
3.5263605246161616,3.4844315949550353
0.6931471805599453,0.7662669806208442
6.169610732491456,5.784027861361108
5.198497031265826,5.281861809063175
6.042632833682381,5.606577814745007
1.6094379124341005,1.804661697269242
1.791759469228055,1.1917729195558215
0.0,0.11522086810874242
0.0,0.7846785740549572
2.3978952727983707,2.595570235204515
3.970291913552122,4.236300107569652
4.543294782270004,4.3241481713527286
1.0986122886681098,0.9295135789850504
0.0,0.8729398786054754
5.236441962829949,4.30595131484217
3.8918202981106265,4.31175044358096
2.302585092994046,2.1634899361024584
3.1780538303479458,3.405154414654746
4.406719247264253,3.190598150498927
5.262690188904886,5.277868398396689
2.772588722239781,2.1193136158642796
0.6931471805599453,0.12854085867919401
0.0,0.09097911966481219
6.765038976780541,7.016284410664466
2.70805020110221,2.349693329333034
2.772588722239781,2.5341597783358902
5.3230099791384085,5.068528851206796
0.0,0.004158883083359671
1.3862943611198906,2.049357245534842
2.995732273553991,3.1163097429255404
0.0,0.8491929037947914
0.0,1.4072139364860803
4.060443010546419,4.418779751450751
1.6094379124341005,0.518647547517962
0.0,0.007742402021815782
1.0986122886681098,1.4977829988357652
0.0,0.051530714459508305
5.627621113690637,6.232910725399196
1.0986122886681098,1.2794928426318033
4.875197323201151,4.486495599452071
1.3862943611198906,1.6435471953653134
0.0,0.05401939263558495
9.06577692078483,9.026103087476786
2.079441541679836,2.7428161528141466
0.0,0.43022238408979246
3.912023005428146,3.6696200466149054
1.9459101490553128,1.8825544260252525
0.0,0.08887154476533396
3.4011973816621555,3.794808692701236
6.536691597591305,6.1618400319834254
0.0,0.7601296848394571
5.3612921657094255,4.873401440535245
0.0,0.413061620575344
0.0,0.3124436769369962
0.0,0.009939626599152002
3.4011973816621555,2.2521847602302185
0.0,0.8121951423759135
0.0,0.273791292604901
3.688879454113936,3.778241893289746
0.0,1.0660568053875008
5.062595033026967,4.692407069528624
1.3862943611198906,1.3714983024297205
0.6931471805599453,0.6992319116145126
0.6931471805599453,1.1444831535533466
2.70805020110221,3.3317917167925892
0.0,0.6052151171991816
5.117993812416755,5.254629116858805
0.0,0.004394449154672439
0.0,0.02066533837452322
7.711101251840158,7.5208498564417345
0.0,0.005780743515792329
7.130098510125578,7.164308745900653
0.0,0.2702196219427865
0.0,0.10204462951377426
0.0,0.05210723567705046
3.49650756146648,3.9448820833838782
0.6931471805599453,1.242574072710899
0.0,0.7316967405838786
0.0,0.23662344025733678
0.0,0.017051420641774655
2.19722457733622,1.7885951394132629
3.258096538021482,3.122543549587662
1.0986122886681098,0.789629365565108
0.0,0.05989637087457228
2.079441541679836,1.9384753049254446
2.833213344056216,2.966149743303663
0.0,0.8061635709521496
9.169976605786628,9.003533007486533
7.954723334497908,7.916532532738291
0.0,0.068166246792947
0.6931471805599453,1.2313269055988483
9.169976605786628,9.037363728590714
0.0,0.0027725887222397813
1.3862943611198906,1.7394392064268605
4.219507705176107,4.673320231091432
2.4849066497880004,1.535473641265696
2.8903717578961645,4.230299947590507
1.6094379124341005,1.7242990663409556
2.079441541679836,1.8953895835908194
2.8903717578961645,1.7012589326665486
2.5649493574615367,2.2106014097773494
4.976733742420574,4.994352407667638
3.49650756146648,3.2440105089253697
0.6931471805599453,0.6207660303970091
7.186901020411631,6.565486668476011
5.030437921392435,5.095289796749404
1.791759469228055,1.8327088624261931
4.890349128221754,4.711279173916544
0.0,1.3364605916755325
1.3862943611198906,1.6017027628170135
3.9889840465642745,3.9382200996856405
0.0,0.05210382157765223
7.43543801981455,7.177058424867838
1.3862943611198906,1.4646187934331043
1.6094379124341005,0.6806018678822459
0.0,0.13767158520855022
0.0,0.708492716418718
0.0,1.0453649221118595
0.0,0.007377758908227873
7.398174092970465,6.747621847504429
5.802118375377063,4.691819766282237
8.866017398810255,8.571312528381114
5.613128106388071,4.060098576493534
0.0,0.35337557580531515
3.258096538021482,2.700612260449562
0.0,0.3869158247557537
2.995732273553991,2.255267842687167
0.0,0.07538200807797425
2.5649493574615367,2.7003585650415585
2.4849066497880004,2.519522575932772
0.0,0.09024046754182763
4.219507705176107,3.9564442531787143
4.0943445622221,4.132546439281474
3.332204510175204,3.092084428254667
0.6931471805599453,1.6528820788325893
2.079441541679836,1.9223141348443107
0.0,0.7113877194445587
3.367295829986474,3.3664179450321847
0.0,0.1335344482104003
0.0,0.8494848719257831
0.0,0.12588568906485395
1.0986122886681098,0.847952974594374
2.70805020110221,1.677603040636116
0.0,1.0288937361031878
1.0986122886681098,0.45135153638004233
1.791759469228055,3.185119203163254
7.519149957669823,6.921545499418838
2.772588722239781,2.8182969264145754
5.6937321388027,5.584787522364319
3.1354942159291497,1.3652907010551791
0.0,0.03118032911857878
0.0,1.1044819587303585
2.8903717578961645,3.0671386396426974
1.6094379124341005,1.207061036069502
9.0320506762956,8.436495016101697
0.0,0.1588126772532177
2.302585092994046,2.388342738737444
2.302585092994046,2.381300285417659
4.997212273764115,4.614105294851303
1.791759469228055,1.9109256009905526
4.882801922586371,5.034339987056613
0.6931471805599453,0.48805266884130644
2.3978952727983707,1.670586228655968
5.552959584921617,6.271573015606557
0.6931471805599453,0.14327872560608867
4.867534450455582,4.186899366213441
1.6094379124341005,2.084620670137347
1.791759469228055,0.5320169986274745
0.0,0.13256761566724543
4.564348191467836,4.755862402827912
0.0,0.3598195631429672
2.079441541679836,2.3500090470273025
2.3978952727983707,2.8711247276038625
2.3978952727983707,2.437230952401328
0.0,0.25722953541938015
6.324358962381311,4.8516445360171305
0.0,0.04389254443997055
6.39024066706535,6.2204087457925255
2.079441541679836,0.3716497339729508
0.0,0.04485965376521874
0.0,0.00716703787691222
0.0,0.047979149430098476
0.0,0.5099536716564588
5.225746673713202,5.427187511098967
0.0,0.05929796152132121
4.060443010546419,3.0352195085104756
1.3862943611198906,0.4710959979818432
0.0,0.04263532712112581
4.442651256490317,4.734523067226207
0.0,0.8530551238898547
4.5217885770490405,4.727025121595292
2.6390573296152584,3.1651193146842123
6.194405391104672,6.2835548320180115
0.0,0.307601663030158
0.0,0.36292437290901863
0.0,1.0254700622258932
3.4657359027997265,3.627628139581709
3.091042453358316,3.0841534271057367
0.0,0.005545177444479563
1.3862943611198906,1.7851115709391714
5.981414211254481,5.726849320078364
0.0,0.48245787836621384
4.6443908991413725,4.305974071618153
0.0,0.04928285426620351
2.079441541679836,2.4491670798777387
2.3978952727983707,2.2544441603897
0.0,0.04488840511153106
3.044522437723423,3.281142388710754
0.0,1.3488332862900272
3.044522437723423,3.513133840587465
2.302585092994046,2.1894002206409517
1.791759469228055,2.1194426625024354
2.5649493574615367,2.573969552883938
9.169976605786628,8.72244780611636
3.58351893845611,3.8213187366043067
1.3862943611198906,1.770489348199081
5.780743515792329,5.019525501069976
7.094234845924755,7.1662425555723495
3.295836866004329,3.299682582400888
0.0,0.021733934334425484
5.996452088619021,6.530750198281399
2.302585092994046,2.2533081604918777
4.418840607796598,4.4200137300536015
4.543294782270004,4.302840046936082
7.05444965813294,5.910716523810947
0.0,0.7160081558519439
0.0,0.7962233146035487
2.772588722239781,3.0867747959992804
0.0,0.12338019813967033
2.19722457733622,1.6032699078483506
2.5649493574615367,2.6768536736317188
2.9444389791664403,3.364689027529506
1.3862943611198906,0.654989685259703
3.555348061489413,4.4075042309767065
2.9444389791664403,3.2654304062136
0.0,0.3832834081892332
0.6931471805599453,1.4798123536209014
1.791759469228055,1.79007724090914
3.1354942159291497,3.5457635804939387
0.0,0.40934019233711744
3.784189633918261,3.2940079697251514
0.0,0.3501566492342707
0.0,1.219353772573329
0.6931471805599453,0.9077643146602093
2.079441541679836,1.9906691358060966
1.6094379124341005,1.3236716227780805
1.3862943611198906,1.6931502261066766
3.332204510175204,3.0802238879826755
3.044522437723423,3.316727271690535
2.4849066497880004,2.8001557487746296
4.143134726391533,3.6224285303194463
1.791759469228055,1.7787708639817241
2.833213344056216,2.783862858715622
0.6931471805599453,0.41765932222194935
2.079441541679836,2.4501264257813986
0.0,0.08569435333164252
4.158883083359672,3.8485208998463047
0.0,0.5470305928551816
2.079441541679836,0.697027687428209
0.0,0.0013862943611198907
1.3862943611198906,1.3364919900957926
0.0,0.009128696382935671
0.0,1.6431022370228137
1.6094379124341005,1.598465685501171
3.8918202981106265,3.711644076590059
0.0,0.029818879797456007
1.0986122886681098,1.1909797160723206
3.8501476017100575,3.356625475827548
2.302585092994046,2.5064097996645134
1.3862943611198906,0.6604854582801372
4.07753744390572,4.369262662236004
0.6931471805599453,1.0079247539430762
0.0,0.6127892796052159
0.6931471805599453,0.18338937192844898
0.6931471805599453,0.9921918267010382
0.0,0.7497092771297627
0.0,0.5528480387208387
1.3862943611198906,1.493803424938254
2.079441541679836,1.9582129947132236
5.123963979403259,5.835242949614243
1.6094379124341005,1.5654941402624971
0.0,0.5529176667605579
0.0,1.8671466488607178
1.0986122886681098,1.7189111749538535
4.934473933130692,4.730086479978856
0.6931471805599453,0.7876604139086908
1.3862943611198906,2.184299738969343
2.9444389791664403,2.75789393338002
1.3862943611198906,0.11067249687179764
0.0,0.02356700413903814
2.9444389791664403,1.5516844147892457
0.6931471805599453,0.196035909280998
2.5649493574615367,2.713243723104778
5.638354669333745,5.899418630260563
1.0986122886681098,0.7425678764172722
0.0,0.29015888277467783
3.6635616461296463,3.6665925000256747
2.8903717578961645,1.392580920373081
0.6931471805599453,0.352183022080323
1.6094379124341005,1.3474622751500414
3.80666248977032,3.554632338061092
5.225746673713202,5.275527809706565
0.6931471805599453,0.8585415623976406
3.258096538021482,3.0925985299407777
0.0,0.4187714169315281
0.0,0.13899633033712275
1.6094379124341005,1.4991565368435529
7.938802248154481,7.21685646230964
0.6931471805599453,1.3698479844820575
5.214935757608986,4.859876730099747
0.0,0.4774142190132365
0.0,0.37023939507492953
0.6931471805599453,0.8494848719257831
2.4849066497880004,1.734001251279638
2.3978952727983707,2.4916150285729843
2.70805020110221,2.7252910980704623
6.180016653652572,5.84236820689008
1.0986122886681098,0.5972192262533315
0.0,1.4926408346318791
0.0,0.5958298891156023
0.0,0.1749086555724192
0.6931471805599453,1.4445451142752042
0.6931471805599453,1.1849346577492186
1.6094379124341005,2.044744522692347
0.0,1.3276043159747142
1.3862943611198906,0.20860308153991694
0.0,0.7817132457725656
6.385194398997726,6.544591223278249
0.0,0.07718845414684503
0.6931471805599453,0.6587705845872339
1.0986122886681098,1.5620085615544104
1.6094379124341005,1.4175742869209425
5.3981627015177525,5.352972567606159
3.9318256327243257,3.7413118505336618
4.983606621708336,5.2730107729869395
0.0,0.15039597684579983
3.218875824868201,2.7452759233859725
0.0,0.05780563532627368
0.0,0.0
5.075173815233827,4.972194293855908
6.028278520230698,5.4047033382917045
3.610917912644224,3.4561131530744054
0.0,0.011901285105175454
9.060447282401563,8.702583759224392
1.3862943611198906,1.3517472320666872
1.6094379124341005,0.47600348456082614
3.044522437723423,3.3534780276003078
3.688879454113936,3.5468562063432643
0.0,0.07013016232573006
4.653960350157523,4.509530421305795
6.584791392385716,6.12655401583638
0.0,0.642202461174101
1.6094379124341005,1.3317970838869193
1.0986122886681098,0.900824601301324
6.274762021241939,6.3196255046589
0.0,0.0
3.091042453358316,3.4463044210054337
5.365976015021851,4.761081350391304
2.3978952727983707,2.3080175657155597
2.079441541679836,1.8055485563050369
3.8918202981106265,3.8566536278023666
1.6094379124341005,0.3326508178121142
0.0,0.0778680502940266
2.70805020110221,2.6424535922863712
4.584967478670572,4.337224250555328
6.508769136971682,6.302436054435575
0.0,0.3376804599683504
0.6931471805599453,2.1008800314341776
2.4849066497880004,2.2720625536299623
1.0986122886681098,0.179606425965296
5.303304908059076,5.62994552484916
0.0,0.7271243002464437
5.241747015059643,4.4091915154589785
2.19722457733622,2.0675632103152104
6.030685260261263,5.6110186216705396
1.791759469228055,2.8631873297675194
4.663439094112067,3.5402136938011775
1.791759469228055,2.853439930981158
4.543294782270004,4.18702387761862
0.0,0.5020442772362886
0.6931471805599453,0.4105175684867854
0.6931471805599453,1.228349612776703
0.6931471805599453,0.5306932949361988
3.044522437723423,2.3867444765092105
5.0369526024136295,4.217166490553852
0.6931471805599453,1.899618080374687
4.454347296253507,4.596579657089469
1.6094379124341005,2.3650815683010418
1.6094379124341005,2.5212003452327387
1.3862943611198906,1.1467291784375477
4.74493212836325,4.730511318978153
4.276666119016055,4.086509321581627
3.332204510175204,3.037453533161687
4.584967478670572,4.331213752004056
1.0986122886681098,1.9282599163926117
0.0,0.8338637262927503
0.0,0.27369478451936075
3.044522437723423,2.3514484361367605
2.079441541679836,2.096982152809985
4.890349128221754,4.939625366639938
2.079441541679836,1.15596099901426
8.289539484624141,8.265933052957777
0.6931471805599453,0.23789732050539536
0.0,0.03884334417811365
0.6931471805599453,0.39829994916118944
0.0,0.06688418443410513
0.0,1.2846927086778122
0.0,0.10860209230997707
0.0,0.08408842923850825
0.6931471805599453,1.0471381023983986
0.6931471805599453,0.8841213153264718
0.0,0.036725506563058334
0.6931471805599453,0.18277984109159526
5.58724865840025,5.057478965744434
3.610917912644224,3.624985084231747
3.828641396489095,4.320959877365034
2.4849066497880004,2.025651551506021
6.184148890937483,5.58493711433511
6.519147287940395,5.555592954801464
6.0112671744041615,5.405806360239724
1.3862943611198906,0.4418311618464681
4.532599493153256,5.1421223455784775
3.9889840465642745,3.581790361870644
1.3862943611198906,1.6440371240419869
1.791759469228055,1.4046475084650956
1.9459101490553128,1.8207532185796316
0.6931471805599453,0.7465725412179015
2.4849066497880004,3.204433120174442
2.19722457733622,0.5372531197288619
0.0,0.1459097340982176
4.867534450455582,4.505933228888367
0.6931471805599453,0.1520439550001396
0.0,0.2820654701781664
0.0,0.0027725887222397813
0.0,0.6584783927265448
0.0,1.092246109009097
2.8903717578961645,3.2389767158116713
7.301822342137932,7.419263389634083
1.0986122886681098,0.2896264389899606
0.0,0.023689304185820645
0.0,0.8931904777685892
1.9459101490553128,1.7626664582301237
5.2832037287379885,5.43564472762315
0.0,0.05464310125533886
0.0,0.08978062644821391
0.0,0.09187395089682865
4.584967478670572,4.005112267305231
2.4849066497880004,2.7877791877110534
0.0,1.6646956061691458
0.0,0.12201422884981444
2.8903717578961645,2.9952278371396193
3.8501476017100575,4.059236663971135
0.0,0.37846116179224926
3.9318256327243257,1.5919470582186988
0.6931471805599453,0.21553037116555387
1.791759469228055,1.7355329199547354
0.6931471805599453,0.9812408869120831
7.10085190894405,6.5015654338252755
0.6931471805599453,0.11127198712710527
0.0,0.20065823173043104
7.553810852008231,7.371235688942933
0.0,0.0
2.19722457733622,2.1599510059674545
1.6094379124341005,1.668302994161848
4.997212273764115,4.724661398797684
0.6931471805599453,1.7989502941859752
5.552959584921617,4.388677637665198
1.6094379124341005,1.5104345353534205
4.836281906951478,4.31143504352373
2.5649493574615367,2.7356056242006126
2.70805020110221,2.757807450073413
4.343805421853684,4.373727574135416
1.791759469228055,2.1100971209959574
0.0,0.0
3.367295829986474,2.1166290517150865
1.791759469228055,0.5707148586697552
9.169976605786628,8.739824069355366
1.791759469228055,1.5314366724725417
7.525639975041535,8.317788840814194
8.043984431221553,6.834838825109928
1.3862943611198906,1.7606159011662061
1.0986122886681098,0.8517053167997876
0.0,0.9427437912971941
3.737669618283368,3.6329506091675543
2.3978952727983707,0.7561347726479228
3.8918202981106265,4.672408026120893
5.513428746164983,3.5432184538202662
0.0,0.36674523394604347
1.3862943611198906,1.030221606317273
5.976350909297934,5.557483692127056
4.465908118654584,3.9491314578367915
3.367295829986474,4.4146467098856474
1.9459101490553128,2.6707910122361396
2.079441541679836,1.2013675288558365
3.7612001156935615,5.252785587935858
0.0,0.062224929520943245
2.079441541679836,2.207315230898423
1.6094379124341005,1.9503337886480943
4.356708826689592,3.487174286353102
1.6094379124341005,1.8909159853355222
0.0,0.6505927790849307
4.356708826689592,3.9515255665572973
0.0,0.32118029158961386
8.173575486634153,5.3443571030721015
0.6931471805599453,1.0341490747113704
1.6094379124341005,1.7844415354980363
3.295836866004329,3.1512273656755245
1.0986122886681098,1.4342592296713825
2.995732273553991,2.9456483263491475
3.044522437723423,2.8258885920867014
1.3862943611198906,0.98898135295967
0.6931471805599453,0.338500878646673
0.6931471805599453,0.7020423869494796
0.0,0.4507931368944117
5.030437921392435,4.12446374983816
4.204692619390966,4.404692526317748
0.0,0.40154610689580855
0.0,0.5099810452793535
0.0,0.14640604906961074
3.1354942159291497,3.7577181301528233
3.218875824868201,3.2204173941914167
2.3978952727983707,2.8086169763153217
1.6094379124341005,0.5442416918289827
0.6931471805599453,0.5836198660778529
0.0,0.004969813299576
1.3862943611198906,1.521356014119029
0.0,0.13913741218184048
2.995732273553991,3.43953901078561
0.6931471805599453,1.6074784918201024
0.0,0.18108565832207513
1.3862943611198906,1.779348391407081
0.0,0.29920240036514845
1.0986122886681098,1.4829837999452666
0.0,0.3818970285139233
0.6931471805599453,0.5807700067345472
2.6390573296152584,2.95324839528933
0.0,0.7815762488216432
1.6094379124341005,0.3999474349799196
5.303304908059076,5.217835767110799
3.1780538303479458,3.683978544649274
4.143134726391533,4.50235310043619
3.4657359027997265,3.4217982579746145
0.0,0.03926252921398534
2.079441541679836,1.693493345745001
4.990432586778736,4.197651014087314
0.0,0.4568178680936471
0.0,0.4553362853968639
0.0,0.0013862943611198907
1.3862943611198906,1.4511768067713546
2.079441541679836,1.2461336646046124
2.302585092994046,2.659601759926021
0.0,0.2794246000873784
1.6094379124341005,1.5520735643065982
0.0,0.3704827339138939
6.902742737158593,4.130255280427985
4.691347882229144,4.244545123428789
2.70805020110221,4.710826652660723
4.248495242049359,4.929199348394809
1.3862943611198906,0.8156098986407234
5.786897381366708,5.894870810449121
0.0,0.029007949581239673
0.0,0.0404403595705492
3.828641396489095,3.921236012603614
4.852030263919617,4.998899210252419
1.3862943611198906,2.4299895494925003
1.791759469228055,0.9332334910026556
2.3978952727983707,0.031544972232166686
8.15162164696975,7.8958650811583375
0.6931471805599453,1.159964495852042
1.3862943611198906,1.680669924177537
1.3862943611198906,0.7885501029483337
2.772588722239781,2.8403506351263865
0.0,0.04651026554396372
2.19722457733622,2.28166451156677
9.169976605786628,8.454022532260634
8.458716261657262,6.025055766211169
1.3862943611198906,0.49618870708403584
0.0,0.15348605539487387
3.80666248977032,3.349783179079184
5.961005339623274,5.750250855775823
0.0,0.014098509682511674
4.8283137373023015,5.498762866343811
2.833213344056216,2.930859243022686
2.8903717578961645,2.7277026654312015
6.877296071497429,6.769721756371831
0.0,1.2998167805542786
0.6931471805599453,1.1933554858083442
0.6931471805599453,0.9607814658151272
0.0,0.4046463067397691
7.886832998955056,8.041930998330745
0.0,0.836548262296252
3.218875824868201,3.3216859914264556
5.049856007249537,4.914883130452962
1.3862943611198906,0.856895556167144
5.3981627015177525,5.6571351970072925
4.07753744390572,4.49162184423418
2.5649493574615367,2.247417168141701
0.0,0.34015771891448265
4.248495242049359,4.39170289754011
3.295836866004329,3.7152024726397332
0.6931471805599453,0.18166718580005356
0.0,0.2697542933002351
5.384495062789089,5.723071488860472
6.961296045910167,6.449197513942057
2.5649493574615367,2.3569713777913366
2.995732273553991,3.061799503495285
1.791759469228055,2.0753897674841046
0.0,0.38502744630450203
0.0,0.03716288496498799
9.09952053687094,7.432705899639344
4.912654885736052,4.6227527056404805
0.0,0.7548042424263144
0.0,0.17004533130188074
0.0,0.1044184835929598
1.6094379124341005,1.6830939153727513
6.115892125483034,6.299019216959001
3.367295829986474,3.7970924229199623
2.302585092994046,2.4408514615154435
2.772588722239781,2.9012668150438334
4.204692619390966,4.359199374627269
4.248495242049359,3.7650044472934137
2.6390573296152584,2.4696348838314837
2.70805020110221,2.3962351132853494
1.9459101490553128,1.8751269671525128
1.0986122886681098,1.6753504617277017
1.3862943611198906,0.9467866500148833
3.367295829986474,3.5986322484265947
0.0,0.0
0.6931471805599453,1.3684568166165478
1.791759469228055,1.8452392912848576
0.0,0.3683108633518028
0.0,0.09832266763723418
2.302585092994046,2.2276736676680597
4.532599493153256,4.093999696485481
3.091042453358316,1.8270916717677885
6.159095388491933,5.604372021506713
2.079441541679836,1.942733990641909
3.80666248977032,3.635915810749318
1.791759469228055,1.7211386229924532
4.5217885770490405,2.4407432345232682
6.907755278982137,7.100923689346721
0.0,0.6852686967336282
2.5649493574615367,3.01230670580838
0.0,0.03212033637707025
2.5649493574615367,2.6128690951444358
2.8903717578961645,2.7958722145953296
0.6931471805599453,0.9163703916692372
1.0986122886681098,1.5833626397488223
1.0986122886681098,1.359819598871131
1.0986122886681098,0.8068814508958272
1.0986122886681098,0.3667881097527068
2.079441541679836,1.9078796713389568
0.0,0.018832756910774903
0.0,0.301683017029056
4.68213122712422,4.997312168347168
0.0,0.0013862943611198907
4.934473933130692,5.04107079386851
0.0,0.48488706786132535
2.4849066497880004,0.9015284718531736
3.4011973816621555,3.3537107984169987
0.0,0.588389789771144
1.9459101490553128,2.293320202175312
2.6390573296152584,2.9556279646094636
2.5649493574615367,2.074949441622654
1.0986122886681098,0.5672964828369063
0.0,0.3548817028468084
0.6931471805599453,0.595599310473577
2.4849066497880004,2.6335002173574695
0.0,0.03199125933479511
3.912023005428146,4.394736156891482
0.0,0.9747879826497864
0.0,0.08822766884527088
0.6931471805599453,0.6259637628666064
2.3978952727983707,2.342259922356414
4.110873864173311,3.660196656749573
3.044522437723423,3.2447387053398447
2.772588722239781,2.9676709174313287
0.0,0.6293781782278549
0.0,0.8161682240788143
1.791759469228055,2.4011063969860196
0.0,0.6221043540846104
7.113956109566034,6.758554389653706
0.6931471805599453,0.37758942591974815
0.6931471805599453,0.3894476286458414
0.0,0.6272815919585671
1.3862943611198906,1.4145504366451798
7.537430036586509,7.811411128630538
1.0986122886681098,1.4492799050558294
0.6931471805599453,1.2713392539440243
5.075173815233827,4.882895364340999
1.0986122886681098,1.6415523206598244
3.4011973816621555,3.2192141052614027
2.8903717578961645,1.393299446579497
1.791759469228055,1.158732459669607
0.6931471805599453,0.19845410488343435
0.0,0.04321069126602937
5.968707559985366,5.71263538629334
0.0,0.44624866138565
5.056245805348308,5.143749309091192
0.6931471805599453,0.9442190563604911
2.079441541679836,1.2345937987676807
3.1780538303479458,3.6546269064690184
4.04305126783455,4.375876082930606
0.6931471805599453,0.3163494053959732
2.19722457733622,2.6618133294854838
1.6094379124341005,0.7763066467479919
0.0,0.005545177444479563
2.079441541679836,2.210837108738392
1.791759469228055,1.4987091654747429
2.3978952727983707,2.470964549563833
4.59511985013459,4.8172603921906605
0.0,0.48239395196151513
5.752572638825633,5.118459687465874
5.541263545158426,5.552048667550975
5.407171771460119,5.191805745812373
0.0,0.01975017615602886
2.079441541679836,1.8909462135875579
5.768320995793772,6.100018907260872
1.0986122886681098,1.1895579801748497
0.0,0.5843416387636745
1.791759469228055,2.0048168194298133
6.684611727667927,6.397645949042775
8.57828829077605,8.192900755035403
0.0,1.3562702624814462
0.0,0.05968564984325662
0.6931471805599453,1.2178043605685756
3.1780538303479458,3.490094223277165
5.19295685089021,5.045718003789678
0.0,0.479528983745145
6.192362489474872,6.445444796276553
0.6931471805599453,1.0316941040573504
4.59511985013459,4.742314303131973
3.9318256327243257,3.514562906393958
2.6390573296152584,3.1149972076366503
5.14166355650266,5.654719741208188
6.928537818164665,6.1261443150489425
6.198478716492308,5.066339744918529
4.30406509320417,4.725267426788175
0.0,0.8798216442929178
2.302585092994046,2.152180011918453
4.394449154672439,3.7611948623825726
3.6375861597263857,3.5718364715784854
0.6931471805599453,3.7397800390009426
0.0,0.11029508883589106
2.70805020110221,2.714114222687193
4.343805421853684,4.535366102833805
3.1354942159291497,3.315270346990789
0.0,0.0380075689219002
1.0986122886681098,0.4940353940589224
1.3862943611198906,1.9530421301888274
1.0986122886681098,0.38922126009422414
4.700480365792417,4.958077298276294
1.0986122886681098,0.6351802967624749
0.0,0.057985657634944586
4.624972813284271,4.647793450275879
2.4849066497880004,2.482451480512894
1.3862943611198906,0.7603663641381327
3.367295829986474,3.046397943940457
1.791759469228055,1.9556158873367415
0.6931471805599453,0.0874430337795907
2.079441541679836,2.3334210399350757
4.605170185988092,3.122285090343721
0.6931471805599453,0.00716703787691222
1.6094379124341005,1.3889587212360592
0.0,0.14359543728104904
0.0,0.24472733973946934
6.883462586413092,7.820919624709807
2.5649493574615367,2.4703058586342426
0.0,0.8966386033306571
1.0986122886681098,1.4639013136070522
1.0986122886681098,1.1895860047250277
4.564348191467836,5.388130929524297
6.455198563340122,6.797682606754367
8.061486866871327,6.6683176797562185
0.0,0.49797335215318295
0.0,0.27036127356541434
1.0986122886681098,0.9802615981115617
5.087596335232384,4.08497503233418
0.0,0.16618076142565677
0.6931471805599453,0.5622163335100848
3.9889840465642745,4.227125260648938
1.0986122886681098,0.5901693283685111
0.0,0.277032340174918
6.9865664594064265,7.389324951035598
4.290459441148391,5.237716288601091
4.23410650459726,3.859745659416273
0.0,0.020567883367737832
3.4011973816621555,3.0769177651578894
4.07753744390572,4.056057410584252
3.091042453358316,3.2014259847274675
2.70805020110221,2.8377033050940743
0.0,0.4348939680178542
6.699500340161678,6.772422107326622
1.791759469228055,2.0929763362326
2.302585092994046,2.2879318916781024
5.82600010738045,6.00220838284862
1.3862943611198906,1.1325240565425718
1.9459101490553128,2.1033217267043742
3.80666248977032,3.818416077750475
4.543294782270004,4.650321394028736
6.56244409369372,6.389933701012951
9.169976605786628,6.131512483027738
2.302585092994046,1.9139581303262505
1.6094379124341005,1.327261788075196
6.736966958001855,6.39518810612769
0.0,0.02461350042656724
6.9865664594064265,7.2790060734537185
2.8903717578961645,3.1144825906261677
2.6390573296152584,3.3391128735895186
1.0986122886681098,0.6305253572046493
2.079441541679836,1.4156948787352293
4.174387269895637,5.992047686347662
3.871201010907891,3.6656600894600904
2.4849066497880004,2.339257843088782
0.0,0.24685416151955658
0.0,1.5295768245207546
3.871201010907891,3.3178724940019184
2.70805020110221,1.7331524480752036
0.0,0.0159559361862571
0.0,0.014673873827415236
0.0,0.07412395759935912
0.0,0.2891224092906609
2.079441541679836,2.2426155866955213
0.0,0.3352176117268396
0.6931471805599453,1.0433063291554667
0.0,0.5626342973954097
0.0,0.146005057399797
0.0,0.10960115554427148
1.0986122886681098,0.2670610723268616
0.0,0.8019058639225419
0.0,0.1276907403633287
4.02535169073515,3.829772419940587
1.3862943611198906,1.3742947109002468
0.0,1.1576213833643612
1.3862943611198906,1.7506837671549798
3.58351893845611,3.2094019558537634
0.0,1.014672570212333
0.6931471805599453,1.502226374234405
2.19722457733622,0.6706782033823036
0.6931471805599453,1.115097031580683
2.4849066497880004,2.5015761770452856
2.302585092994046,1.7201325513564694
5.075173815233827,4.530786810085108
2.3978952727983707,0.691625680041803
0.0,1.1594578441207557
4.882801922586371,4.974651368692361
0.0,0.22121106485903066
4.795790545596741,3.6066743953356903
5.993961427306569,5.859885625566722
5.308267697401205,4.313667730024813
2.5649493574615367,3.1007371792839833
4.6443908991413725,4.435341785157403
4.356708826689592,4.471062421854042
0.6931471805599453,0.09167690917805175
0.0,0.20357906410682758
1.6094379124341005,1.2102902304410563
7.167809184316444,7.556310764211515
0.0,0.1297746884692559
2.833213344056216,3.474384505324506
4.955827057601261,4.558422737530608
0.0,0.10067832835036186
0.0,0.02819701936502335
0.6931471805599453,1.7681157129458849
2.079441541679836,2.0860804977157885
4.02535169073515,3.6936319181902024
1.6094379124341005,1.4887821130447905
0.0,0.04698234322256362
3.258096538021482,3.441142473407482
0.0,1.1941884574627397
5.755742213586912,4.948082278348657
3.332204510175204,2.550154345475546
0.6931471805599453,2.1348144750586173
2.4849066497880004,2.429658862400587
3.688879454113936,3.313341803787884
1.6094379124341005,1.3655391861312027
1.9459101490553128,2.4815204197633025
1.3862943611198906,1.4483068850635192
1.791759469228055,0.8260895524403359
9.169976605786628,8.5970238850757
2.3978952727983707,2.3724410265504425
1.0986122886681098,3.6789750576943523
2.772588722239781,2.8908856156853764
4.219507705176107,3.9722077728267187
0.0,0.30735701433070134
1.3862943611198906,2.258568155849563
0.6931471805599453,0.6299282326362399
0.0,0.5218578491140524
1.0986122886681098,1.1252519555998206
2.302585092994046,2.1565336042567096
1.791759469228055,1.81055949444579
1.0986122886681098,0.8640397860242202
1.0986122886681098,1.5375284871213772
6.077642243349034,5.834660438106958
2.3978952727983707,1.4260014016210978
0.0,0.011090354888959125
0.6931471805599453,0.1714683239403371
0.6931471805599453,0.6712381124565195
4.060443010546419,3.2577626323337334
4.543294782270004,4.483312893823697
1.3862943611198906,1.4677475205423727
8.68406264365127,8.512449378864979
1.0986122886681098,0.5673322743834562
0.0,0.08678828267240622
0.6931471805599453,0.581075981155956
1.0986122886681098,0.8610355419723611
7.975908360165538,7.874841941909113
0.0,0.09388468786958966
4.691347882229144,4.752938990875394
9.169976605786628,8.818202093723364
5.855071922202427,6.019318537535465
2.079441541679836,2.6808186998223724
6.98933526597456,6.601778991875766
0.6931471805599453,0.3833167872257552
2.19722457733622,1.5097828511702782
2.772588722239781,2.4458134594788508
1.0986122886681098,1.7154240968867098
2.6390573296152584,1.0422146800499985
5.117993812416755,5.254129148531755
1.0986122886681098,0.9247356813509835
4.174387269895637,4.640950745044509
5.062595033026967,4.830380639705856
4.356708826689592,4.078791000425718
0.0,0.0789145465815557
0.0,0.48843890627127207
0.0,0.057232071013019734
0.0,1.083107444895064
3.218875824868201,1.365849153884653
0.0,0.02897370749967945
2.9444389791664403,4.880665027459986
0.6931471805599453,0.1443353067190197
0.0,0.04425718755355845
0.0,0.1072771109514197
1.3862943611198906,1.4626055599752457
0.0,0.05116781295870232
0.0,1.1147295265552575
0.0,0.780726959054714
6.495265555937008,6.835214537192834
1.3862943611198906,1.505858222402508
0.0,0.7327452493031604
0.6931471805599453,0.7224972001175333
3.610917912644224,3.0242457234202593
0.0,0.2929697575685858
6.699500340161678,6.328442785173338
0.0,0.7981277854351133
6.511745329644728,6.669951188399578
3.49650756146648,3.488242963207513
5.351858133476067,4.447249466294962
0.0,0.10075771531264277
1.791759469228055,2.0945348058661066
1.3862943611198906,2.1174260253885064
2.079441541679836,3.2797603108377253
1.6094379124341005,1.3162773956495148
6.907755278982137,6.766307560987396
0.0,0.004158883083359671
2.3978952727983707,1.5563542045963492
0.6931471805599453,1.799254833888024
3.8918202981106265,4.121832215194348
3.1354942159291497,4.044561577801568
0.0,1.0443960297895678
1.6094379124341005,1.4472321157076538
3.091042453358316,3.1309121995200457
2.19722457733622,3.7203872426226963
1.0986122886681098,1.6165826653680153
0.0,0.0655546890220286
0.6931471805599453,0.7994266662763505
6.22455842927536,6.757987363702402
4.454347296253507,4.263806701533823
2.6390573296152584,2.214735722693666
0.0,0.05039128017631995
0.0,0.015828504557484885
1.3862943611198906,0.7527843139695267
0.0,1.0868599323086927
0.0,0.04213269826456399
1.0986122886681098,0.3357234867356923
6.269096283706261,6.3116737592284
5.3706380281276624,5.31646973734729
2.19722457733622,1.3421178502737796
1.791759469228055,0.8377214921865397
3.912023005428146,1.5760640249942592
3.4657359027997265,3.6519746063036576
8.231642179973411,7.825105902303805
0.0,0.5137425439466772
0.6931471805599453,0.026339592861277922
1.3862943611198906,1.43620878952303
2.19722457733622,2.12659983961507
2.4849066497880004,2.3229970747428443
6.795705775173514,6.053511101019815
0.0,0.017552951578692643
0.6931471805599453,0.13638393121587875
5.942799375126701,5.826612054767605
0.0,0.29145973393110897
3.871201010907891,4.426560505533796
4.23410650459726,3.675593186203011
0.6931471805599453,0.5879609197133729
2.3978952727983707,1.4199548885380324
1.0986122886681098,1.629190380179809
2.302585092994046,2.969967180239239
0.0,0.10714092504009534
4.219507705176107,3.8473363395318882
1.6094379124341005,1.804884193767239
0.0,0.11827917017739915
1.0986122886681098,1.0653726414797633
2.772588722239781,2.9582587965414713
9.169976605786628,8.880097544353546
4.382026634673881,4.592432438962191
3.044522437723423,3.6408878090115913
0.0,0.17894871591934627
2.302585092994046,1.3714404661444592
6.55250788703459,6.495678967867266
0.0,0.006931471805599453
4.653960350157523,3.9302216864656185
2.70805020110221,2.4004465718008037
0.6931471805599453,0.5892379456460763
3.58351893845611,3.1422811610344
1.0986122886681098,1.1496724176837763
0.0,0.020089974229619657
5.556828061699537,6.02171278954005
0.0,1.3621155126121778
0.0,1.479569298611208
2.3978952727983707,1.77708320868254
8.128290171607052,7.9240194589842625
3.332204510175204,2.8817344071629076
0.0,0.0013862943611198907
2.079441541679836,2.5214041095940436
3.5263605246161616,3.267989050527239
3.912023005428146,3.4493571506029914
2.4849066497880004,3.257387072824995
4.875197323201151,4.810889437472635
1.9459101490553128,2.556626190478946
2.302585092994046,2.8913741614634403
0.6931471805599453,1.1776469131529692
1.6094379124341005,1.9841571325284582
0.0,0.3130290117906965
0.6931471805599453,0.0724564639453414
0.6931471805599453,0.34880859848367296
3.58351893845611,3.2070178075230267
4.574710978503383,4.655840672792523
3.6375861597263857,3.9354032376578676
4.672828834461906,4.165425513161972
3.6375861597263857,5.188854775671637
7.231287004327616,7.172471236636801
0.0,0.05568734051610835
0.6931471805599453,0.26310544175558875
0.6931471805599453,0.6618761763971692
0.0,0.015720370114944333
0.0,0.23063207247986542
5.971261839790462,5.9775562005328835
0.0,0.012347572207803874
4.204692619390966,4.657588185934702
3.044522437723423,2.750809383994826
0.6931471805599453,0.10018009414097964
0.0,0.11311942402809537
8.018954683155718,8.17976318733371
0.0,0.329917925484891
4.110873864173311,4.4333768186257405
1.791759469228055,2.3641824165580547
4.060443010546419,4.305951592171031
3.9318256327243257,4.025041239599526
0.0,0.026810725003903454
0.0,0.02606133810502063
0.6931471805599453,0.9642550584494733
0.0,0.17622302156141775
1.6094379124341005,1.8473444340523366
2.302585092994046,1.971316557822059
0.0,0.09104700311086437
4.969813299576001,5.175938960070238
3.367295829986474,3.4763664962376306
0.0,0.26491663569016644
4.276666119016055,4.650148258147893
7.066466970136958,7.24414436702496
0.0,0.24360283345703523
3.9889840465642745,3.950702845244297
4.07753744390572,5.9420229048833475
4.51085950651685,4.238087363150259
1.0986122886681098,0.765835592666114
7.247080584585756,7.155250088643354
6.467698726104354,6.434443287373544
6.0473721790462776,5.636504218021841
5.799092654460526,5.592243211386822
0.0,0.05426954944105217
0.6931471805599453,0.3193257795700597
0.0,0.014309230713827328
2.19722457733622,2.3088571147219072
0.6931471805599453,0.2717961637567723
4.770684624465665,4.642971235926649
8.060855752934316,7.445206213542744
7.255591274253665,7.715294701013127
1.0986122886681098,0.3552895022916289
0.0,0.024613500426567236
0.6931471805599453,0.28514648826415684
2.5649493574615367,0.8375907803800162
4.736198448394496,4.703235860199881
2.3978952727983707,2.317903064315426
2.302585092994046,2.407791629809396
2.079441541679836,2.0304900174023333
6.586171654854675,6.476084416452741
4.330733340286331,4.554501293975665
0.0,0.013287579466295345
1.3862943611198906,1.6282136360982056
2.6390573296152584,0.9852215916337499
0.0,0.5584479342009797
0.0,0.11998076729322323
0.0,0.25987607847646954
6.889591308354466,6.523507292579228
0.0,0.28238618249679037
6.738152494595957,6.527510381769721
1.0986122886681098,0.9089353954802992
4.477336814478207,4.932363152012096
0.6931471805599453,0.049698132995759994
0.6931471805599453,1.5453550932921662
3.091042453358316,3.2667016840645355
0.0,0.021265547559423895
1.791759469228055,2.135844148396486
2.772588722239781,2.3726668561303006
0.0,0.43221959645013147
0.6931471805599453,1.6221767940305118
5.68697535633982,4.8183833864138785
2.302585092994046,2.2283635150407863
2.302585092994046,0.6372930563572206
0.0,0.09102655271804681
0.0,0.4150184094142217
0.0,0.0027725887222397813
3.332204510175204,3.130768349183233
1.0986122886681098,1.271776319164585
0.0,0.011901285105175454
3.7612001156935615,3.4062002422961677
0.0,0.30410230618255407
0.0,0.565392736701179
2.3978952727983707,2.2691945439498014
2.772588722239781,2.483283561380131
0.0,0.06144323899190354
3.737669618283368,3.6338524068879465
2.4849066497880004,2.6178036983023394
0.0,0.36553504284180105
3.4657359027997265,4.137501657779201
4.219507705176107,4.041791329978339
0.6931471805599453,1.1906926800404525
3.80666248977032,3.165042280465154
1.3862943611198906,1.3928426130642348
2.9444389791664403,2.9932766010249017
3.784189633918261,3.449135102448679
0.0,0.07424903188237597
3.4011973816621555,3.082113231118686
0.6931471805599453,0.8970202332643352
7.651595573857601,7.033508421205148
7.262628600974241,6.754053867654662
5.209486152841421,3.9330534894117917
0.6931471805599453,1.0971205693205066
1.9459101490553128,2.035956790373883
1.0986122886681098,1.3826914748790675
5.717027701406222,5.55127231201859
2.8903717578961645,2.6846252927219063
0.0,0.14188687487066265
2.079441541679836,1.9259955422636317
3.044522437723423,3.853604991282448
0.6931471805599453,0.8576475036137894
0.0,0.20266050286182333
0.6931471805599453,0.09204820396557878
1.791759469228055,1.9613811319347125
2.302585092994046,2.3090311007548
1.0986122886681098,1.7002666625838987
2.8903717578961645,2.636559453276264
8.911934336161426,8.70782305425198
5.41610040220442,4.988479320209487
0.0,0.9982598672331886
0.6931471805599453,0.3662194354576322
3.091042453358316,1.2395603466011622
0.0,0.005545177444479563
0.0,0.16078767728300938
7.027314514039777,6.090420092693127
4.248495242049359,4.48837198911791
1.791759469228055,0.9142985762122176
0.0,0.1200616043660432
2.302585092994046,2.325718725510335
0.0,0.6200070678051245
0.6931471805599453,1.0141856316962046
4.02535169073515,3.948875954323834
2.3978952727983707,1.6921383964793784
5.676753802268282,7.263139836180344
8.700847193443972,6.231655781757462
2.6390573296152584,2.5318032355150875
4.343805421853684,4.4056877089609525
0.0,0.3493069265551743
1.0986122886681098,1.1140528143057447
4.68213122712422,4.074435169380485
1.3862943611198906,1.761527284825341
4.143134726391533,3.8860686460345404
6.163314804034641,6.295843485854432
6.516193076042964,7.260372634984885
0.0,0.11349203030640775
4.68213122712422,4.711739689632775
0.0,0.7136525913344783
1.6094379124341005,0.2863035714610087
2.772588722239781,2.5862428606908434
7.57455848420248,7.500049335549331
0.0,0.13469954767646872
1.0986122886681098,1.7754968549506358
0.6931471805599453,0.7524186860159817
3.688879454113936,2.551558706245728
0.0,0.16173434213065405
0.0,0.9454923124328626
4.0943445622221,3.7506848492940863
2.6390573296152584,2.1908940424731562
0.6931471805599453,0.573788887608436
4.02535169073515,4.190183206075158
2.6390573296152584,2.5523762388848747
7.938088726896952,8.436699815939662
7.480992162869525,8.107332830521523
4.74493212836325,4.485850009999762
4.844187086458591,4.785535418219043
1.0986122886681098,1.2534116998952178
1.791759469228055,1.3875873671167722
0.0,0.09438198040905023
0.0,1.7454042741947375
2.079441541679836,1.0818698051916809
0.6931471805599453,0.8323350707467381
5.43372200355424,5.575087915154847
0.6931471805599453,0.7292410311114821
0.0,0.011901285105175454
0.0,0.2772320089699008
0.0,0.020325540300932424
1.3862943611198906,1.5224087633150185
1.0986122886681098,0.09915224841461848
0.6931471805599453,0.665262404934173
2.4849066497880004,2.989906571582125
3.610917912644224,3.136378859749277
3.49650756146648,3.3450211775422916
0.6931471805599453,0.6387233736110894
0.0,0.16908370973216638
1.6094379124341005,1.7945851937162387
4.219507705176107,4.700270437182326
5.834810737062605,5.512147745791395
0.6931471805599453,0.09298546199039363
0.0,0.7977443307751572
5.777652323222656,6.112617756824025
3.332204510175204,3.3517525279646416
0.0,0.14074736399600457
6.878326468291325,6.089078450142149
4.844187086458591,4.327998228967973
1.3862943611198906,1.5022634276872913
1.3862943611198906,1.55880421095376
0.0,0.014098509682511674
4.04305126783455,4.221301089559533
2.079441541679836,4.202972176611955
2.4849066497880004,0.5243908067312559
0.6931471805599453,0.1930723105387348
1.3862943611198906,0.337356514903178
2.8903717578961645,1.8756144580320946
4.23410650459726,4.325229674670752
0.0,0.06505160297035677
0.0,0.3037302514863706
1.3862943611198906,1.52809317408223
9.169976605786628,8.87172003941121
1.9459101490553128,1.8248639480780655
2.9444389791664403,0.7813042837234978
1.3862943611198906,0.7999980888012462
4.574710978503383,4.835179287032357
3.5263605246161616,3.6564736464557344
0.0,0.01039720770839918
5.560681631015528,5.743439699052147
0.0,0.039969227427923665
2.772588722239781,3.1159117949966584
0.0,0.33397594880552156
0.0,0.7155275325273623
0.0,0.06699067346314276
2.3978952727983707,2.7074843066007492
0.6931471805599453,0.3063646409462359
0.6931471805599453,0.4409053352651065
0.6931471805599453,0.3683758786556729
4.736198448394496,4.563843015161744
3.5263605246161616,4.023720232774483
0.0,1.6983520710126716
2.6390573296152584,2.3388529169046524
0.0,0.631050740210973
0.6931471805599453,0.655096667588079
4.51085950651685,3.7739454055002595
3.4657359027997265,3.171878893753522
4.653960350157523,5.336389850861364
4.584967478670572,3.9177351583097684
0.0,0.09947339592704135
1.6094379124341005,2.986516788525202
1.3862943611198906,0.7346327980953369
5.921578419643816,4.928783619391945
4.343805421853684,4.670207645132825
3.1354942159291497,1.3841855800229252
4.574710978503383,4.59702119619632
0.0,1.1161355168281148
0.6931471805599453,0.8579845470252511
2.5649493574615367,2.612636482323948
2.70805020110221,2.8616771214964736
8.696510239189893,8.135736880478161
0.6931471805599453,0.10211916463376554
6.018593214496234,5.62228373903184
0.6931471805599453,1.2968063119105824
0.0,0.05053520869472783
2.70805020110221,3.0587186963325914
4.762173934797756,5.055618958344401
0.0,0.0
0.0,0.6549856080805506
3.091042453358316,2.035502894974338
0.0,0.7614802953723806
2.5649493574615367,2.8015694354736786
6.732210706467206,6.419890367159493
0.0,0.27784756901982927
0.6931471805599453,0.39560067450217024
3.80666248977032,2.7125033487883727
3.951243718581428,3.617517542313301
2.5649493574615367,0.39994572068165013
9.169976605786628,8.08546484055878
1.6094379124341005,1.6807363550455228
1.3862943611198906,1.370876633957263
0.0,0.22409048039907864
0.0,0.17995604712980556
1.791759469228055,2.2309897490337067
7.569927655242652,6.890267858586438
0.0,0.03949809528529812
0.0,0.16441286586238918
0.0,0.4973586705161336
7.910957382845589,7.95553117378325
2.302585092994046,2.5760691796907036
3.044522437723423,2.9488080934275143
4.795790545596741,4.623271583074281
0.0,0.43001334370670113
4.74493212836325,3.7959764738245676
6.285998094508865,6.339164483402516
3.737669618283368,3.874081536758767
0.0,0.39484411122429985
0.0,0.17626698649547362
3.091042453358316,3.3687926214214574
0.0,0.25156882073494746
0.0,0.0
0.6931471805599453,0.3447726249365007
7.53689712956617,7.130491968194505
0.0,0.08724393567084344
0.0,0.4774441318596466
0.0,0.3261189640639445
0.0,0.2006961996693368
2.6390573296152584,1.2506686962616578
0.0,0.004158883083359671
6.954638864880987,6.083600853787542
0.0,0.0875992128886226
3.258096538021482,3.0918969991093173
0.0,0.3906753759627383
1.3862943611198906,1.4037711919875946
0.0,1.0918176964762045
1.6094379124341005,1.271493803537815
3.4339872044851463,3.4308434010019786
2.302585092994046,2.3965207653257106
0.0,0.9269734520916978
2.4849066497880004,1.2993656971741743
5.293304824724492,5.125336457401262
1.0986122886681098,0.36831341758681935
4.465908118654584,4.690877050266659
9.169976605786628,7.601699860551069
1.3862943611198906,1.436089703014193
1.3862943611198906,1.6291299963382457
0.0,0.2668935020778049
2.772588722239781,2.806284088722524
0.0,1.118040188141399
1.6094379124341005,0.6774343035829256
1.6094379124341005,1.6296555307377567
4.553876891600541,3.494091482579332
5.472270673671475,5.404297776563033
0.0,0.09141829789839144
0.0,0.11299879849140904
0.0,0.30714484318884655
0.0,0.2000593455124645
3.58351893845611,3.4066625478167527
5.7745515455444085,4.542274696259722
0.6931471805599453,0.34025293721553085
5.342334251964811,5.451509337208814
4.844187086458591,3.5096398029924507
0.0,0.10193328864244701
1.0986122886681098,1.3276529958105745
1.791759469228055,1.8264700259672595
0.0,0.3731483116721969
0.0,0.06515809199939443
2.9444389791664403,1.4590773702926427
2.70805020110221,2.713984158841209
0.6931471805599453,1.2602699271813111
0.0,0.021954177728857723
0.0,1.020560982300255
0.0,0.08880074971986499
0.0,1.1501785541600749
0.0,0.4711840609937327
0.6931471805599453,0.9788402351237545
0.0,0.11738659597214231
3.6635616461296463,3.5862170859452323
0.0,1.6024481996289293
0.0,0.03776574306456959
6.522092798170152,5.800420425180965
3.1780538303479458,3.125630600407982
3.951243718581428,3.9004872781804236
0.6931471805599453,1.149035181651347
2.3978952727983707,2.6057693750401776
1.6094379124341005,2.126633755102954
0.0,0.004394449154672439
5.849324779946859,5.328791972726789
3.713572066704308,3.460214208601188
0.0,0.09246299435427095
2.6390573296152584,1.2050070254790948
7.452402451223638,6.906999242335765
0.0,0.018565694125525858
3.258096538021482,3.5112938719393774
1.6094379124341005,1.581139663401283
5.3612921657094255,4.85747237597828
1.0986122886681098,1.8041058346933214
3.332204510175204,2.9164311346387386
3.970291913552122,4.918782284280071
1.3862943611198906,0.20306524327925748
0.0,1.1335857232505089
0.0,0.11000193770447526
0.0,0.033873530878537644
0.0,0.09410744279994114
2.70805020110221,2.55505876869514
2.302585092994046,1.5898653230878894
0.0,0.11680737560561875
4.795790545596741,4.749906858939751
0.0,0.1106410001578614
3.218875824868201,3.5148098307124265
0.0,0.16895332119910603
0.0,0.3059356381610891
4.5217885770490405,3.9850571281169374
0.6931471805599453,0.9739354457858848
1.791759469228055,1.8259737732442674
0.0,0.003218875824868201
2.70805020110221,2.486619532672336
0.0,0.3510859883769208
2.6390573296152584,0.7403072660105322
2.302585092994046,1.8473506938792463
3.6635616461296463,2.9559322494226836
7.400620577371135,6.523139547966296
3.49650756146648,3.6611406063514766
1.0986122886681098,1.1947383763791335
0.0,0.7372556714162602
0.6931471805599453,1.116159643007552
4.770684624465665,5.265442523288893
6.586171654854675,6.562725664402404
0.0,0.1072974419378976
8.258422462458876,8.216442933444402
5.049856007249537,4.765873212665766
0.6931471805599453,0.4232638782264258
0.6931471805599453,0.7089237033074071
1.6094379124341005,1.315734340806537
4.382026634673881,4.5772303036907624
3.912023005428146,3.596934366184459
4.204692619390966,4.491748386928484
6.322565239927284,6.182824532242507
2.833213344056216,2.874580892261631
0.0,0.021111625477151636
3.871201010907891,4.150553472648561
0.0,1.4010310204628336
3.218875824868201,3.2243019569948506
2.772588722239781,3.0742025446574526
1.6094379124341005,0.04946256692444723
2.70805020110221,2.5726371315446452
4.174387269895637,1.4159005698660323
2.70805020110221,2.5336557639644854
3.367295829986474,3.215198833746896
0.6931471805599453,0.5190924065425121
3.713572066704308,3.8442953137738196
0.0,0.33717307106608463
5.220355825078324,5.2497205673943785
1.0986122886681098,0.27368958295596074
1.6094379124341005,1.871172151401008
2.079441541679836,2.031206859511513
0.0,0.45138322555635324
0.0,0.38391414675662283
8.108021221376747,7.402895508645434
0.0,0.5606198691126892
7.303843225277705,5.943589380611138
0.0,1.0250213400335126
0.0,0.028772383509926912
1.0986122886681098,1.6151338242889453
4.219507705176107,3.7335468209146088
0.0,0.11137616135254913
7.126087273299125,6.9125841942236015
0.0,0.022887407991856547
9.169976605786628,8.803989536353354
5.501258210544727,4.937828678250952
1.791759469228055,1.9616514736240975
1.0986122886681098,0.6475102072084753
6.9167150203536085,6.409513725690897
3.610917912644224,3.778537044943621
3.1780538303479458,2.961437962600318
1.791759469228055,2.0390659118618006
1.0986122886681098,1.4331857915103703
0.6931471805599453,0.6773251277806542
3.912023005428146,4.383369195204181
0.0,0.4960320604974373
5.799092654460526,5.812700661767669
5.968707559985366,7.097196710010043
0.0,0.0
3.713572066704308,3.580190224212456
0.0,0.22377552736548492
3.1354942159291497,1.2548997639338584
0.0,0.04043810254378957
3.4657359027997265,3.2893750290523434
0.0,0.9314450463037305
0.0,0.6465752326704199
5.159055299214529,4.274421624626041
3.332204510175204,1.3372422204603653
6.401917196727186,6.461122683639144
4.3694478524670215,4.07465910636492
5.1298987149230735,5.137890160812523
2.9444389791664403,2.7311430706741318
3.713572066704308,4.251562300373606
1.6094379124341005,0.7466291889023396
4.605170185988092,4.159150957500463
4.127134385045092,4.125454667544417
5.955837369464831,6.078117784459401
0.0,0.10014003457727796
2.3978952727983707,2.8471529352695346
5.583496308781699,4.576217366195525
0.0,0.08192270137510822
2.9444389791664403,1.5418033279642511
5.891644211825772,4.824812426445819
5.730099782973574,5.992582380413598
0.0,0.02080415727726755
0.0,0.0
6.968850378341948,6.6812904493312635
0.0,0.1606802215820927
0.0,0.1542685102417875
2.079441541679836,2.5649260546580823
1.9459101490553128,2.1001424106011406
1.6094379124341005,0.801731035163059
0.0,0.18495714763370774
0.0,0.016635532333438684
2.19722457733622,1.7528731306222876
2.4849066497880004,2.176022584152208
8.546169299652755,7.32929752455876
3.4657359027997265,3.808990533924369
4.158883083359672,4.105057684981813
0.0,0.41668360973026075
4.499809670330265,4.492989198515358
4.418840607796598,3.5438003676477097
0.0,0.2236720333003306
3.5263605246161616,3.6461959730358737
7.047517221357296,6.539775079399348
1.3862943611198906,1.4505422046147076
3.6635616461296463,3.2607832943328345
0.0,0.12212310022716516
2.995732273553991,3.494516491899136
2.3978952727983707,2.719681526118493
0.0,0.10381989711332099
1.3862943611198906,0.5019752410467244
1.0986122886681098,0.6701298203529005
0.6931471805599453,1.0054761213300687
6.068425588244111,5.965559980352112
1.791759469228055,1.465449223690451
0.0,0.2016843772046447
2.772588722239781,1.4429138596234883
5.905361848054571,4.52202185001224
5.41164605185504,5.065246990709858
5.579729825986222,5.039358230776986
4.406719247264253,3.8473884611834706
7.504942068396171,7.298580706853984
0.0,0.18569082850806315
1.3862943611198906,2.1007706645393722
0.0,0.0274898328102207
5.3981627015177525,4.420026803913948
2.772588722239781,2.969269056973216
3.784189633918261,3.042688214953282
5.541263545158426,6.169784592110321
7.018401799069201,6.815452447633623
0.0,0.7743389291989423
4.060443010546419,3.9926357371371157
0.0,0.9844377162675495
3.49650756146648,2.908434590422093
0.0,0.06447623882545322
1.6094379124341005,1.9161876684627013
3.091042453358316,3.5751198684965804
3.218875824868201,2.4895895694642323
0.6931471805599453,0.10758269808920454
0.0,0.5027201175079674
2.302585092994046,2.467631852793275
5.10594547390058,5.400891518957776
4.31748811353631,4.664800403205266
9.169976605786628,8.698536912837698
0.6931471805599453,0.4349864564666572
0.6931471805599453,0.42405071582494624
0.0,0.12585749537692595
4.532599493153256,4.2249672605631465
0.0,0.07807211965140311
0.0,0.0
7.768110378525988,7.701256586990424
0.0,0.6628955018082837
0.0,0.08713731863770963
0.0,0.11137616135254913
2.079441541679836,2.04898133639082
0.0,0.008954673628956415
0.0,0.3043438882885197
2.079441541679836,0.5012009847877283
0.0,0.0013862943611198907
0.0,0.48583687773568285
0.0,0.3952332884233633
0.6931471805599453,0.8696153785815717
1.0986122886681098,0.27021718863389443
0.6931471805599453,0.3136716827802028
9.169976605786628,8.56451363848667
0.0,0.04311549328600359
0.0,2.227331092862356
0.0,0.0013862943611198907
0.0,0.3126275629257726
0.6931471805599453,0.4550961966515776
0.0,0.05471583654368062
0.0,0.02205163273564311
0.6931471805599453,0.7061990814290391
2.3978952727983707,1.6980134165098866
1.3862943611198906,0.27538342601822313
0.0,0.0
2.079441541679836,2.0667556370543276
4.8283137373023015,4.7812211837113425
8.178358165605836,7.052870111439354
3.044522437723423,3.3038266209719294
0.0,0.11129755109669545
4.02535169073515,4.710923547210194
4.343805421853684,4.273408955827484
0.0,0.5265114876850695
6.309918278226516,5.982542823619817
0.6931471805599453,0.023122974063169315
3.091042453358316,3.242223254356216
0.0,0.027621655220119785
2.5649493574615367,2.3093150015480672
3.4657359027997265,3.9080758629184604
0.0,0.00797796809312855
0.0,0.0423523279965784
1.0986122886681098,1.9156834224305463
0.6931471805599453,1.2621822792250912
4.718498871295094,4.706067285778382
2.70805020110221,3.1875287996128474
1.0986122886681098,1.21203443379378
1.791759469228055,1.5968258571537224
3.80666248977032,4.0323305505090845
0.6931471805599453,0.6780366784326601
0.0,0.5217814266106211
0.6931471805599453,0.9825345838577877
2.5649493574615367,2.6676612061182112
0.6931471805599453,1.518812203953875
1.9459101490553128,1.1353552572034287
0.0,0.22115877996350633
0.6931471805599453,0.28608974817007754
0.0,0.020219051271894797
0.0,0.2855376482724725
2.70805020110221,3.3804112367552634
0.0,0.038448849764092394
6.025865973825314,5.8487812266306785
0.0,0.8397671642885145
4.8283137373023015,4.587283872756781
1.0986122886681098,2.1603890099217704
4.465908118654584,4.570474543916274
5.572154032177765,5.431021375433724
3.218875824868201,3.2252448999235326
4.248495242049359,3.7615312829554797
3.218875824868201,3.121859921227954
1.0986122886681098,2.242602939597392
0.0,0.5676584333801105
0.0,0.06319417646661135
0.0,0.07015765156766929
6.57507584059962,4.725191502352588
3.784189633918261,3.7346905311650316
0.0,1.6363246888313139
0.0,0.6611904818820679
0.6931471805599453,0.3270688964489653
3.688879454113936,3.7589757862441338
2.302585092994046,2.2711877529043982
0.6931471805599453,0.06346395347373003
0.0,0.0870598954571086
0.0,0.16975828725126418
4.07753744390572,4.150587044727096
0.0,0.4140579838989793
2.4849066497880004,2.3377251270446866
4.04305126783455,4.4289177990000494
3.332204510175204,3.4959092024019682
3.258096538021482,3.418203038216739
0.0,0.330718926290789
0.0,0.013862943611198907
0.0,0.3373966135782633
0.0,0.1860739998188726
5.765191102784844,5.491486033805238
6.084499413075172,6.1952955817060635
4.795790545596741,4.4310059874920436
2.302585092994046,2.244583376698379
7.305188215393037,7.610788546953031
3.49650756146648,2.646417993553161
0.0,0.07230028483630954
0.0,0.0653914010439476
0.6931471805599453,0.823103683434966
2.4849066497880004,3.004080504271087
0.0,0.2506279481389038
3.713572066704308,3.657135886329081
5.303304908059076,5.141930085157385
0.0,0.0
0.0,0.3756223533056037
1.6094379124341005,1.7436764041129529
3.555348061489413,4.031462085803645
0.0,0.017269952454145244
6.025865973825314,5.7287691176310975
0.0,0.024613500426567236
5.926926025970411,5.6605823571180345
1.791759469228055,2.2216799552938626
2.6390573296152584,2.6897554635662253
0.6931471805599453,1.010403317099073
4.060443010546419,4.4722372279343
5.3706380281276624,5.4736153831278616
3.044522437723423,2.7145539115246238
2.19722457733622,2.6064841948836084
1.3862943611198906,1.4441122714528773
0.6931471805599453,0.9876390973099046
4.727387818712341,4.493068656476288
2.3978952727983707,0.8992342759126738
1.0986122886681098,1.5382395841733842
0.0,0.3904414619360922
0.6931471805599453,0.30599496143538774
0.0,0.7127186293369921
1.0986122886681098,1.3791486607535497
8.458504195067558,7.237448874313117
1.3862943611198906,1.8571721271183341
5.634789603169249,5.800898257803018
0.0,0.04845028157272401
0.0,0.04636929290205709
1.3862943611198906,1.202417884077406
2.302585092994046,2.146225129737796
0.0,0.5226397452224784
2.19722457733622,2.229186443532982
0.0,0.03672550656305834
4.465908118654584,3.9662541543482943
0.0,0.46382073946130425
0.0,0.10340365291375218
2.772588722239781,1.1432163154923
3.8501476017100575,3.488606485924424
2.302585092994046,2.789673309266716
1.6094379124341005,1.9547202169295534
1.3862943611198906,0.8102577060700494
3.044522437723423,2.8116598563981334
1.0986122886681098,1.1515521164812776
1.0986122886681098,0.044492753624871234
0.0,0.21545859435853595
4.0943445622221,3.7044913534057033
3.295836866004329,3.191349402307368
1.0986122886681098,1.129438783841471
1.791759469228055,1.4150894303716377
1.791759469228055,0.9330305602543825
0.0,0.12041586786323238
2.833213344056216,2.6498971139256207
4.74493212836325,4.293672540133403
3.6635616461296463,3.4116422681922405
0.0,1.2099619717888395
0.0,1.2260476547911416
4.605170185988092,3.780129330565285
0.0,1.3068148127023063
5.746203190540153,5.726282823366872
0.0,0.0013862943611198907
6.946013991099227,6.922606108119714
0.0,0.5626222208803631
0.0,0.004394449154672439
3.367295829986474,2.812969828524652
1.9459101490553128,1.7829783152903442
1.3862943611198906,2.01684862318755
6.093569770045136,5.896779305120952
8.621733370690162,8.041343164544903
1.791759469228055,2.037403356141098
0.0,0.010150347630467654
3.4011973816621555,3.5903507141854694
0.6931471805599453,0.3476241198876019
0.6931471805599453,0.23482263433877898
0.6931471805599453,0.297110694355423
4.23410650459726,4.321461401688006
0.0,0.13789541744886327
0.0,0.008120886021092838
1.0986122886681098,0.43446433819326424
4.709530201312334,4.233839101411411
0.0,0.1456133499353046
4.564348191467836,4.412301739596198
1.3862943611198906,1.4849387683147215
0.6931471805599453,0.23857396418165627
0.6931471805599453,0.4266170986535906
3.8918202981106265,4.100176497673897
4.343805421853684,3.3036311834486756
1.6094379124341005,1.6403708539858362
0.0,0.027046291075216226
0.0,0.01940812105567847
0.0,0.08618581646074597
0.0,0.06782419169259657
3.258096538021482,3.5523924059935377
0.0,0.03709014967664625
0.0,0.6124838859695033
2.6390573296152584,0.8098395213315439
2.9444389791664403,2.9450438831495704
0.0,0.720649532937313
3.1354942159291497,3.3796761516616143
5.497168225293202,4.77314272878551
4.770684624465665,4.256903873052574
0.0,0.014909439898728004
0.6931471805599453,0.9379688066352143
1.6094379124341005,1.6045443733786233
5.849324779946859,5.788077414498077
0.0,0.37617806446243185
6.421622267806518,6.516856864428266
0.0,0.8620230650510773
0.0,0.23843315706550489
1.0986122886681098,1.0637359813195755
0.0,0.11775011675411201
0.0,0.27627226056141535
2.5649493574615367,3.100700006718311
1.3862943611198906,1.649066523247374
0.0,0.03418848391213133
0.0,0.038209381252517084
0.0,0.7920510555082335
0.0,0.5927959658459488
8.025516386489008,7.952009447825843
0.0,0.1645206042502187
0.6931471805599453,0.8929994585451335
0.0,0.3525228038498744
1.6094379124341005,1.6658571288306858
4.48863636973214,5.630050158080022
3.5263605246161616,3.9508956037878153
0.0,0.07710726735291451
0.0,0.5157576612454019
5.752572638825633,4.869745129716818
3.737669618283368,3.857555137276343
0.0,0.0021972245773362194
2.302585092994046,1.7734174370627869
2.772588722239781,2.7684040503942637
4.74493212836325,4.522416889902885
3.610917912644224,3.399494468548615
0.0,0.21366648543410308
5.5909869805108565,6.1919011309579535
0.6931471805599453,1.7993507167115401
1.0986122886681098,0.24252290004174318
2.5649493574615367,2.721514570958325
0.0,0.03887209552442598
1.0986122886681098,0.6911877612990093
3.8918202981106265,3.7336157197692397
6.895682697747868,7.699874249054222
2.772588722239781,3.3648260638646392
1.6094379124341005,1.5746691289797556
0.0,0.5125656736458435
3.258096538021482,3.584996860615494
0.0,0.45899600794828177
1.3862943611198906,0.5076091603004452
1.3862943611198906,0.8716727363281535
0.6931471805599453,0.9383241738483941
0.0,0.9831178185822776
4.6443908991413725,4.5192125160202
6.827629234502852,6.141826798523866
2.19722457733622,2.698130023228403
4.976733742420574,4.877950762269771
2.079441541679836,2.933805854991647
0.6931471805599453,1.0007070254719768
4.574710978503383,4.831296474661691
1.0986122886681098,1.4308933660948917
3.295836866004329,3.2943526092035427
0.6931471805599453,0.9690373951481627
4.867534450455582,4.975381176431292
0.0,0.44442284999076553
0.6931471805599453,2.3664658470847204
4.127134385045092,4.4530006654757335
0.0,0.16903368619276649
1.9459101490553128,0.8382772275294904
0.0,0.3340780409405407
4.23410650459726,4.05019169149751
0.0,0.46382073946130425
0.0,0.15439543057569763
0.0,0.16322046793165837
3.49650756146648,3.057184390046644
0.6931471805599453,0.22293523805575238
1.791759469228055,2.1145782571173677
0.0,0.07161843166236834
0.0,0.700924307665432
0.6931471805599453,0.713469928093165
0.6931471805599453,0.80329661488027
4.262679877041316,4.381237503290124
0.0,0.16338860141655173
7.267525427828172,7.471746334586673
4.30406509320417,4.201053397480887
0.0,0.19680828546377901
2.70805020110221,2.9084017963076167
0.0,1.1487225703669581
0.0,0.21628683800739315
4.07753744390572,4.280951483399745
0.0,0.2775259693149402
0.0,0.014098509682511676
0.6931471805599453,0.45922277118978316
0.0,0.06863072726163336
0.0,0.46632622384849337
2.4849066497880004,2.760101050584637
0.0,0.06774706175707529
2.6390573296152584,2.207909852976951
4.836281906951478,4.721111769868332
3.610917912644224,2.8103223169909053
3.091042453358316,1.728964686953287
9.169976605786628,7.51183801351134
0.6931471805599453,0.8141696735082233
3.951243718581428,4.232554972040199
2.6390573296152584,3.049633299914894
0.0,0.008317766166719342
0.0,0.6916569460281382
3.555348061489413,3.298855625864747
0.0,0.46265983155112406
0.0,0.023308850054487854
0.0,0.1456133499353046
0.0,0.025999794787687127
2.9444389791664403,2.3343332306470685
7.389563953677635,6.689846019913604
0.6931471805599453,1.5743174870055239
4.882801922586371,5.296594642706106
6.269096283706261,5.78931032205228
5.062595033026967,4.542247612697592
2.3978952727983707,0.7542087613657505
5.5093883366279774,5.870341853379573
0.0,0.0
7.463936604468925,5.563917252120444
3.218875824868201,3.4860829421361768
6.144185634125646,6.0736699596292825
6.678342114654332,6.914220671543528
7.704811922932594,7.356833439514682
1.0986122886681098,1.2168874476315543
3.49650756146648,5.343189696040026
0.0,0.1061964037280847
0.0,0.5077873430854725
0.0,0.7802898647234426
0.0,0.2048631105542816
2.70805020110221,3.3753510455966858
2.19722457733622,0.7392747268987687
1.6094379124341005,1.7188731406468236
5.529429087511423,4.730579952917105
5.891644211825772,6.219822518745431
2.772588722239781,2.386208199278103
0.0,0.08740176019337821
3.4011973816621555,3.4002343241968536
1.9459101490553128,2.7046602508765965
0.0,0.05362145000780691
3.218875824868201,3.279004413805456
4.8283137373023015,4.594478693386553
0.6931471805599453,1.1359441169558897
0.0,0.34810424545670743
6.118097198041348,5.971906828873934
2.6390573296152584,2.664752266171677
4.875197323201151,4.777262099522674
2.302585092994046,3.0989152739159738
1.791759469228055,1.9611192524499679
5.525452939131784,4.553312308915969
0.6931471805599453,0.024849066497880008
2.19722457733622,2.0984824066635768
0.0,0.31231412645616363
3.9889840465642745,1.8853340590367134
2.995732273553991,2.9522278771909285
0.0,1.0694142993248237
2.302585092994046,1.0773206140402622
0.6931471805599453,0.9872674696725046
2.70805020110221,3.0285347337133346
1.9459101490553128,2.040583898982301
0.0,0.16120254890215113
0.0,0.4864927414117241
0.0,0.05683806880591547
0.6931471805599453,0.2693768852643285
0.6931471805599453,0.4370457445920263
2.70805020110221,2.43534028627246
0.0,0.061914371134529106
0.0,0.0
2.772588722239781,3.4242616335550977
0.0,1.282179814963693
0.0,0.22086549043808193
9.169976605786628,6.979391351056416
2.772588722239781,3.0698382203579575
7.076653815443951,7.140161691914706
0.0,0.038243134993212975
4.574710978503383,4.135964650005134
2.70805020110221,2.4776648613115397
2.5649493574615367,2.8381704637559513
5.298317366548036,4.834712218635945
3.8918202981106265,3.7136743657333056
5.0238805208462765,5.104036516789507
4.574710978503383,3.686864731443851
2.079441541679836,1.4140993227957306
3.49650756146648,3.379886008686669
1.3862943611198906,2.017366192700681
0.0,0.02611306081221739
0.0,1.2073364455172342
0.0,0.0
6.230481447578482,5.956129642210867
9.169976605786628,7.932971147108982
6.249975242259483,6.562625500532598
0.0,0.013394068495332971
1.3862943611198906,1.5594803071659524
0.0,0.22026822777049773
0.6931471805599453,0.11208137924615498
5.0369526024136295,4.727183087963101
2.19722457733622,0.5446327791774287
2.5649493574615367,1.5290788943835196
0.6931471805599453,0.3286924055279685
1.0986122886681098,1.6058658584451397
5.365976015021851,5.598659795168848
0.0,0.04096603363545852
0.6931471805599453,1.0188638279952111
0.6931471805599453,0.2283948340591218
7.2875606403097235,7.252913942191993
0.6931471805599453,0.3444171527387891
2.4849066497880004,2.6603056473661177
1.6094379124341005,0.8691551444288227
2.19722457733622,0.810436097902931
2.079441541679836,1.7174823314654326
4.532599493153256,4.712408890177034
3.091042453358316,2.856137194952699
6.311734809152915,6.302927745583809
6.013715156042802,5.598579879790289
2.6390573296152584,3.059539820723966
3.1780538303479458,2.7727270987323407
3.4657359027997265,3.788054930604999
5.308267697401205,5.06877913172151
3.8918202981106265,4.2274292775295015
0.0,0.11341133185334157
1.9459101490553128,0.6994196159942818
0.0,0.18799375327022913
6.2166061010848646,6.787113687320782
2.70805020110221,3.802432405794697
0.0,0.18142783266976537
0.0,0.040438102543789586
0.0,1.2901114227689527
0.0,0.1491924053649745
3.367295829986474,2.6216361003255106
0.0,0.08833466244887325
2.4849066497880004,2.585762414319956
2.70805020110221,2.8147352493442344
3.091042453358316,4.114256977588032
3.951243718581428,4.17829888153857
2.3978952727983707,2.3594637627652024
0.0,0.4471009541010043
0.0,0.3310913753535274
2.079441541679836,1.7874387481813887
4.983606621708336,4.676527176823471
3.367295829986474,2.8534606111630714
6.300785794663244,6.9995700475653
0.6931471805599453,0.15712239494917332
3.6375861597263857,1.8015777739252774
3.044522437723423,2.973178078098633
1.3862943611198906,0.8967259925026823
0.0,0.0444679085848741
6.190315405853148,5.924306239130616
2.19722457733622,2.7985202769171873
2.302585092994046,2.4061764946555924
2.302585092994046,2.115315585881067
2.19722457733622,2.337780658596251
5.043425116919247,5.2536619558347395
0.0,0.10375936696157347
4.962844630259907,4.531012089661094
0.0,0.02563515167409922
0.6931471805599453,0.2949990521659052
5.697093486505405,5.476233088434841
6.670766320845874,4.805230200970253
0.0,0.34852574755569804
1.6094379124341005,1.7150261967131044
9.169976605786628,7.365473985682473
2.302585092994046,2.8249669797184507
2.5649493574615367,1.170106630734496
3.367295829986474,3.251978856685717
1.0986122886681098,0.33064927021399176
0.0,0.8705042495152355
0.0,0.04378831243769253
0.0,0.04033387054151155
0.0,0.2837277333108348
0.0,0.5768732838960754
4.934473933130692,4.989350327559075
0.6931471805599453,0.8507152490306066
0.6931471805599453,0.9817865940217831
0.0,0.009128696382935671
0.0,0.5358229241148018
5.3706380281276624,4.570358782840366
2.079441541679836,2.733461505666241
4.174387269895637,3.657396521654156
2.302585092994046,2.2404993370965176
3.713572066704308,3.902110849937625
3.218875824868201,2.8903764659718942
0.6931471805599453,1.0310341637351144
1.3862943611198906,1.4606194596937379
1.0986122886681098,0.5409218080298903
4.948759890378168,5.005486616857519
0.6931471805599453,0.35639575802231277
4.204692619390966,3.9963703625206386
7.302496423727326,6.975813424000422
3.1354942159291497,3.9597145026779597
5.209486152841421,6.308503609067392
0.0,1.5662631975458174
0.6931471805599453,0.9124293120380429
0.0,0.3032706396553445
0.0,0.08934943143373726
0.0,0.11002259760690278
0.0,0.3265102891492982
1.6094379124341005,1.783368935840366
1.0986122886681098,0.7201933112888368
0.6931471805599453,1.3750227297445186
2.8903717578961645,2.8075997185618027
1.3862943611198906,1.5728985842492182
0.0,0.423402967655555
4.23410650459726,5.301195663930502
0.0,0.5575168533888293
3.4339872044851463,3.4099994535077345
2.079441541679836,1.2878922404342377
0.6931471805599453,2.297711078339241
2.70805020110221,1.9085973369554128
0.0,0.5700016071286271
1.3862943611198906,0.6818168222007709
2.772588722239781,2.7018639372240227
0.6931471805599453,0.1717962687765886
3.555348061489413,4.027343131326587
5.049856007249537,4.373063656711037
2.6390573296152584,2.7008010873097543
0.0,0.6419709413352771
8.53346016388011,5.161498249037222
1.6094379124341005,1.9218830000445926
3.9318256327243257,3.9635244348288503
2.6390573296152584,2.461236363019152
0.0,0.3166517493477473
2.5649493574615367,2.6453991880970666
2.70805020110221,2.785700940837623
1.0986122886681098,0.9849604380004601
2.772588722239781,1.5843835753501618
2.079441541679836,2.387029283454833
0.0,0.09875374021615807
0.6931471805599453,1.5020822353129324
4.941642422609304,4.826967170824456
0.0,0.03269570052197381
0.6931471805599453,1.0111073725211914
0.6931471805599453,0.9814097093357043
1.0986122886681098,0.1341649658908445
4.477336814478207,4.540896521992218
1.791759469228055,0.7043108523558596
0.0,0.39537235227845896
4.574710978503383,4.8695757111120175
3.367295829986474,3.709261264338505
4.61512051684126,5.15471749423259
3.091042453358316,2.4999385915964334
3.6375861597263857,3.8199128358231107
4.691347882229144,4.29946316876826
3.8918202981106265,4.063447555261271
0.6931471805599453,0.6494859080398692
3.295836866004329,3.8504255791156683
2.6390573296152584,3.0598499862791946
2.5649493574615367,2.7793542096171127
2.833213344056216,1.9451539288715471
0.6931471805599453,0.8532333419602861
5.814130531825066,5.337804150167729
6.532334292222349,6.367591326696049
5.332718793265369,4.814831445082281
0.0,0.13809755346248145
0.0,0.03154497223216669
0.6931471805599453,0.7281055771809253
0.0,0.10090544291608586
1.6094379124341005,1.22968691173761
0.0,0.17577378992214862
3.80666248977032,3.3638224040283586
1.0986122886681098,1.3893545467041333
0.0,0.514308986191797
0.0,1.0107384134888828
2.3978952727983707,1.8027836916235653
0.0,0.11268384545781537
0.0,0.05426954944105217
3.4339872044851463,3.36617957837649
2.6390573296152584,2.893358051694534
0.0,0.042195199485519516
1.3862943611198906,1.4980307300546685
0.0,0.11605287480727142
9.169976605786628,6.8607565481257105
1.3862943611198906,1.4405447755217433
4.406719247264253,4.606820518665141
0.0,0.0
2.6390573296152584,2.2469207986617454
0.0,0.004158883083359671
0.0,0.028853412928103825
0.6931471805599453,5.399244552322213
0.6931471805599453,0.11719320991657377
3.1780538303479458,2.636547936312797
6.595780513961311,7.2852043214417055
2.5649493574615367,2.4644672333190716
2.19722457733622,3.4793973307600368
3.4011973816621555,3.1449267600090427
2.079441541679836,2.2226613884080506
0.0,0.09113304174708449
3.1354942159291497,1.213798121669436
0.0,3.915023616695251
5.1647859739235145,5.910267036214518
0.0,0.057246207520668474
1.3862943611198906,0.455063472249036
0.0,0.17575468959288007
6.1224928095143865,6.365670812512544
4.07753744390572,3.4745383787770034
0.6931471805599453,0.4903400026301549
0.0,0.15223229955488182
0.0,0.9929567261784631
6.884486652042782,5.472440247183985
4.04305126783455,4.3461526432249755
0.6931471805599453,0.42696328574143577
3.258096538021482,3.3749787926379975
4.0943445622221,4.097424812118498
0.0,0.028740886795990624
2.5649493574615367,2.65962536475933
4.709530201312334,3.8037590222614805
7.934513463882263,7.976313112409796
0.6931471805599453,1.048971215052392
0.0,0.0
4.23410650459726,4.289160174181858
2.833213344056216,2.6898452900231185
3.912023005428146,4.5394995753996765
3.367295829986474,3.6227971190591077
1.9459101490553128,0.5128446359411811
0.0,0.6376250061813968
7.659171367666058,7.404015177487166
3.4011973816621555,3.9495288116122556
0.0,0.5715979519709866
0.6931471805599453,0.3320776036226964
1.3862943611198906,0.2027468573681589
2.079441541679836,2.7039358597848557
1.0986122886681098,1.1762554280697843
4.663439094112067,4.243404786196557
0.0,0.4624247226749213
3.8501476017100575,4.189712112682379
3.4657359027997265,3.328301867641563
0.0,0.27739284715672974
2.5649493574615367,2.6847801491536885
0.0,0.0
4.060443010546419,3.8924093046941626
1.0986122886681098,0.29652247526908343
3.4657359027997265,3.622077500506335
0.0,0.1382656832543141
0.0,0.17438630943277306
0.0,0.09947339592704134
2.19722457733622,1.2012751997564135
2.70805020110221,2.7425145880710224
3.951243718581428,3.6649524578524386
5.438079308923196,5.141947802865207
0.0,0.31214247784379984
3.044522437723423,2.832636912895537
4.382026634673881,4.179499065561353
0.6931471805599453,1.6463569524551356
0.0,0.02924351565255244
4.574710978503383,3.9112142355181754
0.0,0.27391091935683526
0.0,0.6100766814447232
0.0,0.0
0.0,0.03212033637707025
0.0,0.5343306482334249
5.676753802268282,4.938217993527484
4.0943445622221,3.5094347677049558
3.58351893845611,3.9881383767747733
3.367295829986474,3.0670988970444966
0.0,0.2532981859209648
0.6931471805599453,0.25727842472282647
0.0,0.7528702779514155
0.0,1.5876192698100184
2.19722457733622,2.164759812127381
0.0,0.1563347105780937
4.143134726391533,4.257518052989491
0.0,0.23161952104856728
3.4011973816621555,3.6657338323200634
0.0,0.0345943656001247
4.23410650459726,4.343584557870543
2.079441541679836,1.9145623068666717
1.9459101490553128,2.102953270910906
3.367295829986474,3.2074062985924736
0.0,0.007742402021815782
0.0,0.29774059163394273
0.0,0.05995271262850564
0.0,0.38782772262566245
3.258096538021482,2.0551126660361074
0.0,0.7825877295662158
0.0,0.07144192156685857
3.1780538303479458,3.6253287465124533
3.5263605246161616,2.8107790109862023
6.79794041297493,6.477977890391734
6.131226489483141,5.278741018084338
9.169976605786628,8.477618612025324
3.49650756146648,3.481051994544667
4.584967478670572,4.512595400963793
2.079441541679836,2.3488864948452983
0.6931471805599453,1.3853014767898908
0.0,0.030734042015950362
5.298317366548036,5.8323927124633075
0.0,0.004969813299576
2.19722457733622,2.247494667774332
0.6931471805599453,0.9041856622016231
3.7612001156935615,4.14428312552215
0.0,0.378510064025143
4.02535169073515,3.558718468801288
1.0986122886681098,1.625800879106628
2.5649493574615367,2.65049171372026
0.0,0.013287579466295345
4.8283137373023015,5.058705573505382
0.0,0.6449819223580217
0.0,0.015720370114944333
3.970291913552122,4.021654949893747
0.0,0.7548297153543891
0.0,0.02160534563301469
0.0,0.22528444773172981
2.9444389791664403,1.2253122501352747
0.0,0.4033249525019478
1.0986122886681098,0.35180354730141616
0.0,0.5570659630965769
2.833213344056216,2.4833614656576333
8.44741429680832,8.403821644423447
4.990432586778736,5.042825871295111
0.0,0.9574632997766259
3.1780538303479458,3.338069780812488
3.4339872044851463,3.399366810747137
0.0,0.6052617861403324
0.0,0.010596634733096074
6.218600119691729,6.059387180607105
2.3978952727983707,2.2879705349030774
6.29156913955832,7.247173085205633
3.218875824868201,3.7240263472399526
0.0,0.32345287324356353
0.0,0.15443169516832556
0.0,0.1881247971921748
4.543294782270004,4.412579688014934
0.0,0.5334940905182041
1.6094379124341005,0.5616227749781382
1.3862943611198906,0.4884219022168309
8.881558488638976,5.962672270383863
5.262690188904886,5.241768751494211
1.3862943611198906,1.8253974877161907
0.0,0.07116536904305074
0.0,0.018363881794908974
0.6931471805599453,0.5148356544946042
0.6931471805599453,2.2904186044715917
0.0,0.032331057408385905
7.906915488678587,7.736477185875018
1.0986122886681098,0.837158235191541
2.079441541679836,2.0239097335847682
1.6094379124341005,1.9087039251324627
2.3978952727983707,1.6944753830178427
0.6931471805599453,0.327278000337382
4.110873864173311,3.7908750898110513
0.0,0.2885993309654774
0.6931471805599453,1.1498154060484695
5.332718793265369,4.681168418071135
0.0,0.04608976901730676
5.236441962829949,5.036539326857008
3.258096538021482,1.4807409420890216
0.0,0.057804040887491484
3.1354942159291497,1.7171399469459998
6.498282149476434,6.387799419062524
3.912023005428146,4.908833137239315
0.0,0.09473463168765202
6.244166900663736,5.158574161329937
5.560681631015528,5.217437927991104
6.416732282512326,6.518291155335637
2.772588722239781,2.475928284693567
0.0,0.7231534878659549
5.41164605185504,5.331137157159463
1.791759469228055,1.7127525543221087
2.079441541679836,1.9880563428174707
1.9459101490553128,2.624086659713191
2.19722457733622,1.6367288688764297
1.0986122886681098,0.4516982078761634
3.555348061489413,3.6289967917396475
0.0,0.16421585027220414
0.0,0.016060168188535125
3.610917912644224,3.2114404914777057
1.3862943611198906,0.7929564695127662
3.7612001156935615,3.4600137267736653
1.3862943611198906,1.0376873708503551
0.0,0.40714927629704345
4.110873864173311,4.144885772810698
0.6931471805599453,0.48385973451078207
6.102558594613569,5.936333685906313
5.0238805208462765,5.309379112460404
2.079441541679836,1.1590828095090513
1.9459101490553128,1.8745213389445052
0.0,0.05997755766850276
1.6094379124341005,0.764692231423435
0.0,0.020900904445835984
1.0986122886681098,1.1702603561351919
3.367295829986474,3.3268764232235393
0.0,0.047240497307113896
3.58351893845611,3.481594565725491
0.0,0.10966807231844444
0.0,0.0638760296405526
1.0986122886681098,1.288043154079638
1.9459101490553128,2.3241370674698527
1.0986122886681098,1.776168024428313
2.079441541679836,2.146674821773734
4.04305126783455,3.821209060720696
0.6931471805599453,0.23311470856078234
1.3862943611198906,0.5154314745857463
1.3862943611198906,0.6518521829292575
0.0,0.19282872943469276
0.0,0.9084738386828312
0.0,0.4319318707473361
1.791759469228055,1.42429891016323
0.0,0.4548009906306544
8.375860015299594,8.104607184972576
1.0986122886681098,1.2491992841680795
0.6931471805599453,0.14879878402473523
0.0,0.9891223806179675
0.0,0.21415367442651928
2.9444389791664403,3.0659048953653243
0.0,0.15938116284384302
0.0,0.11135706426760848
0.0,0.04007345943020167
0.0,0.5645321762259051
1.0986122886681098,1.6323385932442858
2.302585092994046,0.9047062832324064
0.0,0.0
2.772588722239781,2.449518173492543
3.367295829986474,3.848611737514619
0.0,0.11560030899631
1.3862943611198906,1.3143044149710799
0.0,0.019068322982087674
3.555348061489413,3.013758869565613
5.655991810819852,5.000926008831896
0.0,0.0006931471805599453
0.0,0.02505978752919566
1.0986122886681098,0.7962027831888558
1.3862943611198906,1.435598249363393
6.419994928147142,6.136804087650291
1.3862943611198906,1.9817511947125188
2.4849066497880004,1.0465334446790533
1.3862943611198906,0.9927107301318614
0.0,0.005545177444479563
6.326149473155099,6.2704580264126895
1.3862943611198906,0.5928015977227502
0.0,0.3625295264662304
3.044522437723423,3.2350750633366254
0.0,0.31400696305336095
2.772588722239781,2.382726820625105
2.70805020110221,3.0585337493315663
5.641907070938114,5.17408318446444
1.3862943611198906,2.025772205730054
0.0,0.07080750144615199
9.169976605786628,7.723844515354732
0.0,0.47991488183744374
2.19722457733622,1.221561776572164
3.1354942159291497,3.242914914866753
0.0,1.0341335680893913
0.0,1.5037910391763538
4.04305126783455,4.280437426322631
0.0,0.00358351893845611
1.6094379124341005,1.8419692940515102
0.6931471805599453,1.4250087897158659
2.9444389791664403,2.6575317304796715
0.0,1.266041414826522
0.6931471805599453,0.6328616455673983
0.0,0.21255541062961023
2.70805020110221,2.8083457997358603
4.3694478524670215,4.108440824858887
0.0,0.43816429791170086
3.555348061489413,3.5281028800153162
1.0986122886681098,1.5732142025147446
0.6931471805599453,1.241817246627893
0.6931471805599453,1.5111846342578854
1.791759469228055,1.8700867318256262
1.0986122886681098,1.609948344880251
0.0,0.16926449652046963
3.1780538303479458,2.9394226075359695
1.791759469228055,2.261566521032297
7.042286171939743,6.21227387264157
1.0986122886681098,1.5248093930151931
5.840641657373398,6.264155664108068
4.663439094112067,4.37323792505991
3.555348061489413,3.793959829383408
5.717027701406222,4.700582646381087
5.846438775057725,5.748507993049157
1.6094379124341005,0.7091950841674409
3.8501476017100575,3.972757553070522
0.0,0.41591718422024787
9.076237387452702,8.649246012010124
0.0,0.20028390742946933
0.0,0.13095309146102602
0.0,0.051647407561287606
1.3862943611198906,1.4275141964196578
3.58351893845611,3.668410770942286
0.6931471805599453,0.9198266091535623
0.0,0.13477885383367622
5.153291594497779,4.685776957584149
0.0,0.40020995746809956
0.0,0.02992311179973403
1.0986122886681098,0.3576268548734792
1.6094379124341005,1.5417310163142823
0.6931471805599453,0.7622754676702536
6.306275286948016,5.904024475098244
2.70805020110221,2.837881351044608
4.844187086458591,5.181832251237705
5.093750200806762,5.151397244371154
1.0986122886681098,0.3632183239478912
1.0986122886681098,1.6197650914373856
1.6094379124341005,1.6344340539630462
4.418840607796598,5.4135878121354395
7.374001859350161,7.492258578916402
0.0,0.31341222423500276
0.0,0.3107193754845052
0.0,0.14484422456148902
1.0986122886681098,1.4396784039820927
0.0,0.1220800279506477
0.0,0.4092241381282963
7.868636894184167,8.210154157983569
2.6390573296152584,2.391101608214653
0.0,0.33895472865350246
3.80666248977032,3.8561850845161914
2.3978952727983707,3.0488847254155598
7.518607216815252,7.918236049921218
1.3862943611198906,1.3761704223080335
5.030437921392435,4.4057571364923085
3.1780538303479458,3.3919477129804934
2.4849066497880004,2.798887914109114
0.6931471805599453,0.5592101002474723
0.0,0.2220367081843453
3.737669618283368,3.3464063055196442
3.1780538303479458,0.9958641001931428
2.9444389791664403,2.7635291928205326
4.68213122712422,4.4532224887159
7.888709524182015,6.788549241929603
0.0,0.08757436784862548
0.0,0.4018121391274975
3.4339872044851463,4.61767092496385
3.1780538303479458,3.7577385807339065
1.0986122886681098,1.2898347949576485
1.6094379124341005,1.8321394813246064
0.6931471805599453,0.9761121249413122
4.574710978503383,4.666946178847574
0.6931471805599453,0.4718966886160259
3.091042453358316,3.4378204892781654
4.23410650459726,3.6809512387346146
1.0986122886681098,1.1172010780703874
3.7612001156935615,4.362607239378532
1.0986122886681098,0.36621382122012536
6.190315405853148,6.18357359182231
2.19722457733622,2.1701458959427358
0.0,0.1639767368192514
0.0,0.0
0.0,0.2614116761783045
7.107425474110705,6.959335507241851
0.0,0.0
4.219507705176107,3.9076079313491414
2.833213344056216,3.3851855435627893
2.6390573296152584,2.315888383088184
1.3862943611198906,1.763961730355303
6.0867747269123065,6.01371366102879
1.0986122886681098,1.2514086233484907
0.0,0.29541197260689694
1.0986122886681098,1.4121364835755914
2.5649493574615367,2.6991720324035513
3.218875824868201,3.25885560979152
7.500529485395295,6.438030932306379
5.575949103146316,5.518709927265553
1.9459101490553128,1.9895781365976537
0.0,0.0027725887222397813
0.0,0.006931471805599453
0.0,0.015720370114944333
5.666426688112432,5.128733860787405
4.882801922586371,4.369887630160523
4.23410650459726,4.169650095787982
3.80666248977032,4.228107241092751
2.5649493574615367,2.4955696937982212
5.746203190540153,7.513303765244534
0.6931471805599453,1.356398742498368
0.0,0.03967969913894868
0.0,0.5150693720765928
7.068172000388042,6.697377777760585
5.003946305945459,4.70391960416264
3.610917912644224,3.715907493317504
1.6094379124341005,0.536312054832446
4.394449154672439,3.979268906132511
0.0,0.2257712893333146
3.091042453358316,3.7181324092755696
1.0986122886681098,1.4164279302032723
1.0986122886681098,0.7229969816182057
0.6931471805599453,0.9049125793823019
2.19722457733622,2.097532947199116
0.0,0.6858899469658454
5.0369526024136295,4.154128248969152
3.4657359027997265,3.44319139391667
0.0,1.4233532255514494
0.0,0.13152371123763948
4.532599493153256,4.732906740359799
4.02535169073515,4.348020492846469
0.0,0.054915096225578296
0.6931471805599453,0.8489220870042277
1.0986122886681098,0.052722681323720905
2.3978952727983707,2.5214948962867454
0.0,0.12181479886751059
5.948034989180646,6.123877357363617
0.0,0.19003333055598196
0.0,0.11294910841141477
0.0,0.36021411767689415
0.0,0.01747747092272695
2.079441541679836,2.962034098827758
0.6931471805599453,1.0944264944721536
0.0,0.15895541325758852
0.0,0.14302388526666146
0.0,0.13612402958133796
0.0,0.004969813299576
0.0,0.11088108619790725
0.6931471805599453,0.2737683512624947
7.408530566894626,7.168780370369336
0.6931471805599453,0.08437350472811864
5.402677381872279,5.372155505117539
4.584967478670572,4.189795551468262
1.9459101490553128,1.524569919385533
2.3978952727983707,1.9477838275117603
0.0,0.05923936274062823
0.0,0.4823599645715096
5.613128106388071,5.981547976805119
7.620214770574455,7.040727739495635
3.6635616461296463,3.828937633466802
0.0,0.026468181562688715
3.044522437723423,0.9686327095645177
6.86484777797086,7.109267354540641
4.276666119016055,3.149240386129792
2.19722457733622,2.6211949500669083
0.0,0.07495973285557252
2.6390573296152584,2.7651194536039116
1.9459101490553128,1.9734951612920422
1.6094379124341005,1.8470859711196055
0.0,0.00358351893845611
7.60887062919126,7.0915899698902845
7.004881989712859,5.646468899285647
7.80954132465341,7.179248057779842
2.3978952727983707,2.909177955224709
4.04305126783455,3.6466726668436475
6.023447592961033,6.242655691294069
4.204692619390966,0.742151269736378
1.9459101490553128,1.9121953559112752
0.6931471805599453,0.3850913349091798
0.0,0.6159364180973599
3.6635616461296463,3.622110629701137
3.295836866004329,2.949576341972003
3.871201010907891,4.248077400175469
0.0,0.3460973918844493
1.3862943611198906,0.49491850339227866
0.6931471805599453,1.9131488093111209
5.849324779946859,5.0231084684526195
0.0,0.28749142766129854
9.013838751608397,7.626137944561104
0.0,0.8913998999358684
0.6931471805599453,0.5589393818738347
2.302585092994046,1.2713136229884134
0.6931471805599453,0.773341869968369
6.90975328164481,6.844460499022847
0.6931471805599453,1.4502729982545064
1.9459101490553128,0.7322500488121898
1.6094379124341005,1.974122556500287
0.0,0.03371735176950579
3.713572066704308,3.9704327262562695
2.772588722239781,2.5554360947919075
6.008813185442595,6.053971864275556
8.855805992536562,8.261361943666419
0.0,0.06643789733147665
1.6094379124341005,2.044181210824537
4.290459441148391,4.316648224469738
2.079441541679836,2.385791091350174
4.770684624465665,4.103953760712677
5.1647859739235145,5.885188119583642
0.0,0.2924006838552355
1.6094379124341005,2.2398374410114146
9.169976605786628,8.671758673850235
0.0,0.02299163999413458
8.244071270295786,7.956499767670959
1.3862943611198906,0.7927010172800792
2.995732273553991,2.828957553526483
1.0986122886681098,1.5368093778197387
3.6375861597263857,3.57529263253679
4.574710978503383,4.711264030017573
1.6094379124341005,1.5329226617044054
5.332718793265369,4.94221927270001
5.298317366548036,4.94525474387051
0.6931471805599453,0.8098588795642827
2.833213344056216,2.9209745355189742
4.68213122712422,4.159761757007687
0.0,0.31313533928263426
4.6443908991413725,4.398260157019239
0.6931471805599453,0.6467348774044849
1.3862943611198906,1.5130254945490644
1.6094379124341005,1.9881490043717949
0.0,0.23496521292638664
1.0986122886681098,0.34824632699502667
0.0,0.16729682660171044
0.6931471805599453,0.6572512285307225
6.253828811575473,5.861065940126058
0.6931471805599453,1.4720007878920065
1.6094379124341005,1.44510216050616
0.0,0.43195580333010447
9.169976605786628,8.225377532034296
1.3862943611198906,0.8840316322365471
4.31748811353631,4.534088596526764
0.0,0.2752842391765869
7.3938782901077555,7.0218362269110814
3.332204510175204,2.2989803879948902
0.0,0.4735494002987112
0.0,1.2298959388727488
0.0,0.046931707606595034
0.6931471805599453,1.510059902885623
4.330733340286331,5.180433094286332
1.3862943611198906,0.38708489582419453
4.454347296253507,3.8316917320802757
0.0,0.018021826694558575
4.007333185232471,3.3076342003207424
0.6931471805599453,0.5589385867491268
4.934473933130692,5.279058163678566
1.0986122886681098,0.39384509596015915
0.0,0.13865653817874582
0.0,0.0021972245773362194
0.0,0.09150742672114155
1.9459101490553128,1.654283551223718
0.0,0.48890281929905516
4.143134726391533,4.193856894065501
0.0,0.3403732191707794
4.31748811353631,3.390356968725197
1.791759469228055,2.068373145751337
5.187385805840755,4.863280527580619
1.6094379124341005,1.5346770802142842
0.0,0.45006404877390954
2.19722457733622,1.4765584083690242
5.068904202220232,4.377718438809834
5.247024072160486,5.627281500003167
0.0,0.3674494832420495
2.079441541679836,2.030488754317296
1.6094379124341005,2.414013182297743
0.0,0.1456133499353046
0.0,0.07618138659222232
2.6390573296152584,1.4837103955412096
6.77078942390898,6.751909859158629
0.0,0.05024865210066643
0.0,0.0027725887222397813
3.5263605246161616,3.3001363682166023
6.100318952020064,7.3871696531316395
0.0,0.00358351893845611
0.0,0.019879253198304
2.302585092994046,2.3761902696228003
3.1354942159291497,1.48399998759765
8.448271745949816,8.494281586624215
3.6375861597263857,3.6099342607959226
0.0,0.004158883083359671
0.0,0.030369398902362454
2.9444389791664403,2.577424762687089
4.969813299576001,5.407078031067157
0.6931471805599453,1.2356925448182765
0.0,1.0124529668677735
0.0,0.10742651898017282
1.0986122886681098,1.1455429639057515
0.0,0.06623333963323584
2.302585092994046,2.0831672984302867
1.6094379124341005,2.092697691440851
2.6390573296152584,2.8568039511153183
5.468060141135132,5.725620432298725
0.0,0.4652730831226016
3.258096538021482,3.3789235801475788
0.0,0.0
2.4849066497880004,2.2096006321262425
2.19722457733622,2.170224186970443
4.990432586778736,5.006423396563299
7.110696122978827,7.8223408195289235
0.6931471805599453,1.515674378141744
3.367295829986474,3.3471474031992843
5.823045895483019,5.838248454949992
3.8918202981106265,4.135864471904534
0.0,0.11369478817299895
4.442651256490317,4.107317961864509
5.3471075307174685,4.750034712369845
1.0986122886681098,0.9520348909443185
3.9889840465642745,4.354932172167937
1.0986122886681098,1.3393732059113823
4.762173934797756,5.784233752286892
1.0986122886681098,1.1649454133647033
3.8501476017100575,3.313101611829638
1.6094379124341005,0.5428468458889011
7.602401335665818,7.86068715837278
0.6931471805599453,0.3716627369026851
0.6931471805599453,0.04020253647247682
4.248495242049359,4.4130377344757825
0.0,0.7501583852422341
9.169976605786628,8.851770813577266
6.983789965258135,6.608261287002265
1.791759469228055,2.3645503106098094
3.1354942159291497,2.000810960552642
6.804614520062624,6.373182715172124
4.07753744390572,4.082896560536063
2.3978952727983707,2.877787814123946
0.0,0.04561863687468122
2.70805020110221,2.650089880113163
3.871201010907891,3.990297386376474
0.0,0.1375586987683105
3.688879454113936,3.794901364283664
0.0,0.6015909177666223
0.6931471805599453,0.6144381166697712
0.0,0.1816789870982814
5.231108616854587,5.369414502577917
0.0,0.0358351893845611
0.0,0.20392290463670287
0.0,0.4605332067906732
7.436617265234227,7.456051179834504
0.0,0.14012990497264538
8.575462099540212,6.060762226797014
3.7612001156935615,3.710823395859887
5.010635294096256,3.017665052269817
5.056245805348308,4.918986758116241
4.77912349311153,4.159342243505274
3.367295829986474,3.480434424874706
1.3862943611198906,0.27727505615328857
0.0,0.04263532712112579
6.263398262591624,6.66580795600795
0.6931471805599453,0.06876645597784765
0.0,0.9807793705307684
1.6094379124341005,3.0373848510253443
0.0,0.44965949823867807
0.0,0.028432585436336113
0.6931471805599453,1.313591658357688
0.0,0.14615666473526154
1.3862943611198906,1.696775907517692
0.0,0.1822842768602269
1.0986122886681098,1.4196915336459583
4.836281906951478,4.88733695264311
5.993961427306569,5.735769862690908
0.0,0.333721332825637
6.082218910376446,6.091932339587185
2.772588722239781,2.7768981662351044
0.6931471805599453,0.42130917569868376
0.0,0.10198117889079167
3.713572066704308,3.3466673684637804
2.70805020110221,2.662604975895734
0.0,0.19785986390836877
2.772588722239781,3.3371820531059844
0.0,0.24357643625989128
1.6094379124341005,1.759885282088785
9.169976605786628,6.647151399068589
4.143134726391533,4.753717952590828
0.0,0.015720370114944333
5.575949103146316,6.006518140720341
2.079441541679836,1.3300885067536838
0.0,0.3002296250604333
1.0986122886681098,1.9691494855109377
3.1354942159291497,3.28455865605481
0.0,0.5936542088876077
5.556828061699537,4.76324422414271
0.6931471805599453,1.353994882685892
1.0986122886681098,1.7695680708254535
3.1354942159291497,2.7956697338186904
3.258096538021482,2.9818186955399133
6.481577129276431,5.868755212706384
1.3862943611198906,0.9133868038175641
0.0,0.024613500426567236
2.079441541679836,2.4203207716318107
0.0,1.1730726471470456
5.673323267171493,4.92623870884006
0.0,0.008553332238032112
1.0986122886681098,1.4067408077115244
0.6931471805599453,0.10163399311689732
5.560681631015528,5.864073491056514
0.0,0.1456133499353046
4.007333185232471,3.231985003572503
0.6931471805599453,0.9030503735971476
4.343805421853684,4.299643674575664
1.0986122886681098,0.1403848876402161
1.3862943611198906,0.4851024321769913
0.6931471805599453,0.19451191104122537
0.6931471805599453,1.4693275929200929
4.04305126783455,3.798141735891409
0.0,1.1041206694161285
0.6931471805599453,0.4794495355630944
1.3862943611198906,1.176865050803146
2.302585092994046,2.091196323319972
1.6094379124341005,1.7642349426588386
0.0,0.6583549648678031
4.624972813284271,4.088465963116782
0.6931471805599453,0.47569896259349703
0.0,1.135581654785662
1.9459101490553128,2.0919995634360613
2.302585092994046,2.3274567237166397
4.007333185232471,3.6917628488139185
6.257667587882639,6.019586666064295
2.6390573296152584,2.4150867652581307
0.0,0.08289886793037249
0.6931471805599453,0.30426278183729
0.0,0.015720370114944333
0.6931471805599453,0.7403235524037883
7.180069874302796,7.4159515974545585
4.30406509320417,4.220415863239017
0.0,0.06216239830534315
6.16541785423142,5.875139016080894
3.258096538021482,3.5125690183723006
1.6094379124341005,1.1728467120144734
1.9459101490553128,1.3534386353277816
6.171700597410915,6.40263481313063
1.3862943611198906,1.3983965564781047
1.0986122886681098,1.608822049818255
3.295836866004329,3.3690221694225886
0.6931471805599453,0.518172884450537
0.0,0.45365127716430326
7.116394144093465,7.003679676463756
0.0,0.3805556798645075
0.6931471805599453,0.639957563788596
3.5263605246161616,3.4306472325819897
1.6094379124341005,1.603535896610334
2.6390573296152584,2.4995668548293652
1.6094379124341005,1.1843063163445746
2.079441541679836,2.3070208288905163
0.0,0.17106271041174467
1.9459101490553128,0.5737868722027627
1.3862943611198906,1.6020431429417152
0.0,0.24802836216277294
1.6094379124341005,1.7186847527424005
5.583496308781699,5.563358917710008
5.525452939131784,5.640041496057037
0.6931471805599453,0.9911231404098267
0.6931471805599453,0.8267944069643068
2.3978952727983707,2.056351598056024
1.0986122886681098,0.4867753161507404
6.759255270663693,6.22806097549473
3.367295829986474,3.483887024726848
0.6931471805599453,1.0192674793752874
0.0,0.23961606582200556
1.3862943611198906,2.182146327162606
5.556828061699537,5.3898784678903615
0.0,0.024038136281663677
2.995732273553991,3.084788643353023
5.14166355650266,4.731762225923829
2.772588722239781,0.6954060921359984
0.0,0.24212490985789267
2.302585092994046,2.42144260083699
0.0,0.49664583641971094
0.0,2.2481293164806537
2.70805020110221,2.397088380584751
0.0,0.011090354888959125
0.0,0.03144074022988866
1.9459101490553128,1.4422862292274052
1.0986122886681098,1.2844104496551987
3.295836866004329,1.6901997578543395
0.0,0.0
5.135798437050262,5.3838723766069565
2.19722457733622,2.673375966045585
0.6931471805599453,1.1357002195351553
3.4657359027997265,3.761102698364271
0.0,0.004158883083359671
0.0,0.4781732430793813
6.602587892189336,5.758564213729142
1.0986122886681098,1.3460807228628848
0.0,0.016060168188535125
0.0,0.6623207480226603
3.044522437723423,3.2092813881175464
1.791759469228055,2.869190396511025
0.0,0.21945706338073706
0.6931471805599453,1.724562858400409
2.5649493574615367,1.391114771905264
3.8918202981106265,4.092660859928745
1.0986122886681098,1.04734016128478
0.0,1.8087972388390914
3.58351893845611,3.8699757739600473
2.772588722239781,1.7017166551635106
0.0,0.008317766166719342
1.9459101490553128,2.069224394060684
0.0,0.3552800475845318
1.0986122886681098,0.6447255587019127
4.532599493153256,4.664147724775339
5.087596335232384,4.536401197480148
6.813444599510896,5.83996012928254
0.6931471805599453,0.5587490297148883
1.3862943611198906,1.7151367508166904
2.079441541679836,1.8574245664583742
0.0,0.41757707537128225
1.3862943611198906,1.1768063240709903
2.4849066497880004,2.157141410784122
7.045776576879511,7.38305727165475
3.737669618283368,3.9600934919183146
0.0,0.5565916855669905
4.3694478524670215,4.814339035219902
5.375278407684165,5.7517210513786114
0.0,0.8630897410666146
1.0986122886681098,2.244268233096916
0.0,0.04347726571041406
2.5649493574615367,2.577180376778914
4.3694478524670215,4.4096678139462275
0.6931471805599453,1.0997049490435202
1.0986122886681098,0.7480868069347636
1.0986122886681098,1.3366056608470391
1.6094379124341005,2.5099198058755583
1.791759469228055,2.2765142718027445
7.597897950521784,7.294096069122381
0.0,0.17225455476644566
1.3862943611198906,0.7226262127354596
1.0986122886681098,1.276328258934083
3.091042453358316,4.085339797747367
1.9459101490553128,2.1385345010293904
1.6094379124341005,1.6492970352346603
7.906915488678587,8.042002576600032
0.0,0.6034208383500077
2.302585092994046,1.5139964904358996
0.0,0.03280218955101144
2.70805020110221,2.6957818101353133
2.302585092994046,1.463069624545576
3.4657359027997265,3.0174916146322683
4.624972813284271,4.225034735594236
4.007333185232471,4.059718013987207
0.0,0.06406890702692081
3.9889840465642745,4.44435314228114
0.0,0.7574387030422018
3.737669618283368,3.5434678890274705
1.0986122886681098,1.2688896993736192
0.0,0.3839130211139562
0.0,0.025230103145876266
3.258096538021482,3.176675350628238
2.4849066497880004,2.4046639343157064
0.0,0.1456133499353046
2.995732273553991,3.0222018492331
0.0,0.2367065722588483
1.791759469228055,0.6789785245913207
5.153291594497779,5.059005392911845
8.77770959579525,6.830361740047471
0.0,1.166965936396027
0.0,0.062279014248117014
0.0,0.12695500901421683
0.0,0.8687479994546347
0.6931471805599453,1.020267395128913
0.6931471805599453,0.9671047197398398
2.9444389791664403,3.09810957541857
0.0,0.02354441612580062
2.079441541679836,1.9817402437999287
2.8903717578961645,2.95395472748739
0.0,0.17043367621138514
1.9459101490553128,0.2869534744548976
1.0986122886681098,0.3110380565507395
0.0,0.13028468728485265
0.0,0.005545177444479563
1.6094379124341005,0.7526796989977713
2.70805020110221,2.3836044805163175
0.0,0.9817388973697875
0.0,0.017317385507379875
4.499809670330265,4.297774254335815
0.6931471805599453,1.4588943380884112
0.0,0.0860589964452304
3.044522437723423,1.1517545728898495
1.3862943611198906,0.7865155176894716
0.0,0.748471573004722
4.477336814478207,3.598671109086835
0.0,0.26640509095934156
9.169976605786628,8.85036054754429
3.218875824868201,2.2973708861724886
1.0986122886681098,1.1086819533941887
0.0,0.3591190373663245
3.970291913552122,4.465433878118062
0.6931471805599453,1.7482355992083538
1.6094379124341005,1.4739000358143781
3.332204510175204,2.796590950944395
5.921578419643816,5.753087627422054
0.0,0.038495031932658685
0.0,0.555548478287882
1.6094379124341005,2.0831408153072726
0.6931471805599453,0.7011520323374006
1.0986122886681098,1.263318395555699
0.0,0.015249237972318797
0.0,1.9488194487290997
4.276666119016055,4.290951798277918
0.6931471805599453,0.6943914840333415
0.0,0.10311700807229188
3.4339872044851463,3.3587620728135854
6.8966943316227125,7.0575252809378295
3.9318256327243257,4.203297794014397
6.333279628139691,6.629490391801074
5.926926025970411,6.2478570229594474
2.19722457733622,1.8571154076140128
0.0,0.15602846560840958
3.58351893845611,3.209809281879583
0.0,0.4441187053506209
0.6931471805599453,1.0492195833273303
0.0,0.06962942225594981
0.0,0.01927904401340333
5.733341276897746,6.181992504314476
1.0986122886681098,1.362558854940322
0.0,0.20852854641992571
0.0,0.5276134641227125
0.0,0.6530673394692585
6.7580945044277305,6.063718706852798
0.6931471805599453,0.3973843963404543
0.0,0.005545177444479563
1.0986122886681098,1.2800743261081569
2.772588722239781,2.984761982969495
0.0,1.299608285776237
5.187385805840755,5.54875320387044
2.5649493574615367,2.695166750875546
2.302585092994046,0.47859320636073555
2.5649493574615367,2.1753239194881178
0.0,0.6883834555488788
5.081404364984463,4.607800052842426
3.871201010907891,4.134762992017709
1.791759469228055,2.350238212745477
3.7612001156935615,3.794508426294018
4.31748811353631,4.886965866244306
0.6931471805599453,0.7135506491474792
8.32093496888341,7.865955604333721
1.3862943611198906,0.05626270466101191
2.302585092994046,2.580749707436418
0.0,0.5860600618650783
4.30406509320417,4.041355279541632
0.6931471805599453,1.1498771853323375
0.0,0.36682512681084023
0.0,0.159113412548713
2.9444389791664403,2.936690895527947
3.218875824868201,3.050136390159941
0.0,0.011982929094215963
1.6094379124341005,0.8536672791325575
0.0,0.001791759469228055
0.6931471805599453,1.3585291290277461
3.951243718581428,4.208994959716453
1.791759469228055,1.2030443201054204
1.6094379124341005,1.5732824429658936
8.126222529458525,7.715293258145178
0.0,0.09798286956364338
1.3862943611198906,1.3091815309777735
0.0,0.0027725887222397813
5.204006687076795,5.802972183132299
3.828641396489095,3.940302556471484
0.6931471805599453,0.22793591724259366
3.8918202981106265,4.234538983514353
2.833213344056216,2.1332717042947626
1.6094379124341005,1.3011687228588442
1.6094379124341005,1.6838318588635928
1.3862943611198906,0.20736045792383087
7.020190708311925,6.532721172158599
4.709530201312334,4.559015239379624
3.9318256327243257,4.1611958647471186
7.7501841622578365,7.822039088356326
2.302585092994046,2.2609466554930333
2.772588722239781,3.3425488468901032
2.833213344056216,2.3301477654531615
0.6931471805599453,0.9623367296380241
7.425357887027151,6.582163779795738
0.6931471805599453,0.05960626288097571
3.80666248977032,3.585836582277897
1.0986122886681098,1.3276206059035502
0.6931471805599453,1.1201557535485123
0.0,0.354542585419684
0.6931471805599453,0.7101105644163922
1.3862943611198906,0.6072937063109637
0.6931471805599453,0.11079931688731326
1.6094379124341005,0.6757667753811443
0.6931471805599453,0.34677366626374806
4.248495242049359,3.580898697539472
0.0,0.11252342023092127
1.0986122886681098,0.9312141316792356
3.49650756146648,3.6150447208799807
1.6094379124341005,0.5294031240387304
2.302585092994046,2.1098802039736375
1.0986122886681098,0.7274220528294089
4.290459441148391,4.307394174195537
0.6931471805599453,1.032123826767432
1.0986122886681098,1.4275699400527622
4.158883083359672,3.9627918128684483
8.570165076182343,6.0162666828860285
7.018401799069201,6.246750666941732
0.0,0.2563203229745199
0.0,0.0884646850271227
2.3978952727983707,2.1914328190685994
9.169976605786628,5.554914710331035
1.791759469228055,2.8982584452179236
2.19722457733622,2.2530274237526946
1.6094379124341005,1.8549703077401352
5.968707559985366,5.951382509203892
1.791759469228055,2.13455084288105
0.0,0.7619651546125009
2.302585092994046,2.403936651306787
1.791759469228055,1.4712621029934398
0.0,0.22705711444029023
3.4011973816621555,3.8917582975718363
1.0986122886681098,1.085350799271763
0.0,0.07831659442341463
0.0,0.38828555970310846
2.302585092994046,0.262219014568926
1.6094379124341005,1.7684377508005835
0.0,0.013287579466295345
4.143134726391533,4.404775642642518
1.6094379124341005,2.1861800877445345
2.079441541679836,2.014705398372694
3.688879454113936,3.5702652738904708
3.1780538303479458,3.2535111606060276
2.8903717578961645,3.044059310114432
4.962844630259907,4.968887060464705
2.302585092994046,2.123733095916224
8.449128460502108,7.639058366920097
0.0,0.0637695406115149
1.3862943611198906,2.201528144034609
3.610917912644224,2.0196731127397682
7.407924322559599,6.755166584510663
0.0,1.4550352061332423
3.332204510175204,3.494409656686473
0.0,0.5174446765809653
0.6931471805599453,1.085521549072572
1.3862943611198906,0.6682411562751008
2.302585092994046,2.4717109900198633
7.554334823725748,7.147483676297969
2.4849066497880004,2.043402637675298
1.6094379124341005,2.1791323717504736
0.0,0.7596926998857877
0.6931471805599453,0.2359350859615501
8.575650760987806,8.454769324646202
5.700443573390687,5.465182505056033
2.079441541679836,2.304071216297916
1.3862943611198906,0.23712595259768404
3.367295829986474,3.592053482857855
4.718498871295094,4.5807745968825655
7.655864017616056,6.783356869690617
2.833213344056216,2.8032902855886674
0.6931471805599453,1.122468626768923
0.0,0.43803165533688404
1.6094379124341005,1.9940772878135227
3.091042453358316,3.5096085900902256
0.0,0.07465160442138472
1.6094379124341005,2.2590006368436812
1.0986122886681098,1.22455375754893
0.6931471805599453,0.23093579416211857
0.0,0.0
4.07753744390572,4.024746165143565
5.356586274672012,5.813757202521823
5.0369526024136295,5.392226720503278
0.0,0.19035020390545368
0.0,0.5473404925551951
2.833213344056216,1.8636787628530482
5.438079308923196,5.876591618083934
0.6931471805599453,0.16868659620262744
5.87493073085203,6.635250632174281
5.762051382780177,5.691565193662157
3.970291913552122,4.082694845703197
2.5649493574615367,2.8431960211663085
6.333279628139691,6.058573275053925
0.6931471805599453,0.8267134883265328
0.0,2.561044838989883
